timestamp_processamento,linha_codigo,linha_id,sentido,letreiro_origem,letreiro_destino,dia_semana,hora_minuto,frota_ativa_real,headway_real_min,frota_planejada,headway_planejado_min,temperatura_c,sensacao_termica_c,chuva_1h_mm,visibilidade_m,vento_velocidade_ms,clima_evento_id,jam_factor,velocidade_via_kmh,velocidade_freeflow_kmh,incidente_critico,iac_gargalo_climatico,gt_gargalo_trafego,hp_horario_pico,ac_aderencia_cronograma,dfi_demanda_frota_ideal,frota_necessaria_estimada,deficit_operacional,go_gargalo_operacional,status_classificacao,acao_recomendada
2026-08-22T18:53:11.115751,7006-51,34765,2,METRÔ CAPÃO REDONDO,JD. HORIZONTE AZUL,5,15:53,5,12.0,5,20.0,21.64,21.17,0.0,10000,3.6,800,5.37,16.06,31.65,0,6.1,40.09,0.5,1.0,70.0,7,2,0.3655,Estabilizado,Operação Normal
2026-08-22T18:53:11.115751,6258-10,1232,1,TERM. STO. AMARO,JD. SÃO FRANCISCO,5,15:53,4,15.0,4,20.0,21.64,21.17,0.0,10000,3.6,800,3.18,19.43,28.88,0,6.1,24.76,0.5,1.0,62.5,5,1,0.3084,Estabilizado,Operação Normal
2026-08-22T18:53:11.115751,1780-10,869,1,METRÔ PARADA INGLESA,JD. HEBRON,5,15:53,2,30.0,2,20.0,21.64,21.17,0.0,10000,3.6,800,3.07,20.7,21.18,0,6.1,23.99,0.5,0.667,75.0,3,1,0.371,Estabilizado,Operação Normal
2026-08-22T18:53:11.115751,875C-10,33246,2,METRÔ STA. CRUZ,TERM. LAPA,5,15:53,6,10.0,6,20.0,21.64,21.17,0.0,10000,3.6,800,3.12,18.59,29.39,0,6.1,24.34,0.5,1.0,58.33,7,1,0.2969,Estabilizado,Operação Normal
2026-08-22T18:53:11.115751,748R-10,501,1,METRÔ BARRA FUNDA,JD. JOÃO XXIII,5,15:53,6,10.0,6,20.0,21.64,21.17,0.0,10000,3.6,800,2.69,24.65,29.15,0,6.1,21.33,0.5,1.0,58.33,7,1,0.2894,Estabilizado,Operação Normal
2026-08-22T18:53:11.115751,756A-10,33561,2,TERM. ÁGUA ESPRAIADA,JD. PAULO VI,5,15:53,4,15.0,4,20.0,21.64,21.17,0.0,10000,3.6,800,2.04,22.33,28.31,0,6.1,16.78,0.5,1.0,62.5,5,1,0.2884,Estabilizado,Operação Normal
2026-08-22T18:53:11.115751,707A-10,1990,1,METRÔ PÇA. DA ÁRVORE,JD. ÂNGELA,5,15:53,8,7.5,8,20.0,21.64,21.17,0.0,10000,3.6,800,3.89,21.98,34.86,1,6.1,54.73,0.5,1.0,68.75,11,3,0.399,Estabilizado,Operação Normal
2026-08-22T18:53:11.115751,809A-10,34837,2,TERM. PINHEIROS,JD. D'ABRIL,5,15:53,4,15.0,4,20.0,21.64,21.17,0.0,10000,3.6,800,2.9,26.21,33.19,0,6.1,22.8,0.5,1.0,62.5,5,1,0.3035,Estabilizado,Operação Normal
2026-08-22T18:53:11.115751,5106-31,34073,2,METRÔ ANA ROSA,JD. UBIRAJARA,5,15:53,8,7.5,8,20.0,21.64,21.17,0.0,10000,3.6,800,3.09,30.22,30.36,0,6.1,24.13,0.5,1.0,62.5,10,2,0.3068,Estabilizado,Operação Normal
2026-08-22T18:53:11.115751,2718-10,33699,2,METRÔ PENHA,VL. SÍLVIA,5,15:53,5,12.0,5,20.0,21.64,21.17,0.0,10000,3.6,800,2.8,25.12,35.04,0,6.1,22.1,0.5,1.0,60.0,6,1,0.2955,Estabilizado,Operação Normal
2026-08-22T18:53:11.115751,3539-10,33516,2,METRÔ BRESSER,CID. TIRADENTES,5,15:53,7,8.6,7,20.0,21.64,21.17,0.0,10000,3.6,800,3.1,19.66,31.08,0,6.1,24.2,0.5,1.0,64.29,9,2,0.3115,Estabilizado,Operação Normal
2026-08-22T18:53:11.115751,5164-21,1616,1,PQ. IBIRAPUERA,CID. LEONOR,5,15:53,7,8.6,7,20.0,21.64,21.17,0.0,10000,3.6,800,2.71,20.72,32.04,0,6.1,21.47,0.5,1.0,57.14,8,1,0.2868,Estabilizado,Operação Normal
2026-08-22T18:53:11.115751,5759-31,1139,1,METRÔ CONCEIÇÃO,PQ. PRIMAVERA,5,15:53,4,15.0,4,20.0,21.64,21.17,0.0,10000,3.6,800,3.84,19.77,36.0,0,6.1,29.38,0.5,1.0,62.5,5,1,0.32,Estabilizado,Operação Normal
2026-08-22T18:53:11.115751,4312-10,34940,2,TERM. PQ. D. PEDRO II,JD. MARÍLIA,5,15:53,4,15.0,4,20.0,21.64,21.17,0.0,10000,3.6,800,4.58,22.55,38.52,1,6.1,59.56,0.5,1.0,75.0,6,2,0.4266,Estabilizado,Operação Normal
2026-08-22T18:53:11.115751,677A-10,34007,2,ITAIM BIBI,TERM. JD. ÂNGELA,5,15:53,4,15.0,4,20.0,21.64,21.17,0.0,10000,3.6,800,2.78,18.65,30.65,1,6.1,46.96,0.5,1.0,75.0,6,2,0.3952,Estabilizado,Operação Normal
2026-08-22T18:53:11.115751,709M-10,35230,2,TERM. PINHEIROS,TERM. STO. AMARO,5,15:53,5,12.0,5,20.0,21.64,21.17,0.0,10000,3.6,800,3.44,15.84,31.47,1,6.1,51.58,0.5,1.0,70.0,7,2,0.3942,Estabilizado,Operação Normal
2026-08-22T18:53:11.115751,5032-10,34430,2,TERM. SACOMÃ,VL. ARAPUÁ,5,15:53,5,12.0,5,20.0,21.64,21.17,0.0,10000,3.6,800,2.96,20.7,37.02,0,6.1,23.22,0.5,1.0,60.0,6,1,0.2983,Estabilizado,Operação Normal
2026-08-22T18:53:11.115751,978J-10,33359,2,TERM. PRINC. ISABEL,VOITH,5,15:53,2,30.0,2,20.0,21.64,21.17,0.0,10000,3.6,800,3.35,17.73,29.48,0,6.1,25.95,0.5,0.667,75.0,3,1,0.3759,Estabilizado,Operação Normal
2026-08-22T18:53:11.115751,2026-10,35037,2,PQ. NOVO MUNDO,JAÇANÃ,5,15:53,3,20.0,3,20.0,21.64,21.17,0.0,10000,3.6,800,2.11,30.56,35.78,0,6.1,17.27,0.5,1.0,66.67,4,1,0.3001,Estabilizado,Operação Normal
2026-08-22T18:53:11.115751,1758-10,33320,2,METRÔ SANTANA,JD. ANTÁRTICA,5,15:53,6,10.0,6,20.0,21.64,21.17,0.0,10000,3.6,800,4.11,15.45,26.91,1,6.1,56.27,0.5,1.0,66.67,8,2,0.3976,Estabilizado,Operação Normal
2026-08-22T18:53:11.115751,2008-10,897,1,CPTM ITAIM PAULISTA,JD. NSA. SRA. DO CAMINHO,5,15:53,3,20.0,3,20.0,21.64,21.17,0.0,10000,3.6,800,6.72,16.27,28.46,0,6.1,49.54,0.5,1.0,66.67,4,1,0.3808,Estabilizado,Operação Normal
2026-08-22T18:53:11.115751,8100-10,1262,1,TERM. LAPA,TERM. PIRITUBA,5,15:53,3,20.0,3,20.0,21.64,21.17,0.0,10000,3.6,800,3.21,41.13,54.78,0,6.1,24.97,0.5,1.0,66.67,4,1,0.3194,Estabilizado,Operação Normal
2026-08-22T18:53:11.115751,6028-10,1211,1,TERM. STO. AMARO,RIVIERA,5,15:53,3,20.0,3,20.0,21.64,21.17,0.0,10000,3.6,800,2.7,21.96,25.17,0,6.1,21.4,0.5,1.0,66.67,4,1,0.3104,Estabilizado,Operação Normal
2026-08-22T18:53:11.115751,6047-10,33992,2,STO. AMARO,JD. LÍDIA,5,15:53,2,30.0,2,20.0,21.64,21.17,0.0,10000,3.6,800,3.0,24.15,29.02,0,6.1,23.5,0.5,0.667,75.0,3,1,0.3698,Estabilizado,Operação Normal
2026-08-22T18:53:11.115751,746P-10,788,1,STO. AMARO,PARAISÓPOLIS,5,15:53,4,15.0,4,20.0,21.64,21.17,0.0,10000,3.6,800,2.15,32.81,41.6,0,6.1,17.55,0.5,1.0,62.5,5,1,0.2904,Estabilizado,Operação Normal
2026-08-22T18:53:11.115751,5034-31,34432,2,VL. LIVIERO,TERM. SACOMÃ,5,15:53,2,30.0,2,20.0,21.64,21.17,0.0,10000,3.6,800,5.16,18.73,29.44,1,6.1,63.62,0.5,0.667,75.0,3,1,0.4701,Estabilizado,Operação Normal
2026-08-22T18:53:11.115751,546L-10,34053,2,TERM. STO. AMARO,JD. LUSO,5,15:53,5,12.0,5,20.0,21.64,21.17,0.0,10000,3.6,800,3.26,20.07,27.44,0,6.1,25.32,0.5,1.0,60.0,6,1,0.3035,Estabilizado,Operação Normal
2026-08-22T18:53:11.115751,271P-10,33472,2,PÇA DO CORREIO,CANGAÍBA,5,15:53,2,30.0,2,20.0,21.64,21.17,0.0,10000,3.6,800,2.67,24.57,35.85,0,6.1,21.19,0.5,0.667,75.0,3,1,0.364,Estabilizado,Operação Normal
2026-08-22T18:53:11.115751,8024-10,2075,1,BUTANTÃ,JD. JAQUELINE,5,15:53,3,20.0,3,20.0,21.64,21.17,0.0,10000,3.6,800,2.07,22.6,27.73,0,6.1,16.99,0.5,1.0,66.67,4,1,0.2994,Estabilizado,Operação Normal
2026-08-22T18:53:11.115751,1206-10,842,1,CORREIO,PQ. VL. MARIA,5,15:53,3,20.0,3,20.0,21.64,21.17,0.0,10000,3.6,800,2.62,28.2,38.93,1,6.1,45.84,0.5,1.0,66.67,4,1,0.3715,Estabilizado,Operação Normal
2026-08-22T18:53:11.115751,5362-10,70,1,PÇA. DA SÉ,PQ. RES. COCAIA,5,15:53,11,5.5,12,20.0,21.64,21.17,0.0,10000,3.6,800,2.64,18.21,27.63,1,6.1,45.98,0.5,1.0,72.73,16,5,0.387,Estabilizado,Operação Normal
2026-08-22T18:53:11.115751,2290-10,33486,2,TERM. PQ. D. PEDRO II,TERM. SÃO MATEUS,5,15:53,17,3.5,18,20.0,21.64,21.17,0.0,10000,3.6,800,2.78,22.72,35.23,1,6.1,46.96,0.5,1.0,67.65,23,6,0.3768,Estabilizado,Operação Normal
2026-08-22T18:53:11.115751,2766-10,33173,2,METRÔ ITAQUERA,JD. CAMARGO VELHO,5,15:53,8,7.5,8,20.0,21.64,21.17,0.0,10000,3.6,800,2.33,24.41,30.91,0,6.1,18.81,0.5,1.0,56.25,9,1,0.2779,Estabilizado,Operação Normal
2026-08-22T18:53:11.115751,106A-10,33284,2,ITAIM BIBI,METRÔ SANTANA,5,15:53,7,8.6,7,20.0,21.64,21.17,0.0,10000,3.6,800,3.28,18.96,31.09,1,6.1,50.46,0.5,1.0,64.29,9,2,0.3771,Estabilizado,Operação Normal
2026-08-22T18:53:11.115751,6L07-10,34313,2,TERM. VARGINHA,JD. STA. FÉ,5,15:53,3,20.0,3,20.0,21.64,21.17,0.0,10000,3.6,800,3.0,22.5,45.0,0,6.1,23.5,0.5,1.0,66.67,4,1,0.3157,Estabilizado,Operação Normal
2026-08-22T18:53:11.115751,2727-10,942,1,CONJ. A. E. CARVALHO,METRÔ ARTUR ALVIM,5,15:53,7,8.6,7,20.0,21.64,21.17,0.0,10000,3.6,800,2.19,31.54,35.98,1,6.1,42.83,0.5,1.0,64.29,9,2,0.358,Estabilizado,Operação Normal
2026-08-22T18:53:11.115751,5154-10,353,1,TERM. PRINC. ISABEL,TERM. STO. AMARO,5,15:53,5,12.0,5,20.0,21.64,21.17,0.0,10000,3.6,800,3.49,17.73,28.51,1,6.1,51.93,0.5,1.0,70.0,7,2,0.3951,Estabilizado,Operação Normal
2026-08-22T18:53:11.115751,3686-10,32934,2,TERM. PQ. D. PEDRO II,JD. SÃO PAULO,5,15:53,6,10.0,6,20.0,21.64,21.17,0.0,10000,3.6,800,3.2,21.38,32.65,1,6.1,49.9,0.5,1.0,66.67,8,2,0.3817,Estabilizado,Operação Normal
2026-08-22T18:53:11.115751,2079-10,370,1,CPTM ITAIM PAULISTA,JD. NÉLIA,5,15:53,5,12.0,5,20.0,21.64,21.17,0.0,10000,3.6,800,6.56,16.65,26.47,0,6.1,48.42,0.5,1.0,70.0,7,2,0.3863,Estabilizado,Operação Normal
2026-08-22T18:53:11.115751,5175-10,593,1,PÇA. DA SÉ,BALN. SÃO FRANCISCO,5,15:53,8,7.5,8,20.0,21.64,21.17,0.0,10000,3.6,800,3.42,18.36,28.83,1,6.1,51.44,0.5,1.0,68.75,11,3,0.3907,Estabilizado,Operação Normal
2026-08-22T18:53:11.115751,546L-10,1285,1,TERM. STO. AMARO,JD. LUSO,5,15:53,3,20.0,3,20.0,21.64,21.17,0.0,10000,3.6,800,3.47,20.97,30.19,1,6.1,51.79,0.5,1.0,66.67,4,1,0.3864,Estabilizado,Operação Normal
2026-08-22T18:53:11.115751,2035-10,35450,2,CONJ. HAB. SONDA II,METRÔ PARADA INGLESA,5,15:53,2,30.0,2,20.0,21.64,21.17,0.0,10000,3.6,800,4.37,19.01,29.47,0,6.1,33.09,0.5,0.667,75.0,3,1,0.3938,Estabilizado,Operação Normal
2026-08-22T18:53:11.115751,208V-10,32975,2,TERM. PQ. D. PEDRO II,TERM. A. E. CARVALHO,5,15:53,12,5.0,13,20.0,21.64,21.17,0.0,10000,3.6,800,3.74,20.76,33.9,1,6.1,53.68,0.5,1.0,70.83,17,5,0.4015,Estabilizado,Operação Normal
2026-08-22T18:53:11.115751,1742-10,33310,2,METRÔ SANTANA,JD. ANTÁRTICA,5,15:53,3,20.0,3,20.0,21.64,21.17,0.0,10000,3.6,800,3.52,18.79,28.6,1,6.1,52.14,0.5,1.0,66.67,4,1,0.3873,Estabilizado,Operação Normal
2026-08-22T18:53:11.115751,2105-10,2247,1,LGO. DA CONCÓRDIA,JD. FILHOS DA TERRA,5,15:53,3,20.0,3,20.0,21.64,21.17,0.0,10000,3.6,800,3.25,22.12,35.11,0,6.1,25.25,0.5,1.0,66.67,4,1,0.3201,Estabilizado,Operação Normal
2026-08-22T18:53:11.115751,2583-10,33143,2,TERM. ARICANDUVA,VL. CURUÇÁ,5,15:53,1,60.0,1,20.0,21.64,21.17,0.0,10000,3.6,800,2.13,22.61,32.63,0,6.1,17.41,0.5,0.333,100.0,2,1,0.4505,Estabilizado,Operação Normal
2026-08-22T18:53:11.115751,1017-10,34909,2,CONEXÃO VL. IÓRIO,PERUS,5,15:53,10,6.0,11,20.0,21.64,21.17,0.0,10000,3.6,800,4.23,18.74,30.08,0,6.1,32.11,0.5,1.0,70.0,14,4,0.3455,Estabilizado,Operação Normal
2026-08-22T18:53:11.115751,6120-10,33957,2,TERM. GRAJAÚ,JD. LUCÉLIA,5,15:53,4,15.0,4,20.0,21.64,21.17,0.0,10000,3.6,800,8.4,8.0,24.0,0,6.1,61.3,0.5,1.0,75.0,6,2,0.431,Estabilizado,Operação Normal
2026-08-22T18:53:11.115751,7005-10,34766,2,JD. ÂNGELA,JD. VERA CRUZ,5,15:53,2,30.0,2,20.0,21.64,21.17,0.0,10000,3.6,800,8.64,3.13,12.0,0,6.1,62.98,0.5,0.667,75.0,3,1,0.4685,Estabilizado,Operação Normal
2026-08-22T18:53:11.115751,3301-10,1618,1,TERM. PQ. D. PEDRO II,TERM. SÃO MIGUEL,5,15:53,3,20.0,3,20.0,21.64,21.17,0.0,10000,3.6,800,2.85,22.79,34.26,0,6.1,22.45,0.5,1.0,66.67,4,1,0.3131,Estabilizado,Operação Normal
2026-08-22T18:53:11.115751,8100-10,34030,2,TERM. LAPA,TERM. PIRITUBA,5,15:53,2,30.0,2,20.0,21.64,21.17,0.0,10000,3.6,800,4.36,20.45,32.1,0,6.1,33.02,0.5,0.667,75.0,3,1,0.3936,Estabilizado,Operação Normal
2026-08-22T18:53:11.115751,809H-10,35013,2,LAPA,JD. BOA VISTA,5,15:53,3,20.0,3,20.0,21.64,21.17,0.0,10000,3.6,800,4.34,17.57,34.45,0,6.1,32.88,0.5,1.0,66.67,4,1,0.3391,Estabilizado,Operação Normal
2026-08-22T18:53:11.115751,7055-10,1888,1,TERM. CAMPO LIMPO,JD. GUARUJÁ,5,15:53,2,30.0,2,20.0,21.64,21.17,0.0,10000,3.6,800,4.46,18.74,28.88,0,6.1,33.72,0.5,0.667,75.0,3,1,0.3954,Estabilizado,Operação Normal
2026-08-22T18:53:11.115751,8594-10,33200,2,PÇA. RAMOS DE AZEVEDO,CID. D'ABRIL ,5,15:53,5,12.0,5,20.0,21.64,21.17,0.0,10000,3.6,800,4.73,13.58,29.24,1,6.1,60.61,0.5,1.0,70.0,7,2,0.4168,Estabilizado,Operação Normal
2026-08-22T18:53:11.115751,513C-31,2536,1,E.T. ITAQUERA,VL. CALIFÓRNIA,5,15:53,2,30.0,2,20.0,21.64,21.17,0.0,10000,3.6,800,2.71,23.9,35.19,1,6.1,46.47,0.5,0.667,75.0,3,1,0.4272,Estabilizado,Operação Normal
2026-08-22T18:53:11.115751,2722-31,33704,2,JD. VERÔNIA,METRÔ GUILHERMINA/ESPERANÇA,5,15:53,3,20.0,3,20.0,21.64,21.17,0.0,10000,3.6,800,1.69,23.07,28.27,0,6.1,14.33,0.5,1.0,66.67,4,1,0.2928,Estabilizado,Operação Normal
2026-08-22T18:53:11.115751,178L-10,33328,2,HOSP. DAS CLÍNICAS,LAUZANE PAULISTA,5,15:53,5,12.0,5,20.0,21.64,21.17,0.0,10000,3.6,800,3.53,22.52,36.41,1,6.1,52.21,0.5,1.0,70.0,7,2,0.3958,Estabilizado,Operação Normal
2026-08-22T18:53:11.115751,3459-10,402,1,TERM. PQ. D. PEDRO II,ITAIM PAULISTA,5,15:53,33,3.0,36,20.0,21.64,21.17,0.0,10000,3.6,800,4.43,19.31,33.42,1,6.1,58.51,0.5,1.0,72.73,48,15,0.4183,Estabilizado,Operação Normal
2026-08-22T18:53:11.115751,407J-10,2198,1,METRÔ TATUAPÉ,JD. SOARES,5,15:53,6,10.0,6,20.0,21.64,21.17,0.0,10000,3.6,800,2.74,21.79,32.67,1,6.1,46.68,0.5,1.0,66.67,8,2,0.3736,Estabilizado,Operação Normal
2026-08-22T18:53:11.115751,7005-51,1999,1,METRÔ CAPÃO REDONDO ,JD. VERA CRUZ,5,15:53,2,30.0,2,20.0,21.64,21.17,0.0,10000,3.6,800,3.94,18.3,32.99,0,6.1,30.08,0.5,0.667,75.0,3,1,0.3862,Estabilizado,Operação Normal
2026-08-22T18:53:11.115751,809L-10,34717,2,LAPA,CAMPO LIMPO,5,15:53,8,7.5,8,20.0,21.64,21.17,0.0,10000,3.6,800,2.65,26.7,32.82,0,6.1,21.05,0.5,1.0,62.5,10,2,0.2991,Estabilizado,Operação Normal
2026-08-22T18:53:11.115751,9501-10,33230,2,LGO. DO PAISSANDÚ,TERM. CACHOEIRINHA,5,15:53,6,10.0,6,20.0,21.64,21.17,0.0,10000,3.6,800,3.31,12.27,28.56,1,6.1,50.67,0.5,1.0,66.67,8,2,0.3836,Estabilizado,Operação Normal
2026-08-22T18:53:11.115751,3902-10,34238,2,CPTM GUAIANASES,CPTM JD. ROMANO,5,15:53,2,30.0,2,20.0,21.64,21.17,0.0,10000,3.6,800,2.99,16.25,24.03,0,6.1,23.43,0.5,0.667,75.0,3,1,0.3696,Estabilizado,Operação Normal
2026-08-22T18:53:11.115751,1742-10,542,1,METRÔ SANTANA,JD. ANTÁRTICA,5,15:53,2,30.0,2,20.0,21.64,21.17,0.0,10000,3.6,800,4.9,14.85,29.55,1,6.1,61.8,0.5,0.667,75.0,3,1,0.4656,Estabilizado,Operação Normal
2026-08-22T18:53:11.115751,6091-10,1175,1,TERM. STO. AMARO,VARGEM GRANDE,5,15:53,9,6.7,9,20.0,21.64,21.17,0.0,10000,3.6,800,3.97,33.51,28.64,0,6.1,30.29,0.5,1.0,61.11,11,2,0.3187,Estabilizado,Operação Normal
2026-08-22T18:53:11.115751,208V-10,207,1,TERM. PQ. D. PEDRO II,TERM. A. E. CARVALHO,5,15:53,10,6.0,11,20.0,21.64,21.17,0.0,10000,3.6,800,2.2,26.81,35.64,1,6.1,42.9,0.5,1.0,70.0,14,4,0.3725,Estabilizado,Operação Normal
2026-08-22T18:53:11.115751,121G-10,33459,2,METRÔ TUCURUVI,PQ. NOVO MUNDO,5,15:53,3,20.0,3,20.0,21.64,21.17,0.0,10000,3.6,800,2.76,21.88,33.95,0,6.1,21.82,0.5,1.0,66.67,4,1,0.3115,Estabilizado,Operação Normal
2026-08-22T18:53:11.115751,390E-10,34650,2,TERM. PQ. D. PEDRO II,TERM. PENHA,5,15:53,4,15.0,4,20.0,21.64,21.17,0.0,10000,3.6,800,3.46,18.0,33.74,0,6.1,26.72,0.5,1.0,62.5,5,1,0.3133,Estabilizado,Operação Normal
2026-08-22T18:53:11.115751,2032-10,35034,2,METRÔ CARANDIRU,JD. BRASIL,5,15:53,4,15.0,4,20.0,21.64,21.17,0.0,10000,3.6,800,4.64,16.83,28.53,0,6.1,34.98,0.5,1.0,62.5,5,1,0.3339,Estabilizado,Operação Normal
2026-08-22T18:53:11.115751,5164-21,34384,2,PQ. IBIRAPUERA,CID. LEONOR,5,15:53,3,20.0,3,20.0,21.64,21.17,0.0,10000,3.6,800,3.99,15.91,32.74,1,6.1,55.43,0.5,1.0,66.67,4,1,0.3955,Estabilizado,Operação Normal
2026-08-22T18:53:11.115751,407N-10,2169,1,METRÔ PENHA,TERM. CID. TIRADENTES,5,15:53,6,10.0,6,20.0,21.64,21.17,0.0,10000,3.6,800,4.08,20.97,33.69,0,6.1,31.06,0.5,1.0,66.67,8,2,0.3346,Estabilizado,Operação Normal
2026-08-22T18:53:11.115751,6093-10,1585,1,TERM. GRAJAÚ,VARGEM GRANDE,5,15:53,4,15.0,4,20.0,21.64,21.17,0.0,10000,3.6,800,4.74,21.13,34.57,0,6.1,35.68,0.5,1.0,62.5,5,1,0.3357,Estabilizado,Operação Normal
2026-08-22T18:53:11.115751,407A-10,2194,1,LGO. DA CONCÓRDIA,PQ. SAVOY,5,15:53,5,12.0,5,20.0,21.64,21.17,0.0,10000,3.6,800,3.45,15.18,29.53,1,6.1,51.65,0.5,1.0,70.0,7,2,0.3944,Estabilizado,Operação Normal
2026-08-22T18:53:11.115751,1024-10,2302,1,CONEXÃO PETRÔNIO PORTELA,JD. CAROMBÉ,5,15:53,2,30.0,2,20.0,21.64,21.17,0.0,10000,3.6,800,2.05,17.29,20.38,0,6.1,16.85,0.5,0.667,75.0,3,1,0.3532,Estabilizado,Operação Normal
2026-08-22T18:53:11.115751,407K-10,34936,2,METRÔ CARRÃO,TERM. SÃO MATEUS,5,15:53,2,30.0,2,20.0,21.64,21.17,0.0,10000,3.6,800,4.02,21.15,33.75,0,6.1,30.64,0.5,0.667,75.0,3,1,0.3876,Estabilizado,Operação Normal
2026-08-22T18:53:11.115751,342M-10,747,1,TERM. PENHA,TERM. SÃO MATEUS,5,15:53,11,5.5,12,20.0,21.64,21.17,0.0,10000,3.6,800,2.74,21.75,32.02,0,6.1,21.68,0.5,1.0,63.64,14,3,0.3035,Estabilizado,Operação Normal
2026-08-22T18:53:11.115751,6015-10,33973,2,JD. ÂNGELA,VL. CALÚ,5,15:53,4,15.0,4,20.0,21.64,21.17,0.0,10000,3.6,800,4.4,17.92,32.86,0,6.1,33.3,0.5,1.0,62.5,5,1,0.3297,Estabilizado,Operação Normal
2026-08-22T18:53:11.115751,2709-31,33691,2,VL. UNIÃO,METRÔ PATRIARCA,5,15:53,1,60.0,1,20.0,21.64,21.17,0.0,10000,3.6,800,2.63,24.01,30.72,0,6.1,20.91,0.5,0.333,100.0,2,1,0.4592,Estabilizado,Operação Normal
2026-08-22T18:53:11.115751,6L10-10,1159,1,PQ. FLORESTAL   ,TERM. VARGINHA,5,15:53,4,15.0,4,20.0,21.64,21.17,0.0,10000,3.6,800,3.26,13.67,29.52,0,6.1,25.32,0.5,1.0,62.5,5,1,0.3098,Estabilizado,Operação Normal
2026-08-22T18:53:11.115751,5106-10,34048,2,LGO. SÃO FRANCISCO,MAR PAULISTA,5,15:53,6,10.0,6,20.0,21.64,21.17,0.0,10000,3.6,800,3.32,17.15,31.25,1,6.1,50.74,0.5,1.0,66.67,8,2,0.3838,Estabilizado,Operação Normal
2026-08-22T18:53:11.115751,8016-10,34114,2,TERM. PIRITUBA,JD. RINCÃO,5,15:53,5,12.0,5,20.0,21.64,21.17,0.0,10000,3.6,800,2.93,18.43,25.18,0,6.1,23.01,0.5,1.0,60.0,6,1,0.2978,Estabilizado,Operação Normal
2026-08-22T18:53:11.115751,8544-10,33198,2,PÇA. DO CORREIO,CID. D'ABRIL 3ª GLEBA,5,15:53,2,30.0,2,20.0,21.64,21.17,0.0,10000,3.6,800,4.1,17.25,32.07,0,6.1,31.2,0.5,0.667,75.0,3,1,0.389,Estabilizado,Operação Normal
2026-08-22T18:53:11.115751,5032-10,1662,1,TERM. SACOMÃ,VL. ARAPUÁ,5,15:53,3,20.0,3,20.0,21.64,21.17,0.0,10000,3.6,800,2.59,20.87,31.22,1,6.1,45.63,0.5,1.0,66.67,4,1,0.371,Estabilizado,Operação Normal
2026-08-22T18:53:11.115751,211L-10,35033,2,LAPA,MANDAQUI,5,15:53,2,30.0,2,20.0,21.64,21.17,0.0,10000,3.6,800,2.97,20.87,30.88,0,6.1,23.29,0.5,0.667,75.0,3,1,0.3693,Estabilizado,Operação Normal
2026-08-22T18:53:11.115751,514T-10,1671,1,CONJ. TEOTÔNIO VILELA,TERM. SACOMÃ,5,15:53,6,10.0,6,20.0,21.64,21.17,0.0,10000,3.6,800,3.2,22.49,31.75,0,6.1,24.9,0.5,1.0,58.33,7,1,0.2983,Estabilizado,Operação Normal
2026-08-22T18:53:11.115751,373L-10,33795,2,METRÔ ITAQUERA,JD. LIMOEIRO,5,15:53,6,10.0,6,20.0,21.64,21.17,0.0,10000,3.6,800,4.25,20.13,29.16,0,6.1,32.25,0.5,1.0,66.67,8,2,0.3376,Estabilizado,Operação Normal
2026-08-22T18:53:11.115751,6058-10,1149,1,TERM. EST. VARGINHA,JD. NORONHA,5,15:53,5,12.0,5,20.0,21.64,21.17,0.0,10000,3.6,800,3.1,20.32,28.63,0,6.1,24.2,0.5,1.0,60.0,6,1,0.3007,Estabilizado,Operação Normal
2026-08-22T18:53:11.115751,342C-10,33770,2,PENHA,JD. MARÍLIA,5,15:53,3,20.0,3,20.0,21.64,21.17,0.0,10000,3.6,800,2.24,23.14,31.98,0,6.1,18.18,0.5,1.0,66.67,4,1,0.3024,Estabilizado,Operação Normal
2026-08-22T18:53:11.115751,5128-10,33896,2,METRÔ CONCEIÇÃO,JD. APURÁ,5,15:53,4,15.0,4,20.0,21.64,21.17,0.0,10000,3.6,800,4.62,18.33,36.23,0,6.1,34.84,0.5,1.0,62.5,5,1,0.3336,Estabilizado,Operação Normal
2026-08-22T18:53:11.115751,5630-10,78,1,METRÔ BRÁS,TERM. GRAJAÚ,5,15:53,8,7.5,8,20.0,21.64,21.17,0.0,10000,3.6,800,3.18,20.29,30.48,1,6.1,49.76,0.5,1.0,68.75,11,3,0.3865,Estabilizado,Operação Normal
2026-08-22T18:53:11.115751,1709-10,851,1,METRÔ TUCURUVI,JD. JOANA D'ARC,5,15:53,5,12.0,5,20.0,21.64,21.17,0.0,10000,3.6,800,5.09,17.68,32.59,0,6.1,38.13,0.5,1.0,70.0,7,2,0.3606,Estabilizado,Operação Normal
2026-08-22T18:53:11.115751,577T-10,1291,1,METRÔ ANA ROSA,JD. MIRIAM,5,15:53,4,15.0,4,20.0,21.64,21.17,0.0,10000,3.6,800,3.97,21.12,34.48,1,6.1,55.29,0.5,1.0,75.0,6,2,0.416,Estabilizado,Operação Normal
2026-08-22T18:53:11.115751,5031-10,34514,2,TERM. SACOMÃ,VL. ARAPUÁ,5,15:53,7,8.6,7,20.0,21.64,21.17,0.0,10000,3.6,800,3.15,20.55,33.06,0,6.1,24.55,0.5,1.0,64.29,9,2,0.3124,Estabilizado,Operação Normal
2026-08-22T18:53:11.115751,675R-10,109,1,METRÔ JABAQUARA,GRAJAÚ,5,15:53,3,20.0,3,20.0,21.64,21.17,0.0,10000,3.6,800,4.76,16.64,27.74,1,6.1,60.82,0.5,1.0,83.33,5,2,0.4506,Estabilizado,Operação Normal
2026-08-22T18:53:11.115751,607C-10,34745,2,ITAIM BIBI,JD. MIRIAM,5,15:53,7,8.6,7,20.0,21.64,21.17,0.0,10000,3.6,800,3.28,18.47,32.51,1,6.1,50.46,0.5,1.0,64.29,9,2,0.3771,Estabilizado,Operação Normal
2026-08-22T18:53:11.115751,6044-10,1221,1,TERM. STO. AMARO,JD. D. JOSÉ,5,15:53,3,20.0,3,20.0,21.64,21.17,0.0,10000,3.6,800,4.9,19.39,32.07,1,6.1,61.8,0.5,1.0,83.33,5,2,0.4531,Estabilizado,Operação Normal
2026-08-22T18:53:11.115751,737A-10,1730,1,TERM. STO. AMARO,TERM. JD. ÂNGELA,5,15:53,3,20.0,3,20.0,21.64,21.17,0.0,10000,3.6,800,3.46,21.54,27.94,0,6.1,26.72,0.5,1.0,66.67,4,1,0.3237,Estabilizado,Operação Normal
2026-08-22T18:53:11.115751,971R-10,614,1,METRÔ SANTANA,CPTM JARAGUÁ,5,15:53,12,5.0,13,20.0,21.64,21.17,0.0,10000,3.6,800,3.91,17.18,27.49,1,6.1,54.87,0.5,1.0,70.83,17,5,0.4045,Estabilizado,Operação Normal
2026-08-22T18:53:11.115751,6016-41,34474,2,TERM. GRAJAÚ,JD. PORTO VELHO,5,15:53,5,12.0,5,20.0,21.64,21.17,0.0,10000,3.6,800,6.24,13.76,31.7,0,6.1,46.18,0.5,1.0,70.0,7,2,0.3807,Estabilizado,Operação Normal
2026-08-22T18:53:11.115751,3729-10,33794,2,METRÔ CARRÃO,SHOP. ARICANDUVA,5,15:53,6,10.0,6,20.0,21.64,21.17,0.0,10000,3.6,800,2.84,17.51,28.52,0,6.1,22.38,0.5,1.0,58.33,7,1,0.292,Estabilizado,Operação Normal
2026-08-22T18:53:11.115751,1018-10,33600,2,METRÔ SANTANA,VL. ROSA,5,15:53,4,15.0,4,20.0,21.64,21.17,0.0,10000,3.6,800,1.94,26.14,33.16,0,6.1,16.08,0.5,1.0,62.5,5,1,0.2867,Estabilizado,Operação Normal
2026-08-22T18:53:11.115751,3791-10,1069,1,METRÔ ARTUR ALVIM,SHOP. ARICANDUVA,5,15:53,2,30.0,2,20.0,21.64,21.17,0.0,10000,3.6,800,3.74,23.23,37.82,0,6.1,28.68,0.5,0.667,75.0,3,1,0.3828,Estabilizado,Operação Normal
2026-08-22T18:53:11.115751,6028-10,33979,2,TERM. STO. AMARO,RIVIERA,5,15:53,4,15.0,4,20.0,21.64,21.17,0.0,10000,3.6,800,1.86,31.18,39.08,0,6.1,15.52,0.5,1.0,62.5,5,1,0.2853,Estabilizado,Operação Normal
2026-08-22T18:53:11.115751,414P-10,33873,2,TERM. NORTE METRÔ CARRÃO,VL. INDUSTRIAL,5,15:53,6,10.0,6,20.0,21.64,21.17,0.0,10000,3.6,800,2.68,24.77,28.38,0,6.1,21.26,0.5,1.0,58.33,7,1,0.2892,Estabilizado,Operação Normal
2026-08-22T18:53:11.115751,407F-10,2167,1,METRÔ BELÉM,TERM. SÃO MATEUS,5,15:53,2,30.0,2,20.0,21.64,21.17,0.0,10000,3.6,800,2.85,23.14,33.42,1,6.1,47.45,0.5,0.667,75.0,3,1,0.4297,Estabilizado,Operação Normal
2026-08-22T18:53:11.115751,8610-10,2063,1,TERM. BANDEIRA,JD. PAULO VI,5,15:53,4,15.0,4,20.0,21.64,21.17,0.0,10000,3.6,800,3.13,21.33,32.67,1,6.1,49.41,0.5,1.0,75.0,6,2,0.4013,Estabilizado,Operação Normal
2026-08-22T18:53:11.115751,6412-10,770,1,PAULISTA,PARAISÓPOLIS,5,15:53,5,12.0,5,20.0,21.64,21.17,0.0,10000,3.6,800,3.66,18.03,28.7,1,6.1,53.12,0.5,1.0,70.0,7,2,0.3981,Estabilizado,Operação Normal
2026-08-22T18:53:11.115751,809J-10,2066,1,METRÔ MORUMBI,JD. COLOMBO,5,15:53,2,30.0,2,20.0,21.64,21.17,0.0,10000,3.6,800,2.11,21.95,26.0,1,6.1,32.27,0.5,0.667,75.0,3,1,0.3917,Estabilizado,Operação Normal
2026-08-22T18:53:11.115751,4003-10,34927,2,E.T. ITAQUERA,INÁCIO MONTEIRO,5,15:53,3,20.0,3,20.0,21.64,21.17,0.0,10000,3.6,800,2.92,38.77,42.31,1,6.1,47.94,0.5,1.0,66.67,4,1,0.3768,Estabilizado,Operação Normal
2026-08-22T18:53:11.115751,107T-10,33389,2,TERM. PINHEIROS,METRÔ TUCURUVI,5,15:53,5,12.0,5,20.0,21.64,21.17,0.0,10000,3.6,800,4.21,12.62,26.25,1,6.1,56.97,0.5,1.0,70.0,7,2,0.4077,Estabilizado,Operação Normal
2026-08-22T18:53:11.115751,8700-10,34645,2,PÇA. RAMOS DE AZEVEDO,TERM. CAMPO LIMPO,5,15:53,9,6.7,9,20.0,21.64,21.17,0.0,10000,3.6,800,3.13,21.55,31.64,0,6.1,24.41,0.5,1.0,61.11,11,2,0.304,Estabilizado,Operação Normal
2026-08-22T18:53:11.115751,5018-10,34260,2,JABAQUARA,SHOP. INTERLAGOS,5,15:53,3,20.0,3,20.0,21.64,21.17,0.0,10000,3.6,800,2.66,21.99,25.38,0,6.1,21.12,0.5,1.0,66.67,4,1,0.3097,Estabilizado,Operação Normal
2026-08-22T18:53:11.115751,3766-10,1055,1,METRÔ ITAQUERA,COHAB II,5,15:53,6,10.0,6,20.0,21.64,21.17,0.0,10000,3.6,800,2.63,28.52,32.37,1,6.1,45.91,0.5,1.0,66.67,8,2,0.3717,Estabilizado,Operação Normal
2026-08-22T18:53:11.115751,2723-10,937,1,METRÔ ITAQUERA,UNIÃO DE VL. NOVA,5,15:53,4,15.0,4,20.0,21.64,21.17,0.0,10000,3.6,800,2.75,31.52,42.93,1,6.1,46.75,0.5,1.0,75.0,6,2,0.3946,Estabilizado,Operação Normal
2026-08-22T18:53:11.115751,9717-10,817,1,METRÔ SANTANA,JD. ALMANARA,5,15:53,5,12.0,5,20.0,21.64,21.17,0.0,10000,3.6,800,2.62,24.88,31.71,1,6.1,45.84,0.5,1.0,70.0,7,2,0.3799,Estabilizado,Operação Normal
2026-08-22T18:53:11.115751,8605-10,34685,2,TERM. BANDEIRA,TERM. CAMPO LIMPO,5,15:53,4,15.0,4,20.0,21.64,21.17,0.0,10000,3.6,800,3.02,20.83,31.48,0,6.1,23.64,0.5,1.0,62.5,5,1,0.3056,Estabilizado,Operação Normal
2026-08-22T18:53:11.115751,175P-10,33443,2,ANA ROSA,METRÔ SANTANA,5,15:53,6,10.0,6,20.0,21.64,21.17,0.0,10000,3.6,800,5.11,14.38,28.52,1,6.1,63.27,0.5,1.0,75.0,9,3,0.4359,Estabilizado,Operação Normal
2026-08-22T18:53:11.115751,637R-10,32964,2,TERM. STO. AMARO,JD. ARACATI,5,15:53,5,12.0,5,20.0,21.64,21.17,0.0,10000,3.6,800,3.7,20.36,30.43,0,6.1,28.4,0.5,1.0,60.0,6,1,0.3113,Estabilizado,Operação Normal
2026-08-22T18:53:11.115751,1206-10,33610,2,CORREIO,PQ. VL. MARIA,5,15:53,4,15.0,4,20.0,21.64,21.17,0.0,10000,3.6,800,4.12,18.74,33.43,1,6.1,56.34,0.5,1.0,75.0,6,2,0.4186,Estabilizado,Operação Normal
2026-08-22T18:53:11.115751,6825-10,14,1,TERM. CAPELINHA,VALO VELHO,5,15:53,2,30.0,2,20.0,21.64,21.17,0.0,10000,3.6,800,2.87,22.03,32.62,1,6.1,47.59,0.5,0.667,75.0,3,1,0.43,Estabilizado,Operação Normal
2026-08-22T18:53:11.115751,177H-21,33399,2,PINHEIROS,METRÔ SANTANA,5,15:53,3,20.0,3,20.0,21.64,21.17,0.0,10000,3.6,800,3.39,12.28,26.9,1,6.1,51.23,0.5,1.0,66.67,4,1,0.385,Estabilizado,Operação Normal
2026-08-22T18:53:11.115751,9181-10,885,1,LAPA,VL. TEREZINHA,5,15:53,7,8.6,7,20.0,21.64,21.17,0.0,10000,3.6,800,3.09,24.19,35.43,1,6.1,49.13,0.5,1.0,64.29,9,2,0.3738,Estabilizado,Operação Normal
2026-08-22T18:53:11.115751,574A-21,1690,1,METRÔ VL. MARIANA,AMERICANÓPOLIS,5,15:53,3,20.0,3,20.0,21.64,21.17,0.0,10000,3.6,800,3.22,21.98,33.42,0,6.1,25.04,0.5,1.0,66.67,4,1,0.3195,Estabilizado,Operação Normal
2026-08-22T18:53:11.115751,695Y-10,33966,2,METRÔ VL. MARIANA,TERM. PARELHEIROS,5,15:53,6,10.0,6,20.0,21.64,21.17,0.0,10000,3.6,800,2.92,22.65,35.19,1,6.1,47.94,0.5,1.0,66.67,8,2,0.3768,Estabilizado,Operação Normal
2026-08-22T18:53:11.115751,6063-10,1152,1,TERM. EST. VARGINHA,JD. VARGINHA,5,15:53,4,15.0,4,20.0,21.64,21.17,0.0,10000,3.6,800,3.07,19.79,29.61,0,6.1,23.99,0.5,1.0,62.5,5,1,0.3065,Estabilizado,Operação Normal
2026-08-22T18:53:11.115751,574J-10,34453,2,TERM. VL. CARRÃO,METRÔ CONCEIÇÃO,5,15:53,11,5.5,12,20.0,21.64,21.17,0.0,10000,3.6,800,4.19,18.9,36.43,1,6.1,56.83,0.5,1.0,72.73,16,5,0.4142,Estabilizado,Operação Normal
2026-08-22T18:53:11.115751,6057-10,33916,2,TERM. GRAJAÚ,VL. NATAL,5,15:53,3,20.0,3,20.0,21.64,21.17,0.0,10000,3.6,800,3.47,22.86,39.49,0,6.1,26.79,0.5,1.0,66.67,4,1,0.3239,Estabilizado,Operação Normal
2026-08-22T18:53:11.115751,2011-10,34904,2,METRÔ SANTANA,VL. SABRINA,5,15:53,6,10.0,6,20.0,21.64,21.17,0.0,10000,3.6,800,4.3,17.16,28.8,0,6.1,32.6,0.5,1.0,66.67,8,2,0.3384,Estabilizado,Operação Normal
2026-08-22T18:53:11.115751,930P-10,34883,2,TERM. PINHEIROS,TERM. PQ. D. PEDRO II,5,15:53,4,15.0,4,20.0,21.64,21.17,0.0,10000,3.6,800,6.3,10.72,26.57,1,6.1,71.6,0.5,1.0,75.0,6,2,0.4567,Estabilizado,Operação Normal
2026-08-22T18:53:11.115751,7001-10,34490,2,JD. ÂNGELA,VL. GILDA,5,15:53,3,20.0,3,20.0,21.64,21.17,0.0,10000,3.6,800,5.96,14.67,29.23,0,6.1,44.22,0.5,1.0,66.67,4,1,0.3675,Estabilizado,Operação Normal
2026-08-22T18:53:11.115751,477P-10,33116,2,RIO PEQUENO,IPIRANGA,5,15:53,3,20.0,3,20.0,21.64,21.17,0.0,10000,3.6,800,7.07,11.79,24.73,0,6.1,51.99,0.5,1.0,66.67,4,1,0.3869,Estabilizado,Operação Normal
2026-08-22T18:53:11.115751,5111-10,32816,2,TERM. PQ. D. PEDRO II,TERM. STO. AMARO,5,15:53,4,15.0,4,20.0,21.64,21.17,0.0,10000,3.6,800,3.28,18.26,30.03,0,6.1,25.46,0.5,1.0,62.5,5,1,0.3101,Estabilizado,Operação Normal
2026-08-22T18:53:11.115751,847P-10,423,1,VL. OLÍMPIA,TERM. PIRITUBA,5,15:53,5,12.0,5,20.0,21.64,21.17,0.0,10000,3.6,800,3.82,23.94,36.57,1,6.1,54.24,0.5,1.0,70.0,7,2,0.4008,Estabilizado,Operação Normal
2026-08-22T18:53:11.115751,675A-10,1318,1,METRÔ SÃO JUDAS,PQ. STO. ANTONIO,5,15:53,5,12.0,5,20.0,21.64,21.17,0.0,10000,3.6,800,2.7,23.67,32.05,1,6.1,46.4,0.5,1.0,70.0,7,2,0.3812,Estabilizado,Operação Normal
2026-08-22T18:53:11.115751,179X-10,33448,2,METRÔ BARRA FUNDA,JD. FONTÁLIS,5,15:53,8,7.5,8,20.0,21.64,21.17,0.0,10000,3.6,800,4.8,15.66,31.29,1,6.1,61.1,0.5,1.0,68.75,11,3,0.4149,Estabilizado,Operação Normal
2026-08-22T18:53:11.115751,3023-10,960,1,PQ. SÃO RAFAEL,SHOP. ARICANDUVA,5,15:53,4,15.0,4,20.0,21.64,21.17,0.0,10000,3.6,800,5.23,19.38,33.71,0,6.1,39.11,0.5,1.0,62.5,5,1,0.3443,Estabilizado,Operação Normal
2026-08-22T18:53:11.115751,4028-10,33866,2,DIV. DE MAUÁ,HOSP. SÃO MATEUS,5,15:53,3,20.0,3,20.0,21.64,21.17,0.0,10000,3.6,800,2.62,20.38,26.44,0,6.1,20.84,0.5,1.0,66.67,4,1,0.309,Estabilizado,Operação Normal
2026-08-22T18:53:11.115751,675G-10,32874,2,METRÔ JABAQUARA,PQ. RES. COCAIA,5,15:53,5,12.0,5,20.0,21.64,21.17,0.0,10000,3.6,800,4.79,20.86,39.26,0,6.1,36.03,0.5,1.0,70.0,7,2,0.3553,Estabilizado,Operação Normal
2026-08-22T18:53:11.115751,637A-10,32953,2,TERM. PINHEIROS,TERM. JD. ÂNGELA,5,15:53,12,5.0,13,20.0,21.64,21.17,0.0,10000,3.6,800,4.16,18.64,31.8,1,6.1,56.62,0.5,1.0,75.0,18,6,0.4193,Estabilizado,Operação Normal
2026-08-22T18:53:11.115751,2590-10,912,1,PQ. D. PEDRO II,UNIÃO DE VL. NOVA,5,15:53,8,7.5,8,20.0,21.64,21.17,0.0,10000,3.6,800,3.46,19.69,32.05,1,6.1,51.72,0.5,1.0,68.75,11,3,0.3914,Estabilizado,Operação Normal
2026-08-22T18:53:11.115751,778R-10,509,1,TERM. PRINC. ISABEL,COHAB RAPOSO TAVARES,5,15:53,7,8.6,7,20.0,21.64,21.17,0.0,10000,3.6,800,3.9,26.41,33.74,0,6.1,29.8,0.5,1.0,64.29,9,2,0.3255,Estabilizado,Operação Normal
2026-08-22T18:53:11.115751,1019-10,35263,2,TERM. PIRITUBA,SOL NASCENTE,5,15:53,1,60.0,1,20.0,21.64,21.17,0.0,10000,3.6,800,2.93,29.12,29.75,0,6.1,23.01,0.5,0.333,100.0,2,1,0.4645,Estabilizado,Operação Normal
2026-08-22T18:53:11.115751,8194-10,33573,2,TERM. CACHOEIRINHA,PERUS,5,15:53,9,6.7,9,20.0,21.64,21.17,0.0,10000,3.6,800,4.05,19.2,31.38,0,6.1,30.85,0.5,1.0,61.11,11,2,0.3201,Estabilizado,Operação Normal
2026-08-22T18:53:11.115751,3064-41,34701,2,STA. ETELVINA II B6,TERM. CID. TIRADENTES,5,15:53,1,60.0,1,20.0,21.64,21.17,0.0,10000,3.6,800,7.56,12.79,29.33,0,6.1,55.42,0.5,0.333,100.0,2,1,0.5455,Estabilizado,Operação Normal
2026-08-22T18:53:11.115751,3069-10,984,1,TERM. SÃO MATEUS,JD. RECANTO VERDE SOL,5,15:53,4,15.0,4,20.0,21.64,21.17,0.0,10000,3.6,800,3.72,17.91,32.27,0,6.1,28.54,0.5,1.0,62.5,5,1,0.3178,Estabilizado,Operação Normal
2026-08-22T18:53:11.115751,6450-10,59,1,TERM. BANDEIRA,TERM. CAPELINHA,5,15:53,5,12.0,5,20.0,21.64,21.17,0.0,10000,3.6,800,3.49,27.34,34.33,0,6.1,26.93,0.5,1.0,60.0,6,1,0.3076,Estabilizado,Operação Normal
2026-08-22T18:53:11.115751,6016-10,32852,2,TERM. GRAJAÚ,JD. NORONHA,5,15:53,4,15.0,4,20.0,21.64,21.17,0.0,10000,3.6,800,7.63,9.94,25.12,0,6.1,55.91,0.5,1.0,75.0,6,2,0.4175,Estabilizado,Operação Normal
2026-08-22T18:53:11.115751,546A-31,33900,2,STO. AMARO,JD. APURÁ,5,15:53,4,15.0,4,20.0,21.64,21.17,0.0,10000,3.6,800,6.61,15.51,32.68,1,6.1,73.77,0.5,1.0,75.0,6,2,0.4622,Estabilizado,Operação Normal
2026-08-22T18:53:11.115751,3795-10,33841,2,METRÔ ITAQUERA,JD. SÃO CARLOS,5,15:53,1,60.0,1,20.0,21.64,21.17,0.0,10000,3.6,800,3.02,24.22,36.41,1,6.1,48.64,0.5,0.333,100.0,2,1,0.5286,Estabilizado,Operação Normal
2026-08-22T18:53:11.115751,2703-10,915,1,METRÔ ITAQUERA,JD. ETELVINA,5,15:53,13,4.6,14,20.0,21.64,21.17,0.0,10000,3.6,800,5.63,23.08,41.86,1,6.1,66.91,0.5,1.0,76.92,20,7,0.4498,Estabilizado,Operação Normal
2026-08-22T18:53:11.115751,407G-10,2196,1,METRÔ CARRÃO,JD. NOVA VITÓRIA,5,15:53,6,10.0,6,20.0,21.64,21.17,0.0,10000,3.6,800,3.67,21.8,33.03,0,6.1,28.19,0.5,1.0,66.67,8,2,0.3274,Estabilizado,Operação Normal
2026-08-22T18:53:11.115751,3732-10,33797,2,METRÔ ITAQUERA,CPTM JOSÉ BONIFÁCIO,5,15:53,6,10.0,6,20.0,21.64,21.17,0.0,10000,3.6,800,2.92,21.25,34.4,1,6.1,47.94,0.5,1.0,66.67,8,2,0.3768,Estabilizado,Operação Normal
2026-08-22T18:53:11.115751,573T-10,34400,2,METRÔ CARRÃO,TERM. SAPOPEMBA,5,15:53,7,8.6,7,20.0,21.64,21.17,0.0,10000,3.6,800,3.0,18.82,29.33,1,6.1,48.5,0.5,1.0,64.29,9,2,0.3722,Estabilizado,Operação Normal
2026-08-22T18:53:11.115751,477A-10,33114,2,TERM. PINHEIROS,SACOMÃ,5,15:53,3,20.0,3,20.0,21.64,21.17,0.0,10000,3.6,800,2.14,29.12,35.56,0,6.1,17.48,0.5,1.0,66.67,4,1,0.3006,Estabilizado,Operação Normal
2026-08-22T18:53:11.115751,756A-10,793,1,TERM. ÁGUA ESPRAIADA,JD. PAULO VI,5,15:53,4,15.0,4,20.0,21.64,21.17,0.0,10000,3.6,800,2.39,20.01,27.27,1,6.1,44.23,0.5,1.0,75.0,6,2,0.3883,Estabilizado,Operação Normal
2026-08-22T18:53:11.115751,627M-10,35365,2,TERM. STO. AMARO,MAR PAULISTA,5,15:53,1,60.0,1,20.0,21.64,21.17,0.0,10000,3.6,800,2.85,28.62,37.28,0,6.1,22.45,0.5,0.333,100.0,2,1,0.4631,Estabilizado,Operação Normal
2026-08-22T18:53:11.115751,5611-10,33366,2,PÇA. JOÃO MENDES,ELDORADO,5,15:53,3,20.0,3,20.0,21.64,21.17,0.0,10000,3.6,800,3.34,21.48,34.23,1,6.1,50.88,0.5,1.0,66.67,4,1,0.3841,Estabilizado,Operação Normal
2026-08-22T18:53:11.115751,6031-10,32860,2,EST. MENDES/VL. NATAL,TERM. GRAJAÚ,5,15:53,4,15.0,4,20.0,21.64,21.17,0.0,10000,3.6,800,4.18,12.45,24.32,0,6.1,31.76,0.5,1.0,62.5,5,1,0.3259,Estabilizado,Operação Normal
2026-08-22T18:53:11.115751,5630-10,32846,2,METRÔ BRÁS,TERM. GRAJAÚ,5,15:53,6,10.0,6,20.0,21.64,21.17,0.0,10000,3.6,800,2.85,28.62,40.74,0,6.1,22.45,0.5,1.0,58.33,7,1,0.2922,Estabilizado,Operação Normal
2026-08-22T18:53:11.115751,771P-10,506,1,TERM. PINHEIROS,JD. JOÃO XXIII,5,15:53,2,30.0,2,20.0,21.64,21.17,0.0,10000,3.6,800,3.18,18.07,20.31,0,6.1,24.76,0.5,0.667,75.0,3,1,0.373,Estabilizado,Operação Normal
2026-08-22T18:53:11.115751,6818-10,32796,2,TERM. CAPELINHA,JD. VALE DAS VIRTUDES,5,15:53,3,20.0,3,20.0,21.64,21.17,0.0,10000,3.6,800,3.76,18.73,30.52,0,6.1,28.82,0.5,1.0,66.67,4,1,0.329,Estabilizado,Operação Normal
2026-08-22T18:53:11.115751,4735-10,1110,1,JD. VERA CRUZ,SÃO MATEUS  ,5,15:53,1,60.0,1,20.0,21.64,21.17,0.0,10000,3.6,800,3.71,16.86,31.96,0,6.1,28.47,0.5,0.333,100.0,2,1,0.4781,Estabilizado,Operação Normal
2026-08-22T18:53:11.115751,8400-10,1265,1,PÇA. RAMOS DE AZEVEDO,TERM. PIRITUBA,5,15:53,6,10.0,6,20.0,21.64,21.17,0.0,10000,3.6,800,3.61,23.29,39.4,1,6.1,52.77,0.5,1.0,66.67,8,2,0.3889,Estabilizado,Operação Normal
2026-08-22T18:53:11.115751,775F-31,35256,2,PQ. DO POVO,JD. DAS PALMAS,5,15:53,3,20.0,3,20.0,21.64,21.17,0.0,10000,3.6,800,2.44,20.11,27.29,0,6.1,19.58,0.5,1.0,66.67,4,1,0.3059,Estabilizado,Operação Normal
2026-08-22T18:53:11.115751,9047-10,33651,2,LAPA,JD. PAULISTANO,5,15:53,7,8.6,7,20.0,21.64,21.17,0.0,10000,3.6,800,2.7,20.76,27.04,1,6.1,46.4,0.5,1.0,64.29,9,2,0.367,Estabilizado,Operação Normal
2026-08-22T18:53:11.115751,573H-10,34398,2,METRÔ BRESSER,HOSP. SAPOPEMBA,5,15:53,8,7.5,8,20.0,21.64,21.17,0.0,10000,3.6,800,2.97,26.82,29.69,1,6.1,48.29,0.5,1.0,68.75,11,3,0.3829,Estabilizado,Operação Normal
2026-08-22T18:53:11.115751,1726-10,34171,2,METRÔ SANTANA,CEM. PQ. DOS PINHEIROS,5,15:53,8,7.5,8,20.0,21.64,21.17,0.0,10000,3.6,800,2.61,16.69,25.61,1,6.1,45.77,0.5,1.0,68.75,11,3,0.3765,Estabilizado,Operação Normal
2026-08-22T18:53:11.115751,6073-10,33928,2,TERM. VARGINHA,JD. STA. TEREZINHA,5,15:53,6,10.0,6,20.0,21.64,21.17,0.0,10000,3.6,800,6.61,10.4,24.26,0,6.1,48.77,0.5,1.0,66.67,8,2,0.3789,Estabilizado,Operação Normal
2026-08-22T18:53:11.115751,1771-10,634,1,METRÔ SANTANA,JD. FONTÁLIS,5,15:53,2,30.0,2,20.0,21.64,21.17,0.0,10000,3.6,800,4.58,19.03,30.11,0,6.1,34.56,0.5,0.667,75.0,3,1,0.3974,Estabilizado,Operação Normal
2026-08-22T18:53:11.115751,1705-10,33617,2,METRÔ TUCURUVI,JD. SÃO JOÃO,5,15:53,4,15.0,4,20.0,21.64,21.17,0.0,10000,3.6,800,3.62,18.16,28.78,0,6.1,27.84,0.5,1.0,62.5,5,1,0.3161,Estabilizado,Operação Normal
2026-08-22T18:53:11.115751,6835-31,34175,2,TERM. CAPELINHA,VALO VELHO,5,15:53,2,30.0,2,20.0,21.64,21.17,0.0,10000,3.6,800,3.86,18.82,29.91,0,6.1,29.52,0.5,0.667,75.0,3,1,0.3849,Estabilizado,Operação Normal
2026-08-22T18:53:11.115751,2016-10,33670,2,SÃO MIGUEL,JD. DAS OLIVEIRAS,5,15:53,4,15.0,4,20.0,21.64,21.17,0.0,10000,3.6,800,2.44,18.35,24.74,0,6.1,19.58,0.5,1.0,62.5,5,1,0.2954,Estabilizado,Operação Normal
2026-08-22T18:53:11.115751,3734-10,1034,1,METRÔ ARTUR ALVIM,CID. LIDER,5,15:53,3,20.0,3,20.0,21.64,21.17,0.0,10000,3.6,800,5.07,21.86,28.91,0,6.1,37.99,0.5,1.0,66.67,4,1,0.3519,Estabilizado,Operação Normal
2026-08-22T18:53:11.115751,809P-10,1891,1,TERM. PINHEIROS,TERM. CAMPO LIMPO,5,15:53,5,12.0,5,20.0,21.64,21.17,0.0,10000,3.6,800,2.45,20.83,29.84,0,6.1,19.65,0.5,1.0,60.0,6,1,0.2894,Estabilizado,Operação Normal
2026-08-22T18:53:11.115751,7023-10,2152,1,TERM. STO. AMARO,JD. NAKAMURA,5,15:53,3,20.0,3,20.0,21.64,21.17,0.0,10000,3.6,800,3.39,17.54,28.26,0,6.1,26.23,0.5,1.0,66.67,4,1,0.3225,Estabilizado,Operação Normal
2026-08-22T18:53:11.115751,178T-10,565,1,CEASA,METRÔ SANTANA,5,15:53,3,20.0,3,20.0,21.64,21.17,0.0,10000,3.6,800,3.15,16.4,26.14,1,6.1,49.55,0.5,1.0,66.67,4,1,0.3808,Estabilizado,Operação Normal
2026-08-22T18:53:11.115751,6805-31,34556,2,TERM. JOÃO DIAS,TERM. CAPELINHA,5,15:53,2,30.0,2,20.0,21.64,21.17,0.0,10000,3.6,800,2.71,16.42,26.79,0,6.1,21.47,0.5,0.667,75.0,3,1,0.3647,Estabilizado,Operação Normal
2026-08-22T18:53:11.115751,6075-10,1162,1,TERM. VARGINHA,JD. REC. CAMPO BELO,5,15:53,2,30.0,2,20.0,21.64,21.17,0.0,10000,3.6,800,3.14,13.05,29.15,0,6.1,24.48,0.5,0.667,75.0,3,1,0.3722,Estabilizado,Operação Normal
2026-08-22T18:53:11.115751,775A-10,33241,2,PINHEIROS,JD. ADALGIZA,5,15:53,2,30.0,2,20.0,21.64,21.17,0.0,10000,3.6,800,1.72,22.08,27.9,0,6.1,14.54,0.5,0.667,75.0,3,1,0.3474,Estabilizado,Operação Normal
2026-08-22T18:53:11.115751,8047-10,408,1,LAPA,JARAGUÁ,5,15:53,2,30.0,2,20.0,21.64,21.17,0.0,10000,3.6,800,6.53,14.1,26.67,0,6.1,48.21,0.5,0.667,75.0,3,1,0.4316,Estabilizado,Operação Normal
2026-08-22T18:53:11.115751,6058-10,33917,2,TERM. EST. VARGINHA,JD. NORONHA,5,15:53,3,20.0,3,20.0,21.64,21.17,0.0,10000,3.6,800,3.0,22.5,45.0,0,6.1,23.5,0.5,1.0,66.67,4,1,0.3157,Estabilizado,Operação Normal
2026-08-22T18:53:11.115751,2161-10,33462,2,PÇA. DO CORREIO,PQ. EDU CHAVES,5,15:53,4,15.0,4,20.0,21.64,21.17,0.0,10000,3.6,800,3.46,25.31,35.19,1,6.1,51.72,0.5,1.0,75.0,6,2,0.4071,Estabilizado,Operação Normal
2026-08-22T18:53:11.115751,5012-10,1116,1,JABAQUARA,VL. GUACURI,5,15:53,9,6.7,9,20.0,21.64,21.17,0.0,10000,3.6,800,3.31,23.47,35.19,0,6.1,25.67,0.5,1.0,61.11,11,2,0.3072,Estabilizado,Operação Normal
2026-08-22T18:53:11.115751,6823-10,32802,2,TERM. CAPELINHA,JD. GUARUJÁ,5,15:53,2,30.0,2,20.0,21.64,21.17,0.0,10000,3.6,800,5.54,18.27,28.93,0,6.1,41.28,0.5,0.667,75.0,3,1,0.4142,Estabilizado,Operação Normal
2026-08-22T18:53:11.115751,930P-10,2115,1,TERM. PINHEIROS,TERM. PQ. D. PEDRO II,5,15:53,5,12.0,5,20.0,21.64,21.17,0.0,10000,3.6,800,5.27,12.1,24.98,1,6.1,64.39,0.5,1.0,70.0,7,2,0.4262,Estabilizado,Operação Normal
2026-08-22T18:53:11.115751,6052-10,1144,1,TERM. EST. VARGINHA,JD. SETE DE SETEMBRO,5,15:53,4,15.0,4,20.0,21.64,21.17,0.0,10000,3.6,800,2.96,21.12,25.34,0,6.1,23.22,0.5,1.0,62.5,5,1,0.3045,Estabilizado,Operação Normal
2026-08-22T18:53:11.115751,5175-10,33361,2,PÇA. DA SÉ,BALN. SÃO FRANCISCO,5,15:53,14,4.3,15,20.0,21.64,21.17,0.0,10000,3.6,800,4.73,17.55,32.75,1,6.1,60.61,0.5,1.0,75.0,21,7,0.4293,Estabilizado,Operação Normal
2026-08-22T18:53:11.115751,524M-10,34399,2,SHOP. ARICANDUVA,MASCARENHAS DE MORAIS,5,15:53,7,8.6,7,20.0,21.64,21.17,0.0,10000,3.6,800,3.09,19.75,27.81,1,6.1,49.13,0.5,1.0,64.29,9,2,0.3738,Estabilizado,Operação Normal
2026-08-22T18:53:11.115751,118Y-10,33609,2,LAPA,LAUZANE PAULISTA,5,15:53,4,15.0,4,20.0,21.64,21.17,0.0,10000,3.6,800,2.98,21.45,30.11,0,6.1,23.36,0.5,1.0,62.5,5,1,0.3049,Estabilizado,Operação Normal
2026-08-22T18:53:11.115751,2730-10,33713,2,METRÔ ARTUR ALVIM,VL. JACUI,5,15:53,6,10.0,6,20.0,21.64,21.17,0.0,10000,3.6,800,2.73,25.06,35.8,0,6.1,21.61,0.5,1.0,58.33,7,1,0.2901,Estabilizado,Operação Normal
2026-08-22T18:53:11.115751,273N-10,390,1,METRÔ VL. MATILDE,CID. KEMEL II,5,15:53,3,20.0,3,20.0,21.64,21.17,0.0,10000,3.6,800,2.84,21.11,27.83,0,6.1,22.38,0.5,1.0,66.67,4,1,0.3129,Estabilizado,Operação Normal
2026-08-22T18:53:11.115751,807A-10,1900,1,TERM. STO. AMARO,TERM. CAMPO LIMPO,5,15:53,2,30.0,2,20.0,21.64,21.17,0.0,10000,3.6,800,3.61,24.7,37.74,0,6.1,27.77,0.5,0.667,75.0,3,1,0.3805,Estabilizado,Operação Normal
2026-08-22T18:53:11.115751,271A-51,33471,2,METRÔ SANTANA,CANGAÍBA,5,15:53,3,20.0,3,20.0,21.64,21.17,0.0,10000,3.6,800,2.56,24.41,29.76,0,6.1,20.42,0.5,1.0,66.67,4,1,0.308,Estabilizado,Operação Normal
2026-08-22T18:53:11.115751,278A-10,33474,2,PENHA  ,METRÔ SANTANA,5,15:53,3,20.0,3,20.0,21.64,21.17,0.0,10000,3.6,800,4.67,17.22,29.71,1,6.1,60.19,0.5,1.0,66.67,4,1,0.4074,Estabilizado,Operação Normal
2026-08-22T18:53:11.115751,6826-10,16,1,TERM. CAPELINHA,JD. D. JOSÉ,5,15:53,1,60.0,1,20.0,21.64,21.17,0.0,10000,3.6,800,4.05,16.1,24.76,0,6.1,30.85,0.5,0.333,100.0,2,1,0.4841,Estabilizado,Operação Normal
2026-08-22T18:53:11.115751,746K-10,787,1,CAMPO BELO,PARAISÓPOLIS,5,15:53,3,20.0,3,20.0,21.64,21.17,0.0,10000,3.6,800,5.56,16.88,35.02,0,6.1,41.42,0.5,1.0,66.67,4,1,0.3605,Estabilizado,Operação Normal
2026-08-22T18:53:11.115751,5119-10,32769,2,LGO. SÃO FRANCISCO,TERM. CAPELINHA,5,15:53,9,6.7,9,20.0,21.64,21.17,0.0,10000,3.6,800,3.23,17.23,32.15,1,6.1,50.11,0.5,1.0,66.67,12,3,0.3822,Estabilizado,Operação Normal
2026-08-22T18:53:11.115751,8010-10,798,1,LAPA,PERUS,5,15:53,7,8.6,7,20.0,21.64,21.17,0.0,10000,3.6,800,4.82,20.07,37.2,0,6.1,36.24,0.5,1.0,64.29,9,2,0.3416,Estabilizado,Operação Normal
2026-08-22T18:53:11.115751,177H-21,631,1,PINHEIROS,METRÔ SANTANA,5,15:53,4,15.0,4,20.0,21.64,21.17,0.0,10000,3.6,800,3.61,15.31,26.92,1,6.1,52.77,0.5,1.0,75.0,6,2,0.4097,Estabilizado,Operação Normal
2026-08-22T18:53:11.115751,695V-10,32776,2,METRÔ ANA ROSA,TERM. CAPELINHA,5,15:53,3,20.0,3,20.0,21.64,21.17,0.0,10000,3.6,800,3.05,20.94,32.01,0,6.1,23.85,0.5,1.0,66.67,4,1,0.3165,Estabilizado,Operação Normal
2026-08-22T18:53:11.115751,3785-10,1063,1,METRÔ ITAQUERA,COHAB BARRO BRANCO,5,15:53,4,15.0,4,20.0,21.64,21.17,0.0,10000,3.6,800,4.36,15.54,27.36,0,6.1,33.02,0.5,1.0,62.5,5,1,0.3291,Estabilizado,Operação Normal
2026-08-22T18:53:11.115751,175T-10,623,1,METRÔ JABAQUARA,METRÔ SANTANA,5,15:53,7,8.6,7,20.0,21.64,21.17,0.0,10000,3.6,800,4.27,20.28,35.83,1,6.1,57.39,0.5,1.0,71.43,10,3,0.4123,Estabilizado,Operação Normal
2026-08-22T18:53:11.115751,354M-10,1619,1,TERM. SÃO MATEUS,TERM. SÃO MIGUEL,5,15:53,3,20.0,3,20.0,21.64,21.17,0.0,10000,3.6,800,3.56,23.47,35.97,0,6.1,27.42,0.5,1.0,66.67,4,1,0.3255,Estabilizado,Operação Normal
2026-08-22T18:53:11.115751,6045-10,33990,2,STO. AMARO,VALO VELHO,5,15:53,6,10.0,6,20.0,21.64,21.17,0.0,10000,3.6,800,3.56,15.01,20.21,1,6.1,52.42,0.5,1.0,66.67,8,2,0.388,Estabilizado,Operação Normal
2026-08-22T18:53:11.115751,7006-10,1995,1,JD. ÂNGELA,JD. HORIZONTE AZUL,5,15:53,4,15.0,4,20.0,21.64,21.17,0.0,10000,3.6,800,7.73,11.7,23.37,0,6.1,56.61,0.5,1.0,75.0,6,2,0.4193,Estabilizado,Operação Normal
2026-08-22T18:53:11.115751,4313-10,2173,1,TERM. PQ. D. PEDRO II,TERM. CID. TIRADENTES,5,15:53,11,5.5,12,20.0,21.64,21.17,0.0,10000,3.6,800,3.95,24.0,37.52,1,6.1,55.15,0.5,1.0,72.73,16,5,0.41,Estabilizado,Operação Normal
2026-08-22T18:53:11.115751,546A-10,33899,2,STO. AMARO,JD. APURÁ,5,15:53,4,15.0,4,20.0,21.64,21.17,0.0,10000,3.6,800,2.79,22.39,34.41,1,6.1,47.03,0.5,1.0,75.0,6,2,0.3953,Estabilizado,Operação Normal
2026-08-22T18:53:11.115751,2009-10,898,1,CPTM GUAIANASES,JD. ROBRU,5,15:53,5,12.0,5,20.0,21.64,21.17,0.0,10000,3.6,800,3.17,20.01,28.47,1,6.1,49.69,0.5,1.0,70.0,7,2,0.3895,Estabilizado,Operação Normal
2026-08-22T18:53:11.115751,6078-10,1166,1,SHOP. INTERLAGOS,CANTINHO DO CÉU,5,15:53,5,12.0,5,20.0,21.64,21.17,0.0,10000,3.6,800,6.25,14.36,32.29,0,6.1,46.25,0.5,1.0,70.0,7,2,0.3809,Estabilizado,Operação Normal
2026-08-22T18:53:11.115751,407J-10,34966,2,METRÔ TATUAPÉ,JD. SOARES,5,15:53,13,4.6,14,20.0,21.64,21.17,0.0,10000,3.6,800,3.84,20.62,31.76,1,6.1,54.38,0.5,1.0,73.08,19,6,0.4089,Estabilizado,Operação Normal
2026-08-22T18:53:11.115751,3745-10,1044,1,METRÔ TATUAPÉ,JD. IMPERADOR,5,15:53,4,15.0,4,20.0,21.64,21.17,0.0,10000,3.6,800,2.77,18.81,28.64,1,6.1,46.89,0.5,1.0,75.0,6,2,0.395,Estabilizado,Operação Normal
2026-08-22T18:53:11.115751,342M-10,33515,2,TERM. PENHA,TERM. SÃO MATEUS,5,15:53,17,3.5,18,20.0,21.64,21.17,0.0,10000,3.6,800,3.74,20.19,32.11,0,6.1,28.68,0.5,1.0,64.71,22,5,0.3237,Estabilizado,Operação Normal
2026-08-22T18:53:11.115751,1709-10,33619,2,METRÔ TUCURUVI,JD. JOANA D'ARC,5,15:53,6,10.0,6,20.0,21.64,21.17,0.0,10000,3.6,800,4.53,18.54,31.17,0,6.1,34.21,0.5,1.0,66.67,8,2,0.3425,Estabilizado,Operação Normal
2026-08-22T18:53:11.115751,917H-10,456,1,METRÔ VL. MARIANA,TERM. PIRITUBA,5,15:53,8,7.5,8,20.0,21.64,21.17,0.0,10000,3.6,800,4.03,16.1,26.83,0,6.1,30.71,0.5,1.0,62.5,10,2,0.3233,Estabilizado,Operação Normal
2026-08-22T18:53:11.115751,271F-10,33451,2,METRÔ BELÉM     ,CENTER NORTE,5,15:53,3,20.0,3,20.0,21.64,21.17,0.0,10000,3.6,800,2.3,42.54,52.96,0,6.1,18.6,0.5,1.0,66.67,4,1,0.3034,Estabilizado,Operação Normal
2026-08-22T18:53:11.115751,3739-10,33807,2,METRÔ ITAQUERA,RECANTO VERDE SOL,5,15:53,7,8.6,7,20.0,21.64,21.17,0.0,10000,3.6,800,3.66,20.87,30.05,0,6.1,28.12,0.5,1.0,64.29,9,2,0.3213,Estabilizado,Operação Normal
2026-08-22T18:53:11.115751,6818-10,28,1,TERM. CAPELINHA,JD. VALE DAS VIRTUDES,5,15:53,2,30.0,2,20.0,21.64,21.17,0.0,10000,3.6,800,7.4,12.67,27.23,0,6.1,54.3,0.5,0.667,75.0,3,1,0.4468,Estabilizado,Operação Normal
2026-08-22T18:53:11.115751,2100-10,713,1,PÇA. DA SÉ,TERM. VL. CARRÃO,5,15:53,6,10.0,6,20.0,21.64,21.17,0.0,10000,3.6,800,3.28,20.54,31.77,1,6.1,50.46,0.5,1.0,66.67,8,2,0.3831,Estabilizado,Operação Normal
2026-08-22T18:53:11.115751,5791-21,2463,1,METRÔ JABAQUARA,ELDORADO,5,15:53,3,20.0,3,20.0,21.64,21.17,0.0,10000,3.6,800,3.1,20.55,32.96,0,6.1,24.2,0.5,1.0,66.67,4,1,0.3174,Estabilizado,Operação Normal
2026-08-22T18:53:11.115751,4015-10,2188,1,TERM. SÃO MATEUS,PQ. SÃO RAFAEL,5,15:53,1,60.0,1,20.0,21.64,21.17,0.0,10000,3.6,800,2.52,26.14,37.68,0,6.1,20.14,0.5,0.333,100.0,2,1,0.4573,Estabilizado,Operação Normal
2026-08-22T18:53:11.115751,3746-10,283,1,METRÔ BELÉM,JD. IMPERADOR,5,15:53,10,6.0,11,20.0,21.64,21.17,0.0,10000,3.6,800,2.81,23.18,32.36,1,6.1,47.17,0.5,1.0,70.0,14,4,0.3832,Estabilizado,Operação Normal
2026-08-22T18:53:11.115751,3712-10,33777,2,METRÔ ITAQUERA,JD. SÃO JOÃO,5,15:53,4,15.0,4,20.0,21.64,21.17,0.0,10000,3.6,800,3.66,23.19,25.14,1,6.1,53.12,0.5,1.0,75.0,6,2,0.4105,Estabilizado,Operação Normal
2026-08-22T18:53:11.115751,6840-10,201,1,TERM. CAPELINHA,TERM. JD. JACIRA,5,15:53,4,15.0,4,20.0,21.64,21.17,0.0,10000,3.6,800,4.14,19.09,32.26,0,6.1,31.48,0.5,1.0,62.5,5,1,0.3252,Estabilizado,Operação Normal
2026-08-22T18:53:11.115751,9009-10,33645,2,TERM. CACHOEIRINHA,COHAB BRASILÂNDIA,5,15:53,5,12.0,5,20.0,21.64,21.17,0.0,10000,3.6,800,3.18,20.52,28.27,0,6.1,24.76,0.5,1.0,60.0,6,1,0.3022,Estabilizado,Operação Normal
2026-08-22T18:53:11.115751,3539-10,748,1,METRÔ BRESSER,CID. TIRADENTES,5,15:53,8,7.5,8,20.0,21.64,21.17,0.0,10000,3.6,800,4.16,17.68,28.53,0,6.1,31.62,0.5,1.0,62.5,10,2,0.3256,Estabilizado,Operação Normal
2026-08-22T18:53:11.115751,695Y-42,35400,2,TERM. EST. VARGINHA,TERM. PARELHEIROS,5,15:53,5,12.0,5,20.0,21.64,21.17,0.0,10000,3.6,800,7.73,12.05,29.02,0,6.1,56.61,0.5,1.0,70.0,7,2,0.4068,Estabilizado,Operação Normal
2026-08-22T18:53:11.115751,172R-10,33627,2,METRÔ BELÉM,JAÇANÃ,5,15:53,7,8.6,7,20.0,21.64,21.17,0.0,10000,3.6,800,3.37,17.51,28.1,0,6.1,26.09,0.5,1.0,64.29,9,2,0.3162,Estabilizado,Operação Normal
2026-08-22T18:53:11.115751,312N-10,990,1,SÃO MIGUEL PAULISTA,TERM. CID. TIRADENTES,5,15:53,7,8.6,7,20.0,21.64,21.17,0.0,10000,3.6,800,4.09,17.45,27.34,1,6.1,56.13,0.5,1.0,71.43,10,3,0.4092,Estabilizado,Operação Normal
2026-08-22T18:53:11.115751,6820-10,19,1,TERM. CAPELINHA,JD. DAS ROSAS,5,15:53,3,20.0,3,20.0,21.64,21.17,0.0,10000,3.6,800,3.89,21.1,31.49,0,6.1,29.73,0.5,1.0,66.67,4,1,0.3313,Estabilizado,Operação Normal
2026-08-22T18:53:11.115751,695X-10,1441,1,METRÔ JABAQUARA,TERM. VARGINHA,5,15:53,9,6.7,9,20.0,21.64,21.17,0.0,10000,3.6,800,3.24,19.37,30.29,1,6.1,50.18,0.5,1.0,66.67,12,3,0.3824,Estabilizado,Operação Normal
2026-08-22T18:53:11.115751,2762-10,144,1,METRÔ TATUAPÉ,ERMELINO MATARAZZO,5,15:53,3,20.0,3,20.0,21.64,21.17,0.0,10000,3.6,800,2.86,20.89,28.39,0,6.1,22.52,0.5,1.0,66.67,4,1,0.3132,Estabilizado,Operação Normal
2026-08-22T18:53:11.115751,857A-10,1925,1,METRÔ STA. CRUZ,TERM. CAMPO LIMPO,5,15:53,5,12.0,5,20.0,21.64,21.17,0.0,10000,3.6,800,2.97,22.99,31.54,1,6.1,48.29,0.5,1.0,70.0,7,2,0.386,Estabilizado,Operação Normal
2026-08-22T18:53:11.115751,627J-10,2056,1,METRÔ SÃO JUDAS,JD. MIRIAM,5,15:53,5,12.0,5,20.0,21.64,21.17,0.0,10000,3.6,800,4.84,15.05,29.67,0,6.1,36.38,0.5,1.0,70.0,7,2,0.3562,Estabilizado,Operação Normal
2026-08-22T18:53:11.115751,5143-10,1628,1,TERM. PQ. D. PEDRO II,TERM. SAPOPEMBA,5,15:53,2,30.0,2,20.0,21.64,21.17,0.0,10000,3.6,800,3.54,22.97,34.52,1,6.1,52.28,0.5,0.667,75.0,3,1,0.4418,Estabilizado,Operação Normal
2026-08-22T18:53:11.115751,8040-10,33174,2,TERM. LAPA,SOL NASCENTE,5,15:53,3,20.0,3,20.0,21.64,21.17,0.0,10000,3.6,800,3.03,31.17,39.35,0,6.1,23.71,0.5,1.0,66.67,4,1,0.3162,Estabilizado,Operação Normal
2026-08-22T18:53:11.115751,6026-10,32855,2,TERM. STO. AMARO,JD. ICARAÍ,5,15:53,4,15.0,4,20.0,21.64,21.17,0.0,10000,3.6,800,4.72,18.1,32.01,0,6.1,35.54,0.5,1.0,62.5,5,1,0.3353,Estabilizado,Operação Normal
2026-08-22T18:53:11.115751,3029-10,966,1,METRÔ TATUAPÉ,JD. DAS ROSAS,5,15:53,4,15.0,4,20.0,21.64,21.17,0.0,10000,3.6,800,2.92,21.66,32.08,0,6.1,22.94,0.5,1.0,62.5,5,1,0.3039,Estabilizado,Operação Normal
2026-08-22T18:53:11.115751,978T-10,33657,2,METRÔ BARRA FUNDA,JD. GUARANI,5,15:53,12,5.0,13,20.0,21.64,21.17,0.0,10000,3.6,800,6.1,9.91,29.24,1,6.1,70.2,0.5,1.0,75.0,18,6,0.4533,Estabilizado,Operação Normal
2026-08-22T18:53:11.115751,172P-10,33626,2,METRÔ BELÉM,VL. ZILDA,5,15:53,10,6.0,11,20.0,21.64,21.17,0.0,10000,3.6,800,4.33,15.62,28.71,0,6.1,32.81,0.5,1.0,70.0,14,4,0.3473,Estabilizado,Operação Normal
2026-08-22T18:53:11.115751,263J-10,219,1,CONJ. JOSÉ BONIFÁCIO,PENHA,5,15:53,5,12.0,5,20.0,21.64,21.17,0.0,10000,3.6,800,2.6,26.31,37.31,1,6.1,45.7,0.5,1.0,70.0,7,2,0.3795,Estabilizado,Operação Normal
2026-08-22T18:53:11.115751,8078-10,34848,2,HOSP. CAMPO LIMPO,JD. DAS PALMAS,5,15:53,4,15.0,4,20.0,21.64,21.17,0.0,10000,3.6,800,3.28,18.73,27.69,0,6.1,25.46,0.5,1.0,62.5,5,1,0.3101,Estabilizado,Operação Normal
2026-08-22T18:53:11.115751,342C-10,1002,1,PENHA,JD. MARÍLIA,5,15:53,2,30.0,2,20.0,21.64,21.17,0.0,10000,3.6,800,3.79,20.1,31.07,0,6.1,29.03,0.5,0.667,75.0,3,1,0.3836,Estabilizado,Operação Normal
2026-08-22T18:53:11.115751,6840-10,32969,2,TERM. CAPELINHA,TERM. JD. JACIRA,5,15:53,8,7.5,8,20.0,21.64,21.17,0.0,10000,3.6,800,4.82,14.9,30.51,0,6.1,36.24,0.5,1.0,62.5,10,2,0.3371,Estabilizado,Operação Normal
2026-08-22T18:53:11.115751,189L-10,2450,1,LAPA,CONEXÃO VL. IÓRIO,5,15:53,3,20.0,3,20.0,21.64,21.17,0.0,10000,3.6,800,3.26,26.96,39.04,0,6.1,25.32,0.5,1.0,66.67,4,1,0.3202,Estabilizado,Operação Normal
2026-08-22T18:53:11.115751,3738-10,1038,1,METRÔ ITAQUERA,COHAB JUSCELINO,5,15:53,5,12.0,5,20.0,21.64,21.17,0.0,10000,3.6,800,2.44,24.73,29.06,1,6.1,44.58,0.5,1.0,70.0,7,2,0.3767,Estabilizado,Operação Normal
2026-08-22T18:53:11.115751,2678-10,33151,2,TERM. PQ. D. PEDRO II,OLIVEIRINHA,5,15:53,9,6.7,9,20.0,21.64,21.17,0.0,10000,3.6,800,2.91,26.01,36.13,1,6.1,47.87,0.5,1.0,66.67,12,3,0.3766,Estabilizado,Operação Normal
2026-08-22T18:53:11.115751,8038-10,797,1,LAPA,PQ. CONTINENTAL,5,15:53,3,20.0,3,20.0,21.64,21.17,0.0,10000,3.6,800,2.57,17.85,29.2,0,6.1,20.49,0.5,1.0,66.67,4,1,0.3082,Estabilizado,Operação Normal
2026-08-22T18:53:11.115751,9784-10,33595,2,METRÔ BARRA FUNDA,JD. DOS FRANCOS,5,15:53,6,10.0,6,20.0,21.64,21.17,0.0,10000,3.6,800,2.65,20.5,28.54,0,6.1,21.05,0.5,1.0,58.33,7,1,0.2887,Estabilizado,Operação Normal
2026-08-22T18:53:11.115751,2004-10,892,1,CPTM GUAIANASES,JD. NSA. SRA. DO CAMINHO,5,15:53,4,15.0,4,20.0,21.64,21.17,0.0,10000,3.6,800,5.97,15.11,35.55,0,6.1,44.29,0.5,1.0,75.0,6,2,0.3885,Estabilizado,Operação Normal
2026-08-22T18:53:11.115751,4001-10,2176,1,TERM. VL. CARRÃO,ITAQUERA,5,15:53,3,20.0,3,20.0,21.64,21.17,0.0,10000,3.6,800,2.92,43.83,45.68,1,6.1,47.94,0.5,1.0,66.67,4,1,0.3768,Estabilizado,Operação Normal
2026-08-22T18:53:11.115751,875A-10,609,1,PERDIZES,AEROPORTO,5,15:53,6,10.0,6,20.0,21.64,21.17,0.0,10000,3.6,800,3.04,18.31,30.89,1,6.1,48.78,0.5,1.0,66.67,8,2,0.3789,Estabilizado,Operação Normal
2026-08-22T18:53:11.115751,3046-10,971,1,METRÔ TATUAPÉ,VL. GUARANI,5,15:53,5,12.0,5,20.0,21.64,21.17,0.0,10000,3.6,800,2.74,21.35,29.47,1,6.1,46.68,0.5,1.0,70.0,7,2,0.382,Estabilizado,Operação Normal
2026-08-22T18:53:11.115751,2780-10,399,1,METRÔ ITAQUERA,JD. CAMARGO NOVO,5,15:53,4,15.0,4,20.0,21.64,21.17,0.0,10000,3.6,800,2.81,20.96,28.44,0,6.1,22.17,0.5,1.0,62.5,5,1,0.3019,Estabilizado,Operação Normal
2026-08-22T18:53:11.115751,702U-22,2581,1,TERM. PQ. D. PEDRO II,METRÔ BUTANTÃ,5,15:53,4,15.0,4,20.0,21.64,21.17,0.0,10000,3.6,800,3.0,21.79,33.87,1,6.1,48.5,0.5,1.0,75.0,6,2,0.399,Estabilizado,Operação Normal
2026-08-22T18:53:11.115751,178T-10,33333,2,CEASA,METRÔ SANTANA,5,15:53,4,15.0,4,20.0,21.64,21.17,0.0,10000,3.6,800,2.79,21.6,34.55,1,6.1,47.03,0.5,1.0,75.0,6,2,0.3953,Estabilizado,Operação Normal
2026-08-22T18:53:11.115751,707A-10,34758,2,METRÔ PÇA. DA ÁRVORE,JD. ÂNGELA,5,15:53,6,10.0,6,20.0,21.64,21.17,0.0,10000,3.6,800,3.45,15.57,27.44,0,6.1,26.65,0.5,1.0,58.33,7,1,0.3027,Estabilizado,Operação Normal
2026-08-22T18:53:11.115751,2076-10,33136,2,TERM. PENHA,JD. DAS OLIVEIRAS,5,15:53,7,8.6,7,20.0,21.64,21.17,0.0,10000,3.6,800,2.13,17.58,22.4,0,6.1,17.41,0.5,1.0,57.14,8,1,0.2766,Estabilizado,Operação Normal
2026-08-22T18:53:11.115751,4008-10,2182,1,TERM. VL. CARRÃO,JD. CIBELE,5,15:53,2,30.0,2,20.0,21.64,21.17,0.0,10000,3.6,800,3.48,20.07,31.13,0,6.1,26.86,0.5,0.667,75.0,3,1,0.3782,Estabilizado,Operação Normal
2026-08-22T18:53:11.115751,8029-10,35308,2,TERM. MORUMBI,SHOP. PORTAL,5,15:53,4,15.0,4,20.0,21.64,21.17,0.0,10000,3.6,800,2.32,22.52,28.9,1,6.1,43.74,0.5,1.0,62.5,5,1,0.3558,Estabilizado,Operação Normal
2026-08-22T18:53:11.115751,5300-10,33122,2,TERM. PQ. D. PEDRO II,TERM. STO. AMARO,5,15:53,7,8.6,7,20.0,21.64,21.17,0.0,10000,3.6,800,3.99,22.12,35.9,1,6.1,55.43,0.5,1.0,71.43,10,3,0.4074,Estabilizado,Operação Normal
2026-08-22T18:53:11.115751,2031-10,33135,2,TERM. A. E. CARVALHO,CID. KEMEL II,5,15:53,4,15.0,4,20.0,21.64,21.17,0.0,10000,3.6,800,2.6,21.66,32.75,0,6.1,20.7,0.5,1.0,62.5,5,1,0.2983,Estabilizado,Operação Normal
2026-08-22T18:53:11.115751,6820-10,32787,2,TERM. CAPELINHA,JD. DAS ROSAS,5,15:53,3,20.0,3,20.0,21.64,21.17,0.0,10000,3.6,800,5.14,13.91,32.56,1,6.1,63.48,0.5,1.0,83.33,5,2,0.4573,Estabilizado,Operação Normal
2026-08-22T18:53:11.115751,9050-10,2088,1,ITAIM BIBI,TERM. LAPA,5,15:53,2,30.0,2,20.0,21.64,21.17,0.0,10000,3.6,800,3.38,22.2,34.69,0,6.1,26.16,0.5,0.667,75.0,3,1,0.3764,Estabilizado,Operação Normal
2026-08-22T18:53:11.115751,2582-10,33142,2,TERM. PQ. D. PEDRO II,VL. NOVA CURUÇÁ,5,15:53,7,8.6,7,20.0,21.64,21.17,0.0,10000,3.6,800,3.99,16.16,29.78,1,6.1,55.43,0.5,1.0,71.43,10,3,0.4074,Estabilizado,Operação Normal
2026-08-22T18:53:11.115751,6008-10,33968,2,EST. STO. AMARO/GUIDO CALOI,JD. PLANALTO,5,15:53,4,15.0,4,20.0,21.64,21.17,0.0,10000,3.6,800,1.6,26.09,30.99,0,6.1,13.7,0.5,1.0,62.5,5,1,0.2807,Estabilizado,Operação Normal
2026-08-22T18:53:11.115751,9019-10,1433,1,TERM. PIRITUBA,JD. PAULISTANO,5,15:53,5,12.0,5,20.0,21.64,21.17,0.0,10000,3.6,800,2.72,20.86,29.45,0,6.1,21.54,0.5,1.0,60.0,6,1,0.2941,Estabilizado,Operação Normal
2026-08-22T18:53:11.115751,8013-10,33568,2,LAPA,TERM. JD. BRITANIA,5,15:53,6,10.0,6,20.0,21.64,21.17,0.0,10000,3.6,800,2.89,35.37,47.88,0,6.1,22.73,0.5,1.0,58.33,7,1,0.2929,Estabilizado,Operação Normal
2026-08-22T18:53:11.115751,312N-10,33758,2,SÃO MIGUEL PAULISTA,TERM. CID. TIRADENTES,5,15:53,6,10.0,6,20.0,21.64,21.17,0.0,10000,3.6,800,4.76,15.83,28.94,0,6.1,35.82,0.5,1.0,66.67,8,2,0.3465,Estabilizado,Operação Normal
2026-08-22T18:53:11.115751,1177-10,32897,2,LUZ,TERM. A. E. CARVALHO,5,15:53,6,10.0,6,20.0,21.64,21.17,0.0,10000,3.6,800,3.28,24.52,39.38,1,6.1,50.46,0.5,1.0,66.67,8,2,0.3831,Estabilizado,Operação Normal
2026-08-22T18:53:11.115751,4491-10,33095,2,TERM. PQ. D. PEDRO II,VL. LIVIERO,5,15:53,5,12.0,5,20.0,21.64,21.17,0.0,10000,3.6,800,8.0,9.17,30.64,1,6.1,83.5,0.5,1.0,80.0,8,3,0.499,Estabilizado,Operação Normal
2026-08-22T18:53:11.115751,3002-10,1808,1,SÃO MIGUEL,JD. MABEL,5,15:53,4,15.0,4,20.0,21.64,21.17,0.0,10000,3.6,800,2.91,22.15,33.49,0,6.1,22.87,0.5,1.0,62.5,5,1,0.3037,Estabilizado,Operação Normal
2026-08-22T18:53:11.115751,746R-10,790,1,STO. AMARO,REAL PQ.,5,15:53,3,20.0,3,20.0,21.64,21.17,0.0,10000,3.6,800,2.85,15.03,17.93,0,6.1,22.45,0.5,1.0,66.67,4,1,0.3131,Estabilizado,Operação Normal
2026-08-22T18:53:11.115751,2203-10,911,1,SHOP. PENHA,BURGO PAULISTA,5,15:53,4,15.0,4,20.0,21.64,21.17,0.0,10000,3.6,800,2.87,23.88,33.84,1,6.1,47.59,0.5,1.0,75.0,6,2,0.3967,Estabilizado,Operação Normal
2026-08-22T18:53:11.115751,477P-10,348,1,RIO PEQUENO,IPIRANGA,5,15:53,4,15.0,4,20.0,21.64,21.17,0.0,10000,3.6,800,2.78,23.93,32.61,0,6.1,21.96,0.5,1.0,62.5,5,1,0.3014,Estabilizado,Operação Normal
2026-08-22T18:53:11.115751,8542-21,1361,1,TERM. LAPA,BRASILÂNDIA,5,15:53,4,15.0,4,20.0,21.64,21.17,0.0,10000,3.6,800,2.54,21.71,25.77,1,6.1,45.28,0.5,1.0,75.0,6,2,0.391,Estabilizado,Operação Normal
2026-08-22T18:53:11.115751,5164-41,34385,2,METRÔ CONCEIÇÃO,VL. GUARANI,5,15:53,2,30.0,2,20.0,21.64,21.17,0.0,10000,3.6,800,4.86,11.82,24.03,0,6.1,36.52,0.5,0.667,75.0,3,1,0.4024,Estabilizado,Operação Normal
2026-08-22T18:53:11.115751,2202-10,910,1,CPTM GUAIANASES,JD. DAS OLIVEIRAS,5,15:53,12,5.0,13,20.0,21.64,21.17,0.0,10000,3.6,800,2.55,22.1,30.6,1,6.1,45.35,0.5,1.0,70.83,17,5,0.3807,Estabilizado,Operação Normal
2026-08-22T18:53:11.115751,172U-10,33628,2,MOOCA,CEM. PQ. DOS PINHEIROS,5,15:53,10,6.0,11,20.0,21.64,21.17,0.0,10000,3.6,800,2.35,29.12,39.12,0,6.1,18.95,0.5,1.0,65.0,13,3,0.3001,Estabilizado,Operação Normal
2026-08-22T18:53:11.115751,1024-10,35070,2,CONEXÃO PETRÔNIO PORTELA,JD. CAROMBÉ,5,15:53,5,12.0,5,20.0,21.64,21.17,0.0,10000,3.6,800,3.55,15.46,26.0,0,6.1,27.35,0.5,1.0,60.0,6,1,0.3086,Estabilizado,Operação Normal
2026-08-22T18:53:11.115751,172U-10,860,1,MOOCA,CEM. PQ. DOS PINHEIROS,5,15:53,10,6.0,11,20.0,21.64,21.17,0.0,10000,3.6,800,3.27,19.15,24.24,1,6.1,50.39,0.5,1.0,75.0,15,5,0.4037,Estabilizado,Operação Normal
2026-08-22T18:53:11.115751,2202-10,33678,2,CPTM GUAIANASES,JD. DAS OLIVEIRAS,5,15:53,7,8.6,7,20.0,21.64,21.17,0.0,10000,3.6,800,4.19,19.16,28.57,1,6.1,56.83,0.5,1.0,71.43,10,3,0.4109,Estabilizado,Operação Normal
2026-08-22T18:53:11.115751,129F-10,2304,1,METRÔ BARRA FUNDA,CONEXÃO PETRÔNIO PORTELA,5,15:53,3,20.0,3,20.0,21.64,21.17,0.0,10000,3.6,800,3.1,21.17,30.12,0,6.1,24.2,0.5,1.0,66.67,4,1,0.3174,Estabilizado,Operação Normal
2026-08-22T18:53:11.115751,208M-10,35246,2,TERM. PINHEIROS,METRÔ SANTANA,5,15:53,5,12.0,5,20.0,21.64,21.17,0.0,10000,3.6,800,4.17,19.38,33.79,1,6.1,56.69,0.5,1.0,70.0,7,2,0.407,Estabilizado,Operação Normal
2026-08-22T18:53:11.115751,172K-10,857,1,METRÔ TATUAPÉ,JD. TREMEMBÉ,5,15:53,6,10.0,6,20.0,21.64,21.17,0.0,10000,3.6,800,3.67,22.15,35.9,0,6.1,28.19,0.5,1.0,66.67,8,2,0.3274,Estabilizado,Operação Normal
2026-08-22T18:53:11.115751,7017-10,2502,1,TERM. GUARAPIRANGA,JD. GUARUJÁ,5,15:53,3,20.0,3,20.0,21.64,21.17,0.0,10000,3.6,800,5.0,17.81,31.56,0,6.1,37.5,0.5,1.0,66.67,4,1,0.3507,Estabilizado,Operação Normal
2026-08-22T18:53:11.115751,847J-10,1342,1,JAGUARÉ,CITY JARAGUÁ,5,15:53,1,60.0,1,20.0,21.64,21.17,0.0,10000,3.6,800,1.33,31.78,36.2,0,6.1,11.81,0.5,0.333,100.0,2,1,0.4365,Estabilizado,Operação Normal
2026-08-22T18:53:11.115751,9011-21,1768,1,CITY JARAGUÁ,CPTM JARAGUÁ,5,15:53,6,10.0,6,20.0,21.64,21.17,0.0,10000,3.6,800,3.08,33.1,36.39,0,6.1,24.06,0.5,1.0,58.33,7,1,0.2962,Estabilizado,Operação Normal
2026-08-22T18:53:11.115751,2770-10,33011,2,METRÔ VL. MATILDE,CPTM JOSÉ BONIFÁCIO,5,15:53,5,12.0,5,20.0,21.64,21.17,0.0,10000,3.6,800,2.39,26.0,36.96,1,6.1,44.23,0.5,1.0,70.0,7,2,0.3758,Estabilizado,Operação Normal
2026-08-22T18:53:11.115751,3002-10,34576,2,SÃO MIGUEL,JD. MABEL,5,15:53,5,12.0,5,20.0,21.64,21.17,0.0,10000,3.6,800,3.19,15.25,35.13,0,6.1,24.83,0.5,1.0,60.0,6,1,0.3023,Estabilizado,Operação Normal
2026-08-22T18:53:11.115751,550P-10,2687,1,METRÔ BRÁS,TERM. VL. PRUDENTE,5,15:53,3,20.0,3,20.0,21.64,21.17,0.0,10000,3.6,800,3.96,20.87,33.51,0,6.1,30.22,0.5,1.0,66.67,4,1,0.3325,Estabilizado,Operação Normal
2026-08-22T18:53:11.115751,2025-10,2267,1,SANTANA,VL. NOVA GALVÃO,5,15:53,3,20.0,3,20.0,21.64,21.17,0.0,10000,3.6,800,3.92,17.66,30.62,1,6.1,54.94,0.5,1.0,66.67,4,1,0.3943,Estabilizado,Operação Normal
2026-08-22T18:53:11.115751,5106-31,1305,1,METRÔ ANA ROSA,JD. UBIRAJARA,5,15:53,5,12.0,5,20.0,21.64,21.17,0.0,10000,3.6,800,7.2,9.18,27.71,0,6.1,52.9,0.5,1.0,70.0,7,2,0.3975,Estabilizado,Operação Normal
2026-08-22T18:53:11.115751,6010-10,1202,1,TERM. GUARAPIRANGA,CHÁC. STA. MARIA,5,15:53,6,10.0,6,20.0,21.64,21.17,0.0,10000,3.6,800,3.69,15.22,39.92,0,6.1,28.33,0.5,1.0,66.67,8,2,0.3277,Estabilizado,Operação Normal
2026-08-22T18:53:11.115751,1720-10,863,1,CANTAREIRA,JD. GUANCÃ,5,15:53,6,10.0,6,20.0,21.64,21.17,0.0,10000,3.6,800,3.72,13.78,25.06,0,6.1,28.54,0.5,1.0,66.67,8,2,0.3283,Estabilizado,Operação Normal
2026-08-22T18:53:11.115751,7001-10,1722,1,JD. ÂNGELA,VL. GILDA,5,15:53,5,12.0,5,20.0,21.64,21.17,0.0,10000,3.6,800,3.06,20.92,33.36,0,6.1,23.92,0.5,1.0,60.0,6,1,0.3001,Estabilizado,Operação Normal
2026-08-22T18:53:11.115751,1018-10,832,1,METRÔ SANTANA,VL. ROSA,5,15:53,3,20.0,3,20.0,21.64,21.17,0.0,10000,3.6,800,3.16,19.6,29.91,0,6.1,24.62,0.5,1.0,66.67,4,1,0.3185,Estabilizado,Operação Normal
2026-08-22T18:53:11.115751,4314-10,34942,2,TERM. PQ. D. PEDRO II,INÁCIO MONTEIRO,5,15:53,4,15.0,4,20.0,21.64,21.17,0.0,10000,3.6,800,2.49,25.48,32.77,0,6.1,19.93,0.5,1.0,62.5,5,1,0.2963,Estabilizado,Operação Normal
2026-08-22T18:53:11.115751,5034-31,1664,1,VL. LIVIERO,TERM. SACOMÃ,5,15:53,1,60.0,1,20.0,21.64,21.17,0.0,10000,3.6,800,2.65,23.94,34.37,0,6.1,21.05,0.5,0.333,100.0,2,1,0.4596,Estabilizado,Operação Normal
2026-08-22T18:53:11.115751,6414-10,360,1,TERM. BANDEIRA,SOCORRO,5,15:53,4,15.0,4,20.0,21.64,21.17,0.0,10000,3.6,800,2.75,20.64,30.01,0,6.1,21.75,0.5,1.0,62.5,5,1,0.3009,Estabilizado,Operação Normal
2026-08-22T18:53:11.115751,6072-10,34356,2,TERM. VARGINHA,JD. SÃO NICOLAU,5,15:53,13,4.6,14,20.0,21.64,21.17,0.0,10000,3.6,800,3.2,15.92,31.17,0,6.1,24.9,0.5,1.0,65.38,17,4,0.3159,Estabilizado,Operação Normal
2026-08-22T18:53:11.115751,6913-10,1465,1,TERM. BANDEIRA,TERM. VARGINHA,5,15:53,10,6.0,11,20.0,21.64,21.17,0.0,10000,3.6,800,2.76,20.79,30.21,0,6.1,21.82,0.5,1.0,65.0,13,3,0.3073,Estabilizado,Operação Normal
2026-08-22T18:53:11.115751,6014-10,188,1,TERM. STO. AMARO,TERM. JD. JACIRA,5,15:53,4,15.0,4,20.0,21.64,21.17,0.0,10000,3.6,800,2.72,26.37,32.12,0,6.1,21.54,0.5,1.0,62.5,5,1,0.3004,Estabilizado,Operação Normal
2026-08-22T18:53:11.115751,7011-31,1954,1,JD. ÂNGELA,JD. DOS REIS,5,15:53,2,30.0,2,20.0,21.64,21.17,0.0,10000,3.6,800,3.43,25.22,43.18,0,6.1,26.51,0.5,0.667,75.0,3,1,0.3773,Estabilizado,Operação Normal
2026-08-22T18:53:11.115751,6019-10,1490,1,JD. ALFREDO,TERM. GUARAPIRANGA,5,15:53,4,15.0,4,20.0,21.64,21.17,0.0,10000,3.6,800,3.74,19.88,28.73,0,6.1,28.68,0.5,1.0,62.5,5,1,0.3182,Estabilizado,Operação Normal
2026-08-22T18:53:11.115751,6036-10,1214,1,TERM. CAPELINHA,JD. MACEDÔNIA,5,15:53,5,12.0,5,20.0,21.64,21.17,0.0,10000,3.6,800,6.7,18.43,40.64,0,6.1,49.4,0.5,1.0,70.0,7,2,0.3887,Estabilizado,Operação Normal
2026-08-22T18:53:11.115751,6010-10,33970,2,TERM. GUARAPIRANGA,CHÁC. STA. MARIA,5,15:53,3,20.0,3,20.0,21.64,21.17,0.0,10000,3.6,800,2.4,23.72,30.46,1,6.1,44.3,0.5,1.0,66.67,4,1,0.3677,Estabilizado,Operação Normal
2026-08-22T18:53:11.115751,4310-10,2160,1,TERM. PQ. D. PEDRO II,E.T. ITAQUERA,5,15:53,8,7.5,8,20.0,21.64,21.17,0.0,10000,3.6,800,3.09,36.13,41.38,1,6.1,49.13,0.5,1.0,68.75,11,3,0.385,Estabilizado,Operação Normal
2026-08-22T18:53:11.115751,695V-10,8,1,METRÔ ANA ROSA,TERM. CAPELINHA,5,15:53,3,20.0,3,20.0,21.64,21.17,0.0,10000,3.6,800,3.34,17.52,29.02,0,6.1,25.88,0.5,1.0,66.67,4,1,0.3216,Estabilizado,Operação Normal
2026-08-22T18:53:11.115751,7057-10,1897,1,TERM. CAMPO LIMPO,JD. MITSUTANI,5,15:53,1,60.0,1,20.0,21.64,21.17,0.0,10000,3.6,800,3.23,19.97,33.35,0,6.1,25.11,0.5,0.333,100.0,2,1,0.4697,Estabilizado,Operação Normal
2026-08-22T18:53:11.115751,3046-10,33739,2,METRÔ TATUAPÉ,VL. GUARANI,5,15:53,5,12.0,5,20.0,21.64,21.17,0.0,10000,3.6,800,2.78,18.26,27.39,1,6.1,46.96,0.5,1.0,70.0,7,2,0.3826,Estabilizado,Operação Normal
2026-08-22T18:53:11.115751,4008-10,34950,2,TERM. VL. CARRÃO,JD. CIBELE,5,15:53,5,12.0,5,20.0,21.64,21.17,0.0,10000,3.6,800,2.67,21.56,36.15,0,6.1,21.19,0.5,1.0,60.0,6,1,0.2932,Estabilizado,Operação Normal
2026-08-22T18:53:11.115751,273N-10,33158,2,METRÔ VL. MATILDE,CID. KEMEL II,5,15:53,6,10.0,6,20.0,21.64,21.17,0.0,10000,3.6,800,2.68,22.79,35.06,0,6.1,21.26,0.5,1.0,58.33,7,1,0.2892,Estabilizado,Operação Normal
2026-08-22T18:53:11.115751,647A-10,1315,1,PINHEIROS,VALO VELHO,5,15:53,6,10.0,6,20.0,21.64,21.17,0.0,10000,3.6,800,3.19,23.38,33.67,0,6.1,24.83,0.5,1.0,58.33,7,1,0.2981,Estabilizado,Operação Normal
2026-08-22T18:53:11.115751,5791-21,35231,2,METRÔ JABAQUARA,ELDORADO,5,15:53,6,10.0,6,20.0,21.64,21.17,0.0,10000,3.6,800,3.61,21.16,33.24,0,6.1,27.77,0.5,1.0,66.67,8,2,0.3264,Estabilizado,Operação Normal
2026-08-22T18:53:11.115751,2733-10,33716,2,METRÔ ITAQUERA,PQ. GUARANI,5,15:53,4,15.0,4,20.0,21.64,21.17,0.0,10000,3.6,800,2.84,24.64,33.42,1,6.1,47.38,0.5,1.0,75.0,6,2,0.3962,Estabilizado,Operação Normal
2026-08-22T18:53:11.115751,5164-41,1617,1,METRÔ CONCEIÇÃO,VL. GUARANI,5,15:53,6,10.0,6,20.0,21.64,21.17,0.0,10000,3.6,800,3.21,21.47,35.88,0,6.1,24.97,0.5,1.0,58.33,7,1,0.2985,Estabilizado,Operação Normal
2026-08-22T18:53:11.115751,6013-10,32954,2,TERM. STO. AMARO,JD. NAKAMURA,5,15:53,3,20.0,3,20.0,21.64,21.17,0.0,10000,3.6,800,8.12,10.87,38.05,0,6.1,59.34,0.5,1.0,66.67,4,1,0.4053,Estabilizado,Operação Normal
2026-08-22T18:53:11.115751,6820-31,1406,1,TERM. CAPELINHA,JD. DAS ROSAS,5,15:53,3,20.0,3,20.0,21.64,21.17,0.0,10000,3.6,800,3.8,20.2,31.84,0,6.1,29.1,0.5,1.0,66.67,4,1,0.3297,Estabilizado,Operação Normal
2026-08-22T18:53:11.115751,4056-10,2237,1,TERM. SÃO MATEUS,PQ. BOA ESPERANÇA,5,15:53,3,20.0,3,20.0,21.64,21.17,0.0,10000,3.6,800,3.98,17.33,32.5,1,6.1,55.36,0.5,1.0,66.67,4,1,0.3953,Estabilizado,Operação Normal
2026-08-22T18:53:11.115751,6003-21,35344,2,EST. MENDES/VL. NATAL,TERM. VARGINHA,5,15:53,1,60.0,1,20.0,21.64,21.17,0.0,10000,3.6,800,3.12,15.0,30.49,0,6.1,24.34,0.5,0.333,100.0,2,1,0.4678,Estabilizado,Operação Normal
2026-08-22T18:53:11.115751,573A-10,1637,1,VL. ALPINA,METRÔ BRESSER,5,15:53,5,12.0,5,20.0,21.64,21.17,0.0,10000,3.6,800,3.41,20.92,31.53,1,6.1,51.37,0.5,1.0,70.0,7,2,0.3937,Estabilizado,Operação Normal
2026-08-22T18:53:11.115751,3099-10,1079,1,JD. DA CONQUISTA,HOSP. SÃO MATEUS,5,15:53,6,10.0,6,20.0,21.64,21.17,0.0,10000,3.6,800,6.05,25.57,37.29,0,6.1,44.85,0.5,1.0,66.67,8,2,0.369,Estabilizado,Operação Normal
2026-08-22T18:53:11.115751,7013-10,33543,2,TERM. VL. SÔNIA,PQ. ARARIBA,5,15:53,4,15.0,4,20.0,21.64,21.17,0.0,10000,3.6,800,3.89,18.99,35.81,0,6.1,29.73,0.5,1.0,62.5,5,1,0.3208,Estabilizado,Operação Normal
2026-08-22T18:53:11.115751,675I-10,68,1,METRÔ SÃO JUDAS,TERM. JOÃO DIAS,5,15:53,2,30.0,2,20.0,21.64,21.17,0.0,10000,3.6,800,1.9,22.95,29.45,0,6.1,15.8,0.5,0.667,75.0,3,1,0.3506,Estabilizado,Operação Normal
2026-08-22T18:53:11.115751,7004-10,34760,2,EST. STO. AMARO/GUIDO CALOI,TERM. JD. JACIRA,5,15:53,8,7.5,8,20.0,21.64,21.17,0.0,10000,3.6,800,2.2,24.47,33.14,0,6.1,17.9,0.5,1.0,56.25,9,1,0.2756,Estabilizado,Operação Normal
2026-08-22T18:53:11.115751,519M-10,34979,2,MUSEU DO IPIRANGA,SÃO MATEUS,5,15:53,2,30.0,2,20.0,21.64,21.17,0.0,10000,3.6,800,3.23,23.52,33.65,0,6.1,25.11,0.5,0.667,75.0,3,1,0.3738,Estabilizado,Operação Normal
2026-08-22T18:53:11.115751,118C-10,33287,2,TERM. AMARAL GURGEL,JD. PERY ALTO,5,15:53,8,7.5,8,20.0,21.64,21.17,0.0,10000,3.6,800,4.04,16.06,32.73,0,6.1,30.78,0.5,1.0,62.5,10,2,0.3235,Estabilizado,Operação Normal
2026-08-22T18:53:11.115751,745M-10,33550,2,SHOP. SP MARKET,CAMPO LIMPO,5,15:53,9,6.7,9,20.0,21.64,21.17,0.0,10000,3.6,800,5.1,18.57,27.72,0,6.1,38.2,0.5,1.0,61.11,11,2,0.3385,Estabilizado,Operação Normal
2026-08-22T18:53:11.115751,2004-10,33660,2,CPTM GUAIANASES,JD. NSA. SRA. DO CAMINHO,5,15:53,4,15.0,4,20.0,21.64,21.17,0.0,10000,3.6,800,3.43,20.9,32.03,1,6.1,51.51,0.5,1.0,75.0,6,2,0.4065,Estabilizado,Operação Normal
2026-08-22T18:53:11.115751,1722-10,864,1,METRÔ TUCURUVI,JD. MARINA,5,15:53,8,7.5,8,20.0,21.64,21.17,0.0,10000,3.6,800,4.03,17.9,30.34,0,6.1,30.71,0.5,1.0,62.5,10,2,0.3233,Estabilizado,Operação Normal
2026-08-22T18:53:11.115751,6030-10,33910,2,TERM. STO. AMARO,UNISA-CAMPUS 1,5,15:53,4,15.0,4,20.0,21.64,21.17,0.0,10000,3.6,800,3.75,20.95,42.1,0,6.1,28.75,0.5,1.0,62.5,5,1,0.3184,Estabilizado,Operação Normal
2026-08-22T18:53:11.115751,3025-10,961,1,CPTM GUAIANASES,SÍTIO CONCEIÇÃO,5,15:53,6,10.0,6,20.0,21.64,21.17,0.0,10000,3.6,800,3.33,20.64,32.99,1,6.1,50.81,0.5,1.0,66.67,8,2,0.384,Estabilizado,Operação Normal
2026-08-22T18:53:11.115751,576C-10,34058,2,TERM. STO. AMARO,METRÔ JABAQUARA,5,15:53,13,4.6,14,20.0,21.64,21.17,0.0,10000,3.6,800,2.88,22.2,34.47,0,6.1,22.66,0.5,1.0,65.38,17,4,0.3104,Estabilizado,Operação Normal
2026-08-22T18:53:11.115751,1743-10,543,1,SHOP. D,JD. PERY ALTO,5,15:53,7,8.6,7,20.0,21.64,21.17,0.0,10000,3.6,800,4.01,18.35,32.53,1,6.1,55.57,0.5,1.0,71.43,10,3,0.4078,Estabilizado,Operação Normal
2026-08-22T18:53:11.115751,576C-10,1290,1,TERM. STO. AMARO,METRÔ JABAQUARA,5,15:53,7,8.6,7,20.0,21.64,21.17,0.0,10000,3.6,800,3.13,19.46,31.6,0,6.1,24.41,0.5,1.0,64.29,9,2,0.312,Estabilizado,Operação Normal
2026-08-22T18:53:11.115751,6072-10,1588,1,TERM. VARGINHA,JD. SÃO NICOLAU,5,15:53,3,20.0,3,20.0,21.64,21.17,0.0,10000,3.6,800,3.0,22.5,45.0,0,6.1,23.5,0.5,1.0,66.67,4,1,0.3157,Estabilizado,Operação Normal
2026-08-22T18:53:11.115751,714C-10,33255,2,PAULISTA,COHAB EDUCANDÁRIO,5,15:53,1,60.0,1,20.0,21.64,21.17,0.0,10000,3.6,800,2.32,20.34,23.43,0,6.1,18.74,0.5,0.333,100.0,2,1,0.4538,Estabilizado,Operação Normal
2026-08-22T18:53:11.115751,3008-10,2515,1,CPTM ITAIM PAULISTA,JD. MIRIAM,5,15:53,1,60.0,1,20.0,21.64,21.17,0.0,10000,3.6,800,2.65,20.48,27.23,0,6.1,21.05,0.5,0.333,100.0,2,1,0.4596,Estabilizado,Operação Normal
2026-08-22T18:53:11.115751,2725-10,939,1,JD. SÃO CARLOS,METRÔ ARTUR ALVIM,5,15:53,4,15.0,4,20.0,21.64,21.17,0.0,10000,3.6,800,2.12,34.23,38.33,0,6.1,17.34,0.5,1.0,62.5,5,1,0.2898,Estabilizado,Operação Normal
2026-08-22T18:53:11.115751,352A-10,164,1,TERM. SÃO MATEUS,JD. HELENA,5,15:53,3,20.0,3,20.0,21.64,21.17,0.0,10000,3.6,800,3.31,19.46,27.81,0,6.1,25.67,0.5,1.0,66.67,4,1,0.3211,Estabilizado,Operação Normal
2026-08-22T18:53:11.115751,4032-10,1102,1,OBJETIVO UNIP,VL. DAS MERCÊS,5,15:53,3,20.0,3,20.0,21.64,21.17,0.0,10000,3.6,800,3.05,24.46,30.39,1,6.1,48.85,0.5,1.0,66.67,4,1,0.379,Estabilizado,Operação Normal
2026-08-22T18:53:11.115751,809D-10,2068,1,TERM. PINHEIROS,COHAB EDUCANDÁRIO,5,15:53,3,20.0,3,20.0,21.64,21.17,0.0,10000,3.6,800,1.46,21.53,26.85,0,6.1,12.72,0.5,1.0,66.67,4,1,0.2887,Estabilizado,Operação Normal
2026-08-22T18:53:11.115751,695H-10,1196,1,TERM. STO. AMARO,JD. HERPLIN,5,15:53,5,12.0,5,20.0,21.64,21.17,0.0,10000,3.6,800,3.44,16.15,26.12,1,6.1,51.58,0.5,1.0,70.0,7,2,0.3942,Estabilizado,Operação Normal
2026-08-22T18:53:11.115751,5029-10,34440,2,TERM. SACOMÃ,JD. PATENTE,5,15:53,2,30.0,2,20.0,21.64,21.17,0.0,10000,3.6,800,3.48,25.4,33.89,0,6.1,26.86,0.5,0.667,75.0,3,1,0.3782,Estabilizado,Operação Normal
2026-08-22T18:53:11.115751,607C-10,1977,1,ITAIM BIBI,JD. MIRIAM,5,15:53,5,12.0,5,20.0,21.64,21.17,0.0,10000,3.6,800,3.49,25.94,37.87,0,6.1,26.93,0.5,1.0,60.0,6,1,0.3076,Estabilizado,Operação Normal
2026-08-22T18:53:11.115751,3754-10,33817,2,METRÔ ITAQUERA,INÁCIO MONTEIRO,5,15:53,6,10.0,6,20.0,21.64,21.17,0.0,10000,3.6,800,3.76,20.59,34.2,1,6.1,53.82,0.5,1.0,66.67,8,2,0.3915,Estabilizado,Operação Normal
2026-08-22T18:53:11.115751,4288-10,33058,2,TERM. PQ. D. PEDRO II,PQ. STA. MADALENA,5,15:53,2,30.0,2,20.0,21.64,21.17,0.0,10000,3.6,800,3.32,20.7,32.92,1,6.1,50.74,0.5,0.667,75.0,3,1,0.4379,Estabilizado,Operação Normal
2026-08-22T18:53:11.115751,407R-10,2201,1,METRÔ BELÉM,TERM. VL. CARRÃO,5,15:53,3,20.0,3,20.0,21.64,21.17,0.0,10000,3.6,800,5.51,20.18,33.42,1,6.1,66.07,0.5,1.0,83.33,5,2,0.4637,Estabilizado,Operação Normal
2026-08-22T18:53:11.115751,719P-10,34140,2,TERM. PRINC. ISABEL,TERM. PINHEIROS,5,15:53,4,15.0,4,20.0,21.64,21.17,0.0,10000,3.6,800,5.97,13.74,25.53,0,6.1,44.29,0.5,1.0,75.0,6,2,0.3885,Estabilizado,Operação Normal
2026-08-22T18:53:11.115751,209P-1,35069,2,TERM. PINHEIROS,CACHOEIRINHA,5,15:53,3,20.0,3,20.0,21.64,21.17,0.0,10000,3.6,800,4.86,14.46,26.62,1,6.1,61.52,0.5,1.0,83.33,5,2,0.4524,Estabilizado,Operação Normal
2026-08-22T18:53:11.115751,1771-10,33402,2,METRÔ SANTANA,JD. FONTÁLIS,5,15:53,4,15.0,4,20.0,21.64,21.17,0.0,10000,3.6,800,2.79,18.71,23.03,1,6.1,47.03,0.5,1.0,75.0,6,2,0.3953,Estabilizado,Operação Normal
2026-08-22T18:53:11.115751,6044-10,33989,2,TERM. STO. AMARO,JD. D. JOSÉ,5,15:53,4,15.0,4,20.0,21.64,21.17,0.0,10000,3.6,800,5.11,16.65,27.88,1,6.1,63.27,0.5,1.0,75.0,6,2,0.4359,Estabilizado,Operação Normal
2026-08-22T18:53:11.115751,4085-10,2156,1,METRÔ ITAQUERA,COHAB FAZENDA DO CARMO,5,15:53,4,15.0,4,20.0,21.64,21.17,0.0,10000,3.6,800,3.84,23.67,33.37,1,6.1,54.38,0.5,1.0,75.0,6,2,0.4137,Estabilizado,Operação Normal
2026-08-22T18:53:11.115751,2290-10,718,1,TERM. PQ. D. PEDRO II,TERM. SÃO MATEUS,5,15:53,14,4.3,15,20.0,21.64,21.17,0.0,10000,3.6,800,3.68,17.47,30.83,1,6.1,53.26,0.5,1.0,71.43,20,6,0.402,Estabilizado,Operação Normal
2026-08-22T18:53:11.115751,253F-10,32926,2,TERM. SÃO MATEUS,TERM. A. E. CARVALHO,5,15:53,7,8.6,7,20.0,21.64,21.17,0.0,10000,3.6,800,3.62,15.75,30.14,0,6.1,27.84,0.5,1.0,64.29,9,2,0.3206,Estabilizado,Operação Normal
2026-08-22T18:53:11.115751,8549-10,580,1,PÇA. DO CORREIO,TAIPAS,5,15:53,5,12.0,5,20.0,21.64,21.17,0.0,10000,3.6,800,3.68,13.99,30.65,1,6.1,53.26,0.5,1.0,70.0,7,2,0.3984,Estabilizado,Operação Normal
2026-08-22T18:53:11.115751,3069-10,33752,2,TERM. SÃO MATEUS,JD. RECANTO VERDE SOL,5,15:53,4,15.0,4,20.0,21.64,21.17,0.0,10000,3.6,800,2.88,30.89,31.21,0,6.1,22.66,0.5,1.0,62.5,5,1,0.3032,Estabilizado,Operação Normal
2026-08-22T18:53:11.115751,178A-10,33326,2,LAPA,METRÔ SANTANA,5,15:53,2,30.0,2,20.0,21.64,21.17,0.0,10000,3.6,800,6.0,12.85,27.1,1,6.1,69.5,0.5,0.667,75.0,3,1,0.4848,Estabilizado,Operação Normal
2026-08-22T18:53:11.115751,174M-10,673,1,MUSEU DO IPIRANGA,VL. SABRINA,5,15:53,5,12.0,5,20.0,21.64,21.17,0.0,10000,3.6,800,3.42,18.04,31.77,1,6.1,51.44,0.5,1.0,70.0,7,2,0.3938,Estabilizado,Operação Normal
2026-08-22T18:53:11.115751,5317-10,32837,2,PÇA. DO CORREIO,SESC/ORION,5,15:53,4,15.0,4,20.0,21.64,21.17,0.0,10000,3.6,800,4.01,12.48,30.02,0,6.1,30.57,0.5,1.0,62.5,5,1,0.3229,Estabilizado,Operação Normal
2026-08-22T18:53:11.115751,273G-10,32991,2,METRÔ ARTUR ALVIM,JD. HELENA,5,15:53,5,12.0,5,20.0,21.64,21.17,0.0,10000,3.6,800,2.96,19.21,29.1,1,6.1,48.22,0.5,1.0,70.0,7,2,0.3858,Estabilizado,Operação Normal
2026-08-22T18:53:11.115751,6027-10,32858,2,TERM. STO. AMARO,JD. GRAUNA,5,15:53,5,12.0,5,20.0,21.64,21.17,0.0,10000,3.6,800,3.55,20.89,30.82,0,6.1,27.35,0.5,1.0,60.0,6,1,0.3086,Estabilizado,Operação Normal
2026-08-22T18:53:11.115751,675K-10,198,1,METRÔ STA. CRUZ,TERM. JD. ÂNGELA,5,15:53,14,4.3,15,20.0,21.64,21.17,0.0,10000,3.6,800,2.5,24.51,32.06,0,6.1,20.0,0.5,1.0,60.71,17,3,0.292,Estabilizado,Operação Normal
2026-08-22T18:53:11.115751,807M-10,34684,2,SHOP. MORUMBI,TERM. CAMPO LIMPO,5,15:53,8,7.5,8,20.0,21.64,21.17,0.0,10000,3.6,800,3.1,20.29,32.17,0,6.1,24.2,0.5,1.0,62.5,10,2,0.307,Estabilizado,Operação Normal
2026-08-22T18:53:11.115751,4052-10,2145,1,METRÔ ITAQUERA,CPTM GUAIANASES,5,15:53,5,12.0,5,20.0,21.64,21.17,0.0,10000,3.6,800,4.8,16.2,29.57,1,6.1,61.1,0.5,1.0,70.0,7,2,0.418,Estabilizado,Operação Normal
2026-08-22T18:53:11.115751,9501-10,462,1,LGO. DO PAISSANDU,TERM. CACHOEIRINHA,5,15:53,2,30.0,2,20.0,21.64,21.17,0.0,10000,3.6,800,4.78,20.28,35.2,0,6.1,35.96,0.5,0.667,75.0,3,1,0.401,Estabilizado,Operação Normal
2026-08-22T18:53:11.115751,4111-10,320,1,PÇA. DA REPÚBLICA,VL. MONUMENTO,5,15:53,2,30.0,2,20.0,21.64,21.17,0.0,10000,3.6,800,4.29,13.01,32.7,1,6.1,57.53,0.5,0.667,75.0,3,1,0.4549,Estabilizado,Operação Normal
2026-08-22T18:53:11.115751,8062-10,33188,2,LAPA,PQ. SÃO DOMINGOS,5,15:53,1,60.0,1,20.0,21.64,21.17,0.0,10000,3.6,800,1.93,39.92,45.98,0,6.1,16.01,0.5,0.333,100.0,2,1,0.447,Estabilizado,Operação Normal
2026-08-22T18:53:11.115751,172Y-10,862,1,METRÔ BELÉM,VL. CONSTANÇA,5,15:53,3,20.0,3,20.0,21.64,21.17,0.0,10000,3.6,800,2.04,27.95,30.76,0,6.1,16.78,0.5,1.0,66.67,4,1,0.2989,Estabilizado,Operação Normal
2026-08-22T18:53:11.115751,6049-10,1309,1,STO. AMARO,VALO VELHO,5,15:53,4,15.0,4,20.0,21.64,21.17,0.0,10000,3.6,800,4.37,16.13,27.56,0,6.1,33.09,0.5,1.0,62.5,5,1,0.3292,Estabilizado,Operação Normal
2026-08-22T18:53:11.115751,775P-10,33275,2,METRÔ ANA ROSA,JD. GUARAÚ,5,15:53,2,30.0,2,20.0,21.64,21.17,0.0,10000,3.6,800,2.76,27.99,31.44,1,6.1,46.82,0.5,0.667,75.0,3,1,0.4281,Estabilizado,Operação Normal
2026-08-22T18:53:11.115751,271A-51,703,1,METRÔ SANTANA,CANGAÍBA,5,15:53,3,20.0,3,20.0,21.64,21.17,0.0,10000,3.6,800,2.63,22.55,26.51,0,6.1,20.91,0.5,1.0,66.67,4,1,0.3092,Estabilizado,Operação Normal
2026-08-22T18:53:11.115751,1705-10,849,1,METRÔ TUCURUVI,JD. SÃO JOÃO,5,15:53,9,6.7,9,20.0,21.64,21.17,0.0,10000,3.6,800,4.09,15.4,28.88,0,6.1,31.13,0.5,1.0,61.11,11,2,0.3208,Estabilizado,Operação Normal
2026-08-22T18:53:11.115751,6036-10,33982,2,TERM. CAPELINHA,JD. MACEDÔNIA,5,15:53,6,10.0,6,20.0,21.64,21.17,0.0,10000,3.6,800,6.05,13.8,32.33,0,6.1,44.85,0.5,1.0,66.67,8,2,0.369,Estabilizado,Operação Normal
2026-08-22T18:53:11.115751,6035-21,34563,2,TERM. GUARAPIRANGA,VL. GILDA,5,15:53,4,15.0,4,20.0,21.64,21.17,0.0,10000,3.6,800,3.98,18.76,28.6,0,6.1,30.36,0.5,1.0,62.5,5,1,0.3224,Estabilizado,Operação Normal
2026-08-22T18:53:11.115751,2755-10,33001,2,METRÔ PENHA,GUAIANASES,5,15:53,3,20.0,3,20.0,21.64,21.17,0.0,10000,3.6,800,4.51,23.49,36.23,0,6.1,34.07,0.5,1.0,66.67,4,1,0.3421,Estabilizado,Operação Normal
2026-08-22T18:53:11.115751,4007-10,2181,1,TERM. VL. CARRÃO,COHAB JUSCELINO,5,15:53,5,12.0,5,20.0,21.64,21.17,0.0,10000,3.6,800,2.61,25.27,33.96,0,6.1,20.77,0.5,1.0,60.0,6,1,0.2922,Estabilizado,Operação Normal
2026-08-22T18:53:11.115751,407H-10,2197,1,METRÔ ITAQUERA,JD. SÃO FRANCISCO,5,15:53,6,10.0,6,20.0,21.64,21.17,0.0,10000,3.6,800,4.79,20.25,30.6,1,6.1,61.03,0.5,1.0,75.0,9,3,0.4303,Estabilizado,Operação Normal
2026-08-22T18:53:11.115751,8600-10,34200,2,LGO. DO PAISSANDÚ,TERM. PIRITUBA,5,15:53,2,30.0,2,20.0,21.64,21.17,0.0,10000,3.6,800,3.09,22.29,33.7,0,6.1,24.13,0.5,0.667,75.0,3,1,0.3714,Estabilizado,Operação Normal
2026-08-22T18:53:11.115751,5611-10,598,1,PÇA. JOÃO MENDES,ELDORADO,5,15:53,6,10.0,6,20.0,21.64,21.17,0.0,10000,3.6,800,3.34,21.44,34.36,1,6.1,50.88,0.5,1.0,66.67,8,2,0.3841,Estabilizado,Operação Normal
2026-08-22T18:53:11.115751,746V-10,33560,2,HOSP. CAMPO LIMPO,JD. REBOUÇAS,5,15:53,5,12.0,5,20.0,21.64,21.17,0.0,10000,3.6,800,6.06,15.66,30.13,0,6.1,44.92,0.5,1.0,70.0,7,2,0.3775,Estabilizado,Operação Normal
2026-08-22T18:53:11.115751,6475-10,1317,1,TERM. BANDEIRA,JD. VAZ DE LIMA,5,15:53,3,20.0,3,20.0,21.64,21.17,0.0,10000,3.6,800,3.23,20.69,33.18,1,6.1,50.11,0.5,1.0,66.67,4,1,0.3822,Estabilizado,Operação Normal
2026-08-22T18:53:11.115751,477U-10,306,1,METRÔ VL. MARIANA,HELIÓPOLIS,5,15:53,2,30.0,2,20.0,21.64,21.17,0.0,10000,3.6,800,2.59,22.49,32.82,0,6.1,20.63,0.5,0.667,75.0,3,1,0.3626,Estabilizado,Operação Normal
2026-08-22T18:53:11.115751,7062-31,34682,2,TERM. CAMPO LIMPO,INOCOOP CAMPO LIMPO,5,15:53,2,30.0,2,20.0,21.64,21.17,0.0,10000,3.6,800,3.48,16.08,28.95,0,6.1,26.86,0.5,0.667,75.0,3,1,0.3782,Estabilizado,Operação Normal
2026-08-22T18:53:11.115751,574W-10,34397,2,METRÔ BELÉM,JD. WALKIRIA,5,15:53,6,10.0,6,20.0,21.64,21.17,0.0,10000,3.6,800,2.7,20.9,29.56,1,6.1,46.4,0.5,1.0,66.67,8,2,0.3729,Estabilizado,Operação Normal
2026-08-22T18:53:11.115751,8548-10,578,1,TERM. LAPA,PARADA DE TAIPAS,5,15:53,2,30.0,2,20.0,21.64,21.17,0.0,10000,3.6,800,2.43,25.13,31.78,0,6.1,19.51,0.5,0.667,75.0,3,1,0.3598,Estabilizado,Operação Normal
2026-08-22T18:53:11.115751,874C-10,477,1,METRÔ - TRIANON - MASP ,PQ. CONTINENTAL,5,15:53,4,15.0,4,20.0,21.64,21.17,0.0,10000,3.6,800,4.2,15.73,28.13,0,6.1,31.9,0.5,1.0,62.5,5,1,0.3262,Estabilizado,Operação Normal
2026-08-22T18:53:11.115751,875C-1,35278,2,METRÔ STA. CRUZ,TERM. LAPA,5,15:53,3,20.0,3,20.0,21.64,21.17,0.0,10000,3.6,800,2.97,22.67,31.09,0,6.1,23.29,0.5,1.0,66.67,4,1,0.3152,Estabilizado,Operação Normal
2026-08-22T18:53:11.115751,3099-10,33847,2,JD. DA CONQUISTA,HOSP. SÃO MATEUS,5,15:53,5,12.0,5,20.0,21.64,21.17,0.0,10000,3.6,800,4.08,19.12,27.9,0,6.1,31.06,0.5,1.0,60.0,6,1,0.3179,Estabilizado,Operação Normal
2026-08-22T18:53:11.115751,403A-10,34960,2,TERM. PENHA,CPTM JOSÉ BONIFÁCIO,5,15:53,5,12.0,5,20.0,21.64,21.17,0.0,10000,3.6,800,3.1,15.4,29.6,1,6.1,49.2,0.5,1.0,70.0,7,2,0.3882,Estabilizado,Operação Normal
2026-08-22T18:53:11.115751,5318-10,45,1,PÇA. DA SÉ,CHÁC. SANTANA,5,15:53,4,15.0,4,20.0,21.64,21.17,0.0,10000,3.6,800,2.97,18.7,24.66,1,6.1,48.29,0.5,1.0,75.0,6,2,0.3985,Estabilizado,Operação Normal
2026-08-22T18:53:11.115751,407P-10,2200,1,METRÔ TATUAPÉ,TERM. CID. TIRADENTES,5,15:53,6,10.0,6,20.0,21.64,21.17,0.0,10000,3.6,800,3.43,23.07,33.9,1,6.1,51.51,0.5,1.0,66.67,8,2,0.3857,Estabilizado,Operação Normal
2026-08-22T18:53:11.115751,2723-10,33705,2,METRÔ ITAQUERA,UNIÃO DE VL. NOVA,5,15:53,5,12.0,5,20.0,21.64,21.17,0.0,10000,3.6,800,2.97,36.23,44.82,1,6.1,48.29,0.5,1.0,70.0,7,2,0.386,Estabilizado,Operação Normal
2026-08-22T18:53:11.115751,1745-10,33314,2,SHOP. CENTER NORTE,VL.NOVA CACHOEIRINHA,5,15:53,4,15.0,4,20.0,21.64,21.17,0.0,10000,3.6,800,3.51,17.71,29.14,1,6.1,52.07,0.5,1.0,75.0,6,2,0.4079,Estabilizado,Operação Normal
2026-08-22T18:53:11.115751,9191-10,33578,2,BOM RETIRO,JD. ELISA MARIA,5,15:53,11,5.5,12,20.0,21.64,21.17,0.0,10000,3.6,800,3.91,17.53,30.42,1,6.1,54.87,0.5,1.0,72.73,16,5,0.4093,Estabilizado,Operação Normal
2026-08-22T18:53:11.115751,5145-10,1641,1,PÇA. ALMEIDA JR.,TERM. SAPOPEMBA,5,15:53,2,30.0,2,20.0,21.64,21.17,0.0,10000,3.6,800,2.21,20.58,28.61,0,6.1,17.97,0.5,0.667,75.0,3,1,0.356,Estabilizado,Operação Normal
2026-08-22T18:53:11.115751,857R-10,1892,1,ACLIMAÇÃO,TERM. CAMPO LIMPO,5,15:53,3,20.0,3,20.0,21.64,21.17,0.0,10000,3.6,800,3.08,20.5,34.76,1,6.1,49.06,0.5,1.0,66.67,4,1,0.3796,Estabilizado,Operação Normal
2026-08-22T18:53:11.115751,917M-10,1366,1,METRÔ ANA ROSA,MORRO GRANDE,5,15:53,5,12.0,5,20.0,21.64,21.17,0.0,10000,3.6,800,3.52,18.45,27.65,1,6.1,52.14,0.5,1.0,70.0,7,2,0.3956,Estabilizado,Operação Normal
2026-08-22T18:53:11.115751,374V-10,34415,2,METRÔ ITAQUERA,JD. SANTANA,5,15:53,4,15.0,4,20.0,21.64,21.17,0.0,10000,3.6,800,2.61,40.06,43.25,1,6.1,45.77,0.5,1.0,75.0,6,2,0.3922,Estabilizado,Operação Normal
2026-08-22T18:53:11.115751,2714-10,33695,2,VL. RUI BARBOSA,METRÔ VL. MATILDE,5,15:53,2,30.0,2,20.0,21.64,21.17,0.0,10000,3.6,800,2.2,24.17,29.27,0,6.1,17.9,0.5,0.667,75.0,3,1,0.3558,Estabilizado,Operação Normal
2026-08-22T18:53:11.115751,6L01-10,33939,2,TERM. VARGINHA,MARSILAC,5,15:53,8,7.5,8,20.0,21.64,21.17,0.0,10000,3.6,800,3.14,20.81,35.75,0,6.1,24.48,0.5,1.0,62.5,10,2,0.3077,Estabilizado,Operação Normal
2026-08-22T18:53:11.115751,2715-10,928,1,METRÔ PATRIARCA,VL. SÍLVIA,5,15:53,3,20.0,3,20.0,21.64,21.17,0.0,10000,3.6,800,2.51,27.52,35.29,0,6.1,20.07,0.5,1.0,66.67,4,1,0.3071,Estabilizado,Operação Normal
2026-08-22T18:53:11.115751,6063-41,1773,1,TERM. EST. VARGINHA,JD. NOVO MARILDA,5,15:53,6,10.0,6,20.0,21.64,21.17,0.0,10000,3.6,800,3.06,19.97,29.51,0,6.1,23.92,0.5,1.0,58.33,7,1,0.2959,Estabilizado,Operação Normal
2026-08-22T18:53:11.115751,1788-10,33421,2,METRÔ SANTANA,JD. FONTÁLIS,5,15:53,6,10.0,6,20.0,21.64,21.17,0.0,10000,3.6,800,4.04,17.18,30.51,1,6.1,55.78,0.5,1.0,66.67,8,2,0.3964,Estabilizado,Operação Normal
2026-08-22T18:53:11.115751,199D-10,2135,1,TERM. PINHEIROS,CONEXÃO VL. IÓRIO,5,15:53,3,20.0,3,20.0,21.64,21.17,0.0,10000,3.6,800,3.64,22.6,40.15,0,6.1,27.98,0.5,1.0,66.67,4,1,0.3269,Estabilizado,Operação Normal
2026-08-22T18:53:11.115751,573T-10,1632,1,METRÔ CARRÃO,TERM. SAPOPEMBA,5,15:53,6,10.0,6,20.0,21.64,21.17,0.0,10000,3.6,800,3.16,24.95,36.65,1,6.1,49.62,0.5,1.0,66.67,8,2,0.381,Estabilizado,Operação Normal
2026-08-22T18:53:11.115751,2080-10,33139,2,TERM. ARICANDUVA,CID. KEMEL,5,15:53,6,10.0,6,20.0,21.64,21.17,0.0,10000,3.6,800,2.98,16.83,29.32,1,6.1,48.36,0.5,1.0,66.67,8,2,0.3778,Estabilizado,Operação Normal
2026-08-22T18:53:11.115751,2678-10,383,1,TERM. PQ. D. PEDRO II,OLIVEIRINHA,5,15:53,7,8.6,7,20.0,21.64,21.17,0.0,10000,3.6,800,3.39,19.86,23.33,1,6.1,51.23,0.5,1.0,71.43,10,3,0.3969,Estabilizado,Operação Normal
2026-08-22T18:53:11.115751,407G-10,34964,2,METRÔ CARRÃO,JD. NOVA VITÓRIA,5,15:53,8,7.5,8,20.0,21.64,21.17,0.0,10000,3.6,800,3.45,23.42,35.88,0,6.1,26.65,0.5,1.0,62.5,10,2,0.3131,Estabilizado,Operação Normal
2026-08-22T18:53:11.115751,2007-10,33664,2,CPTM ITAIM PAULISTA,CID. KEMEL II,5,15:53,6,10.0,6,20.0,21.64,21.17,0.0,10000,3.6,800,2.32,18.12,21.92,0,6.1,18.74,0.5,1.0,58.33,7,1,0.2829,Estabilizado,Operação Normal
2026-08-22T18:53:11.115751,7050-10,34652,2,TERM. CAMPO LIMPO,JD. DAS ROSAS,5,15:53,5,12.0,5,20.0,21.64,21.17,0.0,10000,3.6,800,6.64,16.36,28.8,1,6.1,73.98,0.5,1.0,80.0,8,3,0.4752,Estabilizado,Operação Normal
2026-08-22T18:53:11.115751,4726-10,34448,2,METRÔ TATUAPÉ,MOOCA,5,15:53,3,20.0,3,20.0,21.64,21.17,0.0,10000,3.6,800,2.83,23.29,30.48,0,6.1,22.31,0.5,1.0,66.67,4,1,0.3127,Estabilizado,Operação Normal
2026-08-22T18:53:11.115751,6L02-10,1178,1,TERM. PARELHEIROS,JD. EUCALIPTOS,5,15:53,1,60.0,1,20.0,21.64,21.17,0.0,10000,3.6,800,3.0,22.5,45.0,0,6.1,23.5,0.5,0.333,100.0,2,1,0.4657,Estabilizado,Operação Normal
2026-08-22T18:53:11.115751,2727-10,33710,2,CONJ. A. E. CARVALHO,METRÔ ARTUR ALVIM,5,15:53,4,15.0,4,20.0,21.64,21.17,0.0,10000,3.6,800,2.22,31.29,36.0,0,6.1,18.04,0.5,1.0,62.5,5,1,0.2916,Estabilizado,Operação Normal
2026-08-22T18:53:11.115751,6091-10,33943,2,TERM. STO. AMARO,VARGEM GRANDE,5,15:53,7,8.6,7,20.0,21.64,21.17,0.0,10000,3.6,800,2.28,17.45,26.78,0,6.1,18.46,0.5,1.0,57.14,8,1,0.2792,Estabilizado,Operação Normal
2026-08-22T18:53:11.115751,3761-10,33819,2,METRÔ CARRÃO,3A. DIVISÃO,5,15:53,4,15.0,4,20.0,21.64,21.17,0.0,10000,3.6,800,3.46,23.53,35.44,1,6.1,51.72,0.5,1.0,75.0,6,2,0.4071,Estabilizado,Operação Normal
2026-08-22T18:53:11.115751,311C-10,33077,2,BOM RETIRO,PQ. SÃO LUCAS,5,15:53,4,15.0,4,20.0,21.64,21.17,0.0,10000,3.6,800,3.99,18.99,31.2,1,6.1,55.43,0.5,1.0,75.0,6,2,0.4163,Estabilizado,Operação Normal
2026-08-22T18:53:11.115751,5127-10,1127,1,EST. JURUBATUBA,VL. GUACURI,5,15:53,6,10.0,6,20.0,21.64,21.17,0.0,10000,3.6,800,4.25,17.14,29.21,0,6.1,32.25,0.5,1.0,66.67,8,2,0.3376,Estabilizado,Operação Normal
2026-08-22T18:53:11.115751,1034-10,35220,2,CONEXÃO VL. IÓRIO,VL. IARA,5,15:53,3,20.0,3,20.0,21.64,21.17,0.0,10000,3.6,800,2.5,21.91,26.92,0,6.1,20.0,0.5,1.0,66.67,4,1,0.3069,Estabilizado,Operação Normal
2026-08-22T18:53:11.115751,4708-10,332,1,METRÔ VL. MARIANA,JD. CLÍMAX,5,15:53,1,60.0,1,20.0,21.64,21.17,0.0,10000,3.6,800,3.57,15.49,27.63,0,6.1,27.49,0.5,0.333,100.0,2,1,0.4757,Estabilizado,Operação Normal
2026-08-22T18:53:11.115751,8015-10,1345,1,TERM. PIRITUBA,CEM. DE PERUS,5,15:53,4,15.0,4,20.0,21.64,21.17,0.0,10000,3.6,800,4.56,20.78,34.2,0,6.1,34.42,0.5,1.0,62.5,5,1,0.3326,Estabilizado,Operação Normal
2026-08-22T18:53:11.115751,7282-10,33239,2,PÇA. RAMOS DE AZEVEDO,PQ. CONTINENTAL,5,15:53,2,30.0,2,20.0,21.64,21.17,0.0,10000,3.6,800,2.79,23.82,32.58,0,6.1,22.03,0.5,0.667,75.0,3,1,0.3661,Estabilizado,Operação Normal
2026-08-22T18:53:11.115751,2059-10,260,1,CPTM GUAIANASES,SÃO MIGUEL,5,15:53,4,15.0,4,20.0,21.64,21.17,0.0,10000,3.6,800,3.5,20.66,33.69,1,6.1,52.0,0.5,1.0,75.0,6,2,0.4078,Estabilizado,Operação Normal
2026-08-22T18:53:11.115751,2711-10,925,1,METRÔ PATRIARCA,PONTE RASA,5,15:53,2,30.0,2,20.0,21.64,21.17,0.0,10000,3.6,800,2.06,23.44,30.5,0,6.1,16.92,0.5,0.667,75.0,3,1,0.3534,Estabilizado,Operação Normal
2026-08-22T18:53:11.115751,8047-41,410,1,METRÔ VL. MADALENA,JARAGUÁ,5,15:53,2,30.0,2,20.0,21.64,21.17,0.0,10000,3.6,800,4.88,20.06,34.48,0,6.1,36.66,0.5,0.667,75.0,3,1,0.4027,Estabilizado,Operação Normal
2026-08-22T18:53:11.115751,546J-31,2015,1,STO. AMARO,JD. SELMA,5,15:53,5,12.0,5,20.0,21.64,21.17,0.0,10000,3.6,800,3.43,19.62,29.72,1,6.1,51.51,0.5,1.0,70.0,7,2,0.394,Estabilizado,Operação Normal
2026-08-22T18:53:11.115751,4036-10,2561,1,TERM. VL. CARRÃO,METRÔ ITAQUERA,5,15:53,1,60.0,1,20.0,21.64,21.17,0.0,10000,3.6,800,3.87,22.98,38.07,0,6.1,29.59,0.5,0.333,100.0,2,1,0.4809,Estabilizado,Operação Normal
2026-08-22T18:53:11.115751,971R-10,33382,2,METRÔ SANTANA,CPTM JARAGUÁ,5,15:53,12,5.0,13,20.0,21.64,21.17,0.0,10000,3.6,800,3.79,19.63,29.47,1,6.1,54.03,0.5,1.0,70.83,17,5,0.4024,Estabilizado,Operação Normal
2026-08-22T18:53:11.115751,8549-10,33348,2,PÇA. DO CORREIO,TAIPAS,5,15:53,3,20.0,3,20.0,21.64,21.17,0.0,10000,3.6,800,6.62,12.84,33.72,0,6.1,48.84,0.5,1.0,66.67,4,1,0.379,Estabilizado,Operação Normal
2026-08-22T18:53:11.115751,8705-10,2072,1,ANHANGABAÚ,SHOP. CONTINENTAL,5,15:53,5,12.0,5,20.0,21.64,21.17,0.0,10000,3.6,800,2.12,27.16,33.38,1,6.1,42.34,0.5,1.0,70.0,7,2,0.3711,Estabilizado,Operação Normal
2026-08-22T18:53:11.115751,9020-10,1434,1,TERM. PIRITUBA,VL. MIRANTE,5,15:53,2,30.0,2,20.0,21.64,21.17,0.0,10000,3.6,800,1.84,31.6,38.6,0,6.1,15.38,0.5,0.667,75.0,3,1,0.3495,Estabilizado,Operação Normal
2026-08-22T18:53:11.115751,6063-43,2480,1,TERM. EST. VARGINHA,VL. DA PAZ,5,15:53,1,60.0,1,20.0,21.64,21.17,0.0,10000,3.6,800,3.06,19.79,29.5,0,6.1,23.92,0.5,0.333,100.0,2,1,0.4668,Estabilizado,Operação Normal
2026-08-22T18:53:11.115751,3787-10,1612,1,METRÔ ITAQUERA,CID. TIRADENTES,5,15:53,7,8.6,7,20.0,21.64,21.17,0.0,10000,3.6,800,3.38,28.53,40.63,0,6.1,26.16,0.5,1.0,64.29,9,2,0.3164,Estabilizado,Operação Normal
2026-08-22T18:53:11.115751,6007-10,176,1,TERM. STO. AMARO,TERM. CAPELINHA,5,15:53,4,15.0,4,20.0,21.64,21.17,0.0,10000,3.6,800,3.19,18.93,28.32,0,6.1,24.83,0.5,1.0,62.5,5,1,0.3086,Estabilizado,Operação Normal
2026-08-22T18:53:11.115751,1741-10,539,1,METRÔ SANTANA,VL. DIONISIA,5,15:53,2,30.0,2,20.0,21.64,21.17,0.0,10000,3.6,800,3.63,19.12,29.79,0,6.1,27.91,0.5,0.667,75.0,3,1,0.3808,Estabilizado,Operação Normal
2026-08-22T18:53:11.115751,4115-10,322,1,PÇA. DA REPÚBLICA,SHOP. PLAZA SUL,5,15:53,1,60.0,1,20.0,21.64,21.17,0.0,10000,3.6,800,2.62,22.09,30.89,0,6.1,20.84,0.5,0.333,100.0,2,1,0.459,Estabilizado,Operação Normal
2026-08-22T18:53:11.115751,577T-10,34059,2,METRÔ ANA ROSA,JD. MIRIAM,5,15:53,6,10.0,6,20.0,21.64,21.17,0.0,10000,3.6,800,4.81,17.62,30.45,1,6.1,61.17,0.5,1.0,75.0,9,3,0.4307,Estabilizado,Operação Normal
2026-08-22T18:53:11.115751,5022-10,33888,2,JABAQUARA,VL. STA. MARGARIDA,5,15:53,2,30.0,2,20.0,21.64,21.17,0.0,10000,3.6,800,2.97,22.91,24.62,0,6.1,23.29,0.5,0.667,75.0,3,1,0.3693,Estabilizado,Operação Normal
2026-08-22T18:53:11.115751,2590-10,33680,2,PQ. D. PEDRO II,UNIÃO DE VL. NOVA,5,15:53,4,15.0,4,20.0,21.64,21.17,0.0,10000,3.6,800,2.75,17.6,27.33,0,6.1,21.75,0.5,1.0,62.5,5,1,0.3009,Estabilizado,Operação Normal
2026-08-22T18:53:11.115751,9004-10,871,1,TERM. CACHOEIRINHA,JD. ELISA MARIA,5,15:53,12,5.0,13,20.0,21.64,21.17,0.0,10000,3.6,800,3.05,17.96,24.85,0,6.1,23.85,0.5,1.0,62.5,15,3,0.3061,Estabilizado,Operação Normal
2026-08-22T18:53:11.115751,8545-10,34132,2,METRÔ BARRA FUNDA,PENTEADO,5,15:53,2,30.0,2,20.0,21.64,21.17,0.0,10000,3.6,800,6.73,16.8,35.24,1,6.1,74.61,0.5,0.667,75.0,3,1,0.4976,Estabilizado,Operação Normal
2026-08-22T18:53:11.115751,971C-10,33339,2,METRÔ SANTANA,COHAB BRASILÂNDIA,5,15:53,4,15.0,4,20.0,21.64,21.17,0.0,10000,3.6,800,4.0,14.43,26.03,0,6.1,30.5,0.5,1.0,62.5,5,1,0.3227,Estabilizado,Operação Normal
2026-08-22T18:53:11.115751,1782-10,33411,2,METRÔ SANTANA,VL. NOVA GALVÃO,5,15:53,4,15.0,4,20.0,21.64,21.17,0.0,10000,3.6,800,4.93,15.14,28.91,1,6.1,62.01,0.5,1.0,75.0,6,2,0.4328,Estabilizado,Operação Normal
2026-08-22T18:53:11.115751,6035-10,33981,2,STO. AMARO,VL. GILDA,5,15:53,5,12.0,5,20.0,21.64,21.17,0.0,10000,3.6,800,2.97,21.13,33.34,0,6.1,23.29,0.5,1.0,60.0,6,1,0.2985,Estabilizado,Operação Normal
2026-08-22T18:53:11.115751,1786-10,649,1,METRÔ SANTANA,VL. ALBERTINA,5,15:53,2,30.0,2,20.0,21.64,21.17,0.0,10000,3.6,800,3.04,22.97,28.55,1,6.1,48.78,0.5,0.667,75.0,3,1,0.433,Estabilizado,Operação Normal
2026-08-22T18:53:11.115751,273J-10,389,1,METRÔ PENHA,JD. ROMANO,5,15:53,3,20.0,3,20.0,21.64,21.17,0.0,10000,3.6,800,2.13,28.61,36.56,0,6.1,17.41,0.5,1.0,66.67,4,1,0.3004,Estabilizado,Operação Normal
2026-08-22T18:53:11.115751,675K-10,32966,2,METRÔ STA. CRUZ,TERM. JD. ÂNGELA,5,15:53,9,6.7,9,20.0,21.64,21.17,0.0,10000,3.6,800,2.49,20.85,29.78,0,6.1,19.93,0.5,1.0,61.11,11,2,0.2928,Estabilizado,Operação Normal
2026-08-22T18:53:11.115751,5194-21,34863,2,AEROPORTO,JD. APURÁ,5,15:53,3,20.0,3,20.0,21.64,21.17,0.0,10000,3.6,800,4.62,18.27,30.71,0,6.1,34.84,0.5,1.0,66.67,4,1,0.344,Estabilizado,Operação Normal
2026-08-22T18:53:11.115751,3735-10,1035,1,JD. SÃO JOÃO ,METRÔ ARTUR ALVIM,5,15:53,4,15.0,4,20.0,21.64,21.17,0.0,10000,3.6,800,2.87,28.92,35.7,0,6.1,22.59,0.5,1.0,62.5,5,1,0.303,Estabilizado,Operação Normal
2026-08-22T18:53:11.115751,677V-10,112,1,TERM. GRAJAÚ,JD. ALPINO,5,15:53,2,30.0,2,20.0,21.64,21.17,0.0,10000,3.6,800,6.44,15.16,34.18,0,6.1,47.58,0.5,0.667,75.0,3,1,0.43,Estabilizado,Operação Normal
2026-08-22T18:53:11.115751,4027-10,33865,2,JD. STO. ANDRÉ,HOSP. SÃO MATEUS,5,15:53,5,12.0,5,20.0,21.64,21.17,0.0,10000,3.6,800,2.25,22.27,26.85,0,6.1,18.25,0.5,1.0,60.0,6,1,0.2859,Estabilizado,Operação Normal
2026-08-22T18:53:11.115751,3743-10,33811,2,METRÔ ITAQUERA,SÃO MATEUS,5,15:53,5,12.0,5,20.0,21.64,21.17,0.0,10000,3.6,800,7.22,11.1,21.73,0,6.1,53.04,0.5,1.0,70.0,7,2,0.3978,Estabilizado,Operação Normal
2026-08-22T18:53:11.115751,857C-10,34669,2,METRÔ CONCEIÇÃO,TERM. CAMPO LIMPO,5,15:53,4,15.0,4,20.0,21.64,21.17,0.0,10000,3.6,800,2.58,20.78,34.07,1,6.1,45.56,0.5,1.0,75.0,6,2,0.3916,Estabilizado,Operação Normal
2026-08-22T18:53:11.115751,476A-10,304,1,TERM. STO. AMARO,IPIRANGA,5,15:53,3,20.0,3,20.0,21.64,21.17,0.0,10000,3.6,800,3.17,20.53,35.22,0,6.1,24.69,0.5,1.0,66.67,4,1,0.3186,Estabilizado,Operação Normal
2026-08-22T18:53:11.115751,675L-10,1478,1,METRÔ STA. CRUZ,TERM. STO. AMARO,5,15:53,3,20.0,3,20.0,21.64,21.17,0.0,10000,3.6,800,2.71,22.63,27.44,0,6.1,21.47,0.5,1.0,66.67,4,1,0.3106,Estabilizado,Operação Normal
2026-08-22T18:53:11.115751,4006-10,2180,1,CIRCULAR,JD. NOVA VITÓRIA,5,15:53,2,30.0,2,20.0,21.64,21.17,0.0,10000,3.6,800,3.36,18.97,32.48,0,6.1,26.02,0.5,0.667,75.0,3,1,0.3761,Estabilizado,Operação Normal
2026-08-22T18:53:11.115751,3064-10,33748,2,CPTM GUAIANASES,CID. TIRADENTES,5,15:53,7,8.6,7,20.0,21.64,21.17,0.0,10000,3.6,800,4.5,20.54,33.16,1,6.1,59.0,0.5,1.0,71.43,10,3,0.4163,Estabilizado,Operação Normal
2026-08-22T18:53:11.115751,273D-10,222,1,METRÔ ARTUR ALVIM,PQ. D. JOÃO NERY,5,15:53,4,15.0,4,20.0,21.64,21.17,0.0,10000,3.6,800,2.28,27.36,34.52,0,6.1,18.46,0.5,1.0,62.5,5,1,0.2926,Estabilizado,Operação Normal
2026-08-22T18:53:11.115751,3032-10,720,1,CIRCULAR,TERM. VL. CARRÃO,5,15:53,2,30.0,2,20.0,21.64,21.17,0.0,10000,3.6,800,2.77,15.81,35.26,0,6.1,21.89,0.5,0.667,75.0,3,1,0.3658,Estabilizado,Operação Normal
2026-08-22T18:53:11.115751,9784-10,827,1,METRÔ BARRA FUNDA,JD. DOS FRANCOS,5,15:53,6,10.0,6,20.0,21.64,21.17,0.0,10000,3.6,800,3.32,17.07,34.45,1,6.1,50.74,0.5,1.0,66.67,8,2,0.3838,Estabilizado,Operação Normal
2026-08-22T18:53:11.115751,2666-10,378,1,TERM. PQ. D. PEDRO II,JD. CAMARGO VELHO,5,15:53,1,60.0,1,20.0,21.64,21.17,0.0,10000,3.6,800,6.47,17.74,25.68,0,6.1,47.79,0.5,0.333,100.0,2,1,0.5264,Estabilizado,Operação Normal
2026-08-22T18:53:11.115751,746R-10,33558,2,STO. AMARO,REAL PQ.,5,15:53,5,12.0,5,20.0,21.64,21.17,0.0,10000,3.6,800,2.69,17.1,18.93,1,6.1,46.33,0.5,1.0,70.0,7,2,0.3811,Estabilizado,Operação Normal
2026-08-22T18:53:11.115751,2010-10,34872,2,SHOP. D,PQ. EDU CHAVES,5,15:53,3,20.0,3,20.0,21.64,21.17,0.0,10000,3.6,800,4.29,12.69,29.84,1,6.1,57.53,0.5,1.0,66.67,4,1,0.4008,Estabilizado,Operação Normal
2026-08-22T18:53:11.115751,4024-10,2158,1,E.T. ITAQUERA,COHAB FAZENDA DO CARMO,5,15:53,3,20.0,3,20.0,21.64,21.17,0.0,10000,3.6,800,2.21,32.0,36.52,1,6.1,42.97,0.5,1.0,66.67,4,1,0.3644,Estabilizado,Operação Normal
2026-08-22T18:53:11.115751,119L-10,35041,2,TERM. LAPA,VL. SULINA,5,15:53,1,60.0,1,20.0,21.64,21.17,0.0,10000,3.6,800,1.02,92.32,100.0,0,6.1,9.64,0.5,0.333,100.0,2,1,0.431,Estabilizado,Operação Normal
2026-08-22T18:53:11.115751,6051-31,1606,1,TERM. EST. VARGINHA,JD. ITAJAÍ,5,15:53,1,60.0,1,20.0,21.64,21.17,0.0,10000,3.6,800,3.07,19.65,29.61,0,6.1,23.99,0.5,0.333,100.0,2,1,0.4669,Estabilizado,Operação Normal
2026-08-22T18:53:11.115751,4725-10,338,1,SHOP. IBIRAPUERA,VL. BRASILINA,5,15:53,1,60.0,1,20.0,21.64,21.17,0.0,10000,3.6,800,2.21,24.61,29.18,0,6.1,17.97,0.5,0.333,100.0,2,1,0.4519,Estabilizado,Operação Normal
2026-08-22T18:53:11.115751,7051-10,1885,1,TERM. CAMPO LIMPO,JD. ROSANA,5,15:53,2,30.0,2,20.0,21.64,21.17,0.0,10000,3.6,800,5.83,15.53,27.1,0,6.1,43.31,0.5,0.667,75.0,3,1,0.4193,Estabilizado,Operação Normal
2026-08-22T18:53:11.115751,675A-10,34086,2,METRÔ SÃO JUDAS,PQ. STO. ANTONIO,5,15:53,3,20.0,3,20.0,21.64,21.17,0.0,10000,3.6,800,3.32,18.53,27.03,0,6.1,25.74,0.5,1.0,66.67,4,1,0.3213,Estabilizado,Operação Normal
2026-08-22T18:53:11.115751,2734-10,34528,2,METRÔ ITAQUERA,JD. CAMPOS,5,15:53,3,20.0,3,20.0,21.64,21.17,0.0,10000,3.6,800,3.5,28.11,41.89,1,6.1,52.0,0.5,1.0,66.67,4,1,0.3869,Estabilizado,Operação Normal
2026-08-22T18:53:11.115751,8040-10,406,1,TERM. LAPA,SOL NASCENTE,5,15:53,3,20.0,3,20.0,21.64,21.17,0.0,10000,3.6,800,3.12,16.47,39.15,0,6.1,24.34,0.5,1.0,66.67,4,1,0.3178,Estabilizado,Operação Normal
2026-08-22T18:53:11.115751,2013-10,33667,2,CACHOEIRINHA,COHAB ANTÁRTICA,5,15:53,10,6.0,11,20.0,21.64,21.17,0.0,10000,3.6,800,3.11,21.29,32.11,0,6.1,24.27,0.5,1.0,65.0,13,3,0.3134,Estabilizado,Operação Normal
2026-08-22T18:53:11.115751,971T-10,618,1,METRÔ SANTANA,VL. STA. MARIA,5,15:53,2,30.0,2,20.0,21.64,21.17,0.0,10000,3.6,800,2.86,20.49,27.59,0,6.1,22.52,0.5,0.667,75.0,3,1,0.3673,Estabilizado,Operação Normal
2026-08-22T18:53:11.115751,407E-10,2215,1,METRÔ CARRÃO,JD. STO. ANDRÉ,5,15:53,4,15.0,4,20.0,21.64,21.17,0.0,10000,3.6,800,2.97,25.79,36.76,0,6.1,23.29,0.5,1.0,62.5,5,1,0.3047,Estabilizado,Operação Normal
2026-08-22T18:53:11.115751,175T-10,33391,2,METRÔ JABAQUARA,METRÔ SANTANA,5,15:53,5,12.0,5,20.0,21.64,21.17,0.0,10000,3.6,800,2.75,23.89,34.44,1,6.1,46.75,0.5,1.0,70.0,7,2,0.3821,Estabilizado,Operação Normal
2026-08-22T18:53:11.115751,6074-10,33929,2,EST. JURUBATUBA,JD. GAIVOTAS,5,15:53,7,8.6,7,20.0,21.64,21.17,0.0,10000,3.6,800,2.91,19.14,28.4,0,6.1,22.87,0.5,1.0,64.29,9,2,0.3082,Estabilizado,Operação Normal
2026-08-22T18:53:11.115751,2203-10,33679,2,SHOP. PENHA,BURGO PAULISTA,5,15:53,2,30.0,2,20.0,21.64,21.17,0.0,10000,3.6,800,2.54,23.07,31.12,0,6.1,20.28,0.5,0.667,75.0,3,1,0.3618,Estabilizado,Operação Normal
2026-08-22T18:53:11.115751,3721-41,34461,2,METRÔ ITAQUERA,SHOP. ARICANDUVA,5,15:53,5,12.0,5,20.0,21.64,21.17,0.0,10000,3.6,800,4.41,22.19,32.01,0,6.1,33.37,0.5,1.0,60.0,6,1,0.3237,Estabilizado,Operação Normal
2026-08-22T18:53:11.115751,407A-10,34962,2,LGO. DA CONCÓRDIA,PQ. SAVOY,5,15:53,5,12.0,5,20.0,21.64,21.17,0.0,10000,3.6,800,3.81,12.57,25.36,0,6.1,29.17,0.5,1.0,60.0,6,1,0.3132,Estabilizado,Operação Normal
2026-08-22T18:53:11.115751,3751-10,33815,2,METRÔ ITAQUERA,COHAB PRESTES MAIA,5,15:53,6,10.0,6,20.0,21.64,21.17,0.0,10000,3.6,800,2.6,24.87,27.5,1,6.1,45.7,0.5,1.0,66.67,8,2,0.3712,Estabilizado,Operação Normal
2026-08-22T18:53:11.115751,6063-10,33920,2,TERM. EST. VARGINHA,JD. VARGINHA,5,15:53,5,12.0,5,20.0,21.64,21.17,0.0,10000,3.6,800,3.09,19.49,29.57,0,6.1,24.13,0.5,1.0,60.0,6,1,0.3006,Estabilizado,Operação Normal
2026-08-22T18:53:11.115751,3762-10,1053,1,METRÔ TATUAPÉ,JD. IVA,5,15:53,6,10.0,6,20.0,21.64,21.17,0.0,10000,3.6,800,3.78,17.65,32.53,1,6.1,53.96,0.5,1.0,66.67,8,2,0.3918,Estabilizado,Operação Normal
2026-08-22T18:53:11.115751,5107-10,1659,1,PÇA. DO CORREIO,TERM. SACOMÃ,5,15:53,3,20.0,3,20.0,21.64,21.17,0.0,10000,3.6,800,3.16,21.49,32.66,1,6.1,49.62,0.5,1.0,66.67,4,1,0.381,Estabilizado,Operação Normal
2026-08-22T18:53:11.115751,6200-10,355,1,TERM. BANDEIRA,TERM. STO. AMARO,5,15:53,12,5.0,13,20.0,21.64,21.17,0.0,10000,3.6,800,3.11,21.88,33.51,1,6.1,49.27,0.5,1.0,70.83,17,5,0.3905,Estabilizado,Operação Normal
2026-08-22T18:53:11.115751,857P-10,34694,2,PARAÍSO,TERM. CAMPO LIMPO,5,15:53,5,12.0,5,20.0,21.64,21.17,0.0,10000,3.6,800,2.45,23.9,30.26,0,6.1,19.65,0.5,1.0,60.0,6,1,0.2894,Estabilizado,Operação Normal
2026-08-22T18:53:11.115751,271M-10,684,1,METRÔ SANTANA,PQ. NOVO MUNDO,5,15:53,5,12.0,5,20.0,21.64,21.17,0.0,10000,3.6,800,3.97,18.51,29.43,1,6.1,55.29,0.5,1.0,70.0,7,2,0.4035,Estabilizado,Operação Normal
2026-08-22T18:53:11.115751,2708-10,33689,2,METRÔ ITAQUERA,JD. LAJEADO,5,15:53,4,15.0,4,20.0,21.64,21.17,0.0,10000,3.6,800,3.65,22.08,33.32,1,6.1,53.05,0.5,1.0,75.0,6,2,0.4104,Estabilizado,Operação Normal
2026-08-22T18:53:11.115751,8548-10,33346,2,TERM. LAPA,PARADA DE TAIPAS,5,15:53,2,30.0,2,20.0,21.64,21.17,0.0,10000,3.6,800,2.68,20.86,27.27,0,6.1,21.26,0.5,0.667,75.0,3,1,0.3642,Estabilizado,Operação Normal
2026-08-22T18:53:11.115751,3006-10,1865,1,CPTM GUAIANASES,JD. FANGANIELO,5,15:53,3,20.0,3,20.0,21.64,21.17,0.0,10000,3.6,800,2.64,18.92,27.43,0,6.1,20.98,0.5,1.0,66.67,4,1,0.3094,Estabilizado,Operação Normal
2026-08-22T18:53:11.115751,846M-10,33190,2,TERM. PINHEIROS,VL. PIAUÍ,5,15:53,1,60.0,1,20.0,21.64,21.17,0.0,10000,3.6,800,2.51,21.53,28.99,0,6.1,20.07,0.5,0.333,100.0,2,1,0.4571,Estabilizado,Operação Normal
2026-08-22T18:53:11.115751,2734-10,1760,1,METRÔ ITAQUERA,JD. CAMPOS,5,15:53,5,12.0,5,20.0,21.64,21.17,0.0,10000,3.6,800,3.05,27.98,30.48,1,6.1,48.85,0.5,1.0,70.0,7,2,0.3874,Estabilizado,Operação Normal
2026-08-22T18:53:11.115751,7267-10,34195,2,PÇA. RAMOS DE AZEVEDO,APIACÁS,5,15:53,4,15.0,4,20.0,21.64,21.17,0.0,10000,3.6,800,4.11,14.43,29.07,1,6.1,56.27,0.5,1.0,75.0,6,2,0.4184,Estabilizado,Operação Normal
2026-08-22T18:53:11.115751,8055-10,414,1,LAPA,PERUS,5,15:53,1,60.0,1,20.0,21.64,21.17,0.0,10000,3.6,800,2.99,42.57,40.66,0,6.1,23.43,0.5,0.333,100.0,2,1,0.4655,Estabilizado,Operação Normal
2026-08-22T18:53:11.115751,6505-10,1450,1,TERM. BANDEIRA,TERM. GUARAPIRANGA,5,15:53,4,15.0,4,20.0,21.64,21.17,0.0,10000,3.6,800,3.68,20.95,29.39,0,6.1,28.26,0.5,1.0,62.5,5,1,0.3171,Estabilizado,Operação Normal
2026-08-22T18:53:11.115751,4113-10,768,1,PÇA. DA REPÚBLICA,GENTIL DE MOURA,5,15:53,8,7.5,8,20.0,21.64,21.17,0.0,10000,3.6,800,3.14,11.2,25.67,1,6.1,49.48,0.5,1.0,68.75,11,3,0.3858,Estabilizado,Operação Normal
2026-08-22T18:53:11.115751,9011-10,33646,2,TERM. CACHOEIRINHA,CPTM JARAGUÁ,5,15:53,6,10.0,6,20.0,21.64,21.17,0.0,10000,3.6,800,3.68,21.64,33.09,0,6.1,28.26,0.5,1.0,66.67,8,2,0.3276,Estabilizado,Operação Normal
2026-08-22T18:53:11.115751,2722-10,33703,2,METRÔ GUILHERMINA/ESPERANÇA,JD. VERONIA,5,15:53,3,20.0,3,20.0,21.64,21.17,0.0,10000,3.6,800,3.05,19.27,31.58,1,6.1,48.85,0.5,1.0,66.67,4,1,0.379,Estabilizado,Operação Normal
2026-08-22T18:53:11.115751,172P-10,858,1,METRÔ BELÉM,VL. ZILDA,5,15:53,7,8.6,7,20.0,21.64,21.17,0.0,10000,3.6,800,3.51,20.76,31.48,0,6.1,27.07,0.5,1.0,64.29,9,2,0.3186,Estabilizado,Operação Normal
2026-08-22T18:53:11.115751,971T-10,33386,2,METRÔ SANTANA,VL. STA. MARIA,5,15:53,3,20.0,3,20.0,21.64,21.17,0.0,10000,3.6,800,2.34,22.15,27.03,0,6.1,18.88,0.5,1.0,66.67,4,1,0.3041,Estabilizado,Operação Normal
2026-08-22T18:53:11.115751,3718-10,1013,1,NOVA AMERICA,METRÔ ARTUR ALVIM,5,15:53,4,15.0,4,20.0,21.64,21.17,0.0,10000,3.6,800,1.73,32.39,37.8,0,6.1,14.61,0.5,1.0,62.5,5,1,0.283,Estabilizado,Operação Normal
2026-08-22T18:53:11.115751,407N-10,34937,2,METRÔ PENHA,TERM. CID. TIRADENTES,5,15:53,8,7.5,8,20.0,21.64,21.17,0.0,10000,3.6,800,3.21,14.6,26.95,0,6.1,24.97,0.5,1.0,62.5,10,2,0.3089,Estabilizado,Operação Normal
2026-08-22T18:53:11.115751,5010-10,1114,1,STO. AMARO,JABAQUARA,5,15:53,4,15.0,4,20.0,21.64,21.17,0.0,10000,3.6,800,2.94,23.26,25.58,1,6.1,48.08,0.5,1.0,75.0,6,2,0.398,Estabilizado,Operação Normal
2026-08-22T18:53:11.115751,3053-10,33741,2,METRÔ BELÉM,JD. ITÁPOLIS,5,15:53,6,10.0,6,20.0,21.64,21.17,0.0,10000,3.6,800,2.91,22.47,31.11,1,6.1,47.87,0.5,1.0,66.67,8,2,0.3766,Estabilizado,Operação Normal
2026-08-22T18:53:11.115751,971V-10,33387,2,SHOP. CENTER NORTE,JD. VISTA ALEGRE,5,15:53,5,12.0,5,20.0,21.64,21.17,0.0,10000,3.6,800,2.95,23.5,33.66,1,6.1,48.15,0.5,1.0,70.0,7,2,0.3856,Estabilizado,Operação Normal
2026-08-22T18:53:11.115751,8086-10,2621,1,PINHEIROS,JAGUARÉ,5,15:53,4,15.0,4,20.0,21.64,21.17,0.0,10000,3.6,800,3.58,17.95,28.21,0,6.1,27.56,0.5,1.0,62.5,5,1,0.3154,Estabilizado,Operação Normal
2026-08-22T18:53:11.115751,172R-10,859,1,METRÔ BELÉM,JAÇANÃ,5,15:53,5,12.0,5,20.0,21.64,21.17,0.0,10000,3.6,800,2.97,21.87,30.71,0,6.1,23.29,0.5,1.0,60.0,6,1,0.2985,Estabilizado,Operação Normal
2026-08-22T18:53:11.115751,6063-43,35248,2,TERM. EST. VARGINHA,VL. DA PAZ,5,15:53,2,30.0,2,20.0,21.64,21.17,0.0,10000,3.6,800,3.0,32.0,23.0,0,6.1,23.5,0.5,0.667,75.0,3,1,0.3698,Estabilizado,Operação Normal
2026-08-22T18:53:11.115751,8016-10,1346,1,TERM. PIRITUBA,JD. RINCÃO,5,15:53,5,12.0,5,20.0,21.64,21.17,0.0,10000,3.6,800,3.03,14.69,25.12,0,6.1,23.71,0.5,1.0,60.0,6,1,0.2995,Estabilizado,Operação Normal
2026-08-22T18:53:11.115751,6022-10,33975,2,JD. ÂNGELA,PQ. CEREJEIRA,5,15:53,3,20.0,3,20.0,21.64,21.17,0.0,10000,3.6,800,5.59,14.59,28.45,0,6.1,41.63,0.5,1.0,66.67,4,1,0.361,Estabilizado,Operação Normal
2026-08-22T18:53:11.115751,607M-10,2036,1,TERM. ÁGUA ESPRAIADA,TERM. GRAJAÚ,5,15:53,6,10.0,6,20.0,21.64,21.17,0.0,10000,3.6,800,1.98,28.65,37.33,0,6.1,16.36,0.5,1.0,58.33,7,1,0.277,Estabilizado,Operação Normal
2026-08-22T18:53:11.115751,1778-10,34557,2,METRÔ SANTANA,JD. CABUÇU,5,15:53,3,20.0,3,20.0,21.64,21.17,0.0,10000,3.6,800,2.98,24.46,31.0,0,6.1,23.36,0.5,1.0,66.67,4,1,0.3153,Estabilizado,Operação Normal
2026-08-22T18:53:11.115751,4734-10,1109,1,METRÔ SAÚDE,VL. MORAES,5,15:53,4,15.0,4,20.0,21.64,21.17,0.0,10000,3.6,800,3.17,21.14,31.05,1,6.1,49.69,0.5,1.0,75.0,6,2,0.402,Estabilizado,Operação Normal
2026-08-22T18:53:11.115751,938L-10,1368,1,LAPA,TERM. CACHOEIRINHA,5,15:53,2,30.0,2,20.0,21.64,21.17,0.0,10000,3.6,800,2.72,21.93,33.62,0,6.1,21.54,0.5,0.667,75.0,3,1,0.3649,Estabilizado,Operação Normal
2026-08-22T18:53:11.115751,609F-10,32805,2,TERM. PRINC. ISABEL,CHÁC. SANTANA,5,15:53,4,15.0,4,20.0,21.64,21.17,0.0,10000,3.6,800,3.43,20.34,27.53,1,6.1,51.51,0.5,1.0,75.0,6,2,0.4065,Estabilizado,Operação Normal
2026-08-22T18:53:11.115751,978T-10,889,1,METRÔ BARRA FUNDA,JD. GUARANI,5,15:53,8,7.5,8,20.0,21.64,21.17,0.0,10000,3.6,800,3.95,17.47,22.96,1,6.1,55.15,0.5,1.0,68.75,11,3,0.4,Estabilizado,Operação Normal
2026-08-22T18:53:11.115751,8700-10,1877,1,PÇA. RAMOS DE AZEVEDO,TERM. CAMPO LIMPO,5,15:53,9,6.7,9,20.0,21.64,21.17,0.0,10000,3.6,800,3.08,21.94,31.04,0,6.1,24.06,0.5,1.0,61.11,11,2,0.3032,Estabilizado,Operação Normal
2026-08-22T18:53:11.115751,407T-10,2202,1,METRÔ ITAQUERA,JD. REDIL,5,15:53,1,60.0,1,20.0,21.64,21.17,0.0,10000,3.6,800,2.13,26.39,40.55,1,6.1,42.41,0.5,0.333,100.0,2,1,0.513,Estabilizado,Operação Normal
2026-08-22T18:53:11.115751,3731-10,1028,1,SHOP. ARICANDUVA,METRÔ VL. MATILDE,5,15:53,11,5.5,12,20.0,21.64,21.17,0.0,10000,3.6,800,2.91,20.18,32.29,1,6.1,47.87,0.5,1.0,72.73,16,5,0.3917,Estabilizado,Operação Normal
2026-08-22T18:53:11.115751,8500-10,34035,2,METRÔ BARRA FUNDA,TERM. PIRITUBA,5,15:53,3,20.0,3,20.0,21.64,21.17,0.0,10000,3.6,800,3.58,23.66,39.88,0,6.1,27.56,0.5,1.0,66.67,4,1,0.3258,Estabilizado,Operação Normal
2026-08-22T18:53:11.115751,5025-10,34332,2,METRÔ TAMANDUATEÍ,JD. GUAIRACÁ,5,15:53,3,20.0,3,20.0,21.64,21.17,0.0,10000,3.6,800,3.01,22.37,33.4,1,6.1,48.57,0.5,1.0,66.67,4,1,0.3784,Estabilizado,Operação Normal
2026-08-22T18:53:11.115751,3718-10,33781,2,NOVA AMERICA,METRÔ ARTUR ALVIM,5,15:53,4,15.0,4,20.0,21.64,21.17,0.0,10000,3.6,800,3.53,27.11,33.87,0,6.1,27.21,0.5,1.0,62.5,5,1,0.3145,Estabilizado,Operação Normal
2026-08-22T18:53:11.115751,807J-10,34826,2,SHOP. MORUMBI,TERM. CAMPO LIMPO,5,15:53,4,15.0,4,20.0,21.64,21.17,0.0,10000,3.6,800,2.33,28.16,35.65,0,6.1,18.81,0.5,1.0,62.5,5,1,0.2935,Estabilizado,Operação Normal
2026-08-22T18:53:11.115751,364A-10,34014,2,SHOP. ARICANDUVA,HOSP. IPIRANGA,5,15:53,6,10.0,6,20.0,21.64,21.17,0.0,10000,3.6,800,3.21,18.23,29.39,0,6.1,24.97,0.5,1.0,58.33,7,1,0.2985,Estabilizado,Operação Normal
2026-08-22T18:53:11.115751,746C-10,33551,2,STO. AMARO,JD. TABOÃO,5,15:53,6,10.0,6,20.0,21.64,21.17,0.0,10000,3.6,800,3.62,17.02,29.79,0,6.1,27.84,0.5,1.0,66.67,8,2,0.3265,Estabilizado,Operação Normal
2026-08-22T18:53:11.115751,4313-10,34941,2,TERM. PQ. D. PEDRO II,TERM. CID. TIRADENTES,5,15:53,8,7.5,8,20.0,21.64,21.17,0.0,10000,3.6,800,4.84,22.69,37.2,1,6.1,61.38,0.5,1.0,68.75,11,3,0.4156,Estabilizado,Operação Normal
2026-08-22T18:53:11.115751,351F-10,33455,2,TERM. VL. CARRÃO,JAÇANÃ,5,15:53,6,10.0,6,20.0,21.64,21.17,0.0,10000,3.6,800,2.54,24.54,34.32,0,6.1,20.28,0.5,1.0,58.33,7,1,0.2868,Estabilizado,Operação Normal
2026-08-22T18:53:11.115751,574C-10,1639,1,DIV. DE SÃO CAETANO,SÃO MATEUS,5,15:53,3,20.0,3,20.0,21.64,21.17,0.0,10000,3.6,800,2.89,21.9,34.91,1,6.1,47.73,0.5,1.0,66.67,4,1,0.3762,Estabilizado,Operação Normal
2026-08-22T18:53:11.115751,2088-10,33140,2,TERM. A. E. CARVALHO,CONJ. ENCOSTA NORTE,5,15:53,5,12.0,5,20.0,21.64,21.17,0.0,10000,3.6,800,2.42,18.56,27.18,0,6.1,19.44,0.5,1.0,60.0,6,1,0.2888,Estabilizado,Operação Normal
2026-08-22T18:53:11.115751,5144-10,34395,2,TERM. PRINC. ISABEL,TERM. SAPOPEMBA,5,15:53,4,15.0,4,20.0,21.64,21.17,0.0,10000,3.6,800,4.42,15.15,27.99,1,6.1,58.44,0.5,1.0,75.0,6,2,0.4239,Estabilizado,Operação Normal
2026-08-22T18:53:11.115751,351F-10,687,1,TERM. VL. CARRÃO,JAÇANÃ,5,15:53,4,15.0,4,20.0,21.64,21.17,0.0,10000,3.6,800,3.12,21.13,28.49,1,6.1,49.34,0.5,1.0,75.0,6,2,0.4011,Estabilizado,Operação Normal
2026-08-22T18:53:11.115751,9014-10,34193,2,TERM. LAPA,MORRO GRANDE,5,15:53,4,15.0,4,20.0,21.64,21.17,0.0,10000,3.6,800,2.74,19.13,27.6,1,6.1,46.68,0.5,1.0,75.0,6,2,0.3944,Estabilizado,Operação Normal
2026-08-22T18:53:11.115751,178Y-10,868,1,METRÔ JD. SÃO PAULO,VL. AMÉLIA,5,15:53,5,12.0,5,20.0,21.64,21.17,0.0,10000,3.6,800,2.36,26.4,34.12,0,6.1,19.02,0.5,1.0,60.0,6,1,0.2878,Estabilizado,Operação Normal
2026-08-22T18:53:11.115751,6035-10,1213,1,STO. AMARO,VL. GILDA,5,15:53,3,20.0,3,20.0,21.64,21.17,0.0,10000,3.6,800,3.0,22.5,45.0,0,6.1,23.5,0.5,1.0,66.67,4,1,0.3157,Estabilizado,Operação Normal
2026-08-22T18:53:11.115751,7545-10,504,1,PÇA. RAMOS DE AZEVEDO,JD. JOÃO XXIII,5,15:53,6,10.0,6,20.0,21.64,21.17,0.0,10000,3.6,800,3.15,16.27,25.64,0,6.1,24.55,0.5,1.0,58.33,7,1,0.2974,Estabilizado,Operação Normal
2026-08-22T18:53:11.115751,8400-10,34033,2,PÇA. RAMOS DE AZEVEDO,TERM. PIRITUBA,5,15:53,5,12.0,5,20.0,21.64,21.17,0.0,10000,3.6,800,4.97,19.83,37.28,1,6.1,62.29,0.5,1.0,70.0,7,2,0.421,Estabilizado,Operação Normal
2026-08-22T18:53:11.115751,106A-10,516,1,ITAIM BIBI,METRÔ SANTANA,5,15:53,12,5.0,13,20.0,21.64,21.17,0.0,10000,3.6,800,4.11,18.72,32.87,1,6.1,56.27,0.5,1.0,75.0,18,6,0.4184,Estabilizado,Operação Normal
2026-08-22T18:53:11.115751,4003-10,2159,1,E.T. ITAQUERA,INÁCIO MONTEIRO,5,15:53,1,60.0,1,20.0,21.64,21.17,0.0,10000,3.6,800,3.44,12.97,26.7,1,6.1,51.58,0.5,0.333,100.0,2,1,0.5359,Estabilizado,Operação Normal
2026-08-22T18:53:11.115751,2720-10,933,1,METRÔ GUILHERMINA/ESPERANÇA,JD. BELÉM,5,15:53,5,12.0,5,20.0,21.64,21.17,0.0,10000,3.6,800,3.67,24.63,40.09,1,6.1,53.19,0.5,1.0,70.0,7,2,0.3982,Estabilizado,Operação Normal
2026-08-22T18:53:11.115751,5652-22,35284,2,PQ. IBIRAPUERA,JD. IV CENTENÁRIO,5,15:53,6,10.0,6,20.0,21.64,21.17,0.0,10000,3.6,800,2.47,19.82,28.23,1,6.1,44.79,0.5,1.0,66.67,8,2,0.3689,Estabilizado,Operação Normal
2026-08-22T18:53:11.115751,5290-10,33365,2,TERM. PQ. D. PEDRO II,DIV. DIADEMA,5,15:53,7,8.6,7,20.0,21.64,21.17,0.0,10000,3.6,800,3.44,16.85,30.28,1,6.1,51.58,0.5,1.0,71.43,10,3,0.3978,Estabilizado,Operação Normal
2026-08-22T18:53:11.115751,8677-10,443,1,LGO. DO PAISSANDÚ,JD. LÍBANO,5,15:53,5,12.0,5,20.0,21.64,21.17,0.0,10000,3.6,800,3.14,25.54,34.69,1,6.1,49.48,0.5,1.0,70.0,7,2,0.3889,Estabilizado,Operação Normal
2026-08-22T18:53:11.115751,9300-10,116,1,TERM. PQ. D. PEDRO II,TERM. CASA VERDE,5,15:53,4,15.0,4,20.0,21.64,21.17,0.0,10000,3.6,800,2.7,22.27,31.4,1,6.1,46.4,0.5,1.0,75.0,6,2,0.3937,Estabilizado,Operação Normal
2026-08-22T18:53:11.115751,4051-10,2144,1,CPTM GUAIANASES,JD. SÃO PAULO,5,15:53,3,20.0,3,20.0,21.64,21.17,0.0,10000,3.6,800,5.76,13.39,25.81,0,6.1,42.82,0.5,1.0,66.67,4,1,0.364,Estabilizado,Operação Normal
2026-08-22T18:53:11.115751,5129-41,1974,1,STO. AMARO,JD. MIRIAM,5,15:53,3,20.0,3,20.0,21.64,21.17,0.0,10000,3.6,800,3.25,23.82,35.3,0,6.1,25.25,0.5,1.0,66.67,4,1,0.3201,Estabilizado,Operação Normal
2026-08-22T18:53:11.115751,626A-10,2596,1,MAR PAULISTA,CANTINHO DO CÉU,5,15:53,3,20.0,3,20.0,21.64,21.17,0.0,10000,3.6,800,2.65,20.95,29.98,0,6.1,21.05,0.5,1.0,66.67,4,1,0.3095,Estabilizado,Operação Normal
2026-08-22T18:53:11.115751,546T-10,272,1,TERM. STO. AMARO,VL. GUACURI,5,15:53,4,15.0,4,20.0,21.64,21.17,0.0,10000,3.6,800,3.02,15.34,24.77,0,6.1,23.64,0.5,1.0,62.5,5,1,0.3056,Estabilizado,Operação Normal
2026-08-22T18:53:11.115751,4310-10,34928,2,TERM. PQ. D. PEDRO II,E.T. ITAQUERA,5,15:53,8,7.5,8,20.0,21.64,21.17,0.0,10000,3.6,800,2.94,35.07,41.3,1,6.1,48.08,0.5,1.0,68.75,11,3,0.3823,Estabilizado,Operação Normal
2026-08-22T18:53:11.115751,4025-10,1095,1,METRÔ TATUAPÉ,VL. ALPINA,5,15:53,14,4.3,15,20.0,21.64,21.17,0.0,10000,3.6,800,2.47,21.85,33.16,1,6.1,44.79,0.5,1.0,67.86,19,5,0.3719,Estabilizado,Operação Normal
2026-08-22T18:53:11.115751,2769-10,397,1,METRÔ TATUAPÉ,JD. ROMANO,5,15:53,4,15.0,4,20.0,21.64,21.17,0.0,10000,3.6,800,2.71,24.02,32.55,1,6.1,46.47,0.5,1.0,75.0,6,2,0.3939,Estabilizado,Operação Normal
2026-08-22T18:53:11.115751,2182-10,33468,2,PÇA. DO CORREIO,JD. BRASIL,5,15:53,4,15.0,4,20.0,21.64,21.17,0.0,10000,3.6,800,3.06,23.77,37.33,0,6.1,23.92,0.5,1.0,62.5,5,1,0.3063,Estabilizado,Operação Normal
2026-08-22T18:53:11.115751,2726-10,940,1,METRÔ PENHA,LIMOEIRO,5,15:53,4,15.0,4,20.0,21.64,21.17,0.0,10000,3.6,800,2.77,22.63,33.66,0,6.1,21.89,0.5,1.0,62.5,5,1,0.3012,Estabilizado,Operação Normal
2026-08-22T18:53:11.115751,2731-10,33714,2,METRÔ ITAQUERA,VL. PROGRESSO,5,15:53,4,15.0,4,20.0,21.64,21.17,0.0,10000,3.6,800,2.7,24.46,27.22,1,6.1,46.4,0.5,1.0,75.0,6,2,0.3937,Estabilizado,Operação Normal
2026-08-22T18:53:11.115751,8705-10,34840,2,ANHANGABAÚ,SHOP. CONTINENTAL,5,15:53,6,10.0,6,20.0,21.64,21.17,0.0,10000,3.6,800,4.15,17.3,33.05,1,6.1,56.55,0.5,1.0,66.67,8,2,0.3983,Estabilizado,Operação Normal
2026-08-22T18:53:11.115751,374M-10,1965,1,METRÔ ITAQUERA,CPTM ERMELINO MATARAZZO,5,15:53,1,60.0,1,20.0,21.64,21.17,0.0,10000,3.6,800,2.18,25.13,28.12,0,6.1,17.76,0.5,0.333,100.0,2,1,0.4514,Estabilizado,Operação Normal
2026-08-22T18:53:11.115751,7049-10,34680,2,TERM. CAMPO LIMPO,PQ. DO LAGO,5,15:53,3,20.0,3,20.0,21.64,21.17,0.0,10000,3.6,800,4.62,15.33,29.14,0,6.1,34.84,0.5,1.0,66.67,4,1,0.344,Estabilizado,Operação Normal
2026-08-22T18:53:11.115751,775N-10,33242,2,METRÔ VL. MADALENA,RIO PEQUENO,5,15:53,4,15.0,4,20.0,21.64,21.17,0.0,10000,3.6,800,2.87,23.88,31.61,0,6.1,22.59,0.5,1.0,62.5,5,1,0.303,Estabilizado,Operação Normal
2026-08-22T18:53:11.115751,809R-10,34835,2,TERM. PINHEIROS,RIO PEQUENO,5,15:53,2,30.0,2,20.0,21.64,21.17,0.0,10000,3.6,800,3.67,19.28,32.71,0,6.1,28.19,0.5,0.667,75.0,3,1,0.3815,Estabilizado,Operação Normal
2026-08-22T18:53:11.115751,3023-10,33728,2,PQ. SÃO RAFAEL,SHOP. ARICANDUVA,5,15:53,4,15.0,4,20.0,21.64,21.17,0.0,10000,3.6,800,4.54,18.39,29.56,0,6.1,34.28,0.5,1.0,62.5,5,1,0.3322,Estabilizado,Operação Normal
2026-08-22T18:53:11.115751,6080-10,33936,2,SHOP. INTERLAGOS,JD. LUCÉLIA,5,15:53,4,15.0,4,20.0,21.64,21.17,0.0,10000,3.6,800,4.47,19.56,40.1,0,6.1,33.79,0.5,1.0,62.5,5,1,0.331,Estabilizado,Operação Normal
2026-08-22T18:53:11.115751,607A-21,2140,1,EST. JURUBATUBA,JD. APURÁ,5,15:53,2,30.0,2,20.0,21.64,21.17,0.0,10000,3.6,800,2.44,26.86,25.07,0,6.1,19.58,0.5,0.667,75.0,3,1,0.36,Estabilizado,Operação Normal
2026-08-22T18:53:11.115751,6970-10,1505,1,TERM. STO. AMARO,TERM. GRAJAÚ,5,15:53,5,12.0,5,20.0,21.64,21.17,0.0,10000,3.6,800,3.23,24.41,37.95,0,6.1,25.11,0.5,1.0,60.0,6,1,0.303,Estabilizado,Operação Normal
2026-08-22T18:53:11.115751,513C-10,2535,1,SÃO MATEUS,VL. CALIFÓRNIA,5,15:53,2,30.0,2,20.0,21.64,21.17,0.0,10000,3.6,800,3.42,21.2,34.61,0,6.1,26.44,0.5,0.667,75.0,3,1,0.3772,Estabilizado,Operação Normal
2026-08-22T18:53:11.115751,2127-10,693,1,LIBERDADE,PQ. EDU CHAVES,5,15:53,2,30.0,2,20.0,21.64,21.17,0.0,10000,3.6,800,3.63,17.85,27.51,0,6.1,27.91,0.5,0.667,75.0,3,1,0.3808,Estabilizado,Operação Normal
2026-08-22T18:53:11.115751,6116-10,33954,2,TERM. GRAJAÚ,JD. PRAINHA,5,15:53,2,30.0,2,20.0,21.64,21.17,0.0,10000,3.6,800,8.24,6.97,20.48,0,6.1,60.18,0.5,0.667,75.0,3,1,0.4615,Estabilizado,Operação Normal
2026-08-22T18:53:11.115751,7245-21,2538,1,TERM. ÁGUA ESPRAIADA,TERM. STO. AMARO,5,15:53,2,30.0,2,20.0,21.64,21.17,0.0,10000,3.6,800,2.97,22.07,28.48,1,6.1,48.29,0.5,0.667,75.0,3,1,0.4318,Estabilizado,Operação Normal
2026-08-22T18:53:11.115751,2720-10,33701,2,METRÔ GUILHERMINA/ESPERANÇA,JD. BELÉM,5,15:53,2,30.0,2,20.0,21.64,21.17,0.0,10000,3.6,800,2.84,18.8,29.32,1,6.1,47.38,0.5,0.667,75.0,3,1,0.4295,Estabilizado,Operação Normal
2026-08-22T18:53:11.115751,8013-10,800,1,LAPA,TERM. JD. BRITANIA,5,15:53,7,8.6,7,20.0,21.64,21.17,0.0,10000,3.6,800,2.37,43.08,52.55,0,6.1,19.09,0.5,1.0,57.14,8,1,0.2808,Estabilizado,Operação Normal
2026-08-22T18:53:11.115751,2127-10,33461,2,LIBERDADE,PQ. EDU CHAVES,5,15:53,3,20.0,3,20.0,21.64,21.17,0.0,10000,3.6,800,4.11,18.08,30.38,1,6.1,56.27,0.5,1.0,66.67,4,1,0.3976,Estabilizado,Operação Normal
2026-08-22T18:53:11.115751,3459-10,33170,2,TERM. PQ. D. PEDRO II,ITAIM PAULISTA,5,15:53,7,8.6,7,20.0,21.64,21.17,0.0,10000,3.6,800,2.9,23.88,33.82,0,6.1,22.8,0.5,1.0,64.29,9,2,0.308,Estabilizado,Operação Normal
2026-08-22T18:53:11.115751,5391-10,171,1,LGO. SÃO FRANCISCO,JD. ÂNGELA,5,15:53,5,12.0,5,20.0,21.64,21.17,0.0,10000,3.6,800,3.73,21.6,35.25,0,6.1,28.61,0.5,1.0,60.0,6,1,0.3118,Estabilizado,Operação Normal
2026-08-22T18:53:11.115751,2718-10,931,1,METRÔ PENHA,VL. SÍLVIA,5,15:53,3,20.0,3,20.0,21.64,21.17,0.0,10000,3.6,800,2.97,33.67,34.16,0,6.1,23.29,0.5,1.0,66.67,4,1,0.3152,Estabilizado,Operação Normal
2026-08-22T18:53:11.115751,4011-10,34952,2,TERM. SÃO MATEUS,JD. LIMOEIRO,5,15:53,4,15.0,4,20.0,21.64,21.17,0.0,10000,3.6,800,4.23,17.66,32.84,1,6.1,57.11,0.5,1.0,75.0,6,2,0.4205,Estabilizado,Operação Normal
2026-08-22T18:53:11.115751,8019-31,35342,2,TERM. VL. SÔNIA,PQ. CONTINENTAL,5,15:53,2,30.0,2,20.0,21.64,21.17,0.0,10000,3.6,800,2.21,26.46,29.55,0,6.1,17.97,0.5,0.667,75.0,3,1,0.356,Estabilizado,Operação Normal
2026-08-22T18:53:11.115751,8199-10,807,1,CEM. VL. NOVA CACHOEIRINHA,PIRITUBA,5,15:53,7,8.6,7,20.0,21.64,21.17,0.0,10000,3.6,800,4.59,19.46,25.81,0,6.1,34.63,0.5,1.0,64.29,9,2,0.3376,Estabilizado,Operação Normal
2026-08-22T18:53:11.115751,4716-10,1106,1,METRÔ STA. CRUZ,METRÔ TAMANDUATEÍ,5,15:53,6,10.0,6,20.0,21.64,21.17,0.0,10000,3.6,800,2.76,20.26,27.89,0,6.1,21.82,0.5,1.0,58.33,7,1,0.2906,Estabilizado,Operação Normal
2026-08-22T18:53:11.115751,971M-10,612,1,METRÔ SANTANA,VL. PENTEADO,5,15:53,5,12.0,5,20.0,21.64,21.17,0.0,10000,3.6,800,4.9,11.8,24.96,1,6.1,61.8,0.5,1.0,70.0,7,2,0.4197,Estabilizado,Operação Normal
2026-08-22T18:53:11.115751,2707-10,33687,2,METRÔ ITAQUERA,CHABILÂNDIA,5,15:53,7,8.6,7,20.0,21.64,21.17,0.0,10000,3.6,800,3.17,18.53,28.99,1,6.1,49.69,0.5,1.0,64.29,9,2,0.3752,Estabilizado,Operação Normal
2026-08-22T18:53:11.115751,4013-10,34954,2,TERM. SÃO MATEUS,JD. STO. ANDRÉ,5,15:53,3,20.0,3,20.0,21.64,21.17,0.0,10000,3.6,800,4.68,20.06,40.22,0,6.1,35.26,0.5,1.0,66.67,4,1,0.3451,Estabilizado,Operação Normal
2026-08-22T18:53:11.115751,314J-10,33078,2,PÇA. ALMEIDA JR.,PQ. STA. MADALENA,5,15:53,2,30.0,2,20.0,21.64,21.17,0.0,10000,3.6,800,4.62,14.59,27.66,1,6.1,59.84,0.5,0.667,75.0,3,1,0.4606,Estabilizado,Operação Normal
2026-08-22T18:53:11.115751,702C-10,33253,2,METRÔ BELÉM,JD. BONFIGLIOLI,5,15:53,4,15.0,4,20.0,21.64,21.17,0.0,10000,3.6,800,5.69,14.34,30.2,0,6.1,42.33,0.5,1.0,62.5,5,1,0.3523,Estabilizado,Operação Normal
2026-08-22T18:53:11.115751,3414-10,746,1,TERM. PQ. D. PEDRO II,VL. DALILA,5,15:53,3,20.0,3,20.0,21.64,21.17,0.0,10000,3.6,800,4.94,20.97,33.83,0,6.1,37.08,0.5,1.0,66.67,4,1,0.3496,Estabilizado,Operação Normal
2026-08-22T18:53:11.115751,576M-10,33372,2,PINHEIROS,VL. CLARA,5,15:53,5,12.0,5,20.0,21.64,21.17,0.0,10000,3.6,800,4.18,17.16,30.01,0,6.1,31.76,0.5,1.0,60.0,6,1,0.3196,Estabilizado,Operação Normal
2026-08-22T18:53:11.115751,6052-31,1832,1,TERM. EST. VARGINHA,JD. ALMEIDA PRADO,5,15:53,1,60.0,1,20.0,21.64,21.17,0.0,10000,3.6,800,2.89,22.92,18.94,0,6.1,22.73,0.5,0.333,100.0,2,1,0.4638,Estabilizado,Operação Normal
2026-08-22T18:53:11.115751,7055-10,34656,2,TERM. CAMPO LIMPO,JD. GUARUJÁ,5,15:53,7,8.6,7,20.0,21.64,21.17,0.0,10000,3.6,800,3.97,15.91,28.34,0,6.1,30.29,0.5,1.0,64.29,9,2,0.3267,Estabilizado,Operação Normal
2026-08-22T18:53:11.115751,574R-10,1623,1,METRÔ BELÉM,TERM. SAPOPEMBA,5,15:53,3,20.0,3,20.0,21.64,21.17,0.0,10000,3.6,800,2.68,20.6,29.0,1,6.1,46.26,0.5,1.0,66.67,4,1,0.3726,Estabilizado,Operação Normal
2026-08-22T18:53:11.115751,2666-10,33146,2,TERM. PQ. D. PEDRO II,JD. CAMARGO VELHO,5,15:53,10,6.0,11,20.0,21.64,21.17,0.0,10000,3.6,800,4.39,20.68,36.66,1,6.1,58.23,0.5,1.0,75.0,15,5,0.4233,Estabilizado,Operação Normal
2026-08-22T18:53:11.115751,516N-10,33034,2,PÇA. D. GASTÃO,JD. MIRIAM,5,15:53,7,8.6,7,20.0,21.64,21.17,0.0,10000,3.6,800,3.25,23.07,34.74,0,6.1,25.25,0.5,1.0,64.29,9,2,0.3141,Estabilizado,Operação Normal
2026-08-22T18:53:11.115751,524L-10,34483,2,METRÔ TATUAPÉ,PQ. SÃO LUCAS,5,15:53,2,30.0,2,20.0,21.64,21.17,0.0,10000,3.6,800,3.24,20.81,32.49,0,6.1,25.18,0.5,0.667,75.0,3,1,0.374,Estabilizado,Operação Normal
2026-08-22T18:53:11.115751,701A-10,689,1,METRÔ VL. MADALENA,PQ. EDU CHAVES,5,15:53,6,10.0,6,20.0,21.64,21.17,0.0,10000,3.6,800,4.88,17.47,33.02,1,6.1,61.66,0.5,1.0,75.0,9,3,0.4319,Estabilizado,Operação Normal
2026-08-22T18:53:11.115751,407I-10,2222,1,METRÔ BRESSER,CONJ. MANOEL DA NÓBREGA,5,15:53,3,20.0,3,20.0,21.64,21.17,0.0,10000,3.6,800,3.2,11.59,25.99,0,6.1,24.9,0.5,1.0,66.67,4,1,0.3192,Estabilizado,Operação Normal
2026-08-22T18:53:11.115751,6358-10,34062,2,TERM. BANDEIRA,JD. LUSO,5,15:53,4,15.0,4,20.0,21.64,21.17,0.0,10000,3.6,800,3.85,21.13,33.67,1,6.1,54.45,0.5,1.0,75.0,6,2,0.4139,Estabilizado,Operação Normal
2026-08-22T18:53:11.115751,8014-10,33569,2,PERUS,MORRO DOCE,5,15:53,6,10.0,6,20.0,21.64,21.17,0.0,10000,3.6,800,2.29,39.2,41.53,0,6.1,18.53,0.5,1.0,58.33,7,1,0.2824,Estabilizado,Operação Normal
2026-08-22T18:53:11.115751,4025-10,33863,2,METRÔ TATUAPÉ,VL. ALPINA,5,15:53,11,5.5,12,20.0,21.64,21.17,0.0,10000,3.6,800,3.14,20.23,31.37,1,6.1,49.48,0.5,1.0,72.73,16,5,0.3958,Estabilizado,Operação Normal
2026-08-22T18:53:11.115751,6082-10,35446,2,CONEXÃO TERMINAIS,CONEXÃO TERMINAIS,5,15:53,4,15.0,4,20.0,21.64,21.17,0.0,10000,3.6,800,3.14,17.98,30.39,0,6.1,24.48,0.5,1.0,62.5,5,1,0.3077,Estabilizado,Operação Normal
2026-08-22T18:53:11.115751,1780-10,33637,2,METRÔ PARADA INGLESA,JD. HEBRON,5,15:53,4,15.0,4,20.0,21.64,21.17,0.0,10000,3.6,800,4.4,15.93,29.19,0,6.1,33.3,0.5,1.0,62.5,5,1,0.3297,Estabilizado,Operação Normal
2026-08-22T18:53:11.115751,2709-10,33690,2,VL. UNIÃO,METRÔ PATRIARCA,5,15:53,3,20.0,3,20.0,21.64,21.17,0.0,10000,3.6,800,2.93,21.23,28.92,0,6.1,23.01,0.5,1.0,66.67,4,1,0.3145,Estabilizado,Operação Normal
2026-08-22T18:53:11.115751,6726-10,33961,2,JD. GAIVOTAS   ,TERM. GRAJAÚ,5,15:53,4,15.0,4,20.0,21.64,21.17,0.0,10000,3.6,800,6.56,14.38,32.21,0,6.1,48.42,0.5,1.0,75.0,6,2,0.3988,Estabilizado,Operação Normal
2026-08-22T18:53:11.115751,172J-10,856,1,TATUAPÉ,JD. BRASIL,5,15:53,7,8.6,7,20.0,21.64,21.17,0.0,10000,3.6,800,3.02,27.16,41.05,0,6.1,23.64,0.5,1.0,64.29,9,2,0.3101,Estabilizado,Operação Normal
2026-08-22T18:53:11.115751,407L-10,2199,1,METRÔ GUILHERMINA/ESPERANÇA,BARRO BRANCO,5,15:53,11,5.5,12,20.0,21.64,21.17,0.0,10000,3.6,800,3.61,17.14,31.6,1,6.1,52.77,0.5,1.0,72.73,16,5,0.404,Estabilizado,Operação Normal
2026-08-22T18:53:11.115751,7011-31,34722,2,JD. ÂNGELA,JD. DOS REIS,5,15:53,2,30.0,2,20.0,21.64,21.17,0.0,10000,3.6,800,8.36,5.55,18.02,0,6.1,61.02,0.5,0.667,75.0,3,1,0.4636,Estabilizado,Operação Normal
2026-08-22T18:53:11.115751,1772-10,33403,2,METRÔ TUCURUVI,RECANTO VERDE,5,15:53,3,20.0,3,20.0,21.64,21.17,0.0,10000,3.6,800,2.95,22.9,33.19,0,6.1,23.15,0.5,1.0,66.67,4,1,0.3148,Estabilizado,Operação Normal
2026-08-22T18:53:11.115751,2769-10,33165,2,METRÔ TATUAPÉ,JD. ROMANO,5,15:53,3,20.0,3,20.0,21.64,21.17,0.0,10000,3.6,800,2.28,23.63,28.07,0,6.1,18.46,0.5,1.0,66.67,4,1,0.3031,Estabilizado,Operação Normal
2026-08-22T18:53:11.115751,1702-10,33614,2,TIETÊ,JOVA RURAL,5,15:53,9,6.7,9,20.0,21.64,21.17,0.0,10000,3.6,800,5.54,12.86,25.38,1,6.1,66.28,0.5,1.0,72.22,13,4,0.4365,Estabilizado,Operação Normal
2026-08-22T18:53:11.115751,7049-10,1912,1,TERM. CAMPO LIMPO,PQ. DO LAGO,5,15:53,11,5.5,12,20.0,21.64,21.17,0.0,10000,3.6,800,2.97,21.87,29.76,1,6.1,48.29,0.5,1.0,72.73,16,5,0.3928,Estabilizado,Operação Normal
2026-08-22T18:53:11.115751,6118-10,1188,1,TERM. STO. AMARO,JD. ICARAÍ,5,15:53,4,15.0,4,20.0,21.64,21.17,0.0,10000,3.6,800,3.05,20.27,33.18,0,6.1,23.85,0.5,1.0,62.5,5,1,0.3061,Estabilizado,Operação Normal
2026-08-22T18:53:11.115751,2731-10,946,1,METRÔ ITAQUERA,VL. PROGRESSO,5,15:53,2,30.0,2,20.0,21.64,21.17,0.0,10000,3.6,800,5.82,14.14,26.7,0,6.1,43.24,0.5,0.667,75.0,3,1,0.4192,Estabilizado,Operação Normal
2026-08-22T18:53:11.115751,5038-10,34429,2,TERM. SACOMÃ,PQ. BRISTOL,5,15:53,4,15.0,4,20.0,21.64,21.17,0.0,10000,3.6,800,3.09,24.97,34.54,0,6.1,24.13,0.5,1.0,62.5,5,1,0.3068,Estabilizado,Operação Normal
2026-08-22T18:53:11.115751,2721-10,33702,2,METRÔ ITAQUERA,JD. NAZARÉ,5,15:53,10,6.0,11,20.0,21.64,21.17,0.0,10000,3.6,800,4.23,16.75,29.36,0,6.1,32.11,0.5,1.0,70.0,14,4,0.3455,Estabilizado,Operação Normal
2026-08-22T18:53:11.115751,407M-10,33086,2,VL. MONUMENTO,METRÔ VL. MARIANA,5,15:53,1,60.0,1,20.0,21.64,21.17,0.0,10000,3.6,800,3.03,14.13,27.75,0,6.1,23.71,0.5,0.333,100.0,2,1,0.4662,Estabilizado,Operação Normal
2026-08-22T18:53:11.115751,745M-10,782,1,SHOP. SP MARKET,CAMPO LIMPO,5,15:53,11,5.5,12,20.0,21.64,21.17,0.0,10000,3.6,800,5.67,17.49,33.83,0,6.1,42.19,0.5,1.0,68.18,15,4,0.3662,Estabilizado,Operação Normal
2026-08-22T18:53:11.115751,5317-10,69,1,PÇA. DO CORREIO,SESC/ORION,5,15:53,4,15.0,4,20.0,21.64,21.17,0.0,10000,3.6,800,3.55,19.61,33.82,1,6.1,52.35,0.5,1.0,75.0,6,2,0.4086,Estabilizado,Operação Normal
2026-08-22T18:53:11.115751,675G-10,106,1,METRÔ JABAQUARA,PQ. RES. COCAIA,5,15:53,5,12.0,5,20.0,21.64,21.17,0.0,10000,3.6,800,2.15,30.16,39.34,1,6.1,42.55,0.5,1.0,70.0,7,2,0.3716,Estabilizado,Operação Normal
2026-08-22T18:53:11.115751,3098-31,1839,1,JD. ELIZABETH,SÃO MATEUS,5,15:53,1,60.0,1,20.0,21.64,21.17,0.0,10000,3.6,800,2.85,20.78,31.08,0,6.1,22.45,0.5,0.333,100.0,2,1,0.4631,Estabilizado,Operação Normal
2026-08-22T18:53:11.115751,4002-10,34945,2,TERM. VL. CARRÃO,GUAIANASES,5,15:53,5,12.0,5,20.0,21.64,21.17,0.0,10000,3.6,800,3.26,20.97,29.39,0,6.1,25.32,0.5,1.0,60.0,6,1,0.3035,Estabilizado,Operação Normal
2026-08-22T18:53:11.115751,5185-10,34076,2,TERM. PQ. D. PEDRO II,TERM. GUARAPIRANGA,5,15:53,7,8.6,7,20.0,21.64,21.17,0.0,10000,3.6,800,3.24,16.32,31.86,1,6.1,50.18,0.5,1.0,64.29,9,2,0.3764,Estabilizado,Operação Normal
2026-08-22T18:53:11.115751,7053-10,34655,2,TERM. CAMPO LIMPO,JD. MACEDÔNIA,5,15:53,2,30.0,2,20.0,21.64,21.17,0.0,10000,3.6,800,4.61,15.85,29.25,0,6.1,34.77,0.5,0.667,75.0,3,1,0.398,Estabilizado,Operação Normal
2026-08-22T18:53:11.115751,4491-10,327,1,TERM. PQ. D. PEDRO II,VL. LIVIERO,5,15:53,1,60.0,1,20.0,21.64,21.17,0.0,10000,3.6,800,2.24,20.12,24.37,1,6.1,43.18,0.5,0.333,100.0,2,1,0.5149,Estabilizado,Operação Normal
2026-08-22T18:53:11.115751,8615-10,1339,1,TERM. PQ. D. PEDRO II,PQ. DA LAPA,5,15:53,4,15.0,4,20.0,21.64,21.17,0.0,10000,3.6,800,4.43,18.13,31.9,1,6.1,58.51,0.5,1.0,75.0,6,2,0.424,Estabilizado,Operação Normal
2026-08-22T18:53:11.115751,5127-10,33895,2,EST. JURUBATUBA,VL. GUACURI,5,15:53,8,7.5,8,20.0,21.64,21.17,0.0,10000,3.6,800,3.63,23.22,34.72,0,6.1,27.91,0.5,1.0,62.5,10,2,0.3163,Estabilizado,Operação Normal
2026-08-22T18:53:11.115751,5031-10,1746,1,TERM. SACOMÃ,VL. ARAPUÁ,5,15:53,6,10.0,6,20.0,21.64,21.17,0.0,10000,3.6,800,2.69,41.27,47.45,1,6.1,46.33,0.5,1.0,66.67,8,2,0.3728,Estabilizado,Operação Normal
2026-08-22T18:53:11.115751,8010-10,33566,2,LAPA,PERUS,5,15:53,10,6.0,11,20.0,21.64,21.17,0.0,10000,3.6,800,3.08,18.9,29.65,1,6.1,49.06,0.5,1.0,75.0,15,5,0.4004,Estabilizado,Operação Normal
2026-08-22T18:53:11.115751,2772-10,398,1,METRÔ PENHA,JD. NAZARÉ,5,15:53,3,20.0,3,20.0,21.64,21.17,0.0,10000,3.6,800,2.89,18.83,19.61,0,6.1,22.73,0.5,1.0,66.67,4,1,0.3138,Estabilizado,Operação Normal
2026-08-22T18:53:11.115751,148L-10,531,1,LAPA,COHAB ANTÁRTICA,5,15:53,9,6.7,9,20.0,21.64,21.17,0.0,10000,3.6,800,1.63,28.93,34.59,1,6.1,38.91,0.5,1.0,66.67,12,3,0.3542,Estabilizado,Operação Normal
2026-08-22T18:53:11.115751,N633-11,2398,1,MORUMBI SHOP.,METRÔ JABAQUARA,5,15:53,1,60.0,1,20.0,21.64,21.17,0.0,10000,3.6,800,3.05,22.53,35.77,0,6.1,23.85,0.5,0.333,100.0,2,1,0.4666,Estabilizado,Operação Normal
2026-08-22T18:53:11.115751,8000-1,35274,2,PÇA. RAMOS DE AZEVEDO,TERM. LAPA,5,15:53,3,20.0,3,20.0,21.64,21.17,0.0,10000,3.6,800,3.65,20.86,33.38,1,6.1,53.05,0.5,1.0,66.67,4,1,0.3896,Estabilizado,Operação Normal
2026-08-22T18:53:11.115751,6083-10,1733,1,TERM. GRAJAÚ,JD. ELIANA,5,15:53,1,60.0,1,20.0,21.64,21.17,0.0,10000,3.6,800,6.38,15.14,34.67,0,6.1,47.16,0.5,0.333,100.0,2,1,0.5248,Estabilizado,Operação Normal
2026-08-22T18:53:11.115751,875A-10,33377,2,PERDIZES,AEROPORTO,5,15:53,5,12.0,5,20.0,21.64,21.17,0.0,10000,3.6,800,3.09,29.54,25.75,1,6.1,49.13,0.5,1.0,70.0,7,2,0.3881,Estabilizado,Operação Normal
2026-08-22T18:53:11.115751,407F-10,34935,2,METRÔ BELÉM,TERM. SÃO MATEUS,5,15:53,5,12.0,5,20.0,21.64,21.17,0.0,10000,3.6,800,3.87,18.77,31.31,1,6.1,54.59,0.5,1.0,70.0,7,2,0.4017,Estabilizado,Operação Normal
2026-08-22T18:53:11.115751,776M-10,35448,2,AEROPORTO,TERM. ÁGUA ESPRAIADA,5,15:53,3,20.0,3,20.0,21.64,21.17,0.0,10000,3.6,800,2.72,26.42,38.71,1,6.1,46.54,0.5,1.0,66.67,4,1,0.3733,Estabilizado,Operação Normal
2026-08-22T18:53:11.115751,737A-10,34498,2,TERM. STO. AMARO,TERM. JD. ÂNGELA,5,15:53,10,6.0,11,20.0,21.64,21.17,0.0,10000,3.6,800,3.93,16.25,33.53,0,6.1,30.01,0.5,1.0,65.0,13,3,0.3278,Estabilizado,Operação Normal
2026-08-22T18:53:11.115751,847P-42,34192,2,VL. OLÍMPIA,BRASILÂNDIA,5,15:53,2,30.0,2,20.0,21.64,21.17,0.0,10000,3.6,800,3.68,17.77,26.51,0,6.1,28.26,0.5,0.667,75.0,3,1,0.3817,Estabilizado,Operação Normal
2026-08-22T18:53:11.115751,875P-10,1341,1,METRÔ ANA ROSA,METRÔ BARRA FUNDA,5,15:53,2,30.0,2,20.0,21.64,21.17,0.0,10000,3.6,800,4.0,11.07,20.49,0,6.1,30.5,0.5,0.667,75.0,3,1,0.3873,Estabilizado,Operação Normal
2026-08-22T18:53:11.115751,2059-10,33028,2,CPTM GUAIANASES,SÃO MIGUEL,5,15:53,5,12.0,5,20.0,21.64,21.17,0.0,10000,3.6,800,2.96,21.41,32.89,1,6.1,48.22,0.5,1.0,70.0,7,2,0.3858,Estabilizado,Operação Normal
2026-08-22T18:53:11.115751,390E-10,1882,1,TERM. PQ. D. PEDRO II,TERM. PENHA,5,15:53,2,30.0,2,20.0,21.64,21.17,0.0,10000,3.6,800,3.5,18.59,31.34,1,6.1,52.0,0.5,0.667,75.0,3,1,0.441,Estabilizado,Operação Normal
2026-08-22T18:53:11.115751,715M-10,33258,2,LGO. DA PÓLVORA,JD. MARIA LUIZA,5,15:53,3,20.0,3,20.0,21.64,21.17,0.0,10000,3.6,800,2.85,19.23,31.65,0,6.1,22.45,0.5,1.0,66.67,4,1,0.3131,Estabilizado,Operação Normal
2026-08-22T18:53:11.115751,4725-10,33106,2,SHOP. IBIRAPUERA,VL. BRASILINA,5,15:53,3,20.0,3,20.0,21.64,21.17,0.0,10000,3.6,800,1.2,24.23,27.58,0,6.1,10.9,0.5,1.0,66.67,4,1,0.2842,Estabilizado,Operação Normal
2026-08-22T18:53:11.115751,3729-10,1026,1,METRÔ CARRÃO,SHOP. ARICANDUVA,5,15:53,6,10.0,6,20.0,21.64,21.17,0.0,10000,3.6,800,2.44,22.93,31.11,1,6.1,44.58,0.5,1.0,66.67,8,2,0.3684,Estabilizado,Operação Normal
2026-08-22T18:53:11.115751,4709-10,33101,2,METRÔ VL. MARIANA,JD. SÃO SAVÉRIO,5,15:53,4,15.0,4,20.0,21.64,21.17,0.0,10000,3.6,800,2.7,19.75,29.88,0,6.1,21.4,0.5,1.0,62.5,5,1,0.3,Estabilizado,Operação Normal
2026-08-22T18:53:11.115751,8078-10,2080,1,HOSP. CAMPO LIMPO,JD. DAS PALMAS,5,15:53,2,30.0,2,20.0,21.64,21.17,0.0,10000,3.6,800,7.56,11.46,24.73,0,6.1,55.42,0.5,0.667,75.0,3,1,0.4496,Estabilizado,Operação Normal
2026-08-22T18:53:11.115751,3795-10,1073,1,METRÔ ITAQUERA,JD. SÃO CARLOS,5,15:53,4,15.0,4,20.0,21.64,21.17,0.0,10000,3.6,800,2.61,26.36,37.56,1,6.1,45.77,0.5,1.0,75.0,6,2,0.3922,Estabilizado,Operação Normal
2026-08-22T18:53:11.115751,2013-10,899,1,CACHOEIRINHA,COHAB ANTÁRTICA,5,15:53,4,15.0,4,20.0,21.64,21.17,0.0,10000,3.6,800,5.66,16.64,34.51,0,6.1,42.12,0.5,1.0,62.5,5,1,0.3518,Estabilizado,Operação Normal
2026-08-22T18:53:11.115751,6051-10,33911,2,TERM. EST. VARGINHA,JD. ITAJAÍ,5,15:53,2,30.0,2,20.0,21.64,21.17,0.0,10000,3.6,800,3.02,21.74,21.81,0,6.1,23.64,0.5,0.667,75.0,3,1,0.3702,Estabilizado,Operação Normal
2026-08-22T18:53:11.115751,6026-10,87,1,TERM. STO. AMARO,JD. ICARAÍ,5,15:53,3,20.0,3,20.0,21.64,21.17,0.0,10000,3.6,800,2.87,14.88,26.22,0,6.1,22.59,0.5,1.0,66.67,4,1,0.3134,Estabilizado,Operação Normal
2026-08-22T18:53:11.115751,6080-10,1168,1,SHOP. INTERLAGOS,JD. LUCÉLIA,5,15:53,4,15.0,4,20.0,21.64,21.17,0.0,10000,3.6,800,2.96,21.43,25.8,0,6.1,23.22,0.5,1.0,62.5,5,1,0.3045,Estabilizado,Operação Normal
2026-08-22T18:53:11.115751,475R-10,33112,2,TERM. PQ. D. PEDRO II,JD. SÃO SAVÉRIO,5,15:53,5,12.0,5,20.0,21.64,21.17,0.0,10000,3.6,800,5.43,15.43,31.03,1,6.1,65.51,0.5,1.0,70.0,7,2,0.429,Estabilizado,Operação Normal
2026-08-22T18:53:11.115751,4311-10,34939,2,TERM. PQ. D. PEDRO II,TERM. SÃO MATEUS,5,15:53,5,12.0,5,20.0,21.64,21.17,0.0,10000,3.6,800,3.26,28.94,37.51,1,6.1,50.32,0.5,1.0,70.0,7,2,0.3911,Estabilizado,Operação Normal
2026-08-22T18:53:11.115751,2626-10,376,1,TERM. PQ. D. PEDRO II,JD. NAZARÉ,5,15:53,3,20.0,3,20.0,21.64,21.17,0.0,10000,3.6,800,3.08,19.04,30.12,1,6.1,49.06,0.5,1.0,66.67,4,1,0.3796,Estabilizado,Operação Normal
2026-08-22T18:53:11.115751,8677-10,33211,2,LGO. DO PAISSANDÚ,JD. LÍBANO,5,15:53,4,15.0,4,20.0,21.64,21.17,0.0,10000,3.6,800,2.65,13.45,24.59,1,6.1,46.05,0.5,1.0,75.0,6,2,0.3929,Estabilizado,Operação Normal
2026-08-22T18:53:11.115751,695D-10,114,1,METRÔ JABAQUARA,JD. STA. BARBARA,5,15:53,4,15.0,4,20.0,21.64,21.17,0.0,10000,3.6,800,8.4,7.21,24.57,1,6.1,86.3,0.5,1.0,75.0,6,2,0.4935,Estabilizado,Operação Normal
2026-08-22T18:53:11.115751,373M-10,281,1,SHOP. METRÔ TATUAPÉ,JD. GUAIRACÁ,5,15:53,1,60.0,1,20.0,21.64,21.17,0.0,10000,3.6,800,3.17,30.32,44.48,0,6.1,24.69,0.5,0.333,100.0,2,1,0.4687,Estabilizado,Operação Normal
2026-08-22T18:53:11.115751,9005-10,33640,2,TERM. CACHOEIRINHA,JD. PRINCESA,5,15:53,6,10.0,6,20.0,21.64,21.17,0.0,10000,3.6,800,3.42,22.43,33.44,0,6.1,26.44,0.5,1.0,58.33,7,1,0.3022,Estabilizado,Operação Normal
2026-08-22T18:53:11.115751,9011-21,34536,2,CITY JARAGUÁ,CPTM JARAGUÁ,5,15:53,5,12.0,5,20.0,21.64,21.17,0.0,10000,3.6,800,3.13,11.39,32.53,0,6.1,24.41,0.5,1.0,60.0,6,1,0.3013,Estabilizado,Operação Normal
2026-08-22T18:53:11.115751,3763-10,1054,1,METRÔ TATUAPÉ,TERM. VL. CARRÃO,5,15:53,7,8.6,7,20.0,21.64,21.17,0.0,10000,3.6,800,2.95,17.79,27.93,0,6.1,23.15,0.5,1.0,64.29,9,2,0.3089,Estabilizado,Operação Normal
2026-08-22T18:53:11.115751,971A-10,33426,2,SHOP. D,JD. PRIMAVERA,5,15:53,3,20.0,3,20.0,21.64,21.17,0.0,10000,3.6,800,2.95,24.02,21.27,0,6.1,23.15,0.5,1.0,66.67,4,1,0.3148,Estabilizado,Operação Normal
2026-08-22T18:53:11.115751,848L-10,808,1,TERM. PIRITUBA,RECANTO DOS HUMILDES,5,15:53,4,15.0,4,20.0,21.64,21.17,0.0,10000,3.6,800,3.03,12.41,17.6,0,6.1,23.71,0.5,1.0,62.5,5,1,0.3058,Estabilizado,Operação Normal
2026-08-22T18:53:11.115751,1721-10,666,1,METRÔ CARANDIRU,VL. SABRINA,5,15:53,3,20.0,3,20.0,21.64,21.17,0.0,10000,3.6,800,3.45,16.1,28.67,0,6.1,26.65,0.5,1.0,66.67,4,1,0.3236,Estabilizado,Operação Normal
2026-08-22T18:53:11.115751,1772-10,635,1,METRÔ TUCURUVI,RECANTO VERDE,5,15:53,3,20.0,3,20.0,21.64,21.17,0.0,10000,3.6,800,4.99,17.51,28.48,0,6.1,37.43,0.5,1.0,66.67,4,1,0.3505,Estabilizado,Operação Normal
2026-08-22T18:53:11.115751,1178-10,132,1,PÇA. DO CORREIO,SÃO MIGUEL,5,15:53,6,10.0,6,20.0,21.64,21.17,0.0,10000,3.6,800,2.77,27.52,37.45,0,6.1,21.89,0.5,1.0,58.33,7,1,0.2908,Estabilizado,Operação Normal
2026-08-22T18:53:11.115751,3901-10,1469,1,METRÔ PENHA,JD. DANFER,5,15:53,2,30.0,2,20.0,21.64,21.17,0.0,10000,3.6,800,3.3,28.02,37.28,0,6.1,25.6,0.5,0.667,75.0,3,1,0.375,Estabilizado,Operação Normal
2026-08-22T18:53:11.115751,574W-10,1629,1,METRÔ BELÉM,JD. WALKIRIA,5,15:53,5,12.0,5,20.0,21.64,21.17,0.0,10000,3.6,800,3.18,20.94,34.63,1,6.1,49.76,0.5,1.0,70.0,7,2,0.3896,Estabilizado,Operação Normal
2026-08-22T18:53:11.115751,3778-10,1062,1,METRÔ CARRÃO,JD. STA. TEREZINHA,5,15:53,5,12.0,5,20.0,21.64,21.17,0.0,10000,3.6,800,3.99,18.23,32.87,0,6.1,30.43,0.5,1.0,60.0,6,1,0.3163,Estabilizado,Operação Normal
2026-08-22T18:53:11.115751,1017-10,2141,1,CONEXÃO VL. IÓRIO,PERUS,5,15:53,3,20.0,3,20.0,21.64,21.17,0.0,10000,3.6,800,2.99,23.2,31.83,0,6.1,23.43,0.5,1.0,66.67,4,1,0.3155,Estabilizado,Operação Normal
2026-08-22T18:53:11.115751,958P-10,33233,2,VL. OLÍMPIA,JD. NARDINI,5,15:53,2,30.0,2,20.0,21.64,21.17,0.0,10000,3.6,800,3.04,21.1,32.71,0,6.1,23.78,0.5,0.667,75.0,3,1,0.3705,Estabilizado,Operação Normal
2026-08-22T18:53:11.115751,172K-10,33625,2,METRÔ TATUAPÉ,JD. TREMEMBÉ,5,15:53,10,6.0,11,20.0,21.64,21.17,0.0,10000,3.6,800,3.39,21.91,31.31,0,6.1,26.23,0.5,1.0,65.0,13,3,0.3183,Estabilizado,Operação Normal
2026-08-22T18:53:11.115751,1720-10,33631,2,CANTAREIRA,JD. GUANCÃ,5,15:53,8,7.5,8,20.0,21.64,21.17,0.0,10000,3.6,800,4.07,13.79,29.41,0,6.1,30.99,0.5,1.0,62.5,10,2,0.324,Estabilizado,Operação Normal
2026-08-22T18:53:11.115751,2363-10,32903,2,TERM. PQ. D. PEDRO II,JD. DANFER,5,15:53,5,12.0,5,20.0,21.64,21.17,0.0,10000,3.6,800,4.08,19.25,27.83,1,6.1,56.06,0.5,1.0,70.0,7,2,0.4054,Estabilizado,Operação Normal
2026-08-22T18:53:11.115751,7022-10,34852,2,TERM. STO. AMARO,JD. CAIÇARA,5,15:53,3,20.0,3,20.0,21.64,21.17,0.0,10000,3.6,800,3.33,23.46,36.14,0,6.1,25.81,0.5,1.0,66.67,4,1,0.3215,Estabilizado,Operação Normal
2026-08-22T18:53:11.115751,746H-10,785,1,STO. AMARO,JD. JAQUELINE,5,15:53,7,8.6,7,20.0,21.64,21.17,0.0,10000,3.6,800,2.36,27.55,35.12,1,6.1,44.02,0.5,1.0,64.29,9,2,0.361,Estabilizado,Operação Normal
2026-08-22T18:53:11.115751,297A-10,2133,1,METRÔ BARRA FUNDA,VL. SANTA MARIA,5,15:53,2,30.0,2,20.0,21.64,21.17,0.0,10000,3.6,800,4.81,18.16,30.77,1,6.1,61.17,0.5,0.667,75.0,3,1,0.464,Estabilizado,Operação Normal
2026-08-22T18:53:11.115751,2104-10,2255,1,TERM. PQ. D. PEDRO II,METRÔ SANTANA,5,15:53,1,60.0,1,20.0,21.64,21.17,0.0,10000,3.6,800,3.07,23.41,36.57,0,6.1,23.99,0.5,0.333,100.0,2,1,0.4669,Estabilizado,Operação Normal
2026-08-22T18:53:11.115751,273J-10,33157,2,METRÔ PENHA,JD. ROMANO,5,15:53,7,8.6,7,20.0,21.64,21.17,0.0,10000,3.6,800,3.55,21.27,33.21,1,6.1,52.35,0.5,1.0,71.43,10,3,0.3997,Estabilizado,Operação Normal
2026-08-22T18:53:11.115751,9500-10,461,1,PÇA. DO CORREIO,TERM. CACHOEIRINHA,5,15:53,4,15.0,4,20.0,21.64,21.17,0.0,10000,3.6,800,3.87,15.51,29.95,1,6.1,54.59,0.5,1.0,75.0,6,2,0.4142,Estabilizado,Operação Normal
2026-08-22T18:53:11.115751,407H-10,34965,2,METRÔ ITAQUERA,JD. SÃO FRANCISCO,5,15:53,8,7.5,8,20.0,21.64,21.17,0.0,10000,3.6,800,3.18,22.15,30.88,1,6.1,49.76,0.5,1.0,68.75,11,3,0.3865,Estabilizado,Operação Normal
2026-08-22T18:53:11.115751,938C-10,33354,2,TERM. PRINC. ISABEL,COHAB TAIPAS,5,15:53,3,20.0,3,20.0,21.64,21.17,0.0,10000,3.6,800,6.89,10.37,25.46,1,6.1,75.73,0.5,1.0,83.33,5,2,0.4879,Estabilizado,Operação Normal
2026-08-22T18:53:11.115751,8600-10,1432,1,LGO. DO PAISSANDU,TERM. PIRITUBA,5,15:53,3,20.0,3,20.0,21.64,21.17,0.0,10000,3.6,800,2.53,15.91,26.93,1,6.1,45.21,0.5,1.0,66.67,4,1,0.37,Estabilizado,Operação Normal
2026-08-22T18:53:11.115751,3024-10,33045,2,TERM. VL PRUDENTE,VL. INDUSTRIAL,5,15:53,2,30.0,2,20.0,21.64,21.17,0.0,10000,3.6,800,2.44,24.0,30.23,0,6.1,19.58,0.5,0.667,75.0,3,1,0.36,Estabilizado,Operação Normal
2026-08-22T18:53:11.115751,2104-10,35023,2,TERM. PQ. D. PEDRO II,METRÔ SANTANA,5,15:53,5,12.0,5,20.0,21.64,21.17,0.0,10000,3.6,800,4.16,17.55,31.71,1,6.1,56.62,0.5,1.0,70.0,7,2,0.4068,Estabilizado,Operação Normal
2026-08-22T18:53:11.115751,6804-10,32798,2,TERM. JOÃO DIAS,JD. INGÁ,5,15:53,2,30.0,2,20.0,21.64,21.17,0.0,10000,3.6,800,8.84,4.88,20.05,0,6.1,64.38,0.5,0.667,75.0,3,1,0.472,Estabilizado,Operação Normal
2026-08-22T18:53:11.115751,9789-10,33597,2,METRÔ BARRA FUNDA,JD. PAULISTANO,5,15:53,5,12.0,5,20.0,21.64,21.17,0.0,10000,3.6,800,3.12,20.4,29.0,1,6.1,49.34,0.5,1.0,70.0,7,2,0.3886,Estabilizado,Operação Normal
2026-08-22T18:53:11.115751,637P-10,32815,2,TERM. PINHEIROS,TERM. STO. AMARO,5,15:53,7,8.6,7,20.0,21.64,21.17,0.0,10000,3.6,800,3.57,19.71,29.65,0,6.1,27.49,0.5,1.0,64.29,9,2,0.3197,Estabilizado,Operação Normal
2026-08-22T18:53:11.115751,6L11-10,1167,1,TERM. GRAJAÚ,ILHA DO BORORÉ,5,15:53,2,30.0,2,20.0,21.64,21.17,0.0,10000,3.6,800,8.4,7.99,23.98,0,6.1,61.3,0.5,0.667,75.0,3,1,0.4643,Estabilizado,Operação Normal
2026-08-22T18:53:11.115751,6075-10,33930,2,TERM. VARGINHA,JD. REC. CAMPO BELO,5,15:53,5,12.0,5,20.0,21.64,21.17,0.0,10000,3.6,800,7.8,12.0,29.0,0,6.1,57.1,0.5,1.0,70.0,7,2,0.408,Estabilizado,Operação Normal
2026-08-22T18:53:11.115751,4706-10,299,1,METRÔ VL. MARIANA,JD. MARIA ESTELA II,5,15:53,2,30.0,2,20.0,21.64,21.17,0.0,10000,3.6,800,6.69,16.81,33.96,0,6.1,49.33,0.5,0.667,75.0,3,1,0.4344,Estabilizado,Operação Normal
2026-08-22T18:53:11.115751,6726-10,1193,1,JD. GAIVOTAS   ,TERM. GRAJAÚ,5,15:53,5,12.0,5,20.0,21.64,21.17,0.0,10000,3.6,800,7.33,11.3,28.28,0,6.1,53.81,0.5,1.0,70.0,7,2,0.3998,Estabilizado,Operação Normal
2026-08-22T18:53:11.115751,4004-10,34946,2,BARRO BRANCO,TERM. CID. TIRADENTES,5,15:53,2,30.0,2,20.0,21.64,21.17,0.0,10000,3.6,800,5.71,18.02,29.33,0,6.1,42.47,0.5,0.667,75.0,3,1,0.4172,Estabilizado,Operação Normal
2026-08-22T18:53:11.115751,3743-10,1043,1,METRÔ ITAQUERA,SÃO MATEUS,5,15:53,2,30.0,2,20.0,21.64,21.17,0.0,10000,3.6,800,1.75,24.97,30.52,0,6.1,14.75,0.5,0.667,75.0,3,1,0.3479,Estabilizado,Operação Normal
2026-08-22T18:53:11.115751,373T-10,33859,2,METRÔ BRESSER,JD. ITÁPOLIS,5,15:53,8,7.5,8,20.0,21.64,21.17,0.0,10000,3.6,800,4.05,18.05,31.04,0,6.1,30.85,0.5,1.0,62.5,10,2,0.3236,Estabilizado,Operação Normal
2026-08-22T18:53:11.115751,6074-10,1161,1,EST. JURUBATUBA,JD. GAIVOTAS,5,15:53,3,20.0,3,20.0,21.64,21.17,0.0,10000,3.6,800,5.76,17.64,33.59,0,6.1,42.82,0.5,1.0,66.67,4,1,0.364,Estabilizado,Operação Normal
2026-08-22T18:53:11.115751,7006-10,34763,2,JD. ÂNGELA,JD. HORIZONTE AZUL,5,15:53,5,12.0,5,20.0,21.64,21.17,0.0,10000,3.6,800,8.35,4.19,13.15,0,6.1,60.95,0.5,1.0,70.0,7,2,0.4176,Estabilizado,Operação Normal
2026-08-22T18:53:11.115751,4021-10,2548,1,VL. CHUCA,METRÔ ITAQUERA,5,15:53,2,30.0,2,20.0,21.64,21.17,0.0,10000,3.6,800,4.95,19.85,30.5,0,6.1,37.15,0.5,0.667,75.0,3,1,0.4039,Estabilizado,Operação Normal
2026-08-22T18:53:11.115751,373L-10,1027,1,METRÔ ITAQUERA,JD. LIMOEIRO,5,15:53,2,30.0,2,20.0,21.64,21.17,0.0,10000,3.6,800,1.94,43.92,44.22,0,6.1,16.08,0.5,0.667,75.0,3,1,0.3512,Estabilizado,Operação Normal
2026-08-22T18:53:11.115751,2008-10,33665,2,CPTM ITAIM PAULISTA,JD. NSA. SRA. DO CAMINHO,5,15:53,3,20.0,3,20.0,21.64,21.17,0.0,10000,3.6,800,5.59,17.39,33.03,0,6.1,41.63,0.5,1.0,66.67,4,1,0.361,Estabilizado,Operação Normal
2026-08-22T18:53:11.115751,372F-10,1015,1,METRÔ BRESSER,UNIV. SÃO JUDAS TADEU,5,15:53,2,30.0,2,20.0,21.64,21.17,0.0,10000,3.6,800,4.15,22.99,35.57,0,6.1,31.55,0.5,0.667,75.0,3,1,0.3899,Estabilizado,Operação Normal
2026-08-22T18:53:11.115751,107T-10,621,1,TERM. PINHEIROS,METRÔ TUCURUVI,5,15:53,6,10.0,6,20.0,21.64,21.17,0.0,10000,3.6,800,2.81,19.91,30.16,1,6.1,47.17,0.5,1.0,66.67,8,2,0.3749,Estabilizado,Operação Normal
2026-08-22T18:53:11.115751,7903-10,33280,2,PÇA. RAMOS DE AZEVEDO,JD. JOÃO XXIII/EDUC.,5,15:53,6,10.0,6,20.0,21.64,21.17,0.0,10000,3.6,800,3.56,19.1,29.88,1,6.1,52.42,0.5,1.0,66.67,8,2,0.388,Estabilizado,Operação Normal
2026-08-22T18:53:11.115751,714C-10,487,1,PAULISTA,COHAB EDUCANDÁRIO,5,15:53,2,30.0,2,20.0,21.64,21.17,0.0,10000,3.6,800,3.59,26.81,31.79,0,6.1,27.63,0.5,0.667,75.0,3,1,0.3801,Estabilizado,Operação Normal
2026-08-22T18:53:11.115751,2740-10,1792,1,METRÔ SANTANA,PEDRA BRANCA,5,15:53,3,20.0,3,20.0,21.64,21.17,0.0,10000,3.6,800,3.01,11.29,27.95,0,6.1,23.57,0.5,1.0,66.67,4,1,0.3159,Estabilizado,Operação Normal
2026-08-22T18:53:11.115751,3789-10,33835,2,METRÔ ITAQUERA,CID. TIRADENTES,5,15:53,5,12.0,5,20.0,21.64,21.17,0.0,10000,3.6,800,3.09,44.85,46.29,0,6.1,24.13,0.5,1.0,60.0,6,1,0.3006,Estabilizado,Operação Normal
2026-08-22T18:53:11.115751,7005-10,1998,1,JD. ÂNGELA,JD. VERA CRUZ,5,15:53,2,30.0,2,20.0,21.64,21.17,0.0,10000,3.6,800,1.62,25.26,30.47,0,6.1,13.84,0.5,0.667,75.0,3,1,0.3456,Estabilizado,Operação Normal
2026-08-22T18:53:11.115751,847P-10,33191,2,VL. OLÍMPIA,TERM. PIRITUBA,5,15:53,6,10.0,6,20.0,21.64,21.17,0.0,10000,3.6,800,3.26,17.63,30.38,1,6.1,50.32,0.5,1.0,66.67,8,2,0.3827,Estabilizado,Operação Normal
2026-08-22T18:53:11.115751,1738-10,672,1,METRÔ SANTANA,VL. CONSTANÇA,5,15:53,3,20.0,3,20.0,21.64,21.17,0.0,10000,3.6,800,4.42,9.45,27.24,1,6.1,58.44,0.5,1.0,66.67,4,1,0.403,Estabilizado,Operação Normal
2026-08-22T18:53:11.115751,6014-10,32956,2,TERM. STO. AMARO,TERM. JD. JACIRA,5,15:53,5,12.0,5,20.0,21.64,21.17,0.0,10000,3.6,800,4.44,18.52,30.92,0,6.1,33.58,0.5,1.0,60.0,6,1,0.3242,Estabilizado,Operação Normal
2026-08-22T18:53:11.115751,877T-10,34149,2,METRÔ PARAÍSO,VL. ANASTÁCIO,5,15:53,3,20.0,3,20.0,21.64,21.17,0.0,10000,3.6,800,6.93,12.34,37.42,1,6.1,76.01,0.5,1.0,83.33,5,2,0.4886,Estabilizado,Operação Normal
2026-08-22T18:53:11.115751,9005-10,872,1,TERM. CACHOEIRINHA,JD. PRINCESA,5,15:53,6,10.0,6,20.0,21.64,21.17,0.0,10000,3.6,800,3.19,18.53,27.55,0,6.1,24.83,0.5,1.0,58.33,7,1,0.2981,Estabilizado,Operação Normal
2026-08-22T18:53:11.115751,775V-10,33243,2,ITAIM BIBI,RIO PEQUENO,5,15:53,3,20.0,3,20.0,21.64,21.17,0.0,10000,3.6,800,2.69,26.17,31.06,0,6.1,21.33,0.5,1.0,66.67,4,1,0.3103,Estabilizado,Operação Normal
2026-08-22T18:53:11.115751,5103-10,1646,1,MOEMA,TERM. SACOMÃ,5,15:53,2,30.0,2,20.0,21.64,21.17,0.0,10000,3.6,800,2.82,16.85,28.51,0,6.1,22.24,0.5,0.667,75.0,3,1,0.3666,Estabilizado,Operação Normal
2026-08-22T18:53:11.115751,4706-10,33067,2,METRÔ VL. MARIANA,JD. MARIA ESTELA II,5,15:53,3,20.0,3,20.0,21.64,21.17,0.0,10000,3.6,800,3.42,15.99,28.42,0,6.1,26.44,0.5,1.0,66.67,4,1,0.323,Estabilizado,Operação Normal
2026-08-22T18:53:11.115751,3026-10,962,1,CPTM GUAIANASES,VL. IOLANDA II,5,15:53,6,10.0,6,20.0,21.64,21.17,0.0,10000,3.6,800,3.24,26.12,30.82,1,6.1,50.18,0.5,1.0,66.67,8,2,0.3824,Estabilizado,Operação Normal
2026-08-22T18:53:11.115751,6L10-41,34773,2,TERM. VARGINHA,MESSIÂNICA,5,15:53,5,12.0,5,20.0,21.64,21.17,0.0,10000,3.6,800,6.54,10.34,23.97,0,6.1,48.28,0.5,1.0,70.0,7,2,0.386,Estabilizado,Operação Normal
2026-08-22T18:53:11.115751,4732-31,34895,2,METRÔ SAÚDE,VL. LIVIERO,5,15:53,3,20.0,3,20.0,21.64,21.17,0.0,10000,3.6,800,3.1,28.76,35.5,1,6.1,49.2,0.5,1.0,66.67,4,1,0.3799,Estabilizado,Operação Normal
2026-08-22T18:53:11.115751,6115-10,33953,2,TERM. GRAJAÚ,CANTINHO DO CÉU,5,15:53,4,15.0,4,20.0,21.64,21.17,0.0,10000,3.6,800,8.48,7.24,22.48,0,6.1,61.86,0.5,1.0,75.0,6,2,0.4324,Estabilizado,Operação Normal
2026-08-22T18:53:11.115751,119C-10,33429,2,TERM. PRINC. ISABEL,PQ. EDU CHAVES,5,15:53,5,12.0,5,20.0,21.64,21.17,0.0,10000,3.6,800,3.33,26.46,36.45,0,6.1,25.81,0.5,1.0,60.0,6,1,0.3048,Estabilizado,Operação Normal
2026-08-22T18:53:11.115751,4222-10,33056,2,MOOCA,PQ. STA. MADALENA,5,15:53,3,20.0,3,20.0,21.64,21.17,0.0,10000,3.6,800,3.28,22.58,33.25,0,6.1,25.46,0.5,1.0,66.67,4,1,0.3206,Estabilizado,Operação Normal
2026-08-22T18:53:11.115751,6824-10,23,1,TERM. CAPELINHA,PQ. FERNANDA,5,15:53,3,20.0,3,20.0,21.64,21.17,0.0,10000,3.6,800,4.34,17.77,33.16,1,6.1,57.88,0.5,1.0,66.67,4,1,0.4016,Estabilizado,Operação Normal
2026-08-22T18:53:11.115751,476G-41,33880,2,METRÔ ANA ROSA,VL. INDUSTRIAL,5,15:53,3,20.0,3,20.0,21.64,21.17,0.0,10000,3.6,800,3.38,21.98,35.59,0,6.1,26.16,0.5,1.0,66.67,4,1,0.3223,Estabilizado,Operação Normal
2026-08-22T18:53:11.115751,1757-10,33316,2,METRÔ SANTANA ,CONJ. DOS BANCÁRIOS,5,15:53,3,20.0,3,20.0,21.64,21.17,0.0,10000,3.6,800,2.76,24.92,34.45,0,6.1,21.82,0.5,1.0,66.67,4,1,0.3115,Estabilizado,Operação Normal
2026-08-22T18:53:11.115751,4093-10,35216,2,TERM. CID. TIRADENTES,CID. TIRADENTES,5,15:53,5,12.0,5,20.0,21.64,21.17,0.0,10000,3.6,800,5.72,17.84,29.23,0,6.1,42.54,0.5,1.0,70.0,7,2,0.3716,Estabilizado,Operação Normal
2026-08-22T18:53:11.115751,677V-10,32880,2,TERM. GRAJAÚ,JD. ALPINO,5,15:53,4,15.0,4,20.0,21.64,21.17,0.0,10000,3.6,800,6.9,12.3,28.22,0,6.1,50.8,0.5,1.0,75.0,6,2,0.4047,Estabilizado,Operação Normal
2026-08-22T18:53:11.115751,3766-10,33823,2,METRÔ ITAQUERA,COHAB II,5,15:53,8,7.5,8,20.0,21.64,21.17,0.0,10000,3.6,800,3.48,23.8,32.24,1,6.1,51.86,0.5,1.0,68.75,11,3,0.3918,Estabilizado,Operação Normal
2026-08-22T18:53:11.115751,1787-10,650,1,METRÔ SANTANA,VL. MARIETA,5,15:53,1,60.0,1,20.0,21.64,21.17,0.0,10000,3.6,800,3.08,12.72,32.12,0,6.1,24.06,0.5,0.333,100.0,2,1,0.4671,Estabilizado,Operação Normal
2026-08-22T18:53:11.115751,1701-10,33613,2,METRÔ SANTANA,JOVA RURAL,5,15:53,4,15.0,4,20.0,21.64,21.17,0.0,10000,3.6,800,4.22,17.99,29.7,1,6.1,57.04,0.5,1.0,75.0,6,2,0.4204,Estabilizado,Operação Normal
2026-08-22T18:53:11.115751,4005-10,2179,1,BARRO BRANCO,TERM. CID. TIRADENTES,5,15:53,3,20.0,3,20.0,21.64,21.17,0.0,10000,3.6,800,5.33,19.07,29.54,0,6.1,39.81,0.5,1.0,66.67,4,1,0.3565,Estabilizado,Operação Normal
2026-08-22T18:53:11.115751,4035-10,2560,1,METRÔ ITAQUERA,GUAIANASES,5,15:53,2,30.0,2,20.0,21.64,21.17,0.0,10000,3.6,800,3.28,22.41,30.69,1,6.1,50.46,0.5,0.667,75.0,3,1,0.4372,Estabilizado,Operação Normal
2026-08-22T18:53:11.115751,4210-10,2170,1,TERM. PQ. D. PEDRO II,TERM. CID. TIRADENTES,5,15:53,7,8.6,7,20.0,21.64,21.17,0.0,10000,3.6,800,2.45,28.46,39.62,1,6.1,44.65,0.5,1.0,64.29,9,2,0.3626,Estabilizado,Operação Normal
2026-08-22T18:53:11.115751,4053-10,2146,1,CPTM GUAIANASES,GUAIANASES,5,15:53,3,20.0,3,20.0,21.64,21.17,0.0,10000,3.6,800,3.03,24.34,29.53,0,6.1,23.71,0.5,1.0,66.67,4,1,0.3162,Estabilizado,Operação Normal
2026-08-22T18:53:11.115751,2724-10,33706,2,CONJ. ARAUCÁRIA,METRÔ ARTUR ALVIM,5,15:53,4,15.0,4,20.0,21.64,21.17,0.0,10000,3.6,800,2.13,35.69,39.53,0,6.1,17.41,0.5,1.0,62.5,5,1,0.29,Estabilizado,Operação Normal
2026-08-22T18:53:11.115751,3745-10,33812,2,METRÔ TATUAPÉ,JD. IMPERADOR,5,15:53,3,20.0,3,20.0,21.64,21.17,0.0,10000,3.6,800,2.98,24.83,29.53,1,6.1,48.36,0.5,1.0,66.67,4,1,0.3778,Estabilizado,Operação Normal
2026-08-22T18:53:11.115751,3737-10,1037,1,SHOP.ARICANDUVA,METRÔ GUILHERMINA/ESPERANÇA,5,15:53,3,20.0,3,20.0,21.64,21.17,0.0,10000,3.6,800,1.91,25.92,32.74,1,6.1,40.87,0.5,1.0,66.67,4,1,0.3591,Estabilizado,Operação Normal
2026-08-22T18:53:11.115751,874C-10,33245,2,METRÔ - TRIANON - MASP ,PQ. CONTINENTAL,5,15:53,1,60.0,1,20.0,21.64,21.17,0.0,10000,3.6,800,2.45,24.05,33.05,0,6.1,19.65,0.5,0.333,100.0,2,1,0.4561,Estabilizado,Operação Normal
2026-08-22T18:53:11.115751,3134-10,33761,2,METRÔ TAMANDUATEÍ,SHOP. ARICANDUVA,5,15:53,4,15.0,4,20.0,21.64,21.17,0.0,10000,3.6,800,2.9,26.16,29.03,1,6.1,47.8,0.5,1.0,75.0,6,2,0.3972,Estabilizado,Operação Normal
2026-08-22T18:53:11.115751,5391-10,32939,2,LGO. SÃO FRANCISCO,JD. ÂNGELA,5,15:53,10,6.0,11,20.0,21.64,21.17,0.0,10000,3.6,800,3.51,16.5,28.46,1,6.1,52.07,0.5,1.0,75.0,15,5,0.4079,Estabilizado,Operação Normal
2026-08-22T18:53:11.115751,3206-10,2112,1,CONJ. CHAPARRAL,METRÔ PENHA,5,15:53,1,60.0,1,20.0,21.64,21.17,0.0,10000,3.6,800,3.6,27.66,38.28,0,6.1,27.7,0.5,0.333,100.0,2,1,0.4762,Estabilizado,Operação Normal
2026-08-22T18:53:11.115751,3462-10,33015,2,METRÔ TATUAPÉ,VL. SANTANA,5,15:53,2,30.0,2,20.0,21.64,21.17,0.0,10000,3.6,800,1.99,20.73,28.28,1,6.1,41.43,0.5,0.667,75.0,3,1,0.4146,Estabilizado,Operação Normal
2026-08-22T18:53:11.115751,2719-10,932,1,METRÔ VL. MATILDE,ERMELINO MATARAZZO,5,15:53,3,20.0,3,20.0,21.64,21.17,0.0,10000,3.6,800,2.68,19.57,28.87,1,6.1,46.26,0.5,1.0,66.67,4,1,0.3726,Estabilizado,Operação Normal
2026-08-22T18:53:11.115751,948A-10,1423,1,METRÔ BARRA FUNDA,VL. ZATT,5,15:53,2,30.0,2,20.0,21.64,21.17,0.0,10000,3.6,800,3.42,17.72,29.37,1,6.1,51.44,0.5,0.667,75.0,3,1,0.4396,Estabilizado,Operação Normal
2026-08-22T18:53:11.115751,5142-10,34394,2,TERM. PQ. D. PEDRO II,TERM. SAPOPEMBA,5,15:53,7,8.6,7,20.0,21.64,21.17,0.0,10000,3.6,800,3.41,18.94,29.2,1,6.1,51.37,0.5,1.0,71.43,10,3,0.3972,Estabilizado,Operação Normal
2026-08-22T18:53:11.115751,8026-10,34851,2,TERM. VL. SÔNIA,JD. INGÁ,5,15:53,3,20.0,3,20.0,21.64,21.17,0.0,10000,3.6,800,2.6,25.23,32.72,0,6.1,20.7,0.5,1.0,66.67,4,1,0.3087,Estabilizado,Operação Normal
2026-08-22T18:53:11.115751,273R-10,226,1,METRÔ ARTUR ALVIM,JD. ROBRU,5,15:53,4,15.0,4,20.0,21.64,21.17,0.0,10000,3.6,800,2.72,22.89,32.53,0,6.1,21.54,0.5,1.0,62.5,5,1,0.3004,Estabilizado,Operação Normal
2026-08-22T18:53:11.115751,857P-10,1926,1,PARAÍSO,TERM. CAMPO LIMPO,5,15:53,5,12.0,5,20.0,21.64,21.17,0.0,10000,3.6,800,3.91,17.52,27.5,0,6.1,29.87,0.5,1.0,60.0,6,1,0.3149,Estabilizado,Operação Normal
2026-08-22T18:53:11.115751,3796-10,1074,1,METRÔ ITAQUERA,GLEBA DO PESSEGO,5,15:53,3,20.0,3,20.0,21.64,21.17,0.0,10000,3.6,800,5.75,15.46,27.51,0,6.1,42.75,0.5,1.0,66.67,4,1,0.3638,Estabilizado,Operação Normal
2026-08-22T18:53:11.115751,7053-10,1887,1,TERM. CAMPO LIMPO,JD. MACEDÔNIA,5,15:53,3,20.0,3,20.0,21.64,21.17,0.0,10000,3.6,800,4.03,17.01,30.12,0,6.1,30.71,0.5,1.0,66.67,4,1,0.3337,Estabilizado,Operação Normal
2026-08-22T18:53:11.115751,7011-10,1952,1,JD. ÂNGELA,JD. DOS REIS,5,15:53,3,20.0,3,20.0,21.64,21.17,0.0,10000,3.6,800,8.35,5.02,15.88,0,6.1,60.95,0.5,1.0,83.33,5,2,0.4509,Estabilizado,Operação Normal
2026-08-22T18:53:11.115751,5108-10,34443,2,TERM. PQ. D. PEDRO II,JD. CELESTE,5,15:53,3,20.0,3,20.0,21.64,21.17,0.0,10000,3.6,800,3.86,20.15,33.61,1,6.1,54.52,0.5,1.0,66.67,4,1,0.3932,Estabilizado,Operação Normal
2026-08-22T18:53:11.115751,6414-10,33128,2,TERM. BANDEIRA,SOCORRO,5,15:53,6,10.0,6,20.0,21.64,21.17,0.0,10000,3.6,800,3.22,19.38,37.12,1,6.1,50.04,0.5,1.0,66.67,8,2,0.382,Estabilizado,Operação Normal
2026-08-22T18:53:11.115751,2552-10,32910,2,TERM. PQ. D. PEDRO II,VL. MARA,5,15:53,7,8.6,7,20.0,21.64,21.17,0.0,10000,3.6,800,2.58,20.21,31.85,1,6.1,45.56,0.5,1.0,64.29,9,2,0.3649,Estabilizado,Operação Normal
2026-08-22T18:53:11.115751,3008-10,35283,2,CPTM ITAIM PAULISTA,JD. MIRIAM,5,15:53,4,15.0,4,20.0,21.64,21.17,0.0,10000,3.6,800,2.93,21.85,35.05,0,6.1,23.01,0.5,1.0,62.5,5,1,0.304,Estabilizado,Operação Normal
2026-08-22T18:53:11.115751,575C-10,1686,1,VL. MATIAS,TERM. VL. PRUDENTE,5,15:53,1,60.0,1,20.0,21.64,21.17,0.0,10000,3.6,800,1.93,26.61,30.64,0,6.1,16.01,0.5,0.333,100.0,2,1,0.447,Estabilizado,Operação Normal
2026-08-22T18:53:11.115751,695T-1,35387,2,METRÔ VL. MARIANA,TERM. CAPELINHA,5,15:53,4,15.0,4,20.0,21.64,21.17,0.0,10000,3.6,800,2.86,20.77,27.66,0,6.1,22.52,0.5,1.0,62.5,5,1,0.3028,Estabilizado,Operação Normal
2026-08-22T18:53:11.115751,877T-10,1381,1,METRÔ PARAÍSO,VL. ANASTÁCIO,5,15:53,2,30.0,2,20.0,21.64,21.17,0.0,10000,3.6,800,4.4,16.55,32.87,1,6.1,58.3,0.5,0.667,75.0,3,1,0.4568,Estabilizado,Operação Normal
2026-08-22T18:53:11.115751,715M-10,490,1,LGO. DA PÓLVORA,JD. MARIA LUIZA,5,15:53,5,12.0,5,20.0,21.64,21.17,0.0,10000,3.6,800,3.84,19.24,34.26,1,6.1,54.38,0.5,1.0,70.0,7,2,0.4012,Estabilizado,Operação Normal
2026-08-22T18:53:11.115751,648P-10,32834,2,TERM. PINHEIROS,TERM. CAPELINHA,5,15:53,5,12.0,5,20.0,21.64,21.17,0.0,10000,3.6,800,3.95,22.0,33.48,0,6.1,30.15,0.5,1.0,60.0,6,1,0.3156,Estabilizado,Operação Normal
2026-08-22T18:53:11.115751,607M-10,34804,2,TERM. ÁGUA ESPRAIADA,TERM. GRAJAÚ,5,15:53,2,30.0,2,20.0,21.64,21.17,0.0,10000,3.6,800,2.48,30.3,35.29,0,6.1,19.86,0.5,0.667,75.0,3,1,0.3607,Estabilizado,Operação Normal
2026-08-22T18:53:11.115751,7903-10,512,1,PÇA. RAMOS DE AZEVEDO,JD. JOÃO XXIII/EDUC.,5,15:53,2,30.0,2,20.0,21.64,21.17,0.0,10000,3.6,800,4.52,13.34,29.77,0,6.1,34.14,0.5,0.667,75.0,3,1,0.3964,Estabilizado,Operação Normal
2026-08-22T18:53:11.115751,701A-10,33457,2,METRÔ VL. MADALENA,PQ. EDU CHAVES,5,15:53,8,7.5,8,20.0,21.64,21.17,0.0,10000,3.6,800,3.46,18.93,32.61,1,6.1,51.72,0.5,1.0,68.75,11,3,0.3914,Estabilizado,Operação Normal
2026-08-22T18:53:11.115751,1730-10,33633,2,METRÔ SANTANA,CENTER NORTE,5,15:53,3,20.0,3,20.0,21.64,21.17,0.0,10000,3.6,800,5.02,13.52,29.53,1,6.1,62.64,0.5,1.0,83.33,5,2,0.4552,Estabilizado,Operação Normal
2026-08-22T18:53:11.115751,8075-21,35305,2,TERM. VL. SÔNIA,TERM. CAMPO LIMPO,5,15:53,3,20.0,3,20.0,21.64,21.17,0.0,10000,3.6,800,2.73,20.81,28.57,0,6.1,21.61,0.5,1.0,66.67,4,1,0.311,Estabilizado,Operação Normal
2026-08-22T18:53:11.115751,3738-10,33806,2,METRÔ ITAQUERA,COHAB JUSCELINO,5,15:53,8,7.5,8,20.0,21.64,21.17,0.0,10000,3.6,800,2.46,26.45,26.88,1,6.1,44.72,0.5,1.0,68.75,11,3,0.3739,Estabilizado,Operação Normal
2026-08-22T18:53:11.115751,3301-10,34386,2,TERM. PQ. D. PEDRO II,TERM. SÃO MIGUEL,5,15:53,7,8.6,7,20.0,21.64,21.17,0.0,10000,3.6,800,3.32,23.68,36.39,1,6.1,50.74,0.5,1.0,64.29,9,2,0.3778,Estabilizado,Operação Normal
2026-08-22T18:53:11.115751,3789-10,1067,1,METRÔ ITAQUERA,CID. TIRADENTES,5,15:53,8,7.5,8,20.0,21.64,21.17,0.0,10000,3.6,800,3.4,18.01,28.41,0,6.1,26.3,0.5,1.0,62.5,10,2,0.3123,Estabilizado,Operação Normal
2026-08-22T18:53:11.115751,2026-10,2269,1,PQ. NOVO MUNDO,JAÇANÃ,5,15:53,1,60.0,1,20.0,21.64,21.17,0.0,10000,3.6,800,2.53,20.14,27.54,0,6.1,20.21,0.5,0.333,100.0,2,1,0.4575,Estabilizado,Operação Normal
2026-08-22T18:53:11.115751,938L-10,34136,2,LAPA,TERM. CACHOEIRINHA,5,15:53,3,20.0,3,20.0,21.64,21.17,0.0,10000,3.6,800,3.21,21.86,33.84,0,6.1,24.97,0.5,1.0,66.67,4,1,0.3194,Estabilizado,Operação Normal
2026-08-22T18:53:11.115751,408A-10,766,1,CARDOSO DE ALMEIDA,MACHADO DE ASSIS,5,15:53,2,30.0,2,20.0,21.64,21.17,0.0,10000,3.6,800,5.54,12.93,26.58,0,6.1,41.28,0.5,0.667,75.0,3,1,0.4142,Estabilizado,Operação Normal
2026-08-22T18:53:11.115751,6083-10,34501,2,TERM. GRAJAÚ,JD. ELIANA,5,15:53,2,30.0,2,20.0,21.64,21.17,0.0,10000,3.6,800,8.4,8.0,24.0,0,6.1,61.3,0.5,0.667,75.0,3,1,0.4643,Estabilizado,Operação Normal
2026-08-22T18:53:11.115751,2023-10,2260,1,METRÔ TUCURUVI,CACHOEIRA,5,15:53,2,30.0,2,20.0,21.64,21.17,0.0,10000,3.6,800,3.54,34.13,43.72,0,6.1,27.28,0.5,0.667,75.0,3,1,0.3792,Estabilizado,Operação Normal
2026-08-22T18:53:11.115751,6092-10,1177,1,TERM. GRAJAÚ,JD. DAS PEDRAS,5,15:53,2,30.0,2,20.0,21.64,21.17,0.0,10000,3.6,800,2.81,25.34,17.77,0,6.1,22.17,0.5,0.667,75.0,3,1,0.3665,Estabilizado,Operação Normal
2026-08-22T18:53:11.115751,778J-10,508,1,METRÔ BARRA FUNDA,JD. ARPOADOR,5,15:53,2,30.0,2,20.0,21.64,21.17,0.0,10000,3.6,800,2.49,29.02,30.37,0,6.1,19.93,0.5,0.667,75.0,3,1,0.3609,Estabilizado,Operação Normal
2026-08-22T18:53:11.115751,374V-10,1647,1,METRÔ ITAQUERA,JD. SANTANA,5,15:53,2,30.0,2,20.0,21.64,21.17,0.0,10000,3.6,800,2.84,25.28,34.67,1,6.1,47.38,0.5,0.667,75.0,3,1,0.4295,Estabilizado,Operação Normal
2026-08-22T18:53:11.115751,273G-10,223,1,METRÔ ARTUR ALVIM,JD. HELENA,5,15:53,4,15.0,4,20.0,21.64,21.17,0.0,10000,3.6,800,2.76,21.66,24.26,0,6.1,21.82,0.5,1.0,62.5,5,1,0.301,Estabilizado,Operação Normal
2026-08-22T18:53:11.115751,6045-10,1222,1,STO. AMARO,VALO VELHO,5,15:53,3,20.0,3,20.0,21.64,21.17,0.0,10000,3.6,800,2.83,22.42,29.44,0,6.1,22.31,0.5,1.0,66.67,4,1,0.3127,Estabilizado,Operação Normal
2026-08-22T18:53:11.115751,3160-10,125,1,TERM. PQ. D. PEDRO II,TERM. VL. PRUDENTE,5,15:53,5,12.0,5,20.0,21.64,21.17,0.0,10000,3.6,800,3.08,19.79,31.55,1,6.1,49.06,0.5,1.0,70.0,7,2,0.3879,Estabilizado,Operação Normal
2026-08-22T18:53:11.115751,6835-31,1407,1,TERM. CAPELINHA,VALO VELHO,5,15:53,2,30.0,2,20.0,21.64,21.17,0.0,10000,3.6,800,4.03,12.06,27.08,0,6.1,30.71,0.5,0.667,75.0,3,1,0.3878,Estabilizado,Operação Normal
2026-08-22T18:53:11.115751,6000-10,1140,1,TERM. STO. AMARO,TERM. PARELHEIROS,5,15:53,9,6.7,9,20.0,21.64,21.17,0.0,10000,3.6,800,3.44,17.83,35.48,0,6.1,26.58,0.5,1.0,61.11,11,2,0.3095,Estabilizado,Operação Normal
2026-08-22T18:53:11.115751,3063-10,253,1,TERM. SÃO MATEUS,GUAIANASES,5,15:53,4,15.0,4,20.0,21.64,21.17,0.0,10000,3.6,800,3.64,24.93,34.3,1,6.1,52.98,0.5,1.0,75.0,6,2,0.4102,Estabilizado,Operação Normal
2026-08-22T18:53:11.115751,7545-10,33272,2,PÇA. RAMOS DE AZEVEDO,JD. JOÃO XXIII,5,15:53,5,12.0,5,20.0,21.64,21.17,0.0,10000,3.6,800,1.21,20.73,24.13,0,6.1,10.97,0.5,1.0,60.0,6,1,0.2677,Estabilizado,Operação Normal
2026-08-22T18:53:11.115751,7004-10,1992,1,EST. STO. AMARO/GUIDO CALOI,TERM. JD. JACIRA,5,15:53,4,15.0,4,20.0,21.64,21.17,0.0,10000,3.6,800,1.48,24.98,32.76,0,6.1,12.86,0.5,1.0,62.5,5,1,0.2787,Estabilizado,Operação Normal
2026-08-22T18:53:11.115751,7016-10,34886,2,TERM. STO. AMARO,JD. ÂNGELA,5,15:53,4,15.0,4,20.0,21.64,21.17,0.0,10000,3.6,800,3.04,21.04,25.61,0,6.1,23.78,0.5,1.0,62.5,5,1,0.3059,Estabilizado,Operação Normal
2026-08-22T18:53:11.115751,1036-10,2453,1,CONEXÃO VL. IÓRIO,COHAB BRASILÂNDIA,5,15:53,8,7.5,8,20.0,21.64,21.17,0.0,10000,3.6,800,1.47,20.42,26.04,0,6.1,12.79,0.5,1.0,56.25,9,1,0.2629,Estabilizado,Operação Normal
2026-08-22T18:53:11.115751,2020-10,35030,2,METRÔ TUCURUVI,HORTO FLORESTAL,5,15:53,3,20.0,3,20.0,21.64,21.17,0.0,10000,3.6,800,3.09,18.94,26.82,0,6.1,24.13,0.5,1.0,66.67,4,1,0.3173,Estabilizado,Operação Normal
2026-08-22T18:53:11.115751,2010-10,2104,1,SHOP. D,PQ. EDU CHAVES,5,15:53,4,15.0,4,20.0,21.64,21.17,0.0,10000,3.6,800,4.15,20.4,35.42,1,6.1,56.55,0.5,1.0,75.0,6,2,0.4191,Estabilizado,Operação Normal
2026-08-22T18:53:11.115751,8528-10,33343,2,PÇA. DO CORREIO,JD. GUARANI,5,15:53,4,15.0,4,20.0,21.64,21.17,0.0,10000,3.6,800,3.55,18.9,29.11,0,6.1,27.35,0.5,1.0,62.5,5,1,0.3149,Estabilizado,Operação Normal
2026-08-22T18:53:11.115751,3141-10,734,1,TERM. PQ. D. PEDRO II,SÃO MATEUS,5,15:53,7,8.6,7,20.0,21.64,21.17,0.0,10000,3.6,800,3.24,22.76,33.87,1,6.1,50.18,0.5,1.0,64.29,9,2,0.3764,Estabilizado,Operação Normal
2026-08-22T18:53:11.115751,6358-10,1294,1,TERM. BANDEIRA,JD. LUSO,5,15:53,4,15.0,4,20.0,21.64,21.17,0.0,10000,3.6,800,3.47,22.9,38.11,0,6.1,26.79,0.5,1.0,62.5,5,1,0.3135,Estabilizado,Operação Normal
2026-08-22T18:53:11.115751,6084-10,33937,2,TERM. EST. VARGINHA,JD. CHÁC. DO SOL,5,15:53,3,20.0,3,20.0,21.64,21.17,0.0,10000,3.6,800,2.65,17.29,20.56,0,6.1,21.05,0.5,1.0,66.67,4,1,0.3095,Estabilizado,Operação Normal
2026-08-22T18:53:11.115751,5035-10,1668,1,TERM. SACOMÃ,VL. ARAPUÁ,5,15:53,3,20.0,3,20.0,21.64,21.17,0.0,10000,3.6,800,2.42,28.24,36.8,1,6.1,44.44,0.5,1.0,66.67,4,1,0.368,Estabilizado,Operação Normal
2026-08-22T18:53:11.115751,1773-10,33405,2,MANDAQUI,CEM. PQ. DOS PINHEIROS,5,15:53,3,20.0,3,20.0,21.64,21.17,0.0,10000,3.6,800,3.22,20.02,29.58,0,6.1,25.04,0.5,1.0,66.67,4,1,0.3195,Estabilizado,Operação Normal
2026-08-22T18:53:11.115751,6084-10,1169,1,TERM. EST. VARGINHA,JD. CHÁC. DO SOL,5,15:53,7,8.6,7,20.0,21.64,21.17,0.0,10000,3.6,800,3.05,19.99,28.73,0,6.1,23.85,0.5,1.0,64.29,9,2,0.3106,Estabilizado,Operação Normal
2026-08-22T18:53:11.115751,3761-10,1051,1,METRÔ CARRÃO,3A. DIVISÃO,5,15:53,6,10.0,6,20.0,21.64,21.17,0.0,10000,3.6,800,2.07,30.35,37.07,1,6.1,41.99,0.5,1.0,66.67,8,2,0.3619,Estabilizado,Operação Normal
2026-08-22T18:53:11.115751,7062-41,35039,2,HORTO DO YPÊ,METRÔ CAMPO LIMPO,5,15:53,2,30.0,2,20.0,21.64,21.17,0.0,10000,3.6,800,5.64,13.41,23.66,0,6.1,41.98,0.5,0.667,75.0,3,1,0.416,Estabilizado,Operação Normal
2026-08-22T18:53:11.115751,9789-10,829,1,METRÔ BARRA FUNDA,JD. PAULISTANO,5,15:53,5,12.0,5,20.0,21.64,21.17,0.0,10000,3.6,800,2.53,21.23,23.53,0,6.1,20.21,0.5,1.0,60.0,6,1,0.2908,Estabilizado,Operação Normal
2026-08-22T18:53:11.115751,1773-10,637,1,MANDAQUI,CEM. PQ. DOS PINHEIROS,5,15:53,2,30.0,2,20.0,21.64,21.17,0.0,10000,3.6,800,5.08,17.5,32.86,0,6.1,38.06,0.5,0.667,75.0,3,1,0.4062,Estabilizado,Operação Normal
2026-08-22T18:53:11.115751,6017-10,33974,2,JD. ÂNGELA,JD. NAKAMURA,5,15:53,3,20.0,3,20.0,21.64,21.17,0.0,10000,3.6,800,6.4,9.4,20.53,0,6.1,47.3,0.5,1.0,66.67,4,1,0.3752,Estabilizado,Operação Normal
2026-08-22T18:53:11.115751,6403-10,58,1,TERM. PQ. D. PEDRO II,TERM. JOÃO DIAS,5,15:53,4,15.0,4,20.0,21.64,21.17,0.0,10000,3.6,800,3.31,23.84,36.06,1,6.1,50.67,0.5,1.0,75.0,6,2,0.4044,Estabilizado,Operação Normal
2026-08-22T18:53:11.115751,477A-10,346,1,TERM. PINHEIROS,SACOMÃ,5,15:53,5,12.0,5,20.0,21.64,21.17,0.0,10000,3.6,800,3.11,24.7,37.9,0,6.1,24.27,0.5,1.0,60.0,6,1,0.3009,Estabilizado,Operação Normal
2026-08-22T18:53:11.115751,809H-10,2245,1,LAPA,JD. BOA VISTA,5,15:53,3,20.0,3,20.0,21.64,21.17,0.0,10000,3.6,800,4.36,18.19,28.16,0,6.1,33.02,0.5,1.0,66.67,4,1,0.3395,Estabilizado,Operação Normal
2026-08-22T18:53:11.115751,748R-10,33269,2,METRÔ BARRA FUNDA,JD. JOÃO XXIII,5,15:53,4,15.0,4,20.0,21.64,21.17,0.0,10000,3.6,800,6.0,12.99,29.72,0,6.1,44.5,0.5,1.0,75.0,6,2,0.389,Estabilizado,Operação Normal
2026-08-22T18:53:11.115751,6006-10,175,1,SHOP. INTERLAGOS,JD. HERCULANO,5,15:53,7,8.6,7,20.0,21.64,21.17,0.0,10000,3.6,800,3.09,22.26,36.63,0,6.1,24.13,0.5,1.0,64.29,9,2,0.3113,Estabilizado,Operação Normal
2026-08-22T18:53:11.115751,148P-10,534,1,METRÔ BARRA FUNDA,PEDRA BRANCA,5,15:53,5,12.0,5,20.0,21.64,21.17,0.0,10000,3.6,800,2.97,20.97,30.16,0,6.1,23.29,0.5,1.0,60.0,6,1,0.2985,Estabilizado,Operação Normal
2026-08-22T18:53:11.115751,172N-10,33432,2,METRÔ BELÉM,SHOP. CENTER NORTE,5,15:53,3,20.0,3,20.0,21.64,21.17,0.0,10000,3.6,800,2.05,26.19,33.55,0,6.1,16.85,0.5,1.0,66.67,4,1,0.2991,Estabilizado,Operação Normal
2026-08-22T18:53:11.115751,637V-10,104,1,TERM. STO. AMARO,PQ. AMÉRICA,5,15:53,3,20.0,3,20.0,21.64,21.17,0.0,10000,3.6,800,3.27,22.08,28.44,0,6.1,25.39,0.5,1.0,66.67,4,1,0.3204,Estabilizado,Operação Normal
2026-08-22T18:53:11.115751,2770-10,243,1,METRÔ VL. MATILDE,CPTM JOSÉ BONIFÁCIO,5,15:53,3,20.0,3,20.0,21.64,21.17,0.0,10000,3.6,800,2.33,26.26,34.49,0,6.1,18.81,0.5,1.0,66.67,4,1,0.3039,Estabilizado,Operação Normal
2026-08-22T18:53:11.115751,4027-41,35077,2,SÃO MATEUS,MORRO DO CRUZEIRO,5,15:53,1,60.0,1,20.0,21.64,21.17,0.0,10000,3.6,800,3.0,22.5,45.0,0,6.1,23.5,0.5,0.333,100.0,2,1,0.4657,Estabilizado,Operação Normal
2026-08-22T18:53:11.115751,775F-10,796,1,HOSP. DAS CLÍNICAS,JD. DAS PALMAS,5,15:53,7,8.6,7,20.0,21.64,21.17,0.0,10000,3.6,800,2.61,24.85,33.43,1,6.1,45.77,0.5,1.0,64.29,9,2,0.3654,Estabilizado,Operação Normal
2026-08-22T18:53:11.115751,971M-10,33380,2,METRÔ SANTANA,VL. PENTEADO,5,15:53,6,10.0,6,20.0,21.64,21.17,0.0,10000,3.6,800,3.5,17.74,25.92,1,6.1,52.0,0.5,1.0,66.67,8,2,0.3869,Estabilizado,Operação Normal
2026-08-22T18:53:11.115751,8030-10,2562,1,TERM. VL. SÔNIA,PARAISÓPOLIS,5,15:53,4,15.0,4,20.0,21.64,21.17,0.0,10000,3.6,800,2.64,22.77,27.42,0,6.1,20.98,0.5,1.0,62.5,5,1,0.2989,Estabilizado,Operação Normal
2026-08-22T18:53:11.115751,847J-10,34110,2,JAGUARÉ,CITY JARAGUÁ,5,15:53,2,30.0,2,20.0,21.64,21.17,0.0,10000,3.6,800,6.31,15.39,27.08,0,6.1,46.67,0.5,0.667,75.0,3,1,0.4277,Estabilizado,Operação Normal
2026-08-22T18:53:11.115751,5119-10,1,1,LGO. SÃO FRANCISCO,TERM. CAPELINHA,5,15:53,5,12.0,5,20.0,21.64,21.17,0.0,10000,3.6,800,2.91,23.39,35.04,1,6.1,47.87,0.5,1.0,70.0,7,2,0.3849,Estabilizado,Operação Normal
2026-08-22T18:53:11.115751,6062-10,1151,1,JD. CASTRO ALVES,TERM. GRAJAÚ,5,15:53,2,30.0,2,20.0,21.64,21.17,0.0,10000,3.6,800,4.28,17.05,28.48,0,6.1,32.46,0.5,0.667,75.0,3,1,0.3922,Estabilizado,Operação Normal
2026-08-22T18:53:11.115751,3762-10,33821,2,METRÔ TATUAPÉ,JD. IVA,5,15:53,4,15.0,4,20.0,21.64,21.17,0.0,10000,3.6,800,2.76,18.03,27.55,1,6.1,46.82,0.5,1.0,75.0,6,2,0.3948,Estabilizado,Operação Normal
2026-08-22T18:53:11.115751,736G-10,780,1,SHOP. MORUMBI,JD. INGÁ,5,15:53,4,15.0,4,20.0,21.64,21.17,0.0,10000,3.6,800,3.53,25.31,37.01,0,6.1,27.21,0.5,1.0,62.5,5,1,0.3145,Estabilizado,Operação Normal
2026-08-22T18:53:11.115751,3390-10,33506,2,TERM. PQ. D. PEDRO II,SÃO MATEUS,5,15:53,4,15.0,4,20.0,21.64,21.17,0.0,10000,3.6,800,3.44,19.68,33.07,1,6.1,51.58,0.5,1.0,75.0,6,2,0.4067,Estabilizado,Operação Normal
2026-08-22T18:53:11.115751,476G-41,1112,1,METRÔ ANA ROSA,VL. INDUSTRIAL,5,15:53,3,20.0,3,20.0,21.64,21.17,0.0,10000,3.6,800,3.24,18.6,29.64,0,6.1,25.18,0.5,1.0,66.67,4,1,0.3199,Estabilizado,Operação Normal
2026-08-22T18:53:11.115751,1178-10,32900,2,PÇA. DO CORREIO,SÃO MIGUEL,5,15:53,10,6.0,11,20.0,21.64,21.17,0.0,10000,3.6,800,4.42,21.38,38.3,1,6.1,58.44,0.5,1.0,75.0,15,5,0.4239,Estabilizado,Operação Normal
2026-08-22T18:53:11.115751,2100-10,33481,2,PÇA. DA SÉ,TERM. VL. CARRÃO,5,15:53,7,8.6,7,20.0,21.64,21.17,0.0,10000,3.6,800,2.78,18.64,31.29,1,6.1,46.96,0.5,1.0,64.29,9,2,0.3684,Estabilizado,Operação Normal
2026-08-22T18:53:11.115751,2058-10,33027,2,CPTM GUAIANASES,TERM. SÃO MIGUEL,5,15:53,2,30.0,2,20.0,21.64,21.17,0.0,10000,3.6,800,3.15,21.28,29.88,0,6.1,24.55,0.5,0.667,75.0,3,1,0.3724,Estabilizado,Operação Normal
2026-08-22T18:53:11.115751,1767-10,33396,2,METRÔ TUCURUVI,PQ. EDU CHAVES,5,15:53,2,30.0,2,20.0,21.64,21.17,0.0,10000,3.6,800,2.74,32.78,39.4,0,6.1,21.68,0.5,0.667,75.0,3,1,0.3652,Estabilizado,Operação Normal
2026-08-22T18:53:11.115751,273L-10,32992,2,METRÔ ARTUR ALVIM,CPTM JOSÉ BONIFÁCIO,5,15:53,3,20.0,3,20.0,21.64,21.17,0.0,10000,3.6,800,1.76,31.51,37.77,1,6.1,39.82,0.5,1.0,66.67,4,1,0.3565,Estabilizado,Operação Normal
2026-08-22T18:53:11.115751,807P-10,34867,2,STO. AMARO,PARAISÓPOLIS,5,15:53,3,20.0,3,20.0,21.64,21.17,0.0,10000,3.6,800,2.42,25.65,29.4,0,6.1,19.44,0.5,1.0,66.67,4,1,0.3055,Estabilizado,Operação Normal
2026-08-22T18:53:11.115751,5012-10,33884,2,JABAQUARA,VL. GUACURI,5,15:53,10,6.0,11,20.0,21.64,21.17,0.0,10000,3.6,800,2.74,17.53,27.26,0,6.1,21.68,0.5,1.0,65.0,13,3,0.307,Estabilizado,Operação Normal
2026-08-22T18:53:11.115751,3025-10,33729,2,CPTM GUAIANASES,SÍTIO CONCEIÇÃO,5,15:53,3,20.0,3,20.0,21.64,21.17,0.0,10000,3.6,800,3.42,25.3,38.57,1,6.1,51.44,0.5,1.0,66.67,4,1,0.3855,Estabilizado,Operação Normal
2026-08-22T18:53:11.115751,5015-10,1119,1,METRÔ JABAQUARA,JD. SÃO JORGE,5,15:53,4,15.0,4,20.0,21.64,21.17,0.0,10000,3.6,800,3.24,15.79,26.75,0,6.1,25.18,0.5,1.0,62.5,5,1,0.3095,Estabilizado,Operação Normal
2026-08-22T18:53:11.115751,8002-10,1252,1,TERM. LAPA,TERM. PIRITUBA,5,15:53,1,60.0,1,20.0,21.64,21.17,0.0,10000,3.6,800,1.73,24.86,30.74,0,6.1,14.61,0.5,0.333,100.0,2,1,0.4435,Estabilizado,Operação Normal
2026-08-22T18:53:11.115751,9090-10,33652,2,TERM. CASA VERDE,PQ. TIETÊ,5,15:53,3,20.0,3,20.0,21.64,21.17,0.0,10000,3.6,800,2.96,22.59,28.65,0,6.1,23.22,0.5,1.0,66.67,4,1,0.315,Estabilizado,Operação Normal
2026-08-22T18:53:11.115751,2733-10,948,1,METRÔ ITAQUERA,PQ. GUARANI,5,15:53,3,20.0,3,20.0,21.64,21.17,0.0,10000,3.6,800,3.3,24.87,32.23,1,6.1,50.6,0.5,1.0,66.67,4,1,0.3834,Estabilizado,Operação Normal
2026-08-22T18:53:11.115751,6061-10,1150,1,TERM. GRAJAÚ,JD. MARILDA,5,15:53,3,20.0,3,20.0,21.64,21.17,0.0,10000,3.6,800,6.28,15.48,33.68,0,6.1,46.46,0.5,1.0,66.67,4,1,0.3731,Estabilizado,Operação Normal
2026-08-22T18:53:11.115751,5759-31,33907,2,METRÔ CONCEIÇÃO,PQ. PRIMAVERA,5,15:53,5,12.0,5,20.0,21.64,21.17,0.0,10000,3.6,800,3.94,18.74,31.79,0,6.1,30.08,0.5,1.0,60.0,6,1,0.3155,Estabilizado,Operação Normal
2026-08-22T18:53:11.115751,519M-10,2211,1,MUSEU DO IPIRANGA,SÃO MATEUS,5,15:53,3,20.0,3,20.0,21.64,21.17,0.0,10000,3.6,800,2.92,21.46,30.75,0,6.1,22.94,0.5,1.0,66.67,4,1,0.3143,Estabilizado,Operação Normal
2026-08-22T18:53:11.115751,576M-10,604,1,PINHEIROS,VL. CLARA,5,15:53,3,20.0,3,20.0,21.64,21.17,0.0,10000,3.6,800,2.36,21.39,30.22,1,6.1,44.02,0.5,1.0,66.67,4,1,0.367,Estabilizado,Operação Normal
2026-08-22T18:53:11.115751,695D-10,32882,2,METRÔ JABAQUARA,JD. STA. BARBARA,5,15:53,6,10.0,6,20.0,21.64,21.17,0.0,10000,3.6,800,2.66,21.28,29.89,0,6.1,21.12,0.5,1.0,58.33,7,1,0.2889,Estabilizado,Operação Normal
2026-08-22T18:53:11.115751,6258-10,34000,2,TERM. STO. AMARO,JD. SÃO FRANCISCO,5,15:53,3,20.0,3,20.0,21.64,21.17,0.0,10000,3.6,800,2.49,27.85,38.05,0,6.1,19.93,0.5,1.0,66.67,4,1,0.3068,Estabilizado,Operação Normal
2026-08-22T18:53:11.115751,6021-10,177,1,JD. NOVA ERA,TERM. VARGINHA,5,15:53,6,10.0,6,20.0,21.64,21.17,0.0,10000,3.6,800,3.14,15.14,30.67,0,6.1,24.48,0.5,1.0,58.33,7,1,0.2973,Estabilizado,Operação Normal
2026-08-22T18:53:11.115751,5164-10,34051,2,PQ. IBIRAPUERA,VL. STA. CATARINA,5,15:53,6,10.0,6,20.0,21.64,21.17,0.0,10000,3.6,800,2.91,24.99,31.45,1,6.1,47.87,0.5,1.0,66.67,8,2,0.3766,Estabilizado,Operação Normal
2026-08-22T18:53:11.115751,425E-10,34404,2,JD. ESTER,TERM. SAPOPEMBA,5,15:53,1,60.0,1,20.0,21.64,21.17,0.0,10000,3.6,800,3.76,17.33,32.41,0,6.1,28.82,0.5,0.333,100.0,2,1,0.479,Estabilizado,Operação Normal
2026-08-22T18:53:11.115751,509M-10,34045,2,TERM. PRINC. ISABEL,JD. MIRIAM,5,15:53,3,20.0,3,20.0,21.64,21.17,0.0,10000,3.6,800,4.03,18.13,31.82,0,6.1,30.71,0.5,1.0,66.67,4,1,0.3337,Estabilizado,Operação Normal
2026-08-22T18:53:11.115751,6055-10,1146,1,SHOP. INTERLAGOS,EST. MENDES/VL. NATAL,5,15:53,2,30.0,2,20.0,21.64,21.17,0.0,10000,3.6,800,5.7,19.75,39.15,0,6.1,42.4,0.5,0.667,75.0,3,1,0.417,Estabilizado,Operação Normal
2026-08-22T18:53:11.115751,174M-10,33441,2,MUSEU DO IPIRANGA,VL. SABRINA,5,15:53,6,10.0,6,20.0,21.64,21.17,0.0,10000,3.6,800,3.31,16.67,24.7,1,6.1,50.67,0.5,1.0,66.67,8,2,0.3836,Estabilizado,Operação Normal
2026-08-22T18:53:11.115751,4013-10,2186,1,TERM. SÃO MATEUS,JD. STO. ANDRÉ,5,15:53,2,30.0,2,20.0,21.64,21.17,0.0,10000,3.6,800,3.73,17.57,32.89,0,6.1,28.61,0.5,0.667,75.0,3,1,0.3826,Estabilizado,Operação Normal
2026-08-22T18:53:11.115751,2704-10,33684,2,METRÔ ITAQUERA,JD. ROBRU,5,15:53,7,8.6,7,20.0,21.64,21.17,0.0,10000,3.6,800,3.13,12.32,31.47,1,6.1,49.41,0.5,1.0,64.29,9,2,0.3745,Estabilizado,Operação Normal
2026-08-22T18:53:11.115751,6057-10,1148,1,TERM. GRAJAÚ,VL. NATAL,5,15:53,5,12.0,5,20.0,21.64,21.17,0.0,10000,3.6,800,1.64,40.1,47.46,0,6.1,13.98,0.5,1.0,60.0,6,1,0.2752,Estabilizado,Operação Normal
2026-08-22T18:53:11.115751,3751-10,1047,1,METRÔ ITAQUERA,COHAB PRESTES MAIA,5,15:53,4,15.0,4,20.0,21.64,21.17,0.0,10000,3.6,800,4.21,16.3,30.03,1,6.1,56.97,0.5,1.0,75.0,6,2,0.4202,Estabilizado,Operação Normal
2026-08-22T18:53:11.115751,2766-10,405,1,METRÔ ITAQUERA,JD. CAMARGO VELHO,5,15:53,6,10.0,6,20.0,21.64,21.17,0.0,10000,3.6,800,3.96,20.81,40.31,0,6.1,30.22,0.5,1.0,66.67,8,2,0.3325,Estabilizado,Operação Normal
2026-08-22T18:53:11.115751,4006-10,34948,2,CIRCULAR,JD. NOVA VITÓRIA,5,15:53,1,60.0,1,20.0,21.64,21.17,0.0,10000,3.6,800,3.91,19.81,31.17,0,6.1,29.87,0.5,0.333,100.0,2,1,0.4816,Estabilizado,Operação Normal
2026-08-22T18:53:11.115751,6007-10,32944,2,TERM. STO. AMARO,TERM. CAPELINHA,5,15:53,4,15.0,4,20.0,21.64,21.17,0.0,10000,3.6,800,3.41,19.65,31.87,0,6.1,26.37,0.5,1.0,62.5,5,1,0.3124,Estabilizado,Operação Normal
2026-08-22T18:53:11.115751,817C-10,34105,2,HOSP. DAS CLÍNICAS,LAPA,5,15:53,4,15.0,4,20.0,21.64,21.17,0.0,10000,3.6,800,2.51,18.49,27.04,0,6.1,20.07,0.5,1.0,62.5,5,1,0.2967,Estabilizado,Operação Normal
2026-08-22T18:53:11.115751,546A-10,1131,1,STO. AMARO,JD. APURÁ,5,15:53,3,20.0,3,20.0,21.64,21.17,0.0,10000,3.6,800,3.56,18.77,27.5,0,6.1,27.42,0.5,1.0,66.67,4,1,0.3255,Estabilizado,Operação Normal
2026-08-22T18:53:11.115751,1732-10,671,1,TERM. AMARAL GURGEL,VL. SABRINA,5,15:53,3,20.0,3,20.0,21.64,21.17,0.0,10000,3.6,800,3.8,15.77,31.69,1,6.1,54.1,0.5,1.0,66.67,4,1,0.3922,Estabilizado,Operação Normal
2026-08-22T18:53:11.115751,695Y-10,1198,1,METRÔ VL. MARIANA,TERM. PARELHEIROS,5,15:53,6,10.0,6,20.0,21.64,21.17,0.0,10000,3.6,800,3.24,19.67,32.16,1,6.1,50.18,0.5,1.0,66.67,8,2,0.3824,Estabilizado,Operação Normal
2026-08-22T18:53:11.115751,5757-51,34744,2,METRÔ CONCEIÇÃO,PEDREIRA,5,15:53,7,8.6,7,20.0,21.64,21.17,0.0,10000,3.6,800,3.98,19.39,36.12,0,6.1,30.36,0.5,1.0,64.29,9,2,0.3269,Estabilizado,Operação Normal
2026-08-22T18:53:11.115751,3161-10,33852,2,TERM. PQ. D. PEDRO II,JD. COLORADO,5,15:53,4,15.0,4,20.0,21.64,21.17,0.0,10000,3.6,800,3.21,26.08,31.91,1,6.1,49.97,0.5,1.0,75.0,6,2,0.4027,Estabilizado,Operação Normal
2026-08-22T18:53:11.115751,274P-10,33000,2,METRÔ VL. MARIANA,PENHA,5,15:53,1,60.0,1,20.0,21.64,21.17,0.0,10000,3.6,800,1.89,25.69,29.25,0,6.1,15.73,0.5,0.333,100.0,2,1,0.4463,Estabilizado,Operação Normal
2026-08-22T18:53:11.115751,4709-10,333,1,METRÔ VL. MARIANA,JD. SÃO SAVÉRIO,5,15:53,4,15.0,4,20.0,21.64,21.17,0.0,10000,3.6,800,5.86,17.58,33.16,0,6.1,43.52,0.5,1.0,62.5,5,1,0.3553,Estabilizado,Operação Normal
2026-08-22T18:53:11.115751,857R-10,34660,2,ACLIMAÇÃO,TERM. CAMPO LIMPO,5,15:53,5,12.0,5,20.0,21.64,21.17,0.0,10000,3.6,800,4.3,19.29,32.32,1,6.1,57.6,0.5,1.0,70.0,7,2,0.4093,Estabilizado,Operação Normal
2026-08-22T18:53:11.115751,8022-10,2085,1,CID. UNIVERSITÁRIA,METRÔ BUTANTÃ,5,15:53,2,30.0,2,20.0,21.64,21.17,0.0,10000,3.6,800,3.04,19.31,30.68,0,6.1,23.78,0.5,0.667,75.0,3,1,0.3705,Estabilizado,Operação Normal
2026-08-22T18:53:11.115751,647P-10,1316,1,TERM. PINHEIROS,COHAB ADVENTISTA,5,15:53,5,12.0,5,20.0,21.64,21.17,0.0,10000,3.6,800,2.71,23.14,31.65,0,6.1,21.47,0.5,1.0,60.0,6,1,0.2939,Estabilizado,Operação Normal
2026-08-22T18:53:11.115751,5290-10,597,1,TERM. PQ. D. PEDRO II,DIV. DIADEMA,5,15:53,4,15.0,4,20.0,21.64,21.17,0.0,10000,3.6,800,4.33,19.89,27.67,1,6.1,57.81,0.5,1.0,75.0,6,2,0.4223,Estabilizado,Operação Normal
2026-08-22T18:53:11.115751,6039-21,35261,2,COHAB JD. SÃO BENTO,TERM. CAPELINHA,5,15:53,4,15.0,4,20.0,21.64,21.17,0.0,10000,3.6,800,4.9,16.4,32.56,0,6.1,36.8,0.5,1.0,62.5,5,1,0.3385,Estabilizado,Operação Normal
2026-08-22T18:53:11.115751,957T-10,464,1,VL. OLÍMPIA,COHAB TAIPAS,5,15:53,2,30.0,2,20.0,21.64,21.17,0.0,10000,3.6,800,2.2,21.63,31.44,0,6.1,17.9,0.5,0.667,75.0,3,1,0.3558,Estabilizado,Operação Normal
2026-08-22T18:53:11.115751,6093-10,34353,2,TERM. GRAJAÚ,VARGEM GRANDE,5,15:53,5,12.0,5,20.0,21.64,21.17,0.0,10000,3.6,800,3.25,20.62,35.72,0,6.1,25.25,0.5,1.0,60.0,6,1,0.3034,Estabilizado,Operação Normal
2026-08-22T18:53:11.115751,627J-10,34824,2,METRÔ SÃO JUDAS,JD. MIRIAM,5,15:53,3,20.0,3,20.0,21.64,21.17,0.0,10000,3.6,800,4.35,18.03,29.35,0,6.1,32.95,0.5,1.0,66.67,4,1,0.3393,Estabilizado,Operação Normal
2026-08-22T18:53:11.115751,3741-10,1041,1,METRÔ ITAQUERA,CPTM D. BOSCO,5,15:53,3,20.0,3,20.0,21.64,21.17,0.0,10000,3.6,800,3.84,20.9,27.92,1,6.1,54.38,0.5,1.0,66.67,4,1,0.3929,Estabilizado,Operação Normal
2026-08-22T18:53:11.115751,2702-10,914,1,METRÔ ARTUR ALVIM,VL. AMERICANA,5,15:53,5,12.0,5,20.0,21.64,21.17,0.0,10000,3.6,800,3.45,17.28,33.55,1,6.1,51.65,0.5,1.0,70.0,7,2,0.3944,Estabilizado,Operação Normal
2026-08-22T18:53:11.115751,2033-10,35267,2,SHOP. D,VL. SABRINA,5,15:53,3,20.0,3,20.0,21.64,21.17,0.0,10000,3.6,800,2.41,25.64,33.93,0,6.1,19.37,0.5,1.0,66.67,4,1,0.3054,Estabilizado,Operação Normal
2026-08-22T18:53:11.115751,5108-10,1675,1,TERM. PQ. D. PEDRO II,JD. CELESTE,5,15:53,5,12.0,5,20.0,21.64,21.17,0.0,10000,3.6,800,3.04,16.94,29.64,1,6.1,48.78,0.5,1.0,70.0,7,2,0.3872,Estabilizado,Operação Normal
2026-08-22T18:53:11.115751,9008-10,875,1,TERM. CACHOEIRINHA,PQ. DE TAIPAS,5,15:53,6,10.0,6,20.0,21.64,21.17,0.0,10000,3.6,800,3.3,19.51,29.16,0,6.1,25.6,0.5,1.0,58.33,7,1,0.3001,Estabilizado,Operação Normal
2026-08-22T18:53:11.115751,9301-10,33226,2,PÇA. DO CORREIO,TERM. CASA VERDE,5,15:53,3,20.0,3,20.0,21.64,21.17,0.0,10000,3.6,800,4.21,16.56,31.74,1,6.1,56.97,0.5,1.0,66.67,4,1,0.3993,Estabilizado,Operação Normal
2026-08-22T18:53:11.115751,5318-10,32813,2,PÇA. DA SÉ,CHÁC. SANTANA,5,15:53,5,12.0,5,20.0,21.64,21.17,0.0,10000,3.6,800,3.66,18.12,27.85,1,6.1,53.12,0.5,1.0,70.0,7,2,0.3981,Estabilizado,Operação Normal
2026-08-22T18:53:11.115751,233C-10,32923,2,CERET,TERM. A. E. CARVALHO,5,15:53,5,12.0,5,20.0,21.64,21.17,0.0,10000,3.6,800,2.94,12.41,31.38,0,6.1,23.08,0.5,1.0,60.0,6,1,0.2979,Estabilizado,Operação Normal
2026-08-22T18:53:11.115751,9181-10,33653,2,LAPA,VL. TEREZINHA,5,15:53,7,8.6,7,20.0,21.64,21.17,0.0,10000,3.6,800,4.33,17.82,33.2,1,6.1,57.81,0.5,1.0,71.43,10,3,0.4133,Estabilizado,Operação Normal
2026-08-22T18:53:11.115751,233C-10,155,1,CERET,TERM. A. E. CARVALHO,5,15:53,3,20.0,3,20.0,21.64,21.17,0.0,10000,3.6,800,5.17,15.35,29.36,0,6.1,38.69,0.5,1.0,66.67,4,1,0.3537,Estabilizado,Operação Normal
2026-08-22T18:53:11.115751,5106-21,34740,2,TERM. ÁGUA ESPRAIADA,JD. SELMA,5,15:53,6,10.0,6,20.0,21.64,21.17,0.0,10000,3.6,800,4.5,21.06,32.7,0,6.1,34.0,0.5,1.0,66.67,8,2,0.3419,Estabilizado,Operação Normal
2026-08-22T18:53:11.115751,7040-10,33544,2,PINHEIROS,PARAISÓPOLIS,5,15:53,4,15.0,4,20.0,21.64,21.17,0.0,10000,3.6,800,3.75,23.0,34.8,0,6.1,28.75,0.5,1.0,62.5,5,1,0.3184,Estabilizado,Operação Normal
2026-08-22T18:53:11.115751,1744-10,544,1,METRÔ SANTANA,LAUZANE PAULISTA,5,15:53,3,20.0,3,20.0,21.64,21.17,0.0,10000,3.6,800,5.12,14.48,29.13,1,6.1,63.34,0.5,1.0,83.33,5,2,0.4569,Estabilizado,Operação Normal
2026-08-22T18:53:11.115751,278A-10,706,1,PENHA  ,METRÔ SANTANA,5,15:53,2,30.0,2,20.0,21.64,21.17,0.0,10000,3.6,800,2.58,22.68,29.64,0,6.1,20.56,0.5,0.667,75.0,3,1,0.3624,Estabilizado,Operação Normal
2026-08-22T18:53:11.115751,6071-10,1156,1,TERM. STO. AMARO,JD. ORION,5,15:53,3,20.0,3,20.0,21.64,21.17,0.0,10000,3.6,800,2.79,25.09,33.37,0,6.1,22.03,0.5,1.0,66.67,4,1,0.312,Estabilizado,Operação Normal
2026-08-22T18:53:11.115751,2014-10,33668,2,METRÔ BARRA FUNDA,JD. PERY ALTO,5,15:53,9,6.7,9,20.0,21.64,21.17,0.0,10000,3.6,800,4.79,14.46,29.69,1,6.1,61.03,0.5,1.0,72.22,13,4,0.4234,Estabilizado,Operação Normal
2026-08-22T18:53:11.115751,1756-10,547,1,METRÔ SANTANA,PEDRA BRANCA,5,15:53,3,20.0,3,20.0,21.64,21.17,0.0,10000,3.6,800,2.4,20.39,26.71,0,6.1,19.3,0.5,1.0,66.67,4,1,0.3052,Estabilizado,Operação Normal
2026-08-22T18:53:11.115751,1726-10,1403,1,METRÔ SANTANA,CEM. PQ. DOS PINHEIROS,5,15:53,2,30.0,2,20.0,21.64,21.17,0.0,10000,3.6,800,2.62,22.95,31.84,0,6.1,20.84,0.5,0.667,75.0,3,1,0.3631,Estabilizado,Operação Normal
2026-08-22T18:53:11.115751,5021-10,1667,1,TERM. SACOMÃ,ÁGUA FUNDA,5,15:53,1,60.0,1,20.0,21.64,21.17,0.0,10000,3.6,800,2.9,19.68,30.66,0,6.1,22.8,0.5,0.333,100.0,2,1,0.464,Estabilizado,Operação Normal
2026-08-22T18:53:11.115751,177Y-10,33635,2,PINHEIROS,METRÔ BARRA FUNDA,5,15:53,4,15.0,4,20.0,21.64,21.17,0.0,10000,3.6,800,4.43,23.77,36.2,1,6.1,58.51,0.5,1.0,75.0,6,2,0.424,Estabilizado,Operação Normal
2026-08-22T18:53:11.115751,2105-10,35015,2,LGO. DA CONCÓRDIA,JD. FILHOS DA TERRA,5,15:53,4,15.0,4,20.0,21.64,21.17,0.0,10000,3.6,800,3.12,16.65,27.79,1,6.1,49.34,0.5,1.0,75.0,6,2,0.4011,Estabilizado,Operação Normal
2026-08-22T18:53:11.115751,209P-1,2301,1,TERM. PINHEIROS,CACHOEIRINHA,5,15:53,2,30.0,2,20.0,21.64,21.17,0.0,10000,3.6,800,5.07,17.15,30.98,0,6.1,37.99,0.5,0.667,75.0,3,1,0.406,Estabilizado,Operação Normal
2026-08-22T18:53:11.115751,6069-10,33922,2,TERM. STO. AMARO,JD. SÃO BERNARDO,5,15:53,3,20.0,3,20.0,21.64,21.17,0.0,10000,3.6,800,2.98,24.25,33.86,0,6.1,23.36,0.5,1.0,66.67,4,1,0.3153,Estabilizado,Operação Normal
2026-08-22T18:53:11.115751,2719-10,33700,2,METRÔ VL. MATILDE,ERMELINO MATARAZZO,5,15:53,4,15.0,4,20.0,21.64,21.17,0.0,10000,3.6,800,3.0,19.32,29.02,1,6.1,48.5,0.5,1.0,75.0,6,2,0.399,Estabilizado,Operação Normal
2026-08-22T18:53:11.115751,8622-10,33206,2,PÇA. RAMOS DE AZEVEDO,MORRO DOCE,5,15:53,5,12.0,5,20.0,21.64,21.17,0.0,10000,3.6,800,3.14,20.2,31.48,0,6.1,24.48,0.5,1.0,60.0,6,1,0.3014,Estabilizado,Operação Normal
2026-08-22T18:53:11.115751,7004-22,35401,2,JD ÂNGELA,VL DO SOL,5,15:53,4,15.0,4,20.0,21.64,21.17,0.0,10000,3.6,800,3.13,16.99,37.08,0,6.1,24.41,0.5,1.0,62.5,5,1,0.3075,Estabilizado,Operação Normal
2026-08-22T18:53:11.115751,3098-10,1078,1,SHOP. ARICANDUVA,JD. SÃO FRANCISCO,5,15:53,3,20.0,3,20.0,21.64,21.17,0.0,10000,3.6,800,3.26,23.16,34.09,0,6.1,25.32,0.5,1.0,66.67,4,1,0.3202,Estabilizado,Operação Normal
2026-08-22T18:53:11.115751,6291-10,358,1,TERM. BANDEIRA,INOCOOP CAMPO LIMPO,5,15:53,6,10.0,6,20.0,21.64,21.17,0.0,10000,3.6,800,3.42,23.43,35.29,0,6.1,26.44,0.5,1.0,58.33,7,1,0.3022,Estabilizado,Operação Normal
2026-08-22T18:53:11.115751,675M-10,32876,2,METRÔ JABAQUARA,CENTRO SESC,5,15:53,7,8.6,7,20.0,21.64,21.17,0.0,10000,3.6,800,2.86,17.28,28.44,0,6.1,22.52,0.5,1.0,64.29,9,2,0.3073,Estabilizado,Operação Normal
2026-08-22T18:53:11.115751,709A-10,34860,2,METRÔ ANA ROSA,TERM. ÁGUA ESPRAIADA,5,15:53,4,15.0,4,20.0,21.64,21.17,0.0,10000,3.6,800,2.64,26.44,36.83,1,6.1,45.98,0.5,1.0,75.0,6,2,0.3927,Estabilizado,Operação Normal
2026-08-22T18:53:11.115751,509M-10,1277,1,TERM. PRINC. ISABEL,JD. MIRIAM,5,15:53,4,15.0,4,20.0,21.64,21.17,0.0,10000,3.6,800,2.65,24.42,34.64,0,6.1,21.05,0.5,1.0,62.5,5,1,0.2991,Estabilizado,Operação Normal
2026-08-22T18:53:11.115751,748A-10,33266,2,LAPA,JD. D'ABRIL,5,15:53,2,30.0,2,20.0,21.64,21.17,0.0,10000,3.6,800,3.01,17.64,28.59,0,6.1,23.57,0.5,0.667,75.0,3,1,0.37,Estabilizado,Operação Normal
2026-08-22T18:53:11.115751,172Y-10,33630,2,METRÔ BELÉM,VL. CONSTANÇA,5,15:53,4,15.0,4,20.0,21.64,21.17,0.0,10000,3.6,800,3.02,21.26,31.39,0,6.1,23.64,0.5,1.0,62.5,5,1,0.3056,Estabilizado,Operação Normal
2026-08-22T18:53:11.115751,2735-10,1921,1,METRÔ PENHA,JD. KERALUX,5,15:53,5,12.0,5,20.0,21.64,21.17,0.0,10000,3.6,800,3.12,25.78,36.02,0,6.1,24.34,0.5,1.0,60.0,6,1,0.3011,Estabilizado,Operação Normal
2026-08-22T18:53:11.115751,6041-10,33986,2,STO. AMARO,JD. JANGADEIRO,5,15:53,3,20.0,3,20.0,21.64,21.17,0.0,10000,3.6,800,3.73,18.21,35.24,0,6.1,28.61,0.5,1.0,66.67,4,1,0.3285,Estabilizado,Operação Normal
2026-08-22T18:53:11.115751,2735-10,34689,2,METRÔ PENHA,JD. KERALUX,5,15:53,2,30.0,2,20.0,21.64,21.17,0.0,10000,3.6,800,2.39,29.29,40.71,0,6.1,19.23,0.5,0.667,75.0,3,1,0.3591,Estabilizado,Operação Normal
2026-08-22T18:53:11.115751,3746-10,33051,2,METRÔ BELÉM,JD. IMPERADOR,5,15:53,4,15.0,4,20.0,21.64,21.17,0.0,10000,3.6,800,3.92,20.27,33.92,1,6.1,54.94,0.5,1.0,75.0,6,2,0.4151,Estabilizado,Operação Normal
2026-08-22T18:53:11.115751,8542-21,34129,2,TERM. LAPA,BRASILÂNDIA,5,15:53,3,20.0,3,20.0,21.64,21.17,0.0,10000,3.6,800,2.6,26.33,28.01,0,6.1,20.7,0.5,1.0,66.67,4,1,0.3087,Estabilizado,Operação Normal
2026-08-22T18:53:11.115751,5370-10,34210,2,LGO. SÃO FRANCISCO,TERM. VARGINHA,5,15:53,9,6.7,9,20.0,21.64,21.17,0.0,10000,3.6,800,2.88,25.05,36.87,1,6.1,47.66,0.5,1.0,66.67,12,3,0.3761,Estabilizado,Operação Normal
2026-08-22T18:53:11.115751,209P-10,2216,1,TERM. PINHEIROS,CACHOEIRINHA,5,15:53,7,8.6,7,20.0,21.64,21.17,0.0,10000,3.6,800,5.06,16.75,33.75,1,6.1,62.92,0.5,1.0,71.43,10,3,0.4261,Estabilizado,Operação Normal
2026-08-22T18:53:11.115751,736I-10,33549,2,STO. AMARO,JD. INGÁ,5,15:53,4,15.0,4,20.0,21.64,21.17,0.0,10000,3.6,800,3.53,34.85,43.92,0,6.1,27.21,0.5,1.0,62.5,5,1,0.3145,Estabilizado,Operação Normal
2026-08-22T18:53:11.115751,807A-10,34668,2,TERM. STO. AMARO,TERM. CAMPO LIMPO,5,15:53,4,15.0,4,20.0,21.64,21.17,0.0,10000,3.6,800,5.03,16.15,28.23,0,6.1,37.71,0.5,1.0,62.5,5,1,0.3408,Estabilizado,Operação Normal
2026-08-22T18:53:11.115751,274P-10,232,1,METRÔ VL. MARIANA,PENHA,5,15:53,2,30.0,2,20.0,21.64,21.17,0.0,10000,3.6,800,2.8,22.3,34.86,1,6.1,47.1,0.5,0.667,75.0,3,1,0.4288,Estabilizado,Operação Normal
2026-08-22T18:53:11.115751,354M-10,34387,2,TERM. SÃO MATEUS,TERM. SÃO MIGUEL,5,15:53,5,12.0,5,20.0,21.64,21.17,0.0,10000,3.6,800,2.25,24.88,32.08,1,6.1,43.25,0.5,1.0,70.0,7,2,0.3734,Estabilizado,Operação Normal
2026-08-22T18:53:11.115751,819A-10,803,1,JD. PRIMAVERA,CPTM VL. AURORA,5,15:53,7,8.6,7,20.0,21.64,21.17,0.0,10000,3.6,800,3.61,21.89,36.81,0,6.1,27.77,0.5,1.0,64.29,9,2,0.3204,Estabilizado,Operação Normal
2026-08-22T18:53:11.115751,6L08-10,33950,2,HOSP. PARELHEIROS,JD. SÃO NICOLAU,5,15:53,2,30.0,2,20.0,21.64,21.17,0.0,10000,3.6,800,3.0,22.5,45.0,0,6.1,23.5,0.5,0.667,75.0,3,1,0.3698,Estabilizado,Operação Normal
2026-08-22T18:53:11.115751,4031-10,1101,1,METRÔ TAMANDUATEÍ,PQ. STA. MADALENA,5,15:53,4,15.0,4,20.0,21.64,21.17,0.0,10000,3.6,800,3.06,22.39,32.85,1,6.1,48.92,0.5,1.0,75.0,6,2,0.4001,Estabilizado,Operação Normal
2026-08-22T18:53:11.115751,6062-51,34507,2,TERM. STO. AMARO,JD. CASTRO ALVES,5,15:53,4,15.0,4,20.0,21.64,21.17,0.0,10000,3.6,800,3.0,18.66,29.65,0,6.1,23.5,0.5,1.0,62.5,5,1,0.3053,Estabilizado,Operação Normal
2026-08-22T18:53:11.115751,809D-10,34836,2,TERM. PINHEIROS,COHAB EDUCANDÁRIO,5,15:53,3,20.0,3,20.0,21.64,21.17,0.0,10000,3.6,800,3.01,23.37,29.65,0,6.1,23.57,0.5,1.0,66.67,4,1,0.3159,Estabilizado,Operação Normal
2026-08-22T18:53:11.115751,5652-22,2516,1,PQ. IBIRAPUERA,JD. IV CENTENÁRIO,5,15:53,3,20.0,3,20.0,21.64,21.17,0.0,10000,3.6,800,3.54,22.23,33.84,1,6.1,52.28,0.5,1.0,66.67,4,1,0.3876,Estabilizado,Operação Normal
2026-08-22T18:53:11.115751,719R-10,469,1,METRÔ BARRA FUNDA,RIO PEQUENO,5,15:53,4,15.0,4,20.0,21.64,21.17,0.0,10000,3.6,800,1.85,23.1,27.6,1,6.1,40.45,0.5,1.0,62.5,5,1,0.3476,Estabilizado,Operação Normal
2026-08-22T18:53:11.115751,809U-21,35075,2,METRÔ VILA MADALENA,METRÔ BARRA FUNDA,5,15:53,1,60.0,1,20.0,21.64,21.17,0.0,10000,3.6,800,7.13,10.31,28.41,0,6.1,52.41,0.5,0.333,100.0,2,1,0.538,Estabilizado,Operação Normal
2026-08-22T18:53:11.115751,6200-10,33123,2,TERM. BANDEIRA,TERM. STO. AMARO,5,15:53,8,7.5,8,20.0,21.64,21.17,0.0,10000,3.6,800,3.31,21.66,33.23,1,6.1,50.67,0.5,1.0,68.75,11,3,0.3888,Estabilizado,Operação Normal
2026-08-22T18:53:11.115751,8038-10,33565,2,LAPA,PQ. CONTINENTAL,5,15:53,7,8.6,7,20.0,21.64,21.17,0.0,10000,3.6,800,2.47,20.11,29.49,1,6.1,44.79,0.5,1.0,64.29,9,2,0.3629,Estabilizado,Operação Normal
2026-08-22T18:53:11.115751,3712-51,2505,1,METRÔ ITAQUERA,VL. COSMOPOLITA,5,15:53,2,30.0,2,20.0,21.64,21.17,0.0,10000,3.6,800,4.99,18.85,30.89,1,6.1,62.43,0.5,0.667,75.0,3,1,0.4671,Estabilizado,Operação Normal
2026-08-22T18:53:11.115751,8013-41,2011,1,JD. PAINEIRAS,TERM. JD. BRITANIA,5,15:53,1,60.0,1,20.0,21.64,21.17,0.0,10000,3.6,800,3.0,22.5,45.0,0,6.1,23.5,0.5,0.333,100.0,2,1,0.4657,Estabilizado,Operação Normal
2026-08-22T18:53:11.115751,233A-10,249,1,TERM. VL. CARRÃO,JD. HELENA,5,15:53,4,15.0,4,20.0,21.64,21.17,0.0,10000,3.6,800,3.14,23.46,33.66,0,6.1,24.48,0.5,1.0,62.5,5,1,0.3077,Estabilizado,Operação Normal
2026-08-22T18:53:11.115751,1785-10,34584,2,METRÔ SANTANA,VL. AURORA,5,15:53,2,30.0,2,20.0,21.64,21.17,0.0,10000,3.6,800,2.38,21.74,28.19,0,6.1,19.16,0.5,0.667,75.0,3,1,0.359,Estabilizado,Operação Normal
2026-08-22T18:53:11.115751,509J-10,33032,2,PQ. IBIRAPUERA,JD. SELMA,5,15:53,5,12.0,5,20.0,21.64,21.17,0.0,10000,3.6,800,5.06,15.05,27.56,0,6.1,37.92,0.5,1.0,70.0,7,2,0.36,Estabilizado,Operação Normal
2026-08-22T18:53:11.115751,637A-10,185,1,TERM. PINHEIROS,TERM. JD. ÂNGELA,5,15:53,7,8.6,7,20.0,21.64,21.17,0.0,10000,3.6,800,3.54,29.08,40.17,1,6.1,52.28,0.5,1.0,71.43,10,3,0.3995,Estabilizado,Operação Normal
2026-08-22T18:53:11.115751,775P-10,507,1,METRÔ ANA ROSA,JD. GUARAÚ,5,15:53,1,60.0,1,20.0,21.64,21.17,0.0,10000,3.6,800,2.09,21.9,25.96,0,6.1,17.13,0.5,0.333,100.0,2,1,0.4498,Estabilizado,Operação Normal
2026-08-22T18:53:11.115751,3768-10,1056,1,CPTM JOSÉ BONIFÁCIO,VL. YOLANDA,5,15:53,1,60.0,1,20.0,21.64,21.17,0.0,10000,3.6,800,3.39,12.47,26.24,1,6.1,51.23,0.5,0.333,100.0,2,1,0.535,Estabilizado,Operação Normal
2026-08-22T18:53:11.115751,6825-10,32782,2,TERM. CAPELINHA,VALO VELHO,5,15:53,2,30.0,2,20.0,21.64,21.17,0.0,10000,3.6,800,3.41,28.21,38.69,0,6.1,26.37,0.5,0.667,75.0,3,1,0.377,Estabilizado,Operação Normal
2026-08-22T18:53:11.115751,9191-10,810,1,BOM RETIRO,JD. ELISA MARIA,5,15:53,7,8.6,7,20.0,21.64,21.17,0.0,10000,3.6,800,2.93,24.93,32.32,1,6.1,48.01,0.5,1.0,64.29,9,2,0.371,Estabilizado,Operação Normal
2026-08-22T18:53:11.115751,3112-10,1080,1,METRÔ BELÉM,VL. INDUSTRIAL,5,15:53,6,10.0,6,20.0,21.64,21.17,0.0,10000,3.6,800,3.18,20.73,31.26,0,6.1,24.76,0.5,1.0,58.33,7,1,0.298,Estabilizado,Operação Normal
2026-08-22T18:53:11.115751,3027-10,33731,2,SHOP. ARICANDUVA,CPTM GUAIANASES,5,15:53,3,20.0,3,20.0,21.64,21.17,0.0,10000,3.6,800,4.95,19.15,30.49,1,6.1,62.15,0.5,1.0,83.33,5,2,0.4539,Estabilizado,Operação Normal
2026-08-22T18:53:11.115751,373T-10,1091,1,METRÔ BRESSER,JD. ITÁPOLIS,5,15:53,4,15.0,4,20.0,21.64,21.17,0.0,10000,3.6,800,3.02,24.26,33.59,0,6.1,23.64,0.5,1.0,62.5,5,1,0.3056,Estabilizado,Operação Normal
2026-08-22T18:53:11.115751,514T-10,34439,2,CONJ. TEOTÔNIO VILELA,TERM. SACOMÃ,5,15:53,5,12.0,5,20.0,21.64,21.17,0.0,10000,3.6,800,2.91,22.33,34.0,1,6.1,47.87,0.5,1.0,70.0,7,2,0.3849,Estabilizado,Operação Normal
2026-08-22T18:53:11.115751,6051-10,1143,1,TERM. EST. VARGINHA,JD. ITAJAÍ,5,15:53,2,30.0,2,20.0,21.64,21.17,0.0,10000,3.6,800,3.16,21.83,27.5,0,6.1,24.62,0.5,0.667,75.0,3,1,0.3726,Estabilizado,Operação Normal
2026-08-22T18:53:11.115751,1016-10,33599,2,SHOP. CENTER NORTE,CEM. DO HORTO,5,15:53,5,12.0,5,20.0,21.64,21.17,0.0,10000,3.6,800,4.92,11.61,30.22,0,6.1,36.94,0.5,1.0,70.0,7,2,0.3576,Estabilizado,Operação Normal
2026-08-22T18:53:11.115751,809L-10,1949,1,LAPA,CAMPO LIMPO,5,15:53,5,12.0,5,20.0,21.64,21.17,0.0,10000,3.6,800,1.99,28.42,36.84,0,6.1,16.43,0.5,1.0,60.0,6,1,0.2813,Estabilizado,Operação Normal
2026-08-22T18:53:11.115751,4092-10,1876,1,SETOR IIB,TERM. CID. TIRADENTES,5,15:53,1,60.0,1,20.0,21.64,21.17,0.0,10000,3.6,800,6.03,16.62,27.44,0,6.1,44.71,0.5,0.333,100.0,2,1,0.5187,Estabilizado,Operação Normal
2026-08-22T18:53:11.115751,5110-10,2209,1,TERM. MERCADO,TERM. SÃO MATEUS,5,15:53,5,12.0,5,20.0,21.64,21.17,0.0,10000,3.6,800,4.63,15.58,31.26,1,6.1,59.91,0.5,1.0,70.0,7,2,0.415,Estabilizado,Operação Normal
2026-08-22T18:53:11.115751,2017-10,903,1,SÃO MIGUEL,JD. ROBRU,5,15:53,1,60.0,1,20.0,21.64,21.17,0.0,10000,3.6,800,1.87,19.17,27.57,0,6.1,15.59,0.5,0.333,100.0,2,1,0.4459,Estabilizado,Operação Normal
2026-08-22T18:53:11.115751,6805-10,32799,2,TERM. JOÃO DIAS,TERM. CAPELINHA,5,15:53,2,30.0,2,20.0,21.64,21.17,0.0,10000,3.6,800,3.68,24.0,35.44,0,6.1,28.26,0.5,0.667,75.0,3,1,0.3817,Estabilizado,Operação Normal
2026-08-22T18:53:11.115751,6076-41,34754,2,TERM. STO. AMARO,JD. SATÉLITE II,5,15:53,2,30.0,2,20.0,21.64,21.17,0.0,10000,3.6,800,2.68,19.06,25.72,0,6.1,21.26,0.5,0.667,75.0,3,1,0.3642,Estabilizado,Operação Normal
2026-08-22T18:53:11.115751,6816-10,32794,2,TERM. CAPELINHA,JD. MITSUTANI,5,15:53,2,30.0,2,20.0,21.64,21.17,0.0,10000,3.6,800,5.16,14.49,33.92,0,6.1,38.62,0.5,0.667,75.0,3,1,0.4076,Estabilizado,Operação Normal
2026-08-22T18:53:11.115751,6069-10,1154,1,TERM. STO. AMARO,JD. SÃO BERNARDO,5,15:53,3,20.0,3,20.0,21.64,21.17,0.0,10000,3.6,800,3.37,17.25,27.18,0,6.1,26.09,0.5,1.0,66.67,4,1,0.3222,Estabilizado,Operação Normal
2026-08-22T18:53:11.115751,148P-10,33302,2,METRÔ BARRA FUNDA,PEDRA BRANCA,5,15:53,5,12.0,5,20.0,21.64,21.17,0.0,10000,3.6,800,3.49,20.1,31.77,0,6.1,26.93,0.5,1.0,60.0,6,1,0.3076,Estabilizado,Operação Normal
2026-08-22T18:53:11.115751,607A-10,2139,1,SOCORRO,JD. APURÁ,5,15:53,4,15.0,4,20.0,21.64,21.17,0.0,10000,3.6,800,2.61,18.4,27.54,0,6.1,20.77,0.5,1.0,62.5,5,1,0.2984,Estabilizado,Operação Normal
2026-08-22T18:53:11.115751,5107-10,34427,2,PÇA. DO CORREIO,TERM. SACOMÃ,5,15:53,2,30.0,2,20.0,21.64,21.17,0.0,10000,3.6,800,3.58,19.46,29.62,1,6.1,52.56,0.5,0.667,75.0,3,1,0.4424,Estabilizado,Operação Normal
2026-08-22T18:53:11.115751,4029-10,1099,1,TERM. VL PRUDENTE,SÃO MATEUS,5,15:53,3,20.0,3,20.0,21.64,21.17,0.0,10000,3.6,800,2.98,17.5,30.2,1,6.1,48.36,0.5,1.0,66.67,4,1,0.3778,Estabilizado,Operação Normal
2026-08-22T18:53:11.115751,675P-10,33043,2,METRÔ CONCEIÇÃO,SHOP. SP MARKET,5,15:53,6,10.0,6,20.0,21.64,21.17,0.0,10000,3.6,800,3.11,16.9,36.44,0,6.1,24.27,0.5,1.0,58.33,7,1,0.2967,Estabilizado,Operação Normal
2026-08-22T18:53:11.115751,4286-10,33094,2,TERM. VL PRUDENTE,VL. INDUSTRIAL,5,15:53,3,20.0,3,20.0,21.64,21.17,0.0,10000,3.6,800,2.48,25.7,31.19,0,6.1,19.86,0.5,1.0,66.67,4,1,0.3066,Estabilizado,Operação Normal
2026-08-22T18:53:11.115751,6037-10,1215,1,TERM. CAPELINHA,JD. MITSUTANI,5,15:53,1,60.0,1,20.0,21.64,21.17,0.0,10000,3.6,800,3.47,19.16,34.93,0,6.1,26.79,0.5,0.333,100.0,2,1,0.4739,Estabilizado,Operação Normal
2026-08-22T18:53:11.115751,9011-10,878,1,TERM. CACHOEIRINHA,CPTM JARAGUÁ,5,15:53,8,7.5,8,20.0,21.64,21.17,0.0,10000,3.6,800,3.2,22.0,28.94,0,6.1,24.9,0.5,1.0,62.5,10,2,0.3087,Estabilizado,Operação Normal
2026-08-22T18:53:11.115751,1765-10,34550,2,METRÔ TUCURUVI,JD. CABUÇU,5,15:53,5,12.0,5,20.0,21.64,21.17,0.0,10000,3.6,800,3.39,12.45,23.6,0,6.1,26.23,0.5,1.0,60.0,6,1,0.3058,Estabilizado,Operação Normal
2026-08-22T18:53:11.115751,271C-10,33450,2,TERM. PRINC. ISABEL - CIRCULAR,PQ. VL. MARIA,5,15:53,3,20.0,3,20.0,21.64,21.17,0.0,10000,3.6,800,5.76,14.0,26.52,1,6.1,67.82,0.5,1.0,83.33,5,2,0.4681,Estabilizado,Operação Normal
2026-08-22T18:53:11.115751,3725-41,1531,1,VL. ARICANDUVA,METRÔ VL. MATILDE,5,15:53,1,60.0,1,20.0,21.64,21.17,0.0,10000,3.6,800,2.76,25.03,33.86,0,6.1,21.82,0.5,0.333,100.0,2,1,0.4615,Estabilizado,Operação Normal
2026-08-22T18:53:11.115751,875C-10,478,1,METRÔ STA. CRUZ,TERM. LAPA,5,15:53,2,30.0,2,20.0,21.64,21.17,0.0,10000,3.6,800,4.71,23.03,32.88,0,6.1,35.47,0.5,0.667,75.0,3,1,0.3997,Estabilizado,Operação Normal
2026-08-22T18:53:11.115751,807P-10,2099,1,STO. AMARO,PARAISÓPOLIS,5,15:53,3,20.0,3,20.0,21.64,21.17,0.0,10000,3.6,800,2.65,22.78,32.89,0,6.1,21.05,0.5,1.0,66.67,4,1,0.3095,Estabilizado,Operação Normal
2026-08-22T18:53:11.115751,6012-10,33972,2,JD. ÂNGELA,PQ. INDEPENDÊNCIA,5,15:53,3,20.0,3,20.0,21.64,21.17,0.0,10000,3.6,800,5.68,13.59,29.35,0,6.1,42.26,0.5,1.0,66.67,4,1,0.3626,Estabilizado,Operação Normal
2026-08-22T18:53:11.115751,1764-10,625,1,METRÔ SANTANA,JD. CORISCO,5,15:53,4,15.0,4,20.0,21.64,21.17,0.0,10000,3.6,800,4.11,16.91,28.49,1,6.1,56.27,0.5,1.0,75.0,6,2,0.4184,Estabilizado,Operação Normal
2026-08-22T18:53:11.115751,2551-10,32909,2,TERM. PQ. D. PEDRO II,TERM. A. E. CARVALHO,5,15:53,9,6.7,9,20.0,21.64,21.17,0.0,10000,3.6,800,3.48,19.98,31.5,1,6.1,51.86,0.5,1.0,66.67,12,3,0.3866,Estabilizado,Operação Normal
2026-08-22T18:53:11.115751,189L-10,35218,2,LAPA,CONEXÃO VL. IÓRIO,5,15:53,2,30.0,2,20.0,21.64,21.17,0.0,10000,3.6,800,3.49,22.52,35.54,0,6.1,26.93,0.5,0.667,75.0,3,1,0.3784,Estabilizado,Operação Normal
2026-08-22T18:53:11.115751,775F-10,33564,2,HOSP. DAS CLÍNICAS,JD. DAS PALMAS,5,15:53,3,20.0,3,20.0,21.64,21.17,0.0,10000,3.6,800,2.52,23.09,32.74,1,6.1,45.14,0.5,1.0,66.67,4,1,0.3698,Estabilizado,Operação Normal
2026-08-22T18:53:11.115751,1156-10,659,1,PÇA. DO CORREIO,VL. SABRINA,5,15:53,6,10.0,6,20.0,21.64,21.17,0.0,10000,3.6,800,3.11,30.6,40.05,0,6.1,24.27,0.5,1.0,58.33,7,1,0.2967,Estabilizado,Operação Normal
2026-08-22T18:53:11.115751,8055-10,33182,2,LAPA,PERUS,5,15:53,4,15.0,4,20.0,21.64,21.17,0.0,10000,3.6,800,2.72,26.19,35.25,0,6.1,21.54,0.5,1.0,62.5,5,1,0.3004,Estabilizado,Operação Normal
2026-08-22T18:53:11.115751,874T-10,307,1,LAPA,IPIRANGA,5,15:53,4,15.0,4,20.0,21.64,21.17,0.0,10000,3.6,800,4.18,19.94,37.72,1,6.1,56.76,0.5,1.0,75.0,6,2,0.4196,Estabilizado,Operação Normal
2026-08-22T18:53:11.115751,3051-10,2446,1,TERM. A. E. CARVALHO,ERMELINO MATARAZZO,5,15:53,4,15.0,4,20.0,21.64,21.17,0.0,10000,3.6,800,2.56,18.04,28.5,0,6.1,20.42,0.5,1.0,62.5,5,1,0.2975,Estabilizado,Operação Normal
2026-08-22T18:53:11.115751,2006-10,33663,2,CPTM ITAIM PAULISTA,CID. KEMEL I,5,15:53,7,8.6,7,20.0,21.64,21.17,0.0,10000,3.6,800,3.26,19.57,31.08,0,6.1,25.32,0.5,1.0,64.29,9,2,0.3143,Estabilizado,Operação Normal
2026-08-22T18:53:11.115751,3031-10,33735,2,METRÔ ITAQUERA,JD. ALTO PAULISTANO,5,15:53,5,12.0,5,20.0,21.64,21.17,0.0,10000,3.6,800,2.44,29.19,34.56,0,6.1,19.58,0.5,1.0,60.0,6,1,0.2892,Estabilizado,Operação Normal
2026-08-22T18:53:11.115751,6043-10,1220,1,TERM. STO. AMARO,JD. CAPELINHA,5,15:53,2,30.0,2,20.0,21.64,21.17,0.0,10000,3.6,800,2.92,19.03,22.62,0,6.1,22.94,0.5,0.667,75.0,3,1,0.3684,Estabilizado,Operação Normal
2026-08-22T18:53:11.115751,179X-10,680,1,METRÔ BARRA FUNDA,JD. FONTÁLIS,5,15:53,9,6.7,9,20.0,21.64,21.17,0.0,10000,3.6,800,2.54,33.23,42.39,0,6.1,20.28,0.5,1.0,61.11,11,2,0.2937,Estabilizado,Operação Normal
2026-08-22T18:53:11.115751,4027-10,1097,1,JD. STO. ANDRÉ,HOSP. SÃO MATEUS,5,15:53,6,10.0,6,20.0,21.64,21.17,0.0,10000,3.6,800,5.79,17.6,33.84,0,6.1,43.03,0.5,1.0,66.67,8,2,0.3645,Estabilizado,Operação Normal
2026-08-22T18:53:11.115751,957T-10,33232,2,VL. OLÍMPIA,COHAB TAIPAS,5,15:53,3,20.0,3,20.0,21.64,21.17,0.0,10000,3.6,800,2.89,23.99,21.51,0,6.1,22.73,0.5,1.0,66.67,4,1,0.3138,Estabilizado,Operação Normal
2026-08-22T18:53:11.115751,4021-10,35316,2,VL. CHUCA,METRÔ ITAQUERA,5,15:53,3,20.0,3,20.0,21.64,21.17,0.0,10000,3.6,800,5.11,19.72,29.88,0,6.1,38.27,0.5,1.0,66.67,4,1,0.3526,Estabilizado,Operação Normal
2026-08-22T18:53:11.115751,172N-10,664,1,METRÔ BELÉM,SHOP. CENTER NORTE,5,15:53,4,15.0,4,20.0,21.64,21.17,0.0,10000,3.6,800,2.99,20.92,33.62,0,6.1,23.43,0.5,1.0,62.5,5,1,0.3051,Estabilizado,Operação Normal
2026-08-22T18:53:11.115751,6812-10,34010,2,JD. ANGELA,JD. CAPELA,5,15:53,4,15.0,4,20.0,21.64,21.17,0.0,10000,3.6,800,3.51,16.82,34.57,0,6.1,27.07,0.5,1.0,62.5,5,1,0.3142,Estabilizado,Operação Normal
2026-08-22T18:53:11.115751,5757-10,1288,1,METRÔ CONCEIÇÃO,CID. JÚLIA,5,15:53,2,30.0,2,20.0,21.64,21.17,0.0,10000,3.6,800,2.85,16.53,26.0,0,6.1,22.45,0.5,0.667,75.0,3,1,0.3672,Estabilizado,Operação Normal
2026-08-22T18:53:11.115751,6804-10,30,1,TERM. JOÃO DIAS,JD. INGÁ,5,15:53,2,30.0,2,20.0,21.64,21.17,0.0,10000,3.6,800,5.3,19.0,35.95,0,6.1,39.6,0.5,0.667,75.0,3,1,0.41,Estabilizado,Operação Normal
2026-08-22T18:53:11.115751,695H-10,33964,2,TERM. STO. AMARO,JD. HERPLIN,5,15:53,5,12.0,5,20.0,21.64,21.17,0.0,10000,3.6,800,6.77,16.83,42.25,0,6.1,49.89,0.5,1.0,70.0,7,2,0.39,Estabilizado,Operação Normal
2026-08-22T18:53:11.115751,7281-10,1334,1,PÇA. RAMOS DE AZEVEDO,LAPA,5,15:53,1,60.0,1,20.0,21.64,21.17,0.0,10000,3.6,800,2.67,22.23,30.98,0,6.1,21.19,0.5,0.333,100.0,2,1,0.4599,Estabilizado,Operação Normal
2026-08-22T18:53:11.115751,6262-10,34139,2,TERM. BANDEIRA,CEASA,5,15:53,2,30.0,2,20.0,21.64,21.17,0.0,10000,3.6,800,7.68,13.81,32.15,0,6.1,56.26,0.5,0.667,75.0,3,1,0.4517,Estabilizado,Operação Normal
2026-08-22T18:53:11.115751,8028-10,2532,1,METRÔ MORUMBI,PARAISÓPOLIS,5,15:53,2,30.0,2,20.0,21.64,21.17,0.0,10000,3.6,800,4.87,21.72,32.64,1,6.1,61.59,0.5,0.667,75.0,3,1,0.465,Estabilizado,Operação Normal
2026-08-22T18:53:11.115751,4742-10,33110,2,METRÔ SÃO JUDAS,JD. CLÍMAX,5,15:53,2,30.0,2,20.0,21.64,21.17,0.0,10000,3.6,800,4.82,11.03,29.69,0,6.1,36.24,0.5,0.667,75.0,3,1,0.4016,Estabilizado,Operação Normal
2026-08-22T18:53:11.115751,2014-10,900,1,METRÔ BARRA FUNDA,JD. PERY ALTO,5,15:53,8,7.5,8,20.0,21.64,21.17,0.0,10000,3.6,800,4.52,13.41,28.85,1,6.1,59.14,0.5,1.0,68.75,11,3,0.41,Estabilizado,Operação Normal
2026-08-22T18:53:11.115751,2720-31,34610,2,METRÔ GUILHERMINA/ESPERANÇA,JD. BELÉM,5,15:53,2,30.0,2,20.0,21.64,21.17,0.0,10000,3.6,800,2.2,30.6,38.85,1,6.1,42.9,0.5,0.667,75.0,3,1,0.4183,Estabilizado,Operação Normal
2026-08-22T18:53:11.115751,7002-10,33540,2,HOSP. DAS CLÍNICAS,JD. ROSA MARIA,5,15:53,6,10.0,6,20.0,21.64,21.17,0.0,10000,3.6,800,2.27,22.55,31.21,0,6.1,18.39,0.5,1.0,58.33,7,1,0.282,Estabilizado,Operação Normal
2026-08-22T18:53:11.115751,414P-10,1105,1,TERM. NORTE METRÔ CARRÃO,VL. INDUSTRIAL,5,15:53,4,15.0,4,20.0,21.64,21.17,0.0,10000,3.6,800,3.03,25.66,29.91,0,6.1,23.71,0.5,1.0,62.5,5,1,0.3058,Estabilizado,Operação Normal
2026-08-22T18:53:11.115751,4029-10,33867,2,TERM. VL PRUDENTE,SÃO MATEUS,5,15:53,3,20.0,3,20.0,21.64,21.17,0.0,10000,3.6,800,3.3,21.96,30.96,1,6.1,50.6,0.5,1.0,66.67,4,1,0.3834,Estabilizado,Operação Normal
2026-08-22T18:53:11.115751,3010-10,35311,2,TERM. A. E. CARVALHO,CEM. DA SAUDADE,5,15:53,1,60.0,1,20.0,21.64,21.17,0.0,10000,3.6,800,2.8,30.41,44.56,0,6.1,22.1,0.5,0.333,100.0,2,1,0.4622,Estabilizado,Operação Normal
2026-08-22T18:53:11.115751,2728-10,943,1,METRÔ PENHA,JD. DO CASTELO,5,15:53,4,15.0,4,20.0,21.64,21.17,0.0,10000,3.6,800,1.86,20.23,25.85,0,6.1,15.52,0.5,1.0,62.5,5,1,0.2853,Estabilizado,Operação Normal
2026-08-22T18:53:11.115751,6110-10,1184,1,AEROPORTO,CONJ. HAB. PALMARES,5,15:53,5,12.0,5,20.0,21.64,21.17,0.0,10000,3.6,800,3.2,25.18,39.78,1,6.1,49.9,0.5,1.0,70.0,7,2,0.39,Estabilizado,Operação Normal
2026-08-22T18:53:11.115751,2016-10,902,1,SÃO MIGUEL,JD. DAS OLIVEIRAS,5,15:53,2,30.0,2,20.0,21.64,21.17,0.0,10000,3.6,800,3.46,17.81,32.73,0,6.1,26.72,0.5,0.667,75.0,3,1,0.3778,Estabilizado,Operação Normal
2026-08-22T18:53:11.115751,3791-10,33837,2,METRÔ ARTUR ALVIM,SHOP. ARICANDUVA,5,15:53,3,20.0,3,20.0,21.64,21.17,0.0,10000,3.6,800,4.29,19.76,35.09,0,6.1,32.53,0.5,1.0,66.67,4,1,0.3383,Estabilizado,Operação Normal
2026-08-22T18:53:11.115751,702U-22,35349,2,TERM. PQ. D. PEDRO II,METRÔ BUTANTÃ,5,15:53,2,30.0,2,20.0,21.64,21.17,0.0,10000,3.6,800,5.83,12.47,34.29,1,6.1,68.31,0.5,0.667,75.0,3,1,0.4818,Estabilizado,Operação Normal
2026-08-22T18:53:11.115751,6500-10,32814,2,TERM. BANDEIRA,TERM. STO. AMARO,5,15:53,3,20.0,3,20.0,21.64,21.17,0.0,10000,3.6,800,2.7,21.23,31.08,1,6.1,46.4,0.5,1.0,66.67,4,1,0.3729,Estabilizado,Operação Normal
2026-08-22T18:53:11.115751,128Y-10,33611,2,LAPA,JD. PERY ALTO,5,15:53,6,10.0,6,20.0,21.64,21.17,0.0,10000,3.6,800,4.32,18.38,30.08,0,6.1,32.74,0.5,1.0,66.67,8,2,0.3388,Estabilizado,Operação Normal
2026-08-22T18:53:11.115751,4729-10,1108,1,METRÔ BELÉM,PQ. BANCÁRIO,5,15:53,2,30.0,2,20.0,21.64,21.17,0.0,10000,3.6,800,3.11,19.73,30.38,1,6.1,49.27,0.5,0.667,75.0,3,1,0.4342,Estabilizado,Operação Normal
2026-08-22T18:53:11.115751,8700-1,35276,2,PÇA. RAMOS DE AZEVEDO,TERM. CAMPO LIMPO,5,15:53,4,15.0,4,20.0,21.64,21.17,0.0,10000,3.6,800,3.14,20.31,27.55,0,6.1,24.48,0.5,1.0,62.5,5,1,0.3077,Estabilizado,Operação Normal
2026-08-22T18:53:11.115751,7017-10,35270,2,TERM. GUARAPIRANGA,JD. GUARUJÁ,5,15:53,3,20.0,3,20.0,21.64,21.17,0.0,10000,3.6,800,3.74,19.49,27.67,0,6.1,28.68,0.5,1.0,66.67,4,1,0.3286,Estabilizado,Operação Normal
2026-08-22T18:53:11.115751,6803-10,29,1,TERM. JOÃO DIAS,JD. CAPELINHA,5,15:53,2,30.0,2,20.0,21.64,21.17,0.0,10000,3.6,800,2.79,21.15,27.41,0,6.1,22.03,0.5,0.667,75.0,3,1,0.3661,Estabilizado,Operação Normal
2026-08-22T18:53:11.115751,4092-10,34644,2,SETOR IIB,TERM. CID. TIRADENTES,5,15:53,2,30.0,2,20.0,21.64,21.17,0.0,10000,3.6,800,5.92,17.2,31.18,0,6.1,43.94,0.5,0.667,75.0,3,1,0.4209,Estabilizado,Operação Normal
2026-08-22T18:53:11.115751,3009-10,35294,2,CPTM ITAIM PAULISTA,ITAIM PAULISTA,5,15:53,2,30.0,2,20.0,21.64,21.17,0.0,10000,3.6,800,3.11,20.24,30.78,0,6.1,24.27,0.5,0.667,75.0,3,1,0.3717,Estabilizado,Operação Normal
2026-08-22T18:53:11.115751,5701-10,33904,2,TERM. ÁGUA ESPRAIADA,METRÔ CONCEIÇÃO,5,15:53,4,15.0,4,20.0,21.64,21.17,0.0,10000,3.6,800,3.52,20.92,35.25,0,6.1,27.14,0.5,1.0,62.5,5,1,0.3144,Estabilizado,Operação Normal
2026-08-22T18:53:11.115751,5300-10,354,1,TERM. PQ. D. PEDRO II,TERM. STO. AMARO,5,15:53,6,10.0,6,20.0,21.64,21.17,0.0,10000,3.6,800,2.96,26.58,27.92,1,6.1,48.22,0.5,1.0,66.67,8,2,0.3775,Estabilizado,Operação Normal
2026-08-22T18:53:11.115751,675R-10,32877,2,METRÔ JABAQUARA,GRAJAÚ,5,15:53,4,15.0,4,20.0,21.64,21.17,0.0,10000,3.6,800,3.37,25.0,34.11,0,6.1,26.09,0.5,1.0,62.5,5,1,0.3117,Estabilizado,Operação Normal
2026-08-22T18:53:11.115751,736I-10,781,1,STO. AMARO,JD. INGÁ,5,15:53,3,20.0,3,20.0,21.64,21.17,0.0,10000,3.6,800,3.5,27.15,33.77,0,6.1,27.0,0.5,1.0,66.67,4,1,0.3244,Estabilizado,Operação Normal
2026-08-22T18:53:11.115751,507T-10,34976,2,METRÔ CARRÃO,TERM. SAPOPEMBA,5,15:53,5,12.0,5,20.0,21.64,21.17,0.0,10000,3.6,800,3.02,19.47,34.38,1,6.1,48.64,0.5,1.0,70.0,7,2,0.3868,Estabilizado,Operação Normal
2026-08-22T18:53:11.115751,5018-10,1492,1,JABAQUARA,SHOP. INTERLAGOS,5,15:53,4,15.0,4,20.0,21.64,21.17,0.0,10000,3.6,800,3.17,18.73,29.42,0,6.1,24.69,0.5,1.0,62.5,5,1,0.3082,Estabilizado,Operação Normal
2026-08-22T18:53:11.115751,746H-10,33553,2,STO. AMARO,JD. JAQUELINE,5,15:53,8,7.5,8,20.0,21.64,21.17,0.0,10000,3.6,800,2.35,20.78,30.67,1,6.1,43.95,0.5,1.0,68.75,11,3,0.372,Estabilizado,Operação Normal
2026-08-22T18:53:11.115751,5131-10,34050,2,PQ. D. PEDRO II,CID. ADEMAR,5,15:53,3,20.0,3,20.0,21.64,21.17,0.0,10000,3.6,800,3.72,17.14,27.43,0,6.1,28.54,0.5,1.0,66.67,4,1,0.3283,Estabilizado,Operação Normal
2026-08-22T18:53:11.115751,2552-10,142,1,TERM. PQ. D. PEDRO II,VL. MARA,5,15:53,4,15.0,4,20.0,21.64,21.17,0.0,10000,3.6,800,2.45,25.12,36.27,0,6.1,19.65,0.5,1.0,62.5,5,1,0.2956,Estabilizado,Operação Normal
2026-08-22T18:53:11.115751,8072-10,34847,2,METRÔ MORUMBI,HORTO DO YPÊ,5,15:53,7,8.6,7,20.0,21.64,21.17,0.0,10000,3.6,800,3.71,18.94,26.74,0,6.1,28.47,0.5,1.0,64.29,9,2,0.3221,Estabilizado,Operação Normal
2026-08-22T18:53:11.115751,121G-10,691,1,METRÔ TUCURUVI,PQ. NOVO MUNDO,5,15:53,3,20.0,3,20.0,21.64,21.17,0.0,10000,3.6,800,3.5,14.36,26.35,0,6.1,27.0,0.5,1.0,66.67,4,1,0.3244,Estabilizado,Operação Normal
2026-08-22T18:53:11.115751,3735-10,33803,2,JD. SÃO JOÃO ,METRÔ ARTUR ALVIM,5,15:53,2,30.0,2,20.0,21.64,21.17,0.0,10000,3.6,800,4.03,25.3,32.05,0,6.1,30.71,0.5,0.667,75.0,3,1,0.3878,Estabilizado,Operação Normal
2026-08-22T18:53:11.115751,1783-10,33412,2,METRÔ SANTANA,CACHOEIRA,5,15:53,4,15.0,4,20.0,21.64,21.17,0.0,10000,3.6,800,2.65,19.05,28.0,1,6.1,46.05,0.5,1.0,75.0,6,2,0.3929,Estabilizado,Operação Normal
2026-08-22T18:53:11.115751,6L01-10,1171,1,TERM. VARGINHA,MARSILAC,5,15:53,2,30.0,2,20.0,21.64,21.17,0.0,10000,3.6,800,3.0,22.5,45.0,0,6.1,23.5,0.5,0.667,75.0,3,1,0.3698,Estabilizado,Operação Normal
2026-08-22T18:53:11.115751,3763-10,33822,2,METRÔ TATUAPÉ,TERM. VL. CARRÃO,5,15:53,4,15.0,4,20.0,21.64,21.17,0.0,10000,3.6,800,2.66,23.71,35.38,0,6.1,21.12,0.5,1.0,62.5,5,1,0.2993,Estabilizado,Operação Normal
2026-08-22T18:53:11.115751,1756-10,33315,2,METRÔ SANTANA,PEDRA BRANCA,5,15:53,5,12.0,5,20.0,21.64,21.17,0.0,10000,3.6,800,1.93,27.57,34.92,0,6.1,16.01,0.5,1.0,60.0,6,1,0.2803,Estabilizado,Operação Normal
2026-08-22T18:53:11.115751,6836-10,13,1,TERM. JOÃO DIAS,CAPÃO REDONDO,5,15:53,2,30.0,2,20.0,21.64,21.17,0.0,10000,3.6,800,3.16,15.47,22.37,0,6.1,24.62,0.5,0.667,75.0,3,1,0.3726,Estabilizado,Operação Normal
2026-08-22T18:53:11.115751,8000-10,34041,2,PÇA. RAMOS DE AZEVEDO,TERM. LAPA,5,15:53,1,60.0,1,20.0,21.64,21.17,0.0,10000,3.6,800,3.47,17.34,30.49,1,6.1,51.79,0.5,0.333,100.0,2,1,0.5364,Estabilizado,Operação Normal
2026-08-22T18:53:11.115751,3778-10,33830,2,METRÔ CARRÃO,JD. STA. TEREZINHA,5,15:53,5,12.0,5,20.0,21.64,21.17,0.0,10000,3.6,800,2.85,26.52,35.59,0,6.1,22.45,0.5,1.0,60.0,6,1,0.2964,Estabilizado,Operação Normal
2026-08-22T18:53:11.115751,2730-10,945,1,METRÔ ARTUR ALVIM,VL. JACUI,5,15:53,4,15.0,4,20.0,21.64,21.17,0.0,10000,3.6,800,2.49,21.79,28.44,0,6.1,19.93,0.5,1.0,62.5,5,1,0.2963,Estabilizado,Operação Normal
2026-08-22T18:53:11.115751,6115-10,1185,1,TERM. GRAJAÚ,CANTINHO DO CÉU,5,15:53,4,15.0,4,20.0,21.64,21.17,0.0,10000,3.6,800,7.7,9.76,25.97,0,6.1,56.4,0.5,1.0,75.0,6,2,0.4187,Estabilizado,Operação Normal
2026-08-22T18:53:11.115751,3206-10,34880,2,CONJ. CHAPARRAL,METRÔ PENHA,5,15:53,1,60.0,1,20.0,21.64,21.17,0.0,10000,3.6,800,2.73,33.81,38.98,0,6.1,21.61,0.5,0.333,100.0,2,1,0.461,Estabilizado,Operação Normal
2026-08-22T18:53:11.115751,2060-10,32902,2,METRÔ ARTUR ALVIM,TERM. A. E. CARVALHO,5,15:53,2,30.0,2,20.0,21.64,21.17,0.0,10000,3.6,800,2.82,25.23,36.67,0,6.1,22.24,0.5,0.667,75.0,3,1,0.3666,Estabilizado,Operação Normal
2026-08-22T18:53:11.115751,637R-10,196,1,TERM. STO. AMARO,JD. ARACATI,5,15:53,5,12.0,5,20.0,21.64,21.17,0.0,10000,3.6,800,3.44,25.49,40.2,0,6.1,26.58,0.5,1.0,60.0,6,1,0.3067,Estabilizado,Operação Normal
2026-08-22T18:53:11.115751,2716-10,33697,2,METRÔ PENHA,CHÁC. CRUZ. DO SUL,5,15:53,2,30.0,2,20.0,21.64,21.17,0.0,10000,3.6,800,2.74,28.09,28.81,0,6.1,21.68,0.5,0.667,75.0,3,1,0.3652,Estabilizado,Operação Normal
2026-08-22T18:53:11.115751,476G-21,35439,2,IPIRANGA,JD. ELBA,5,15:53,5,12.0,5,20.0,21.64,21.17,0.0,10000,3.6,800,2.82,22.62,28.06,0,6.1,22.24,0.5,1.0,60.0,6,1,0.2958,Estabilizado,Operação Normal
2026-08-22T18:53:11.115751,5029-10,1672,1,TERM. SACOMÃ,JD. PATENTE,5,15:53,2,30.0,2,20.0,21.64,21.17,0.0,10000,3.6,800,3.14,23.73,34.44,0,6.1,24.48,0.5,0.667,75.0,3,1,0.3722,Estabilizado,Operação Normal
2026-08-22T18:53:11.115751,5131-10,1282,1,PQ. D. PEDRO II,CID. ADEMAR,5,15:53,2,30.0,2,20.0,21.64,21.17,0.0,10000,3.6,800,2.82,22.35,32.23,1,6.1,47.24,0.5,0.667,75.0,3,1,0.4292,Estabilizado,Operação Normal
2026-08-22T18:53:11.115751,857A-10,34693,2,METRÔ STA. CRUZ,TERM. CAMPO LIMPO,5,15:53,4,15.0,4,20.0,21.64,21.17,0.0,10000,3.6,800,3.55,19.17,29.21,0,6.1,27.35,0.5,1.0,62.5,5,1,0.3149,Estabilizado,Operação Normal
2026-08-22T18:53:11.115751,118Y-10,841,1,LAPA,LAUZANE PAULISTA,5,15:53,6,10.0,6,20.0,21.64,21.17,0.0,10000,3.6,800,3.28,20.63,28.79,0,6.1,25.46,0.5,1.0,58.33,7,1,0.2997,Estabilizado,Operação Normal
2026-08-22T18:53:11.115751,2019-10,33673,2,SHOP. PENHA,PQ. PAINEIRAS,5,15:53,4,15.0,4,20.0,21.64,21.17,0.0,10000,3.6,800,2.63,21.65,28.44,0,6.1,20.91,0.5,1.0,62.5,5,1,0.2988,Estabilizado,Operação Normal
2026-08-22T18:53:11.115751,7005-51,34767,2,METRÔ CAPÃO REDONDO ,JD. VERA CRUZ,5,15:53,4,15.0,4,20.0,21.64,21.17,0.0,10000,3.6,800,2.86,14.86,28.13,0,6.1,22.52,0.5,1.0,62.5,5,1,0.3028,Estabilizado,Operação Normal
2026-08-22T18:53:11.115751,1036-10,35221,2,CONEXÃO VL. IÓRIO,COHAB BRASILÂNDIA,5,15:53,3,20.0,3,20.0,21.64,21.17,0.0,10000,3.6,800,2.12,22.53,27.38,0,6.1,17.34,0.5,1.0,66.67,4,1,0.3003,Estabilizado,Operação Normal
2026-08-22T18:53:11.115751,4017-10,2190,1,VL. YOLANDA,METALÚRGICOS,5,15:53,2,30.0,2,20.0,21.64,21.17,0.0,10000,3.6,800,3.0,22.5,45.0,0,6.1,23.5,0.5,0.667,75.0,3,1,0.3698,Estabilizado,Operação Normal
2026-08-22T18:53:11.115751,3785-10,33831,2,METRÔ ITAQUERA,COHAB BARRO BRANCO,5,15:53,4,15.0,4,20.0,21.64,21.17,0.0,10000,3.6,800,3.42,21.06,33.96,0,6.1,26.44,0.5,1.0,62.5,5,1,0.3126,Estabilizado,Operação Normal
2026-08-22T18:53:11.115751,888P-10,454,1,COHAB TAIPAS,PERUS,5,15:53,5,12.0,5,20.0,21.64,21.17,0.0,10000,3.6,800,2.24,21.27,27.45,0,6.1,18.18,0.5,1.0,60.0,6,1,0.2857,Estabilizado,Operação Normal
2026-08-22T18:53:11.115751,8707-10,34832,2,TERM. PRINC. ISABEL,RIO PEQUENO,5,15:53,6,10.0,6,20.0,21.64,21.17,0.0,10000,3.6,800,4.0,16.45,30.07,1,6.1,55.5,0.5,1.0,66.67,8,2,0.3957,Estabilizado,Operação Normal
2026-08-22T18:53:11.115751,6L11-10,33935,2,TERM. GRAJAÚ,ILHA DO BORORÉ,5,15:53,4,15.0,4,20.0,21.64,21.17,0.0,10000,3.6,800,6.25,14.83,34.13,0,6.1,46.25,0.5,1.0,75.0,6,2,0.3934,Estabilizado,Operação Normal
2026-08-22T18:53:11.115751,407P-10,34968,2,METRÔ TATUAPÉ,TERM. CID. TIRADENTES,5,15:53,7,8.6,7,20.0,21.64,21.17,0.0,10000,3.6,800,3.17,19.65,32.42,1,6.1,49.69,0.5,1.0,64.29,9,2,0.3752,Estabilizado,Operação Normal
2026-08-22T18:53:11.115751,6L07-10,1545,1,TERM. VARGINHA,JD. STA. FÉ,5,15:53,1,60.0,1,20.0,21.64,21.17,0.0,10000,3.6,800,3.0,22.5,45.0,0,6.1,23.5,0.5,0.333,100.0,2,1,0.4657,Estabilizado,Operação Normal
2026-08-22T18:53:11.115751,6450-10,32827,2,TERM. BANDEIRA,TERM. CAPELINHA,5,15:53,10,6.0,11,20.0,21.64,21.17,0.0,10000,3.6,800,2.95,20.61,29.48,1,6.1,48.15,0.5,1.0,70.0,14,4,0.3856,Estabilizado,Operação Normal
2026-08-22T18:53:11.115751,8004-10,34022,2,TERM. LAPA,HAB. TURÍSTICA,5,15:53,2,30.0,2,20.0,21.64,21.17,0.0,10000,3.6,800,2.29,53.42,61.15,0,6.1,18.53,0.5,0.667,75.0,3,1,0.3574,Estabilizado,Operação Normal
2026-08-22T18:53:11.115751,5144-10,1627,1,TERM. PRINC. ISABEL,TERM. SAPOPEMBA,5,15:53,4,15.0,4,20.0,21.64,21.17,0.0,10000,3.6,800,2.89,24.41,34.63,1,6.1,47.73,0.5,1.0,75.0,6,2,0.3971,Estabilizado,Operação Normal
2026-08-22T18:53:11.115751,6063-41,34541,2,TERM. EST. VARGINHA,JD. NOVO MARILDA,5,15:53,4,15.0,4,20.0,21.64,21.17,0.0,10000,3.6,800,3.0,32.98,27.34,0,6.1,23.5,0.5,1.0,62.5,5,1,0.3053,Estabilizado,Operação Normal
2026-08-22T18:53:11.115751,5185-10,1308,1,TERM. PQ. D. PEDRO II,TERM. GUARAPIRANGA,5,15:53,4,15.0,4,20.0,21.64,21.17,0.0,10000,3.6,800,3.44,22.37,37.41,1,6.1,51.58,0.5,1.0,75.0,6,2,0.4067,Estabilizado,Operação Normal
2026-08-22T18:53:11.115751,2007-10,896,1,CPTM ITAIM PAULISTA,CID. KEMEL II,5,15:53,3,20.0,3,20.0,21.64,21.17,0.0,10000,3.6,800,2.4,17.58,23.3,0,6.1,19.3,0.5,1.0,66.67,4,1,0.3052,Estabilizado,Operação Normal
2026-08-22T18:53:11.115751,6000-10,33908,2,TERM. STO. AMARO,TERM. PARELHEIROS,5,15:53,11,5.5,12,20.0,21.64,21.17,0.0,10000,3.6,800,3.54,17.22,30.78,0,6.1,27.28,0.5,1.0,68.18,15,4,0.3289,Estabilizado,Operação Normal
2026-08-22T18:53:11.115751,7021-10,34757,2,TERM. JOÃO DIAS,JD. MARACÁ,5,15:53,2,30.0,2,20.0,21.64,21.17,0.0,10000,3.6,800,2.91,22.27,28.91,0,6.1,22.87,0.5,0.667,75.0,3,1,0.3682,Estabilizado,Operação Normal
2026-08-22T18:53:11.115751,6806-10,32,1,TERM. JOÃO DIAS,JD. NOVO ORIENTE,5,15:53,2,30.0,2,20.0,21.64,21.17,0.0,10000,3.6,800,7.94,8.53,25.31,0,6.1,58.08,0.5,0.667,75.0,3,1,0.4562,Estabilizado,Operação Normal
2026-08-22T18:53:11.115751,3721-41,1693,1,METRÔ ITAQUERA,SHOP. ARICANDUVA,5,15:53,4,15.0,4,20.0,21.64,21.17,0.0,10000,3.6,800,4.66,23.35,30.28,0,6.1,35.12,0.5,1.0,62.5,5,1,0.3343,Estabilizado,Operação Normal
2026-08-22T18:53:11.115751,938P-10,33656,2,METRÔ BARRA FUNDA,JD. TEREZA,5,15:53,7,8.6,7,20.0,21.64,21.17,0.0,10000,3.6,800,5.8,8.04,26.56,1,6.1,68.1,0.5,1.0,71.43,10,3,0.4391,Estabilizado,Operação Normal
2026-08-22T18:53:11.115751,4030-10,33868,2,SHOP. ARICANDUVA,FAZENDA DA JUTA,5,15:53,4,15.0,4,20.0,21.64,21.17,0.0,10000,3.6,800,2.81,21.13,34.06,1,6.1,47.17,0.5,1.0,75.0,6,2,0.3957,Estabilizado,Operação Normal
2026-08-22T18:53:11.115751,6338-10,34061,2,PQ. IBIRAPUERA,JD. MIRIAM,5,15:53,3,20.0,3,20.0,21.64,21.17,0.0,10000,3.6,800,2.98,21.17,32.31,0,6.1,23.36,0.5,1.0,66.67,4,1,0.3153,Estabilizado,Operação Normal
2026-08-22T18:53:11.115751,9023-10,34205,2,TERM. PIRITUBA,PQ. DE TAIPAS,5,15:53,6,10.0,6,20.0,21.64,21.17,0.0,10000,3.6,800,2.16,19.17,27.74,0,6.1,17.62,0.5,1.0,58.33,7,1,0.2801,Estabilizado,Operação Normal
2026-08-22T18:53:11.115751,172X-10,861,1,METRÔ TATUAPÉ,PQ. NOVO MUNDO,5,15:53,4,15.0,4,20.0,21.64,21.17,0.0,10000,3.6,800,2.71,23.97,33.89,1,6.1,46.47,0.5,1.0,75.0,6,2,0.3939,Estabilizado,Operação Normal
2026-08-22T18:53:11.115751,6960-10,34211,2,TERM. STO. AMARO,TERM. VARGINHA,5,15:53,5,12.0,5,20.0,21.64,21.17,0.0,10000,3.6,800,3.2,23.78,34.57,0,6.1,24.9,0.5,1.0,60.0,6,1,0.3025,Estabilizado,Operação Normal
2026-08-22T18:53:11.115751,908T-10,34884,2,BUTANTÃ,TERM. PQ. D. PEDRO II,5,15:53,2,30.0,2,20.0,21.64,21.17,0.0,10000,3.6,800,6.43,12.44,25.13,1,6.1,72.51,0.5,0.667,75.0,3,1,0.4923,Estabilizado,Operação Normal
2026-08-22T18:53:11.115751,6053-10,33913,2,TERM. GRAJAÚ,JD. ELLUS,5,15:53,2,30.0,2,20.0,21.64,21.17,0.0,10000,3.6,800,3.0,22.5,45.0,0,6.1,23.5,0.5,0.667,75.0,3,1,0.3698,Estabilizado,Operação Normal
2026-08-22T18:53:11.115751,4018-10,34959,2,TERM. SÃO MATEUS,METALÚRGICOS,5,15:53,7,8.6,7,20.0,21.64,21.17,0.0,10000,3.6,800,3.76,27.12,42.63,1,6.1,53.82,0.5,1.0,71.43,10,3,0.4034,Estabilizado,Operação Normal
2026-08-22T18:53:11.115751,8017-10,34029,2,TERM. PIRITUBA,CPTM VL. AURORA,5,15:53,4,15.0,4,20.0,21.64,21.17,0.0,10000,3.6,800,1.29,28.45,31.88,0,6.1,11.53,0.5,1.0,62.5,5,1,0.2753,Estabilizado,Operação Normal
2026-08-22T18:53:11.115751,938V-10,33581,2,METRÔ BARRA FUNDA,JD. VISTA ALEGRE,5,15:53,12,5.0,13,20.0,21.64,21.17,0.0,10000,3.6,800,4.45,15.81,28.52,1,6.1,58.65,0.5,1.0,75.0,18,6,0.4244,Estabilizado,Operação Normal
2026-08-22T18:53:11.115751,1720-21,34705,2,METRÔ TUCURUVI,VILA SABRINA,5,15:53,3,20.0,3,20.0,21.64,21.17,0.0,10000,3.6,800,2.34,21.16,28.01,0,6.1,18.88,0.5,1.0,66.67,4,1,0.3041,Estabilizado,Operação Normal
2026-08-22T18:53:11.115751,573A-10,34405,2,VL. ALPINA,METRÔ BRESSER,5,15:53,5,12.0,5,20.0,21.64,21.17,0.0,10000,3.6,800,2.99,27.23,29.6,0,6.1,23.43,0.5,1.0,60.0,6,1,0.2988,Estabilizado,Operação Normal
2026-08-22T18:53:11.115751,6836-10,32781,2,TERM. JOÃO DIAS,CAPÃO REDONDO,5,15:53,2,30.0,2,20.0,21.64,21.17,0.0,10000,3.6,800,1.85,23.43,25.38,0,6.1,15.45,0.5,0.667,75.0,3,1,0.3497,Estabilizado,Operação Normal
2026-08-22T18:53:11.115751,6820-31,34174,2,TERM. CAPELINHA,JD. DAS ROSAS,5,15:53,2,30.0,2,20.0,21.64,21.17,0.0,10000,3.6,800,5.51,13.43,31.26,0,6.1,41.07,0.5,0.667,75.0,3,1,0.4137,Estabilizado,Operação Normal
2026-08-22T18:53:11.115751,9188-10,809,1,LAPA,CAPELA DA LAGOA ,5,15:53,4,15.0,4,20.0,21.64,21.17,0.0,10000,3.6,800,2.75,21.03,29.66,0,6.1,21.75,0.5,1.0,62.5,5,1,0.3009,Estabilizado,Operação Normal
2026-08-22T18:53:11.115751,669A-10,4,1,TERM. PRINC. ISABEL,TERM. STO. AMARO,5,15:53,4,15.0,4,20.0,21.64,21.17,0.0,10000,3.6,800,3.57,14.92,30.79,1,6.1,52.49,0.5,1.0,75.0,6,2,0.409,Estabilizado,Operação Normal
2026-08-22T18:53:11.115751,1702-10,846,1,TIETÊ,JOVA RURAL,5,15:53,5,12.0,5,20.0,21.64,21.17,0.0,10000,3.6,800,3.65,16.8,26.44,0,6.1,28.05,0.5,1.0,60.0,6,1,0.3104,Estabilizado,Operação Normal
2026-08-22T18:53:11.115751,2707-10,919,1,METRÔ ITAQUERA,CHABILÂNDIA,5,15:53,4,15.0,4,20.0,21.64,21.17,0.0,10000,3.6,800,3.15,22.49,35.88,1,6.1,49.55,0.5,1.0,75.0,6,2,0.4016,Estabilizado,Operação Normal
2026-08-22T18:53:11.115751,4717-10,33103,2,METRÔ SAÚDE,JD. MARIA ESTELA,5,15:53,2,30.0,2,20.0,21.64,21.17,0.0,10000,3.6,800,2.83,21.79,29.69,1,6.1,47.31,0.5,0.667,75.0,3,1,0.4293,Estabilizado,Operação Normal
2026-08-22T18:53:11.115751,4732-10,302,1,METRÔ SAÚDE,VL. LIVIERO,5,15:53,3,20.0,3,20.0,21.64,21.17,0.0,10000,3.6,800,3.0,20.04,28.92,1,6.1,48.5,0.5,1.0,66.67,4,1,0.3782,Estabilizado,Operação Normal
2026-08-22T18:53:11.115751,5011-10,33883,2,STO. AMARO,ELDORADO,5,15:53,5,12.0,5,20.0,21.64,21.17,0.0,10000,3.6,800,3.38,20.12,32.52,1,6.1,51.16,0.5,1.0,70.0,7,2,0.3931,Estabilizado,Operação Normal
2026-08-22T18:53:11.115751,637G-10,32869,2,PINHEIROS,GRAJAÚ,5,15:53,6,10.0,6,20.0,21.64,21.17,0.0,10000,3.6,800,2.59,24.49,34.05,0,6.1,20.63,0.5,1.0,58.33,7,1,0.2876,Estabilizado,Operação Normal
2026-08-22T18:53:11.115751,3722-10,1020,1,METRÔ ITAQUERA,COHAB JOSÉ BONIFÁCIO,5,15:53,2,30.0,2,20.0,21.64,21.17,0.0,10000,3.6,800,5.81,22.58,41.19,1,6.1,68.17,0.5,0.667,75.0,3,1,0.4815,Estabilizado,Operação Normal
2026-08-22T18:53:11.115751,575A-10,1638,1,SHOP. METRÔ TATUAPÉ,DIV. SÃO CAETANO,5,15:53,2,30.0,2,20.0,21.64,21.17,0.0,10000,3.6,800,2.67,21.86,29.86,1,6.1,46.19,0.5,0.667,75.0,3,1,0.4265,Estabilizado,Operação Normal
2026-08-22T18:53:11.115751,4004-10,2178,1,BARRO BRANCO,TERM. CID. TIRADENTES,5,15:53,2,30.0,2,20.0,21.64,21.17,0.0,10000,3.6,800,5.35,19.03,29.53,0,6.1,39.95,0.5,0.667,75.0,3,1,0.4109,Estabilizado,Operação Normal
2026-08-22T18:53:11.115751,4311-10,2171,1,TERM. PQ. D. PEDRO II,TERM. SÃO MATEUS,5,15:53,3,20.0,3,20.0,21.64,21.17,0.0,10000,3.6,800,5.97,18.69,42.45,0,6.1,44.29,0.5,1.0,66.67,4,1,0.3677,Estabilizado,Operação Normal
2026-08-22T18:53:11.115751,5614-21,2464,1,PQ. IBIRAPUERA,ELDORADO,5,15:53,8,7.5,8,20.0,21.64,21.17,0.0,10000,3.6,800,2.93,28.13,40.1,1,6.1,48.01,0.5,1.0,68.75,11,3,0.3821,Estabilizado,Operação Normal
2026-08-22T18:53:11.115751,2034-10,2623,1,CENTRO TEA,METRÔ TIETÊ,5,15:53,1,60.0,1,20.0,21.64,21.17,0.0,10000,3.6,800,5.59,20.68,39.9,0,6.1,41.63,0.5,0.333,100.0,2,1,0.511,Estabilizado,Operação Normal
2026-08-22T18:53:11.115751,524M-10,1631,1,SHOP. ARICANDUVA,MASCARENHAS DE MORAIS,5,15:53,3,20.0,3,20.0,21.64,21.17,0.0,10000,3.6,800,3.23,22.98,28.17,1,6.1,50.11,0.5,1.0,66.67,4,1,0.3822,Estabilizado,Operação Normal
2026-08-22T18:53:11.115751,746V-10,792,1,HOSP. CAMPO LIMPO,JD. REBOUÇAS,5,15:53,6,10.0,6,20.0,21.64,21.17,0.0,10000,3.6,800,5.19,15.78,27.93,0,6.1,38.83,0.5,1.0,66.67,8,2,0.354,Estabilizado,Operação Normal
2026-08-22T18:53:11.115751,403A-10,2192,1,TERM. PENHA,CPTM JOSÉ BONIFÁCIO,5,15:53,3,20.0,3,20.0,21.64,21.17,0.0,10000,3.6,800,3.1,24.17,33.98,0,6.1,24.2,0.5,1.0,66.67,4,1,0.3174,Estabilizado,Operação Normal
2026-08-22T18:53:11.115751,4011-10,2184,1,TERM. SÃO MATEUS,JD. LIMOEIRO,5,15:53,3,20.0,3,20.0,21.64,21.17,0.0,10000,3.6,800,5.13,19.29,30.73,1,6.1,63.41,0.5,1.0,83.33,5,2,0.4571,Estabilizado,Operação Normal
2026-08-22T18:53:11.115751,8043-10,407,1,LAPA,HAB. TURÍSTICA,5,15:53,1,60.0,1,20.0,21.64,21.17,0.0,10000,3.6,800,2.24,24.96,32.8,0,6.1,18.18,0.5,0.333,100.0,2,1,0.4524,Estabilizado,Operação Normal
2026-08-22T18:53:11.115751,1745-10,546,1,SHOP. CENTER NORTE,VL.NOVA CACHOEIRINHA,5,15:53,3,20.0,3,20.0,21.64,21.17,0.0,10000,3.6,800,2.74,25.28,33.9,1,6.1,46.68,0.5,1.0,66.67,4,1,0.3736,Estabilizado,Operação Normal
2026-08-22T18:53:11.115751,6099-10,34355,2,DIVISA DE EMBU-GUAÇU,TERM. GRAJAÚ,5,15:53,2,30.0,2,20.0,21.64,21.17,0.0,10000,3.6,800,3.0,22.5,45.0,0,6.1,23.5,0.5,0.667,75.0,3,1,0.3698,Estabilizado,Operação Normal
2026-08-22T18:53:11.115751,3019-10,957,1,VL. PAULISTA I,TERM. CID. TIRADENTES,5,15:53,1,60.0,1,20.0,21.64,21.17,0.0,10000,3.6,800,5.91,16.89,27.62,0,6.1,43.87,0.5,0.333,100.0,2,1,0.5166,Estabilizado,Operação Normal
2026-08-22T18:53:11.115751,3756-10,1050,1,METRÔ ITAQUERA ,BARRO BRANCO,5,15:53,3,20.0,3,20.0,21.64,21.17,0.0,10000,3.6,800,4.02,14.46,27.76,1,6.1,55.64,0.5,1.0,66.67,4,1,0.396,Estabilizado,Operação Normal
2026-08-22T18:53:11.115751,6835-10,32780,2,TERM. CAPELINHA,VALO VELHO,5,15:53,1,60.0,1,20.0,21.64,21.17,0.0,10000,3.6,800,3.41,16.26,27.44,0,6.1,26.37,0.5,0.333,100.0,2,1,0.4729,Estabilizado,Operação Normal
2026-08-22T18:53:11.115751,3773-10,33827,2,METRÔ CARRÃO,RES. STA. BÁRBARA,5,15:53,5,12.0,5,20.0,21.64,21.17,0.0,10000,3.6,800,5.61,18.66,36.12,0,6.1,41.77,0.5,1.0,70.0,7,2,0.3697,Estabilizado,Operação Normal
2026-08-22T18:53:11.115751,4036-10,35329,2,TERM. VL. CARRÃO,METRÔ ITAQUERA,5,15:53,2,30.0,2,20.0,21.64,21.17,0.0,10000,3.6,800,4.18,18.2,32.67,0,6.1,31.76,0.5,0.667,75.0,3,1,0.3904,Estabilizado,Operação Normal
2026-08-22T18:53:11.115751,4033-10,33871,2,NOVA CONQUISTA,JD. GUAIRACÁ,5,15:53,7,8.6,7,20.0,21.64,21.17,0.0,10000,3.6,800,2.62,23.12,31.61,1,6.1,45.84,0.5,1.0,64.29,9,2,0.3656,Estabilizado,Operação Normal
2026-08-22T18:53:11.115751,6063-42,34770,2,TERM. EST. VARGINHA,CHÁC. STO. AMARO,5,15:53,4,15.0,4,20.0,21.64,21.17,0.0,10000,3.6,800,3.09,19.32,29.51,0,6.1,24.13,0.5,1.0,62.5,5,1,0.3068,Estabilizado,Operação Normal
2026-08-22T18:53:11.115751,6013-10,186,1,TERM. STO. AMARO,JD. NAKAMURA,5,15:53,3,20.0,3,20.0,21.64,21.17,0.0,10000,3.6,800,5.23,15.93,27.16,0,6.1,39.11,0.5,1.0,66.67,4,1,0.3547,Estabilizado,Operação Normal
2026-08-22T18:53:11.115751,5370-10,1442,1,LGO. SÃO FRANCISCO,TERM. VARGINHA,5,15:53,8,7.5,8,20.0,21.64,21.17,0.0,10000,3.6,800,2.68,22.13,31.58,0,6.1,21.26,0.5,1.0,62.5,10,2,0.2996,Estabilizado,Operação Normal
2026-08-22T18:53:11.115751,4727-10,33108,2,METRÔ PÇA. DA ÁRVORE,JD. CLÍMAX,5,15:53,1,60.0,1,20.0,21.64,21.17,0.0,10000,3.6,800,3.63,23.52,30.04,0,6.1,27.91,0.5,0.333,100.0,2,1,0.4767,Estabilizado,Operação Normal
2026-08-22T18:53:11.115751,5178-10,33363,2,PÇA. JOÃO MENDES,JD. MIRIAM,5,15:53,4,15.0,4,20.0,21.64,21.17,0.0,10000,3.6,800,5.32,15.65,31.45,1,6.1,64.74,0.5,1.0,75.0,6,2,0.4396,Estabilizado,Operação Normal
2026-08-22T18:53:11.115751,5105-10,34419,2,TERM. MERCADO,TERM. SACOMÃ,5,15:53,4,15.0,4,20.0,21.64,21.17,0.0,10000,3.6,800,6.35,18.09,41.4,1,6.1,71.95,0.5,1.0,75.0,6,2,0.4576,Estabilizado,Operação Normal
2026-08-22T18:53:11.115751,408A-10,33534,2,CARDOSO DE ALMEIDA,MACHADO DE ASSIS,5,15:53,3,20.0,3,20.0,21.64,21.17,0.0,10000,3.6,800,4.49,13.89,27.23,1,6.1,58.93,0.5,1.0,66.67,4,1,0.4042,Estabilizado,Operação Normal
2026-08-22T18:53:11.115751,209P-10,34984,2,TERM. PINHEIROS,CACHOEIRINHA,5,15:53,5,12.0,5,20.0,21.64,21.17,0.0,10000,3.6,800,3.81,18.57,31.78,1,6.1,54.17,0.5,1.0,70.0,7,2,0.4007,Estabilizado,Operação Normal
2026-08-22T18:53:11.115751,172J-10,33624,2,TATUAPÉ,JD. BRASIL,5,15:53,7,8.6,7,20.0,21.64,21.17,0.0,10000,3.6,800,3.05,27.5,38.7,1,6.1,48.85,0.5,1.0,64.29,9,2,0.3731,Estabilizado,Operação Normal
2026-08-22T18:53:11.115751,N301-11,35103,2,TERM. PQ. D. PEDRO II,TERM. A. E. CARVALHO,5,15:53,1,60.0,1,20.0,21.64,21.17,0.0,10000,3.6,800,3.67,18.91,31.84,1,6.1,53.19,0.5,0.333,100.0,2,1,0.5399,Estabilizado,Operação Normal
2026-08-22T18:53:11.115751,372U-10,33784,2,METRÔ TATUAPÉ,VL. STA. ISABEL,5,15:53,5,12.0,5,20.0,21.64,21.17,0.0,10000,3.6,800,2.54,24.52,34.46,0,6.1,20.28,0.5,1.0,60.0,6,1,0.2909,Estabilizado,Operação Normal
2026-08-22T18:53:11.115751,6055-10,33914,2,SHOP. INTERLAGOS,EST. MENDES/VL. NATAL,5,15:53,3,20.0,3,20.0,21.64,21.17,0.0,10000,3.6,800,3.39,20.71,30.98,0,6.1,26.23,0.5,1.0,66.67,4,1,0.3225,Estabilizado,Operação Normal
2026-08-22T18:53:11.115751,978L-10,33234,2,TERM. PRINC. ISABEL,TERM. CACHOEIRINHA,5,15:53,3,20.0,3,20.0,21.64,21.17,0.0,10000,3.6,800,4.4,16.02,29.71,1,6.1,58.3,0.5,1.0,66.67,4,1,0.4027,Estabilizado,Operação Normal
2026-08-22T18:53:11.115751,3768-10,33824,2,CPTM JOSÉ BONIFÁCIO,VL. YOLANDA,5,15:53,5,12.0,5,20.0,21.64,21.17,0.0,10000,3.6,800,1.74,25.52,31.75,0,6.1,14.68,0.5,1.0,60.0,6,1,0.277,Estabilizado,Operação Normal
2026-08-22T18:53:11.115751,5111-10,48,1,TERM. PQ. D. PEDRO II,TERM. STO. AMARO,5,15:53,4,15.0,4,20.0,21.64,21.17,0.0,10000,3.6,800,2.89,18.44,27.23,1,6.1,47.73,0.5,1.0,75.0,6,2,0.3971,Estabilizado,Operação Normal
2026-08-22T18:53:11.115751,6L05-10,1173,1,TERM. PARELHEIROS,BARRAGEM,5,15:53,2,30.0,2,20.0,21.64,21.17,0.0,10000,3.6,800,3.0,22.5,45.0,0,6.1,23.5,0.5,0.667,75.0,3,1,0.3698,Estabilizado,Operação Normal
2026-08-22T18:53:11.115751,7062-10,34666,2,TERM. CAMPO LIMPO,INOCOOP CAMPO LIMPO,5,15:53,2,30.0,2,20.0,21.64,21.17,0.0,10000,3.6,800,2.95,18.17,32.85,0,6.1,23.15,0.5,0.667,75.0,3,1,0.3689,Estabilizado,Operação Normal
2026-08-22T18:53:11.115751,908T-10,2116,1,BUTANTÃ,TERM. PQ. D. PEDRO II,5,15:53,2,30.0,2,20.0,21.64,21.17,0.0,10000,3.6,800,4.78,12.6,27.18,0,6.1,35.96,0.5,0.667,75.0,3,1,0.401,Estabilizado,Operação Normal
2026-08-22T18:53:11.115751,958P-10,465,1,VL. OLÍMPIA,JD. NARDINI,5,15:53,1,60.0,1,20.0,21.64,21.17,0.0,10000,3.6,800,6.84,15.44,32.61,0,6.1,50.38,0.5,0.333,100.0,2,1,0.5329,Estabilizado,Operação Normal
2026-08-22T18:53:11.115751,677A-10,1239,1,ITAIM BIBI,TERM. JD. ÂNGELA,5,15:53,7,8.6,7,20.0,21.64,21.17,0.0,10000,3.6,800,3.53,17.83,34.32,1,6.1,52.21,0.5,1.0,71.43,10,3,0.3993,Estabilizado,Operação Normal
2026-08-22T18:53:11.115751,2716-10,929,1,METRÔ PENHA,CHÁC. CRUZ. DO SUL,5,15:53,3,20.0,3,20.0,21.64,21.17,0.0,10000,3.6,800,2.52,24.13,31.06,0,6.1,20.14,0.5,1.0,66.67,4,1,0.3073,Estabilizado,Operação Normal
2026-08-22T18:53:11.115751,517J-10,1129,1,TERM. ÁGUA ESPRAIADA,JD. SELMA,5,15:53,3,20.0,3,20.0,21.64,21.17,0.0,10000,3.6,800,2.08,24.02,27.38,0,6.1,17.06,0.5,1.0,66.67,4,1,0.2996,Estabilizado,Operação Normal
2026-08-22T18:53:11.115751,2522-10,32908,2,METRÔ ITAQUERA,JD. STO. ANTÔNIO,5,15:53,1,60.0,1,20.0,21.64,21.17,0.0,10000,3.6,800,4.43,23.23,32.83,0,6.1,33.51,0.5,0.333,100.0,2,1,0.4907,Estabilizado,Operação Normal
2026-08-22T18:53:11.115751,6061-10,33918,2,TERM. GRAJAÚ,JD. MARILDA,5,15:53,2,30.0,2,20.0,21.64,21.17,0.0,10000,3.6,800,6.22,13.23,31.96,0,6.1,46.04,0.5,0.667,75.0,3,1,0.4262,Estabilizado,Operação Normal
2026-08-22T18:53:11.115751,817C-10,1337,1,HOSP. DAS CLÍNICAS,LAPA,5,15:53,1,60.0,1,20.0,21.64,21.17,0.0,10000,3.6,800,5.58,13.9,25.28,0,6.1,41.56,0.5,0.333,100.0,2,1,0.5108,Estabilizado,Operação Normal
2026-08-22T18:53:11.115751,148L-10,33299,2,LAPA,COHAB ANTÁRTICA,5,15:53,9,6.7,9,20.0,21.64,21.17,0.0,10000,3.6,800,2.38,22.05,30.77,1,6.1,44.16,0.5,1.0,66.67,12,3,0.3673,Estabilizado,Operação Normal
2026-08-22T18:53:11.115751,971X-10,34463,2,METRÔ SANTANA,TERM. CACHOEIRINHA,5,15:53,5,12.0,5,20.0,21.64,21.17,0.0,10000,3.6,800,3.79,19.21,31.17,0,6.1,29.03,0.5,1.0,60.0,6,1,0.3128,Estabilizado,Operação Normal
2026-08-22T18:53:11.115751,3001-10,34418,2,TERM. SÃO MIGUEL,ITAIM PAULISTA,5,15:53,1,60.0,1,20.0,21.64,21.17,0.0,10000,3.6,800,5.37,17.39,34.41,0,6.1,40.09,0.5,0.333,100.0,2,1,0.5072,Estabilizado,Operação Normal
2026-08-22T18:53:11.115751,6451-10,32829,2,TERM. BANDEIRA,TERM. CAPELINHA,5,15:53,8,7.5,8,20.0,21.64,21.17,0.0,10000,3.6,800,3.72,21.99,33.37,1,6.1,53.54,0.5,1.0,68.75,11,3,0.396,Estabilizado,Operação Normal
2026-08-22T18:53:11.115751,6813-10,33,1,TERM. CAPELINHA,JD. LÍDIA,5,15:53,1,60.0,1,20.0,21.64,21.17,0.0,10000,3.6,800,3.47,19.62,31.15,0,6.1,26.79,0.5,0.333,100.0,2,1,0.4739,Estabilizado,Operação Normal
2026-08-22T18:53:11.115751,513C-31,35304,2,E.T. ITAQUERA,VL. CALIFÓRNIA,5,15:53,3,20.0,3,20.0,21.64,21.17,0.0,10000,3.6,800,4.23,17.52,28.75,1,6.1,57.11,0.5,1.0,66.67,4,1,0.3997,Estabilizado,Operação Normal
2026-08-22T18:53:11.115751,1701-10,845,1,METRÔ SANTANA,JOVA RURAL,5,15:53,2,30.0,2,20.0,21.64,21.17,0.0,10000,3.6,800,4.15,11.75,27.96,0,6.1,31.55,0.5,0.667,75.0,3,1,0.3899,Estabilizado,Operação Normal
2026-08-22T18:53:11.115751,4028-10,1098,1,DIV. DE MAUÁ,HOSP. SÃO MATEUS,5,15:53,3,20.0,3,20.0,21.64,21.17,0.0,10000,3.6,800,7.81,12.06,34.52,0,6.1,57.17,0.5,1.0,66.67,4,1,0.3999,Estabilizado,Operação Normal
2026-08-22T18:53:11.115751,364A-10,1246,1,SHOP. ARICANDUVA,HOSP. IPIRANGA,5,15:53,4,15.0,4,20.0,21.64,21.17,0.0,10000,3.6,800,2.97,20.64,31.36,0,6.1,23.29,0.5,1.0,62.5,5,1,0.3047,Estabilizado,Operação Normal
2026-08-22T18:53:11.115751,9004-10,33639,2,TERM. CACHOEIRINHA,JD. ELISA MARIA,5,15:53,6,10.0,6,20.0,21.64,21.17,0.0,10000,3.6,800,3.43,20.52,32.77,0,6.1,26.51,0.5,1.0,58.33,7,1,0.3024,Estabilizado,Operação Normal
2026-08-22T18:53:11.115751,3731-10,33796,2,SHOP. ARICANDUVA,METRÔ VL. MATILDE,5,15:53,2,30.0,2,20.0,21.64,21.17,0.0,10000,3.6,800,6.4,19.13,43.17,0,6.1,47.3,0.5,0.667,75.0,3,1,0.4293,Estabilizado,Operação Normal
2026-08-22T18:53:11.115751,5759-10,33906,2,METRÔ CONCEIÇÃO,PQ. PRIMAVERA,5,15:53,5,12.0,5,20.0,21.64,21.17,0.0,10000,3.6,800,3.84,20.96,36.62,0,6.1,29.38,0.5,1.0,60.0,6,1,0.3137,Estabilizado,Operação Normal
2026-08-22T18:53:11.115751,3019-10,33725,2,VL. PAULISTA I,TERM. CID. TIRADENTES,5,15:53,1,60.0,1,20.0,21.64,21.17,0.0,10000,3.6,800,5.68,17.95,29.01,0,6.1,42.26,0.5,0.333,100.0,2,1,0.5126,Estabilizado,Operação Normal
2026-08-22T18:53:11.115751,2724-10,938,1,CONJ. ARAUCÁRIA,METRÔ ARTUR ALVIM,5,15:53,3,20.0,3,20.0,21.64,21.17,0.0,10000,3.6,800,2.15,33.34,39.77,0,6.1,17.55,0.5,1.0,66.67,4,1,0.3008,Estabilizado,Operação Normal
2026-08-22T18:53:11.115751,3742-10,1042,1,METRÔ ITAQUERA,JD. LARANJEIRA,5,15:53,4,15.0,4,20.0,21.64,21.17,0.0,10000,3.6,800,4.31,17.37,30.33,1,6.1,57.67,0.5,1.0,75.0,6,2,0.4219,Estabilizado,Operação Normal
2026-08-22T18:53:11.115751,4210-10,34938,2,TERM. PQ. D. PEDRO II,TERM. CID. TIRADENTES,5,15:53,5,12.0,5,20.0,21.64,21.17,0.0,10000,3.6,800,3.34,20.2,33.87,1,6.1,50.88,0.5,1.0,70.0,7,2,0.3924,Estabilizado,Operação Normal
2026-08-22T18:53:11.115751,175P-10,675,1,ANA ROSA,METRÔ SANTANA,5,15:53,5,12.0,5,20.0,21.64,21.17,0.0,10000,3.6,800,3.78,16.05,27.09,1,6.1,53.96,0.5,1.0,70.0,7,2,0.4002,Estabilizado,Operação Normal
2026-08-22T18:53:11.115751,407K-10,2168,1,METRÔ CARRÃO,TERM. SÃO MATEUS,5,15:53,3,20.0,3,20.0,21.64,21.17,0.0,10000,3.6,800,5.39,22.28,39.61,0,6.1,40.23,0.5,1.0,66.67,4,1,0.3575,Estabilizado,Operação Normal
2026-08-22T18:53:11.115751,971A-10,658,1,SHOP. D,JD. PRIMAVERA,5,15:53,3,20.0,3,20.0,21.64,21.17,0.0,10000,3.6,800,2.98,17.61,28.94,1,6.1,48.36,0.5,1.0,66.67,4,1,0.3778,Estabilizado,Operação Normal
2026-08-22T18:53:11.115751,637G-10,101,1,PINHEIROS,GRAJAÚ,5,15:53,6,10.0,6,20.0,21.64,21.17,0.0,10000,3.6,800,4.03,16.67,30.29,0,6.1,30.71,0.5,1.0,66.67,8,2,0.3337,Estabilizado,Operação Normal
2026-08-22T18:53:11.115751,6016-10,84,1,TERM. GRAJAÚ,JD. NORONHA,5,15:53,2,30.0,2,20.0,21.64,21.17,0.0,10000,3.6,800,3.0,22.5,45.0,0,6.1,23.5,0.5,0.667,75.0,3,1,0.3698,Estabilizado,Operação Normal
2026-08-22T18:53:11.115751,5632-10,32849,2,LGO. SÃO FRANCISCO,VL. SÃO JOSÉ,5,15:53,3,20.0,3,20.0,21.64,21.17,0.0,10000,3.6,800,3.14,21.8,27.94,0,6.1,24.48,0.5,1.0,66.67,4,1,0.3181,Estabilizado,Operação Normal
2026-08-22T18:53:11.115751,7012-10,34811,2,TERM. GUARAPIRANGA,PQ. DO LAGO,5,15:53,3,20.0,3,20.0,21.64,21.17,0.0,10000,3.6,800,4.4,20.45,33.4,0,6.1,33.3,0.5,1.0,66.67,4,1,0.3402,Estabilizado,Operação Normal
2026-08-22T18:53:11.115751,3721-10,33787,2,SHOP. ARICANDUVA,METRÔ ARTUR ALVIM,5,15:53,2,30.0,2,20.0,21.64,21.17,0.0,10000,3.6,800,2.75,28.83,35.47,0,6.1,21.75,0.5,0.667,75.0,3,1,0.3654,Estabilizado,Operação Normal
2026-08-22T18:53:11.115751,1744-10,33312,2,METRÔ SANTANA,LAUZANE PAULISTA,5,15:53,3,20.0,3,20.0,21.64,21.17,0.0,10000,3.6,800,5.76,15.35,29.13,0,6.1,42.82,0.5,1.0,66.67,4,1,0.364,Estabilizado,Operação Normal
2026-08-22T18:53:11.115751,3063-1,2626,1,TERM. SÃO MATEUS,GUAIANASES,5,15:53,4,15.0,4,20.0,21.64,21.17,0.0,10000,3.6,800,5.43,18.42,29.5,1,6.1,65.51,0.5,1.0,75.0,6,2,0.4415,Estabilizado,Operação Normal
2026-08-22T18:53:11.115751,199D-10,34903,2,TERM. PINHEIROS,CONEXÃO VL. IÓRIO,5,15:53,4,15.0,4,20.0,21.64,21.17,0.0,10000,3.6,800,3.85,18.05,29.03,0,6.1,29.45,0.5,1.0,62.5,5,1,0.3201,Estabilizado,Operação Normal
2026-08-22T18:53:11.115751,178L-10,560,1,HOSP. DAS CLÍNICAS,LAUZANE PAULISTA,5,15:53,4,15.0,4,20.0,21.64,21.17,0.0,10000,3.6,800,4.55,15.72,29.45,0,6.1,34.35,0.5,1.0,62.5,5,1,0.3324,Estabilizado,Operação Normal
2026-08-22T18:53:11.115751,1722-10,33632,2,METRÔ TUCURUVI,JD. MARINA,5,15:53,8,7.5,8,20.0,21.64,21.17,0.0,10000,3.6,800,3.89,13.55,30.36,0,6.1,29.73,0.5,1.0,62.5,10,2,0.3208,Estabilizado,Operação Normal
2026-08-22T18:53:11.115751,6960-10,1443,1,TERM. STO. AMARO,TERM. VARGINHA,5,15:53,5,12.0,5,20.0,21.64,21.17,0.0,10000,3.6,800,2.73,18.3,33.85,0,6.1,21.61,0.5,1.0,60.0,6,1,0.2943,Estabilizado,Operação Normal
2026-08-22T18:53:11.115751,2626-10,33144,2,TERM. PQ. D. PEDRO II,JD. NAZARÉ,5,15:53,9,6.7,9,20.0,21.64,21.17,0.0,10000,3.6,800,3.08,19.74,26.5,1,6.1,49.06,0.5,1.0,66.67,12,3,0.3796,Estabilizado,Operação Normal
2026-08-22T18:53:11.115751,5752-10,1287,1,METRÔ CONCEIÇÃO,VL. MISSIONÁRIA,5,15:53,6,10.0,6,20.0,21.64,21.17,0.0,10000,3.6,800,4.4,18.98,35.66,0,6.1,33.3,0.5,1.0,66.67,8,2,0.3402,Estabilizado,Operação Normal
2026-08-22T18:53:11.115751,3390-10,738,1,TERM. PQ. D. PEDRO II,SÃO MATEUS,5,15:53,5,12.0,5,20.0,21.64,21.17,0.0,10000,3.6,800,3.59,20.37,31.64,0,6.1,27.63,0.5,1.0,60.0,6,1,0.3093,Estabilizado,Operação Normal
2026-08-22T18:53:11.115751,3787-10,34380,2,METRÔ ITAQUERA,CID. TIRADENTES,5,15:53,4,15.0,4,20.0,21.64,21.17,0.0,10000,3.6,800,3.19,15.97,29.5,0,6.1,24.83,0.5,1.0,62.5,5,1,0.3086,Estabilizado,Operação Normal
2026-08-22T18:53:11.115751,5362-10,32838,2,PÇA. DA SÉ,PQ. RES. COCAIA,5,15:53,4,15.0,4,20.0,21.64,21.17,0.0,10000,3.6,800,6.17,14.74,36.41,0,6.1,45.69,0.5,1.0,75.0,6,2,0.392,Estabilizado,Operação Normal
2026-08-22T18:53:11.115751,5106-10,1280,1,LGO. SÃO FRANCISCO,MAR PAULISTA,5,15:53,5,12.0,5,20.0,21.64,21.17,0.0,10000,3.6,800,3.09,16.92,27.71,0,6.1,24.13,0.5,1.0,60.0,6,1,0.3006,Estabilizado,Operação Normal
2026-08-22T18:53:11.115751,2765-10,32913,2,METRÔ TATUAPÉ,VL. CISPER,5,15:53,6,10.0,6,20.0,21.64,21.17,0.0,10000,3.6,800,2.48,20.5,29.18,0,6.1,19.86,0.5,1.0,58.33,7,1,0.2857,Estabilizado,Operação Normal
2026-08-22T18:53:11.115751,1730-10,865,1,METRÔ SANTANA,CENTER NORTE,5,15:53,1,60.0,1,20.0,21.64,21.17,0.0,10000,3.6,800,3.91,17.89,33.66,1,6.1,54.87,0.5,0.333,100.0,2,1,0.5441,Estabilizado,Operação Normal
2026-08-22T18:53:11.115751,3746-31,2097,1,METRÔ BELÉM,JD. IMPERADOR,5,15:53,2,30.0,2,20.0,21.64,21.17,0.0,10000,3.6,800,2.25,24.28,30.51,0,6.1,18.25,0.5,0.667,75.0,3,1,0.3567,Estabilizado,Operação Normal
2026-08-22T18:53:11.115751,TREI-10,2489,1,TREINAMENTO,TREINAMENTO,5,15:53,1,60.0,1,20.0,21.64,21.17,0.0,10000,3.6,800,2.8,24.84,37.79,0,6.1,22.1,0.5,0.333,100.0,2,1,0.4622,Estabilizado,Operação Normal
2026-08-22T18:53:11.115751,4007-10,34949,2,TERM. VL. CARRÃO,COHAB JUSCELINO,5,15:53,3,20.0,3,20.0,21.64,21.17,0.0,10000,3.6,800,2.89,21.58,36.13,0,6.1,22.73,0.5,1.0,66.67,4,1,0.3138,Estabilizado,Operação Normal
2026-08-22T18:53:11.115751,8319-10,476,1,SESC POMPÉIA,PQ. CONTINENTAL,5,15:53,1,60.0,1,20.0,21.64,21.17,0.0,10000,3.6,800,0.81,34.81,37.75,0,6.1,8.17,0.5,0.333,100.0,2,1,0.4274,Estabilizado,Operação Normal
2026-08-22T18:53:11.115751,6082-10,2678,1,CONEXÃO TERMINAIS,CONEXÃO TERMINAIS,5,15:53,2,30.0,2,20.0,21.64,21.17,0.0,10000,3.6,800,3.18,18.8,29.6,0,6.1,24.76,0.5,0.667,75.0,3,1,0.373,Estabilizado,Operação Normal
2026-08-22T18:53:11.115751,2076-10,368,1,TERM. PENHA,JD. DAS OLIVEIRAS,5,15:53,3,20.0,3,20.0,21.64,21.17,0.0,10000,3.6,800,2.21,20.61,28.77,0,6.1,17.97,0.5,1.0,66.67,4,1,0.3019,Estabilizado,Operação Normal
2026-08-22T18:53:11.115751,4735-10,33878,2,JD. VERA CRUZ,SÃO MATEUS  ,5,15:53,1,60.0,1,20.0,21.64,21.17,0.0,10000,3.6,800,3.75,18.16,30.06,0,6.1,28.75,0.5,0.333,100.0,2,1,0.4788,Estabilizado,Operação Normal
2026-08-22T18:53:11.115751,695X-10,34209,2,METRÔ JABAQUARA,TERM. VARGINHA,5,15:53,8,7.5,8,20.0,21.64,21.17,0.0,10000,3.6,800,3.97,17.09,29.1,1,6.1,55.29,0.5,1.0,68.75,11,3,0.4003,Estabilizado,Operação Normal
2026-08-22T18:53:11.115751,4724-10,34828,2,VL. NHOCUNÉ,METRÔ PATRIARCA,5,15:53,2,30.0,2,20.0,21.64,21.17,0.0,10000,3.6,800,2.38,32.14,41.37,0,6.1,19.16,0.5,0.667,75.0,3,1,0.359,Estabilizado,Operação Normal
2026-08-22T18:53:11.115751,3013-10,954,1,METALÚRGICOS,TERM. CID. TIRADENTES,5,15:53,1,60.0,1,20.0,21.64,21.17,0.0,10000,3.6,800,5.69,17.93,28.98,0,6.1,42.33,0.5,0.333,100.0,2,1,0.5128,Estabilizado,Operação Normal
2026-08-22T18:53:11.115751,7040-10,776,1,PINHEIROS,PARAISÓPOLIS,5,15:53,3,20.0,3,20.0,21.64,21.17,0.0,10000,3.6,800,5.16,16.94,29.39,0,6.1,38.62,0.5,1.0,66.67,4,1,0.3535,Estabilizado,Operação Normal
2026-08-22T18:53:11.115751,7013-10,775,1,TERM. VL. SÔNIA,PQ. ARARIBA,5,15:53,3,20.0,3,20.0,21.64,21.17,0.0,10000,3.6,800,4.29,17.43,27.98,0,6.1,32.53,0.5,1.0,66.67,4,1,0.3383,Estabilizado,Operação Normal
2026-08-22T18:53:11.115751,2021-10,33674,2,CPTM GUAIANASES,JD. BANDEIRANTES,5,15:53,2,30.0,2,20.0,21.64,21.17,0.0,10000,3.6,800,3.73,20.53,29.46,1,6.1,53.61,0.5,0.667,75.0,3,1,0.4451,Estabilizado,Operação Normal
2026-08-22T18:53:11.115751,8545-10,1364,1,METRÔ BARRA FUNDA,PENTEADO,5,15:53,2,30.0,2,20.0,21.64,21.17,0.0,10000,3.6,800,3.5,20.65,36.44,1,6.1,52.0,0.5,0.667,75.0,3,1,0.441,Estabilizado,Operação Normal
2026-08-22T18:53:11.115751,3029-10,33734,2,METRÔ TATUAPÉ,JD. DAS ROSAS,5,15:53,5,12.0,5,20.0,21.64,21.17,0.0,10000,3.6,800,6.31,12.21,33.42,0,6.1,46.67,0.5,1.0,70.0,7,2,0.3819,Estabilizado,Operação Normal
2026-08-22T18:53:11.115751,707K-10,2503,1,METRÔ JABAQUARA,TERM. GUARAPIRANGA,5,15:53,4,15.0,4,20.0,21.64,21.17,0.0,10000,3.6,800,3.67,16.18,32.8,1,6.1,53.19,0.5,1.0,75.0,6,2,0.4107,Estabilizado,Operação Normal
2026-08-22T18:53:11.115751,6118-10,33956,2,TERM. STO. AMARO,JD. ICARAÍ,5,15:53,3,20.0,3,20.0,21.64,21.17,0.0,10000,3.6,800,3.05,20.59,39.17,0,6.1,23.85,0.5,1.0,66.67,4,1,0.3165,Estabilizado,Operação Normal
2026-08-22T18:53:11.115751,2704-10,916,1,METRÔ ITAQUERA,JD. ROBRU,5,15:53,5,12.0,5,20.0,21.64,21.17,0.0,10000,3.6,800,3.7,27.27,32.79,1,6.1,53.4,0.5,1.0,70.0,7,2,0.3987,Estabilizado,Operação Normal
2026-08-22T18:53:11.115751,736G-10,33548,2,SHOP. MORUMBI,JD. INGÁ,5,15:53,3,20.0,3,20.0,21.64,21.17,0.0,10000,3.6,800,3.36,21.14,29.07,1,6.1,51.02,0.5,1.0,66.67,4,1,0.3845,Estabilizado,Operação Normal
2026-08-22T18:53:11.115751,3741-10,33809,2,METRÔ ITAQUERA,CPTM D. BOSCO,5,15:53,3,20.0,3,20.0,21.64,21.17,0.0,10000,3.6,800,2.81,22.63,38.17,0,6.1,22.17,0.5,1.0,66.67,4,1,0.3124,Estabilizado,Operação Normal
2026-08-22T18:53:11.115751,352A-10,32932,2,TERM. SÃO MATEUS,JD. HELENA,5,15:53,3,20.0,3,20.0,21.64,21.17,0.0,10000,3.6,800,4.59,26.12,35.58,1,6.1,59.63,0.5,1.0,66.67,4,1,0.406,Estabilizado,Operação Normal
2026-08-22T18:53:11.115751,550P-10,35455,2,METRÔ BRÁS,TERM. VL. PRUDENTE,5,15:53,2,30.0,2,20.0,21.64,21.17,0.0,10000,3.6,800,3.86,21.0,31.84,0,6.1,29.52,0.5,0.667,75.0,3,1,0.3849,Estabilizado,Operação Normal
2026-08-22T18:53:11.115751,273X-10,33160,2,METRÔ ARTUR ALVIM,JD. DAS OLIVEIRAS,5,15:53,6,10.0,6,20.0,21.64,21.17,0.0,10000,3.6,800,1.44,24.96,31.36,0,6.1,12.58,0.5,1.0,58.33,7,1,0.2675,Estabilizado,Operação Normal
2026-08-22T18:53:11.115751,2726-10,33708,2,METRÔ PENHA,LIMOEIRO,5,15:53,4,15.0,4,20.0,21.64,21.17,0.0,10000,3.6,800,2.26,25.59,33.41,0,6.1,18.32,0.5,1.0,62.5,5,1,0.2923,Estabilizado,Operação Normal
2026-08-22T18:53:11.115751,6L03-10,1565,1,TERM. PARELHEIROS,CIPÓ DO MEIO,5,15:53,2,30.0,2,20.0,21.64,21.17,0.0,10000,3.6,800,3.0,22.5,45.0,0,6.1,23.5,0.5,0.667,75.0,3,1,0.3698,Estabilizado,Operação Normal
2026-08-22T18:53:11.115751,3728-10,1025,1,PQ. SAVOY CITY,METRÔ ARTUR ALVIM,5,15:53,4,15.0,4,20.0,21.64,21.17,0.0,10000,3.6,800,6.11,18.59,26.29,0,6.1,45.27,0.5,1.0,75.0,6,2,0.3909,Estabilizado,Operação Normal
2026-08-22T18:53:11.115751,2021-10,906,1,CPTM GUAIANASES,JD. BANDEIRANTES,5,15:53,3,20.0,3,20.0,21.64,21.17,0.0,10000,3.6,800,4.44,17.79,29.78,0,6.1,33.58,0.5,1.0,66.67,4,1,0.3409,Estabilizado,Operação Normal
2026-08-22T18:53:11.115751,8015-10,34113,2,TERM. PIRITUBA,CEM. DE PERUS,5,15:53,4,15.0,4,20.0,21.64,21.17,0.0,10000,3.6,800,2.66,22.21,30.6,0,6.1,21.12,0.5,1.0,62.5,5,1,0.2993,Estabilizado,Operação Normal
2026-08-22T18:53:11.115751,3064-10,980,1,CPTM GUAIANASES,CID. TIRADENTES,5,15:53,7,8.6,7,20.0,21.64,21.17,0.0,10000,3.6,800,3.25,23.08,31.8,1,6.1,50.25,0.5,1.0,64.29,9,2,0.3766,Estabilizado,Operação Normal
2026-08-22T18:53:11.115751,8500-10,1267,1,METRÔ BARRA FUNDA,TERM. PIRITUBA,5,15:53,4,15.0,4,20.0,21.64,21.17,0.0,10000,3.6,800,2.76,26.0,37.22,1,6.1,46.82,0.5,1.0,75.0,6,2,0.3948,Estabilizado,Operação Normal
2026-08-22T18:53:11.115751,3712-51,35273,2,METRÔ ITAQUERA,VL. COSMOPOLITA,5,15:53,4,15.0,4,20.0,21.64,21.17,0.0,10000,3.6,800,2.12,26.35,30.64,1,6.1,42.34,0.5,1.0,62.5,5,1,0.3523,Estabilizado,Operação Normal
2026-08-22T18:53:11.115751,2712-10,33694,2,SHOP. METRÔ ITAQUERA,JD. SÃO NICOLAU,5,15:53,2,30.0,2,20.0,21.64,21.17,0.0,10000,3.6,800,2.06,31.97,36.45,0,6.1,16.92,0.5,0.667,75.0,3,1,0.3534,Estabilizado,Operação Normal
2026-08-22T18:53:11.115751,373M-10,33049,2,SHOP. METRÔ TATUAPÉ,JD. GUAIRACÁ,5,15:53,2,30.0,2,20.0,21.64,21.17,0.0,10000,3.6,800,2.99,20.39,32.4,0,6.1,23.43,0.5,0.667,75.0,3,1,0.3696,Estabilizado,Operação Normal
2026-08-22T18:53:11.115751,6046-10,33991,2,STO. AMARO,JD. SÃO BENTO NOVO,5,15:53,3,20.0,3,20.0,21.64,21.17,0.0,10000,3.6,800,4.03,20.23,34.24,0,6.1,30.71,0.5,1.0,66.67,4,1,0.3337,Estabilizado,Operação Normal
2026-08-22T18:53:11.115751,7281-10,34102,2,PÇA. RAMOS DE AZEVEDO,LAPA,5,15:53,2,30.0,2,20.0,21.64,21.17,0.0,10000,3.6,800,3.59,18.12,33.76,1,6.1,52.63,0.5,0.667,75.0,3,1,0.4426,Estabilizado,Operação Normal
2026-08-22T18:53:11.115751,6505-10,34218,2,TERM. BANDEIRA,TERM. GUARAPIRANGA,5,15:53,4,15.0,4,20.0,21.64,21.17,0.0,10000,3.6,800,3.01,26.39,38.18,0,6.1,23.57,0.5,1.0,62.5,5,1,0.3054,Estabilizado,Operação Normal
2026-08-22T18:53:11.115751,2435-10,32978,2,TERM. ARICANDUVA,JD. COIMBRA,5,15:53,3,20.0,3,20.0,21.64,21.17,0.0,10000,3.6,800,2.99,17.78,29.06,0,6.1,23.43,0.5,1.0,66.67,4,1,0.3155,Estabilizado,Operação Normal
2026-08-22T18:53:11.115751,1026-10,2306,1,CONEXÃO PETRÔNIO PORTELA,VL. IARA,5,15:53,1,60.0,1,20.0,21.64,21.17,0.0,10000,3.6,800,2.36,22.34,26.07,0,6.1,19.02,0.5,0.333,100.0,2,1,0.4545,Estabilizado,Operação Normal
2026-08-22T18:53:11.115751,8012-10,2023,1,CID. UNIVERSITÁRIA,METRÔ BUTANTÃ,5,15:53,2,30.0,2,20.0,21.64,21.17,0.0,10000,3.6,800,2.94,19.02,31.59,0,6.1,23.08,0.5,0.667,75.0,3,1,0.3688,Estabilizado,Operação Normal
2026-08-22T18:53:11.115751,7016-10,2118,1,TERM. STO. AMARO,JD. ÂNGELA,5,15:53,3,20.0,3,20.0,21.64,21.17,0.0,10000,3.6,800,3.04,20.45,35.71,0,6.1,23.78,0.5,1.0,66.67,4,1,0.3164,Estabilizado,Operação Normal
2026-08-22T18:53:11.115751,847P-42,1424,1,VL. OLÍMPIA,BRASILÂNDIA,5,15:53,1,60.0,1,20.0,21.64,21.17,0.0,10000,3.6,800,2.97,18.44,29.44,0,6.1,23.29,0.5,0.333,100.0,2,1,0.4652,Estabilizado,Operação Normal
2026-08-22T18:53:11.115751,476A-10,33072,2,TERM. STO. AMARO,IPIRANGA,5,15:53,3,20.0,3,20.0,21.64,21.17,0.0,10000,3.6,800,5.74,15.36,28.82,1,6.1,67.68,0.5,1.0,83.33,5,2,0.4678,Estabilizado,Operação Normal
2026-08-22T18:53:11.115751,502J-10,1275,1,METRÔ STA. CRUZ,EST. AUTÓDROMO,5,15:53,4,15.0,4,20.0,21.64,21.17,0.0,10000,3.6,800,3.09,17.77,29.19,1,6.1,49.13,0.5,1.0,75.0,6,2,0.4006,Estabilizado,Operação Normal
2026-08-22T18:53:11.115751,139A-10,35219,2,LAPA,VL. IÓRIO,5,15:53,2,30.0,2,20.0,21.64,21.17,0.0,10000,3.6,800,2.88,21.7,30.48,0,6.1,22.66,0.5,0.667,75.0,3,1,0.3677,Estabilizado,Operação Normal
2026-08-22T18:53:11.115751,2025-10,35035,2,SANTANA,VL. NOVA GALVÃO,5,15:53,4,15.0,4,20.0,21.64,21.17,0.0,10000,3.6,800,3.81,14.35,27.69,1,6.1,54.17,0.5,1.0,75.0,6,2,0.4132,Estabilizado,Operação Normal
2026-08-22T18:53:11.115751,1016-10,831,1,SHOP. CENTER NORTE,CEM. DO HORTO,5,15:53,6,10.0,6,20.0,21.64,21.17,0.0,10000,3.6,800,4.19,16.93,30.68,0,6.1,31.83,0.5,1.0,66.67,8,2,0.3365,Estabilizado,Operação Normal
2026-08-22T18:53:11.115751,3902-10,1470,1,CPTM GUAIANASES,CPTM JD. ROMANO,5,15:53,5,12.0,5,20.0,21.64,21.17,0.0,10000,3.6,800,3.55,19.38,26.6,1,6.1,52.35,0.5,1.0,70.0,7,2,0.3961,Estabilizado,Operação Normal
2026-08-22T18:53:11.115751,702C-10,485,1,METRÔ BELÉM,JD. BONFIGLIOLI,5,15:53,3,20.0,3,20.0,21.64,21.17,0.0,10000,3.6,800,3.32,20.31,30.47,0,6.1,25.74,0.5,1.0,66.67,4,1,0.3213,Estabilizado,Operação Normal
2026-08-22T18:53:11.115751,1764-10,33393,2,METRÔ SANTANA,JD. CORISCO,5,15:53,4,15.0,4,20.0,21.64,21.17,0.0,10000,3.6,800,3.63,20.55,32.71,0,6.1,27.91,0.5,1.0,62.5,5,1,0.3163,Estabilizado,Operação Normal
2026-08-22T18:53:11.115751,178A-10,558,1,LAPA,METRÔ SANTANA,5,15:53,3,20.0,3,20.0,21.64,21.17,0.0,10000,3.6,800,3.21,19.37,26.37,0,6.1,24.97,0.5,1.0,66.67,4,1,0.3194,Estabilizado,Operação Normal
2026-08-22T18:53:11.115751,5129-10,34049,2,TERM. GUARAPIRANGA,JD. MIRIAM,5,15:53,6,10.0,6,20.0,21.64,21.17,0.0,10000,3.6,800,3.47,23.98,36.18,1,6.1,51.79,0.5,1.0,66.67,8,2,0.3864,Estabilizado,Operação Normal
2026-08-22T18:53:11.115751,875C-1,2510,1,METRÔ STA. CRUZ,TERM. LAPA,5,15:53,1,60.0,1,20.0,21.64,21.17,0.0,10000,3.6,800,3.16,16.47,25.64,0,6.1,24.62,0.5,0.333,100.0,2,1,0.4685,Estabilizado,Operação Normal
2026-08-22T18:53:11.115751,1775-10,33406,2,SHOP. CENTER NORTE,VL. ALBERTINA,5,15:53,2,30.0,2,20.0,21.64,21.17,0.0,10000,3.6,800,1.81,23.74,31.73,0,6.1,15.17,0.5,0.667,75.0,3,1,0.349,Estabilizado,Operação Normal
2026-08-22T18:53:11.115751,6455-10,32831,2,LGO. SÃO FRANCISCO,TERM. CAPELINHA,5,15:53,5,12.0,5,20.0,21.64,21.17,0.0,10000,3.6,800,2.98,24.53,36.78,0,6.1,23.36,0.5,1.0,60.0,6,1,0.2986,Estabilizado,Operação Normal
2026-08-22T18:53:11.115751,3027-10,963,1,SHOP. ARICANDUVA,CPTM GUAIANASES,5,15:53,4,15.0,4,20.0,21.64,21.17,0.0,10000,3.6,800,3.42,21.32,31.06,1,6.1,51.44,0.5,1.0,75.0,6,2,0.4063,Estabilizado,Operação Normal
2026-08-22T18:53:11.115751,2755-10,233,1,METRÔ PENHA,GUAIANASES,5,15:53,4,15.0,4,20.0,21.64,21.17,0.0,10000,3.6,800,2.66,22.85,32.36,1,6.1,46.12,0.5,1.0,75.0,6,2,0.3931,Estabilizado,Operação Normal
2026-08-22T18:53:11.115751,5022-10,1120,1,JABAQUARA,VL. STA. MARGARIDA,5,15:53,3,20.0,3,20.0,21.64,21.17,0.0,10000,3.6,800,2.94,19.12,29.4,0,6.1,23.08,0.5,1.0,66.67,4,1,0.3146,Estabilizado,Operação Normal
2026-08-22T18:53:11.115751,8024-10,34843,2,BUTANTÃ,JD. JAQUELINE,5,15:53,1,60.0,1,20.0,21.64,21.17,0.0,10000,3.6,800,2.67,24.03,30.55,0,6.1,21.19,0.5,0.333,100.0,2,1,0.4599,Estabilizado,Operação Normal
2026-08-22T18:53:11.115751,5013-10,1117,1,STO. AMARO,JD. LUSO,5,15:53,5,12.0,5,20.0,21.64,21.17,0.0,10000,3.6,800,5.2,15.04,26.98,1,6.1,63.9,0.5,1.0,70.0,7,2,0.425,Estabilizado,Operação Normal
2026-08-22T18:53:11.115751,8001-10,34019,2,TERM. LAPA,VL. PIAUÍ,5,15:53,1,60.0,1,20.0,21.64,21.17,0.0,10000,3.6,800,2.16,78.21,93.56,0,6.1,17.62,0.5,0.333,100.0,2,1,0.451,Estabilizado,Operação Normal
2026-08-22T18:53:11.115751,748A-41,33267,2,LAPA,JD. PERI PERI,5,15:53,1,60.0,1,20.0,21.64,21.17,0.0,10000,3.6,800,2.39,20.07,25.35,1,6.1,44.23,0.5,0.333,100.0,2,1,0.5175,Estabilizado,Operação Normal
2026-08-22T18:53:11.115751,5759-10,1138,1,METRÔ CONCEIÇÃO,PQ. PRIMAVERA,5,15:53,1,60.0,1,20.0,21.64,21.17,0.0,10000,3.6,800,7.63,10.99,27.76,0,6.1,55.91,0.5,0.333,100.0,2,1,0.5467,Estabilizado,Operação Normal
2026-08-22T18:53:11.115751,9014-10,1425,1,TERM. LAPA,MORRO GRANDE,5,15:53,2,30.0,2,20.0,21.64,21.17,0.0,10000,3.6,800,2.17,26.17,33.33,0,6.1,17.69,0.5,0.667,75.0,3,1,0.3553,Estabilizado,Operação Normal
2026-08-22T18:53:11.115751,5034-10,1663,1,TERM. SACOMÃ,VL. LIVIERO,5,15:53,2,30.0,2,20.0,21.64,21.17,0.0,10000,3.6,800,1.07,33.66,37.04,1,6.1,34.99,0.5,0.667,75.0,3,1,0.3985,Estabilizado,Operação Normal
2026-08-22T18:53:11.115751,669A-10,32772,2,TERM. PRINC. ISABEL,TERM. STO. AMARO,5,15:53,4,15.0,4,20.0,21.64,21.17,0.0,10000,3.6,800,4.55,14.57,27.68,0,6.1,34.35,0.5,1.0,62.5,5,1,0.3324,Estabilizado,Operação Normal
2026-08-22T18:53:11.115751,5106-21,1972,1,TERM. ÁGUA ESPRAIADA,JD. SELMA,5,15:53,4,15.0,4,20.0,21.64,21.17,0.0,10000,3.6,800,2.64,22.21,32.11,1,6.1,45.98,0.5,1.0,75.0,6,2,0.3927,Estabilizado,Operação Normal
2026-08-22T18:53:11.115751,2582-10,374,1,TERM. PQ. D. PEDRO II,VL. NOVA CURUÇÁ,5,15:53,5,12.0,5,20.0,21.64,21.17,0.0,10000,3.6,800,1.83,28.94,31.67,1,6.1,40.31,0.5,1.0,70.0,7,2,0.366,Estabilizado,Operação Normal
2026-08-22T18:53:11.115751,273R-10,32994,2,METRÔ ARTUR ALVIM,JD. ROBRU,5,15:53,3,20.0,3,20.0,21.64,21.17,0.0,10000,3.6,800,4.53,20.64,35.59,0,6.1,34.21,0.5,1.0,66.67,4,1,0.3425,Estabilizado,Operação Normal
2026-08-22T18:53:11.115751,8019-31,2574,1,TERM. VL. SÔNIA,PQ. CONTINENTAL,5,15:53,3,20.0,3,20.0,21.64,21.17,0.0,10000,3.6,800,2.03,24.9,31.3,0,6.1,16.71,0.5,1.0,66.67,4,1,0.2987,Estabilizado,Operação Normal
2026-08-22T18:53:11.115751,5020-10,1670,1,TERM. SACOMÃ,HOSP. HELIÓPOLIS,5,15:53,1,60.0,1,20.0,21.64,21.17,0.0,10000,3.6,800,2.69,24.98,32.41,0,6.1,21.33,0.5,0.333,100.0,2,1,0.4603,Estabilizado,Operação Normal
2026-08-22T18:53:11.115751,3051-10,35214,2,TERM. A. E. CARVALHO,ERMELINO MATARAZZO,5,15:53,3,20.0,3,20.0,21.64,21.17,0.0,10000,3.6,800,2.73,25.69,35.51,0,6.1,21.61,0.5,1.0,66.67,4,1,0.311,Estabilizado,Operação Normal
2026-08-22T18:53:11.115751,7009-10,1951,1,JD. ÂNGELA,JD. SÃO LOURENÇO,5,15:53,2,30.0,2,20.0,21.64,21.17,0.0,10000,3.6,800,3.53,23.41,38.72,0,6.1,27.21,0.5,0.667,75.0,3,1,0.3791,Estabilizado,Operação Normal
2026-08-22T18:53:11.115751,524L-10,1715,1,METRÔ TATUAPÉ,PQ. SÃO LUCAS,5,15:53,3,20.0,3,20.0,21.64,21.17,0.0,10000,3.6,800,3.12,13.97,24.37,0,6.1,24.34,0.5,1.0,66.67,4,1,0.3178,Estabilizado,Operação Normal
2026-08-22T18:53:11.115751,1760-10,33325,2,SHOP. CENTER NORTE,COHAB ANTÁRTICA,5,15:53,4,15.0,4,20.0,21.64,21.17,0.0,10000,3.6,800,3.74,17.08,31.54,0,6.1,28.68,0.5,1.0,62.5,5,1,0.3182,Estabilizado,Operação Normal
2026-08-22T18:53:11.115751,7458-10,496,1,TERM. VL. SÔNIA,JD. BOA VISTA,5,15:53,3,20.0,3,20.0,21.64,21.17,0.0,10000,3.6,800,7.26,8.63,22.44,0,6.1,53.32,0.5,1.0,66.67,4,1,0.3902,Estabilizado,Operação Normal
2026-08-22T18:53:11.115751,5757-51,1976,1,METRÔ CONCEIÇÃO,PEDREIRA,5,15:53,5,12.0,5,20.0,21.64,21.17,0.0,10000,3.6,800,3.42,22.4,28.52,0,6.1,26.44,0.5,1.0,60.0,6,1,0.3064,Estabilizado,Operação Normal
2026-08-22T18:53:11.115751,2019-10,905,1,SHOP. PENHA,PQ. PAINEIRAS,5,15:53,3,20.0,3,20.0,21.64,21.17,0.0,10000,3.6,800,2.55,23.37,31.84,1,6.1,45.35,0.5,1.0,66.67,4,1,0.3703,Estabilizado,Operação Normal
2026-08-22T18:53:11.115751,9090-10,884,1,TERM. CASA VERDE,PQ. TIETÊ,5,15:53,5,12.0,5,20.0,21.64,21.17,0.0,10000,3.6,800,3.1,20.92,29.36,0,6.1,24.2,0.5,1.0,60.0,6,1,0.3007,Estabilizado,Operação Normal
2026-08-22T18:53:11.115751,9300-10,32884,2,TERM. PQ. D. PEDRO II,TERM. CASA VERDE,5,15:53,2,30.0,2,20.0,21.64,21.17,0.0,10000,3.6,800,2.38,19.38,29.29,1,6.1,44.16,0.5,0.667,75.0,3,1,0.4214,Estabilizado,Operação Normal
2026-08-22T18:53:11.115751,8594-10,432,1,PÇA. RAMOS DE AZEVEDO,CID. D'ABRIL ,5,15:53,4,15.0,4,20.0,21.64,21.17,0.0,10000,3.6,800,4.64,18.26,29.37,1,6.1,59.98,0.5,1.0,75.0,6,2,0.4277,Estabilizado,Operação Normal
2026-08-22T18:53:11.115751,647A-10,34083,2,PINHEIROS,VALO VELHO,5,15:53,5,12.0,5,20.0,21.64,21.17,0.0,10000,3.6,800,2.94,34.17,40.6,1,6.1,48.08,0.5,1.0,70.0,7,2,0.3854,Estabilizado,Operação Normal
2026-08-22T18:53:11.115751,342N-10,1003,1,CPTM GUAIANASES,COHAB JUSCELINO,5,15:53,3,20.0,3,20.0,21.64,21.17,0.0,10000,3.6,800,4.45,20.16,30.61,1,6.1,58.65,0.5,1.0,66.67,4,1,0.4036,Estabilizado,Operação Normal
2026-08-22T18:53:11.115751,3098-10,33846,2,SHOP. ARICANDUVA,JD. SÃO FRANCISCO,5,15:53,5,12.0,5,20.0,21.64,21.17,0.0,10000,3.6,800,4.26,21.09,32.79,0,6.1,32.32,0.5,1.0,60.0,6,1,0.321,Estabilizado,Operação Normal
2026-08-22T18:53:11.115751,1783-10,644,1,METRÔ SANTANA,CACHOEIRA,5,15:53,4,15.0,4,20.0,21.64,21.17,0.0,10000,3.6,800,2.78,18.74,32.27,0,6.1,21.96,0.5,1.0,62.5,5,1,0.3014,Estabilizado,Operação Normal
2026-08-22T18:53:11.115751,2523-10,33018,2,TERM. A. E. CARVALHO,VL. PROGRESSO,5,15:53,5,12.0,5,20.0,21.64,21.17,0.0,10000,3.6,800,2.89,26.03,33.79,1,6.1,47.73,0.5,1.0,70.0,7,2,0.3846,Estabilizado,Operação Normal
2026-08-22T18:53:11.115751,9653-10,588,1,PÇA. DO CORREIO,PEDRA BRANCA,5,15:53,5,12.0,5,20.0,21.64,21.17,0.0,10000,3.6,800,4.66,13.85,28.27,1,6.1,60.12,0.5,1.0,70.0,7,2,0.4155,Estabilizado,Operação Normal
2026-08-22T18:53:11.115751,8622-10,438,1,PÇA. RAMOS DE AZEVEDO,MORRO DOCE,5,15:53,4,15.0,4,20.0,21.64,21.17,0.0,10000,3.6,800,3.51,22.92,36.57,1,6.1,52.07,0.5,1.0,75.0,6,2,0.4079,Estabilizado,Operação Normal
2026-08-22T18:53:11.115751,8020-10,34494,2,SHOP. MORUMBI,BUTANTÃ,5,15:53,1,60.0,1,20.0,21.64,21.17,0.0,10000,3.6,800,2.32,20.49,27.94,0,6.1,18.74,0.5,0.333,100.0,2,1,0.4538,Estabilizado,Operação Normal
2026-08-22T18:53:11.115751,8060-10,33186,2,TERM. LAPA,VL. PIAUÍ,5,15:53,2,30.0,2,20.0,21.64,21.17,0.0,10000,3.6,800,2.56,40.37,44.16,0,6.1,20.42,0.5,0.667,75.0,3,1,0.3621,Estabilizado,Operação Normal
2026-08-22T18:53:11.115751,5154-10,33121,2,TERM. PRINC. ISABEL,TERM. STO. AMARO,5,15:53,6,10.0,6,20.0,21.64,21.17,0.0,10000,3.6,800,4.29,19.21,32.21,1,6.1,57.53,0.5,1.0,66.67,8,2,0.4008,Estabilizado,Operação Normal
2026-08-22T18:53:11.115751,9500-10,33229,2,PÇA. DO CORREIO,TERM. CACHOEIRINHA,5,15:53,3,20.0,3,20.0,21.64,21.17,0.0,10000,3.6,800,3.22,11.14,25.44,1,6.1,50.04,0.5,1.0,66.67,4,1,0.382,Estabilizado,Operação Normal
2026-08-22T18:53:11.115751,6816-10,26,1,TERM. CAPELINHA,JD. MITSUTANI,5,15:53,2,30.0,2,20.0,21.64,21.17,0.0,10000,3.6,800,4.19,12.03,26.79,0,6.1,31.83,0.5,0.667,75.0,3,1,0.3906,Estabilizado,Operação Normal
2026-08-22T18:53:11.115751,2732-10,33715,2,VL. REGINA,METRÔ ARTUR ALVIM,5,15:53,3,20.0,3,20.0,21.64,21.17,0.0,10000,3.6,800,2.72,19.61,25.71,1,6.1,46.54,0.5,1.0,66.67,4,1,0.3733,Estabilizado,Operação Normal
2026-08-22T18:53:11.115751,6813-10,32801,2,TERM. CAPELINHA,JD. LÍDIA,5,15:53,1,60.0,1,20.0,21.64,21.17,0.0,10000,3.6,800,3.76,18.7,23.72,0,6.1,28.82,0.5,0.333,100.0,2,1,0.479,Estabilizado,Operação Normal
2026-08-22T18:53:11.115751,606Y-10,2589,1,CHÁC. DO CONDE,EST. MENDES/VL. NATAL,5,15:53,2,30.0,2,20.0,21.64,21.17,0.0,10000,3.6,800,2.78,21.02,27.29,0,6.1,21.96,0.5,0.667,75.0,3,1,0.366,Estabilizado,Operação Normal
2026-08-22T18:53:11.115751,7245-21,35306,2,TERM. ÁGUA ESPRAIADA,TERM. STO. AMARO,5,15:53,3,20.0,3,20.0,21.64,21.17,0.0,10000,3.6,800,3.2,17.15,31.71,0,6.1,24.9,0.5,1.0,66.67,4,1,0.3192,Estabilizado,Operação Normal
2026-08-22T18:53:11.115751,513L-10,34423,2,PQ. BELÉM,TERM. SACOMÃ,5,15:53,2,30.0,2,20.0,21.64,21.17,0.0,10000,3.6,800,2.3,22.05,30.85,1,6.1,43.6,0.5,0.667,75.0,3,1,0.42,Estabilizado,Operação Normal
2026-08-22T18:53:11.115751,3737-31,34122,2,CIRCULAR,METRÔ GUILHERMINA/ESPERANÇA ,5,15:53,1,60.0,1,20.0,21.64,21.17,0.0,10000,3.6,800,1.0,41.46,45.59,1,6.1,34.5,0.5,0.333,100.0,2,1,0.4932,Estabilizado,Operação Normal
2026-08-22T18:53:11.115751,605A-10,2522,1,METRÔ JABAQUARA,CENTRO PARALIMPICO,5,15:53,2,30.0,2,20.0,21.64,21.17,0.0,10000,3.6,800,2.35,25.54,33.04,0,6.1,18.95,0.5,0.667,75.0,3,1,0.3584,Estabilizado,Operação Normal
2026-08-22T18:53:11.115751,6039-10,1217,1,STO. AMARO,VALO VELHO,5,15:53,2,30.0,2,20.0,21.64,21.17,0.0,10000,3.6,800,3.59,22.86,32.14,0,6.1,27.63,0.5,0.667,75.0,3,1,0.3801,Estabilizado,Operação Normal
2026-08-22T18:53:11.115751,8025-10,2076,1,TERM. VL. SÔNIA,JD. ROSA MARIA,5,15:53,2,30.0,2,20.0,21.64,21.17,0.0,10000,3.6,800,2.51,21.24,27.84,0,6.1,20.07,0.5,0.667,75.0,3,1,0.3612,Estabilizado,Operação Normal
2026-08-22T18:53:11.115751,4031-10,33869,2,METRÔ TAMANDUATEÍ,PQ. STA. MADALENA,5,15:53,5,12.0,5,20.0,21.64,21.17,0.0,10000,3.6,800,2.49,20.57,29.34,1,6.1,44.93,0.5,1.0,70.0,7,2,0.3776,Estabilizado,Operação Normal
2026-08-22T18:53:11.115751,6048-10,32824,2,STO. AMARO,CAPÃO REDONDO,5,15:53,3,20.0,3,20.0,21.64,21.17,0.0,10000,3.6,800,3.26,19.83,30.67,0,6.1,25.32,0.5,1.0,66.67,4,1,0.3202,Estabilizado,Operação Normal
2026-08-22T18:53:11.115751,475M-10,343,1,TERM. AMARAL GURGEL,JD. DA SAÚDE,5,15:53,2,30.0,2,20.0,21.64,21.17,0.0,10000,3.6,800,5.29,13.04,26.39,0,6.1,39.53,0.5,0.667,75.0,3,1,0.4099,Estabilizado,Operação Normal
2026-08-22T18:53:11.115751,1767-10,628,1,METRÔ TUCURUVI,PQ. EDU CHAVES,5,15:53,3,20.0,3,20.0,21.64,21.17,0.0,10000,3.6,800,2.9,24.62,35.96,0,6.1,22.8,0.5,1.0,66.67,4,1,0.3139,Estabilizado,Operação Normal
2026-08-22T18:53:11.115751,4016-10,34957,2,TERM. SÃO MATEUS,PQ. SÃO RAFAEL,5,15:53,2,30.0,2,20.0,21.64,21.17,0.0,10000,3.6,800,2.57,21.7,22.24,0,6.1,20.49,0.5,0.667,75.0,3,1,0.3623,Estabilizado,Operação Normal
2026-08-22T18:53:11.115751,314J-10,310,1,PÇA. ALMEIDA JR.,PQ. STA. MADALENA,5,15:53,5,12.0,5,20.0,21.64,21.17,0.0,10000,3.6,800,3.42,18.07,33.58,0,6.1,26.44,0.5,1.0,60.0,6,1,0.3064,Estabilizado,Operação Normal
2026-08-22T18:53:11.115751,6015-10,1205,1,JD. ÂNGELA,VL. CALÚ,5,15:53,3,20.0,3,20.0,21.64,21.17,0.0,10000,3.6,800,6.3,15.27,29.21,0,6.1,46.6,0.5,1.0,66.67,4,1,0.3734,Estabilizado,Operação Normal
2026-08-22T18:53:11.115751,778J-41,34254,2,METRÔ BARRA FUNDA,COHAB RAPOSO TAVARES,5,15:53,5,12.0,5,20.0,21.64,21.17,0.0,10000,3.6,800,4.64,25.69,41.33,1,6.1,59.98,0.5,1.0,70.0,7,2,0.4152,Estabilizado,Operação Normal
2026-08-22T18:53:11.115751,4734-10,33877,2,METRÔ SAÚDE,VL. MORAES,5,15:53,6,10.0,6,20.0,21.64,21.17,0.0,10000,3.6,800,3.89,20.44,32.35,0,6.1,29.73,0.5,1.0,66.67,8,2,0.3313,Estabilizado,Operação Normal
2026-08-22T18:53:11.115751,637P-10,47,1,TERM. PINHEIROS,TERM. STO. AMARO,5,15:53,7,8.6,7,20.0,21.64,21.17,0.0,10000,3.6,800,2.72,21.85,29.5,0,6.1,21.54,0.5,1.0,57.14,8,1,0.287,Estabilizado,Operação Normal
2026-08-22T18:53:11.115751,2551-10,141,1,TERM. PQ. D. PEDRO II,TERM. A. E. CARVALHO,5,15:53,3,20.0,3,20.0,21.64,21.17,0.0,10000,3.6,800,2.86,23.22,34.04,1,6.1,47.52,0.5,1.0,66.67,4,1,0.3757,Estabilizado,Operação Normal
2026-08-22T18:53:11.115751,4012-10,2185,1,TERM. SÃO MATEUS,JD. IGUATEMI,5,15:53,4,15.0,4,20.0,21.64,21.17,0.0,10000,3.6,800,3.65,18.16,32.91,0,6.1,28.05,0.5,1.0,62.5,5,1,0.3166,Estabilizado,Operação Normal
2026-08-22T18:53:11.115751,1156-10,33427,2,PÇA. DO CORREIO,VL. SABRINA,5,15:53,4,15.0,4,20.0,21.64,21.17,0.0,10000,3.6,800,4.73,20.24,38.95,1,6.1,60.61,0.5,1.0,75.0,6,2,0.4293,Estabilizado,Operação Normal
2026-08-22T18:53:11.115751,8008-10,34026,2,TERM. PIRITUBA,HAB. TURÍSTICA,5,15:53,2,30.0,2,20.0,21.64,21.17,0.0,10000,3.6,800,2.38,30.0,39.06,0,6.1,19.16,0.5,0.667,75.0,3,1,0.359,Estabilizado,Operação Normal
2026-08-22T18:53:11.115751,5142-10,1626,1,TERM. PQ. D. PEDRO II,TERM. SAPOPEMBA,5,15:53,4,15.0,4,20.0,21.64,21.17,0.0,10000,3.6,800,2.99,20.7,31.66,1,6.1,48.43,0.5,1.0,75.0,6,2,0.3988,Estabilizado,Operação Normal
2026-08-22T18:53:11.115751,9032-10,880,1,TERM. CACHOEIRINHA,JD. DAMASCENO,5,15:53,6,10.0,6,20.0,21.64,21.17,0.0,10000,3.6,800,3.2,19.93,29.98,0,6.1,24.9,0.5,1.0,58.33,7,1,0.2983,Estabilizado,Operação Normal
2026-08-22T18:53:11.115751,775N-10,474,1,METRÔ VL. MADALENA,RIO PEQUENO,5,15:53,3,20.0,3,20.0,21.64,21.17,0.0,10000,3.6,800,2.92,26.36,31.29,1,6.1,47.94,0.5,1.0,66.67,4,1,0.3768,Estabilizado,Operação Normal
2026-08-22T18:53:11.115751,2708-10,921,1,METRÔ ITAQUERA,JD. LAJEADO,5,15:53,4,15.0,4,20.0,21.64,21.17,0.0,10000,3.6,800,3.14,24.38,24.37,1,6.1,49.48,0.5,1.0,75.0,6,2,0.4014,Estabilizado,Operação Normal
2026-08-22T18:53:11.115751,6021-10,32945,2,JD. NOVA ERA,TERM. VARGINHA,5,15:53,1,60.0,1,20.0,21.64,21.17,0.0,10000,3.6,800,3.0,22.5,45.0,0,6.1,23.5,0.5,0.333,100.0,2,1,0.4657,Estabilizado,Operação Normal
2026-08-22T18:53:11.115751,775V-10,475,1,ITAIM BIBI,RIO PEQUENO,5,15:53,3,20.0,3,20.0,21.64,21.17,0.0,10000,3.6,800,3.44,17.22,31.02,0,6.1,26.58,0.5,1.0,66.67,4,1,0.3234,Estabilizado,Operação Normal
2026-08-22T18:53:11.115751,3732-10,1029,1,METRÔ ITAQUERA,CPTM JOSÉ BONIFÁCIO,5,15:53,2,30.0,2,20.0,21.64,21.17,0.0,10000,3.6,800,2.54,27.57,41.2,1,6.1,45.28,0.5,0.667,75.0,3,1,0.4242,Estabilizado,Operação Normal
2026-08-22T18:53:11.115751,1741-10,33307,2,METRÔ SANTANA,VL. DIONISIA,5,15:53,3,20.0,3,20.0,21.64,21.17,0.0,10000,3.6,800,4.89,13.86,26.53,1,6.1,61.73,0.5,1.0,83.33,5,2,0.4529,Estabilizado,Operação Normal
2026-08-22T18:53:11.115751,5038-10,1661,1,TERM. SACOMÃ,PQ. BRISTOL,5,15:53,2,30.0,2,20.0,21.64,21.17,0.0,10000,3.6,800,3.64,25.56,40.55,0,6.1,27.98,0.5,0.667,75.0,3,1,0.381,Estabilizado,Operação Normal
2026-08-22T18:53:11.115751,3796-10,33842,2,METRÔ ITAQUERA,GLEBA DO PESSEGO,5,15:53,3,20.0,3,20.0,21.64,21.17,0.0,10000,3.6,800,3.34,22.12,31.03,0,6.1,25.88,0.5,1.0,66.67,4,1,0.3216,Estabilizado,Operação Normal
2026-08-22T18:53:11.115751,478P-10,349,1,VL. ROMANA,SACOMÃ,5,15:53,3,20.0,3,20.0,21.64,21.17,0.0,10000,3.6,800,4.55,20.11,29.97,0,6.1,34.35,0.5,1.0,66.67,4,1,0.3428,Estabilizado,Operação Normal
2026-08-22T18:53:11.115751,3020-10,33726,2,SHOP. ARICANDUVA,COHAB JOSÉ BONIFÁCIO ,5,15:53,4,15.0,4,20.0,21.64,21.17,0.0,10000,3.6,800,2.4,23.64,30.24,1,6.1,44.3,0.5,1.0,75.0,6,2,0.3885,Estabilizado,Operação Normal
2026-08-22T18:53:11.115751,6042-21,34543,2,CEU CAPÃO REDONDO,TERM. CAPELINHA,5,15:53,1,60.0,1,20.0,21.64,21.17,0.0,10000,3.6,800,2.77,19.88,28.76,0,6.1,21.89,0.5,0.333,100.0,2,1,0.4617,Estabilizado,Operação Normal
2026-08-22T18:53:11.115751,677Y-10,1240,1,TERM. CAPELINHA,JD. GUARUJÁ,5,15:53,3,20.0,3,20.0,21.64,21.17,0.0,10000,3.6,800,4.38,19.2,38.93,0,6.1,33.16,0.5,1.0,66.67,4,1,0.3398,Estabilizado,Operação Normal
2026-08-22T18:53:11.115751,2006-10,895,1,CPTM ITAIM PAULISTA,CID. KEMEL I,5,15:53,6,10.0,6,20.0,21.64,21.17,0.0,10000,3.6,800,1.96,19.65,28.11,0,6.1,16.22,0.5,1.0,58.33,7,1,0.2766,Estabilizado,Operação Normal
2026-08-22T18:53:11.115751,1896-10,2520,1,PÇA. RAMOS DE AZEVEDO,JARAGUÁ,5,15:53,3,20.0,3,20.0,21.64,21.17,0.0,10000,3.6,800,3.56,24.69,34.85,1,6.1,52.42,0.5,1.0,66.67,4,1,0.388,Estabilizado,Operação Normal
2026-08-22T18:53:11.115751,4016-10,2189,1,TERM. SÃO MATEUS,PQ. SÃO RAFAEL,5,15:53,1,60.0,1,20.0,21.64,21.17,0.0,10000,3.6,800,2.62,24.98,23.12,0,6.1,20.84,0.5,0.333,100.0,2,1,0.459,Estabilizado,Operação Normal
2026-08-22T18:53:11.115751,502J-10,34043,2,METRÔ STA. CRUZ,EST. AUTÓDROMO,5,15:53,4,15.0,4,20.0,21.64,21.17,0.0,10000,3.6,800,4.25,23.7,34.31,1,6.1,57.25,0.5,1.0,75.0,6,2,0.4209,Estabilizado,Operação Normal
2026-08-22T18:53:11.115751,407T-10,34970,2,METRÔ ITAQUERA,JD. REDIL,5,15:53,3,20.0,3,20.0,21.64,21.17,0.0,10000,3.6,800,3.37,25.81,33.53,0,6.1,26.09,0.5,1.0,66.67,4,1,0.3222,Estabilizado,Operação Normal
2026-08-22T18:53:11.115751,9020-10,34202,2,TERM. PIRITUBA,VL. MIRANTE,5,15:53,2,30.0,2,20.0,21.64,21.17,0.0,10000,3.6,800,1.91,18.95,25.32,0,6.1,15.87,0.5,0.667,75.0,3,1,0.3507,Estabilizado,Operação Normal
2026-08-22T18:53:11.115751,4018-10,2191,1,TERM. SÃO MATEUS,METALÚRGICOS,5,15:53,3,20.0,3,20.0,21.64,21.17,0.0,10000,3.6,800,4.62,20.83,33.35,0,6.1,34.84,0.5,1.0,66.67,4,1,0.344,Estabilizado,Operação Normal
2026-08-22T18:53:11.115751,3736-10,33804,2,METRÔ ARTUR ALVIM,JD. NSA. SRA. DO CARMO,5,15:53,4,15.0,4,20.0,21.64,21.17,0.0,10000,3.6,800,3.39,24.79,36.8,0,6.1,26.23,0.5,1.0,62.5,5,1,0.3121,Estabilizado,Operação Normal
2026-08-22T18:53:11.115751,546J-10,1133,1,STO. AMARO,JD. SELMA,5,15:53,1,60.0,1,20.0,21.64,21.17,0.0,10000,3.6,800,2.54,23.65,33.42,0,6.1,20.28,0.5,0.333,100.0,2,1,0.4576,Estabilizado,Operação Normal
2026-08-22T18:53:11.115751,6826-10,32784,2,TERM. CAPELINHA,JD. D. JOSÉ,5,15:53,2,30.0,2,20.0,21.64,21.17,0.0,10000,3.6,800,3.53,19.87,30.32,1,6.1,52.21,0.5,0.667,75.0,3,1,0.4416,Estabilizado,Operação Normal
2026-08-22T18:53:11.115751,4051-10,34912,2,CPTM GUAIANASES,JD. SÃO PAULO,5,15:53,3,20.0,3,20.0,21.64,21.17,0.0,10000,3.6,800,8.31,6.54,21.92,0,6.1,60.67,0.5,1.0,83.33,5,2,0.4502,Estabilizado,Operação Normal
2026-08-22T18:53:11.115751,407E-10,34983,2,METRÔ CARRÃO,JD. STO. ANDRÉ,5,15:53,5,12.0,5,20.0,21.64,21.17,0.0,10000,3.6,800,2.95,25.63,35.54,0,6.1,23.15,0.5,1.0,60.0,6,1,0.2981,Estabilizado,Operação Normal
2026-08-22T18:53:11.115751,6821-10,21,1,TERM. CAPELINHA,JD. JANGADEIRO,5,15:53,1,60.0,1,20.0,21.64,21.17,0.0,10000,3.6,800,2.71,18.82,29.71,0,6.1,21.47,0.5,0.333,100.0,2,1,0.4606,Estabilizado,Operação Normal
2026-08-22T18:53:11.115751,809A-10,2069,1,TERM. PINHEIROS,JD. D'ABRIL,5,15:53,3,20.0,3,20.0,21.64,21.17,0.0,10000,3.6,800,3.73,21.76,28.73,0,6.1,28.61,0.5,1.0,66.67,4,1,0.3285,Estabilizado,Operação Normal
2026-08-22T18:53:11.115751,1026-10,35074,2,CONEXÃO PETRÔNIO PORTELA,VL. IARA,5,15:53,1,60.0,1,20.0,21.64,21.17,0.0,10000,3.6,800,3.28,19.96,27.18,0,6.1,25.46,0.5,0.333,100.0,2,1,0.4706,Estabilizado,Operação Normal
2026-08-22T18:53:11.115751,809V-10,35011,2,METRÔ - TRIANON - MASP,VL. GOMES,5,15:53,2,30.0,2,20.0,21.64,21.17,0.0,10000,3.6,800,2.76,25.19,32.41,0,6.1,21.82,0.5,0.667,75.0,3,1,0.3656,Estabilizado,Operação Normal
2026-08-22T18:53:11.115751,273L-10,224,1,METRÔ ARTUR ALVIM,CPTM JOSÉ BONIFÁCIO,5,15:53,1,60.0,1,20.0,21.64,21.17,0.0,10000,3.6,800,3.1,19.87,29.5,0,6.1,24.2,0.5,0.333,100.0,2,1,0.4674,Estabilizado,Operação Normal
2026-08-22T18:53:11.115751,5143-10,34396,2,TERM. PQ. D. PEDRO II,TERM. SAPOPEMBA,5,15:53,2,30.0,2,20.0,21.64,21.17,0.0,10000,3.6,800,3.25,26.14,39.26,0,6.1,25.25,0.5,0.667,75.0,3,1,0.3742,Estabilizado,Operação Normal
2026-08-22T18:53:11.115751,3725-10,33790,2,VL. DALILA,METRÔ VL. MATILDE,5,15:53,3,20.0,3,20.0,21.64,21.17,0.0,10000,3.6,800,3.97,25.6,39.18,0,6.1,30.29,0.5,1.0,66.67,4,1,0.3327,Estabilizado,Operação Normal
2026-08-22T18:53:11.115751,9009-10,877,1,TERM. CACHOEIRINHA,COHAB BRASILÂNDIA,5,15:53,4,15.0,4,20.0,21.64,21.17,0.0,10000,3.6,800,3.28,19.32,28.75,0,6.1,25.46,0.5,1.0,62.5,5,1,0.3101,Estabilizado,Operação Normal
2026-08-22T18:53:11.115751,407I-10,34990,2,METRÔ BRESSER,CONJ. MANOEL DA NÓBREGA,5,15:53,3,20.0,3,20.0,21.64,21.17,0.0,10000,3.6,800,2.85,23.09,31.85,0,6.1,22.45,0.5,1.0,66.67,4,1,0.3131,Estabilizado,Operação Normal
2026-08-22T18:53:11.115751,8007-10,34025,2,TERM. PIRITUBA,HAB. TURÍSTICA,5,15:53,1,60.0,1,20.0,21.64,21.17,0.0,10000,3.6,800,7.48,30.44,64.32,0,6.1,54.86,0.5,0.333,100.0,2,1,0.5441,Estabilizado,Operação Normal
2026-08-22T18:53:11.115751,263C-10,33020,2,COHAB II,JD. HELENA,5,15:53,4,15.0,4,20.0,21.64,21.17,0.0,10000,3.6,800,3.01,18.69,30.99,1,6.1,48.57,0.5,1.0,75.0,6,2,0.3992,Estabilizado,Operação Normal
2026-08-22T18:53:11.115751,4113-10,33536,2,PÇA. DA REPÚBLICA,GENTIL DE MOURA,5,15:53,7,8.6,7,20.0,21.64,21.17,0.0,10000,3.6,800,5.71,11.61,24.79,0,6.1,42.47,0.5,1.0,64.29,9,2,0.3571,Estabilizado,Operação Normal
2026-08-22T18:53:11.115751,748A-41,499,1,LAPA,JD. PERI PERI,5,15:53,2,30.0,2,20.0,21.64,21.17,0.0,10000,3.6,800,2.94,26.66,32.78,0,6.1,23.08,0.5,0.667,75.0,3,1,0.3688,Estabilizado,Operação Normal
2026-08-22T18:53:11.115751,527R-10,33039,2,TERM. STO. AMARO,VL. IMPÉRIO,5,15:53,5,12.0,5,20.0,21.64,21.17,0.0,10000,3.6,800,2.55,22.19,30.09,1,6.1,45.35,0.5,1.0,70.0,7,2,0.3786,Estabilizado,Operação Normal
2026-08-22T18:53:11.115751,6043-10,33988,2,TERM. STO. AMARO,JD. CAPELINHA,5,15:53,2,30.0,2,20.0,21.64,21.17,0.0,10000,3.6,800,3.11,18.04,24.38,0,6.1,24.27,0.5,0.667,75.0,3,1,0.3717,Estabilizado,Operação Normal
2026-08-22T18:53:11.115751,513C-10,35303,2,SÃO MATEUS,VL. CALIFÓRNIA,5,15:53,2,30.0,2,20.0,21.64,21.17,0.0,10000,3.6,800,3.44,21.41,34.45,1,6.1,51.58,0.5,0.667,75.0,3,1,0.44,Estabilizado,Operação Normal
2026-08-22T18:53:11.115751,9354-10,708,1,PÇA. DO CORREIO,TERM. CACHOEIRINHA,5,15:53,3,20.0,3,20.0,21.64,21.17,0.0,10000,3.6,800,3.33,12.78,30.02,1,6.1,50.81,0.5,1.0,66.67,4,1,0.384,Estabilizado,Operação Normal
2026-08-22T18:53:11.115751,2725-10,33707,2,JD. SÃO CARLOS,METRÔ ARTUR ALVIM,5,15:53,5,12.0,5,20.0,21.64,21.17,0.0,10000,3.6,800,3.68,22.53,35.41,0,6.1,28.26,0.5,1.0,60.0,6,1,0.3109,Estabilizado,Operação Normal
2026-08-22T18:53:11.115751,2715-10,33696,2,METRÔ PATRIARCA,VL. SÍLVIA,5,15:53,1,60.0,1,20.0,21.64,21.17,0.0,10000,3.6,800,2.12,23.97,28.25,0,6.1,17.34,0.5,0.333,100.0,2,1,0.4503,Estabilizado,Operação Normal
2026-08-22T18:53:11.115751,6073-10,1160,1,TERM. VARGINHA,JD. STA. TEREZINHA,5,15:53,2,30.0,2,20.0,21.64,21.17,0.0,10000,3.6,800,6.49,11.65,26.04,0,6.1,47.93,0.5,0.667,75.0,3,1,0.4309,Estabilizado,Operação Normal
2026-08-22T18:53:11.115751,637V-10,32872,2,TERM. STO. AMARO,PQ. AMÉRICA,5,15:53,3,20.0,3,20.0,21.64,21.17,0.0,10000,3.6,800,2.84,27.28,41.92,0,6.1,22.38,0.5,1.0,66.67,4,1,0.3129,Estabilizado,Operação Normal
2026-08-22T18:53:11.115751,8028-10,35300,2,METRÔ MORUMBI,PARAISÓPOLIS,5,15:53,3,20.0,3,20.0,21.64,21.17,0.0,10000,3.6,800,2.41,23.62,29.43,1,6.1,44.37,0.5,1.0,66.67,4,1,0.3679,Estabilizado,Operação Normal
2026-08-22T18:53:11.115751,5752-10,34055,2,METRÔ CONCEIÇÃO,VL. MISSIONÁRIA,5,15:53,2,30.0,2,20.0,21.64,21.17,0.0,10000,3.6,800,6.42,15.47,29.11,0,6.1,47.44,0.5,0.667,75.0,3,1,0.4296,Estabilizado,Operação Normal
2026-08-22T18:53:11.115751,6500-10,46,1,TERM. BANDEIRA,TERM. STO. AMARO,5,15:53,5,12.0,5,20.0,21.64,21.17,0.0,10000,3.6,800,2.85,21.72,30.43,1,6.1,47.45,0.5,1.0,70.0,7,2,0.3839,Estabilizado,Operação Normal
2026-08-22T18:53:11.115751,1775-10,638,1,SHOP. CENTER NORTE,VL. ALBERTINA,5,15:53,2,30.0,2,20.0,21.64,21.17,0.0,10000,3.6,800,4.15,16.58,29.57,1,6.1,56.55,0.5,0.667,75.0,3,1,0.4524,Estabilizado,Operação Normal
2026-08-22T18:53:11.115751,5614-21,35232,2,PQ. IBIRAPUERA,ELDORADO,5,15:53,1,60.0,1,20.0,21.64,21.17,0.0,10000,3.6,800,2.73,22.02,34.1,0,6.1,21.61,0.5,0.333,100.0,2,1,0.461,Estabilizado,Operação Normal
2026-08-22T18:53:11.115751,5129-10,1281,1,TERM. GUARAPIRANGA,JD. MIRIAM,5,15:53,4,15.0,4,20.0,21.64,21.17,0.0,10000,3.6,800,4.22,21.45,36.1,0,6.1,32.04,0.5,1.0,62.5,5,1,0.3266,Estabilizado,Operação Normal
2026-08-22T18:53:11.115751,2182-10,700,1,PÇA. DO CORREIO,JD. BRASIL,5,15:53,4,15.0,4,20.0,21.64,21.17,0.0,10000,3.6,800,3.77,20.07,34.52,1,6.1,53.89,0.5,1.0,75.0,6,2,0.4125,Estabilizado,Operação Normal
2026-08-22T18:53:11.115751,9002-10,33638,2,TERM. CACHOEIRINHA,JD. PERY ALTO,5,15:53,4,15.0,4,20.0,21.64,21.17,0.0,10000,3.6,800,3.16,19.88,29.72,0,6.1,24.62,0.5,1.0,62.5,5,1,0.308,Estabilizado,Operação Normal
2026-08-22T18:53:11.115751,2031-10,367,1,TERM. A. E. CARVALHO,CID. KEMEL II,5,15:53,3,20.0,3,20.0,21.64,21.17,0.0,10000,3.6,800,3.29,22.48,30.13,0,6.1,25.53,0.5,1.0,66.67,4,1,0.3208,Estabilizado,Operação Normal
2026-08-22T18:53:11.115751,574J-10,1685,1,TERM. VL. CARRÃO,METRÔ CONCEIÇÃO,5,15:53,2,30.0,2,20.0,21.64,21.17,0.0,10000,3.6,800,2.81,13.28,23.74,0,6.1,22.17,0.5,0.667,75.0,3,1,0.3665,Estabilizado,Operação Normal
2026-08-22T18:53:11.115751,6041-10,1218,1,STO. AMARO,JD. JANGADEIRO,5,15:53,3,20.0,3,20.0,21.64,21.17,0.0,10000,3.6,800,3.41,20.91,33.2,0,6.1,26.37,0.5,1.0,66.67,4,1,0.3229,Estabilizado,Operação Normal
2026-08-22T18:53:11.115751,9354-10,33476,2,PÇA. DO CORREIO,TERM. CACHOEIRINHA,5,15:53,4,15.0,4,20.0,21.64,21.17,0.0,10000,3.6,800,3.85,16.26,31.12,1,6.1,54.45,0.5,1.0,75.0,6,2,0.4139,Estabilizado,Operação Normal
2026-08-22T18:53:11.115751,2714-10,927,1,VL. RUI BARBOSA,METRÔ VL. MATILDE,5,15:53,2,30.0,2,20.0,21.64,21.17,0.0,10000,3.6,800,2.47,23.74,32.52,0,6.1,19.79,0.5,0.667,75.0,3,1,0.3605,Estabilizado,Operação Normal
2026-08-22T18:53:11.115751,574C-10,34407,2,DIV. DE SÃO CAETANO,SÃO MATEUS,5,15:53,4,15.0,4,20.0,21.64,21.17,0.0,10000,3.6,800,4.15,18.88,31.85,1,6.1,56.55,0.5,1.0,75.0,6,2,0.4191,Estabilizado,Operação Normal
2026-08-22T18:53:11.115751,273X-10,392,1,METRÔ ARTUR ALVIM,JD. DAS OLIVEIRAS,5,15:53,6,10.0,6,20.0,21.64,21.17,0.0,10000,3.6,800,2.35,22.3,30.72,0,6.1,18.95,0.5,1.0,58.33,7,1,0.2834,Estabilizado,Operação Normal
2026-08-22T18:53:11.115751,4030-10,1100,1,SHOP. ARICANDUVA,FAZENDA DA JUTA,5,15:53,4,15.0,4,20.0,21.64,21.17,0.0,10000,3.6,800,5.76,15.77,31.19,0,6.1,42.82,0.5,1.0,62.5,5,1,0.3536,Estabilizado,Operação Normal
2026-08-22T18:53:11.115751,271A-10,33470,2,METRÔ SANTANA,TERM. PENHA,5,15:53,4,15.0,4,20.0,21.64,21.17,0.0,10000,3.6,800,4.11,16.4,34.98,1,6.1,56.27,0.5,1.0,75.0,6,2,0.4184,Estabilizado,Operação Normal
2026-08-22T18:53:11.115751,7002-10,772,1,HOSP. DAS CLÍNICAS,JD. ROSA MARIA,5,15:53,4,15.0,4,20.0,21.64,21.17,0.0,10000,3.6,800,2.95,16.81,32.39,0,6.1,23.15,0.5,1.0,62.5,5,1,0.3044,Estabilizado,Operação Normal
2026-08-22T18:53:11.115751,2017-10,33671,2,SÃO MIGUEL,JD. ROBRU,5,15:53,3,20.0,3,20.0,21.64,21.17,0.0,10000,3.6,800,6.25,15.89,34.3,0,6.1,46.25,0.5,1.0,66.67,4,1,0.3726,Estabilizado,Operação Normal
2026-08-22T18:53:11.115751,374M-10,34733,2,METRÔ ITAQUERA,CPTM ERMELINO MATARAZZO,5,15:53,3,20.0,3,20.0,21.64,21.17,0.0,10000,3.6,800,2.4,24.82,32.43,0,6.1,19.3,0.5,1.0,66.67,4,1,0.3052,Estabilizado,Operação Normal
2026-08-22T18:53:11.115751,1703-10,847,1,SHOP. CENTER NORTE,JD. FONTÁLIS,5,15:53,3,20.0,3,20.0,21.64,21.17,0.0,10000,3.6,800,3.72,21.99,32.83,0,6.1,28.54,0.5,1.0,66.67,4,1,0.3283,Estabilizado,Operação Normal
2026-08-22T18:53:11.115751,2717-10,930,1,CANGAÍBA,METRÔ GUILHERMINA/ESPERANÇA,5,15:53,2,30.0,2,20.0,21.64,21.17,0.0,10000,3.6,800,3.81,18.04,28.89,0,6.1,29.17,0.5,0.667,75.0,3,1,0.384,Estabilizado,Operação Normal
2026-08-22T18:53:11.115751,1020-10,2497,1,CONEXÃO VL. IÓRIO ,PERUS,5,15:53,4,15.0,4,20.0,21.64,21.17,0.0,10000,3.6,800,3.14,17.14,33.33,0,6.1,24.48,0.5,1.0,62.5,5,1,0.3077,Estabilizado,Operação Normal
2026-08-22T18:53:11.115751,4729-10,33876,2,METRÔ BELÉM,PQ. BANCÁRIO,5,15:53,3,20.0,3,20.0,21.64,21.17,0.0,10000,3.6,800,2.51,25.15,34.6,1,6.1,45.07,0.5,1.0,66.67,4,1,0.3696,Estabilizado,Operação Normal
2026-08-22T18:53:11.115751,2712-10,926,1,SHOP. METRÔ ITAQUERA,JD. SÃO NICOLAU,5,15:53,2,30.0,2,20.0,21.64,21.17,0.0,10000,3.6,800,2.24,29.6,34.35,0,6.1,18.18,0.5,0.667,75.0,3,1,0.3565,Estabilizado,Operação Normal
2026-08-22T18:53:11.115751,3462-10,247,1,METRÔ TATUAPÉ,VL. SANTANA,5,15:53,2,30.0,2,20.0,21.64,21.17,0.0,10000,3.6,800,2.87,28.63,40.9,0,6.1,22.59,0.5,0.667,75.0,3,1,0.3675,Estabilizado,Operação Normal
2026-08-22T18:53:11.115751,8050-10,33180,2,LAPA,PQ. MORRO DOCE,5,15:53,2,30.0,2,20.0,21.64,21.17,0.0,10000,3.6,800,2.44,33.98,42.3,0,6.1,19.58,0.5,0.667,75.0,3,1,0.36,Estabilizado,Operação Normal
2026-08-22T18:53:11.115751,4732-10,33070,2,METRÔ SAÚDE,VL. LIVIERO,5,15:53,1,60.0,1,20.0,21.64,21.17,0.0,10000,3.6,800,2.87,19.6,30.66,0,6.1,22.59,0.5,0.333,100.0,2,1,0.4634,Estabilizado,Operação Normal
2026-08-22T18:53:11.115751,5025-10,1564,1,METRÔ TAMANDUATEÍ,JD. GUAIRACÁ,5,15:53,1,60.0,1,20.0,21.64,21.17,0.0,10000,3.6,800,3.71,16.73,28.98,0,6.1,28.47,0.5,0.333,100.0,2,1,0.4781,Estabilizado,Operação Normal
2026-08-22T18:53:11.115751,709M-10,2462,1,TERM. PINHEIROS,TERM. STO. AMARO,5,15:53,3,20.0,3,20.0,21.64,21.17,0.0,10000,3.6,800,3.14,18.54,35.88,0,6.1,24.48,0.5,1.0,66.67,4,1,0.3181,Estabilizado,Operação Normal
2026-08-22T18:53:11.115751,507T-10,2208,1,METRÔ CARRÃO,TERM. SAPOPEMBA,5,15:53,6,10.0,6,20.0,21.64,21.17,0.0,10000,3.6,800,3.31,19.43,29.66,1,6.1,50.67,0.5,1.0,66.67,8,2,0.3836,Estabilizado,Operação Normal
2026-08-22T18:53:11.115751,5109-10,1851,1,TERM. MERCADO,TERM. VL. PRUDENTE,5,15:53,1,60.0,1,20.0,21.64,21.17,0.0,10000,3.6,800,5.3,20.42,36.37,1,6.1,64.6,0.5,0.333,100.0,2,1,0.5684,Estabilizado,Operação Normal
2026-08-22T18:53:11.115751,8009-10,1259,1,TERM. PIRITUBA,CID. D'ABRIL 3ª GLEBA,5,15:53,1,60.0,1,20.0,21.64,21.17,0.0,10000,3.6,800,6.37,23.16,46.47,0,6.1,47.09,0.5,0.333,100.0,2,1,0.5247,Estabilizado,Operação Normal
2026-08-22T18:53:11.115751,1760-10,557,1,SHOP. CENTER NORTE,COHAB ANTÁRTICA,5,15:53,2,30.0,2,20.0,21.64,21.17,0.0,10000,3.6,800,2.73,31.37,42.01,0,6.1,21.61,0.5,0.667,75.0,3,1,0.3651,Estabilizado,Operação Normal
2026-08-22T18:53:11.115751,5018-31,1861,1,JABAQUARA,SHOP. INTERLAGOS,5,15:53,2,30.0,2,20.0,21.64,21.17,0.0,10000,3.6,800,6.37,10.84,28.93,0,6.1,47.09,0.5,0.667,75.0,3,1,0.4288,Estabilizado,Operação Normal
2026-08-22T18:53:11.115751,9015-10,34037,2,TERM. PIRITUBA,VL. ZATT,5,15:53,4,15.0,4,20.0,21.64,21.17,0.0,10000,3.6,800,2.04,23.32,28.97,0,6.1,16.78,0.5,1.0,62.5,5,1,0.2884,Estabilizado,Operação Normal
2026-08-22T18:53:11.115751,4708-10,33100,2,METRÔ VL. MARIANA,JD. CLÍMAX,5,15:53,2,30.0,2,20.0,21.64,21.17,0.0,10000,3.6,800,2.79,22.2,29.91,0,6.1,22.03,0.5,0.667,75.0,3,1,0.3661,Estabilizado,Operação Normal
2026-08-22T18:53:11.115751,5030-10,34437,2,TERM. SACOMÃ,JD. MARIA ESTELA,5,15:53,2,30.0,2,20.0,21.64,21.17,0.0,10000,3.6,800,1.2,26.86,30.15,1,6.1,35.9,0.5,0.667,75.0,3,1,0.4008,Estabilizado,Operação Normal
2026-08-22T18:53:11.115751,8215-10,574,1,PÇA. DO CORREIO,JD. PAULISTANO,5,15:53,3,20.0,3,20.0,21.64,21.17,0.0,10000,3.6,800,2.37,20.71,29.49,0,6.1,19.09,0.5,1.0,66.67,4,1,0.3046,Estabilizado,Operação Normal
2026-08-22T18:53:11.115751,6099-10,1587,1,DIVISA DE EMBU-GUAÇU,TERM. GRAJAÚ,5,15:53,2,30.0,2,20.0,21.64,21.17,0.0,10000,3.6,800,6.38,15.45,34.79,0,6.1,47.16,0.5,0.667,75.0,3,1,0.429,Estabilizado,Operação Normal
2026-08-22T18:53:11.115751,N302-11,2336,1,TERM. PQ. D. PEDRO II,TERM. A. E. CARVALHO,5,15:53,2,30.0,2,20.0,21.64,21.17,0.0,10000,3.6,800,2.7,24.21,36.55,0,6.1,21.4,0.5,0.667,75.0,3,1,0.3646,Estabilizado,Operação Normal
2026-08-22T18:53:11.115751,4033-10,1103,1,NOVA CONQUISTA,JD. GUAIRACÁ,5,15:53,6,10.0,6,20.0,21.64,21.17,0.0,10000,3.6,800,2.56,23.39,36.98,1,6.1,45.42,0.5,1.0,66.67,8,2,0.3705,Estabilizado,Operação Normal
2026-08-22T18:53:11.115751,7272-10,1333,1,PÇA. RAMOS DE AZEVEDO,MERCADO DA LAPA,5,15:53,1,60.0,1,20.0,21.64,21.17,0.0,10000,3.6,800,4.99,16.58,29.06,0,6.1,37.43,0.5,0.333,100.0,2,1,0.5005,Estabilizado,Operação Normal
2026-08-22T18:53:11.115751,8009-31,34028,2,TERM. PIRITUBA,CID. D'ABRIL 3ª GLEBA,5,15:53,2,30.0,2,20.0,21.64,21.17,0.0,10000,3.6,800,2.49,23.32,31.7,0,6.1,19.93,0.5,0.667,75.0,3,1,0.3609,Estabilizado,Operação Normal
2026-08-22T18:53:11.115751,8047-10,33176,2,LAPA,JARAGUÁ,5,15:53,3,20.0,3,20.0,21.64,21.17,0.0,10000,3.6,800,2.43,55.81,64.61,0,6.1,19.51,0.5,1.0,66.67,4,1,0.3057,Estabilizado,Operação Normal
2026-08-22T18:53:11.115751,2023-10,35028,2,METRÔ TUCURUVI,CACHOEIRA,5,15:53,4,15.0,4,20.0,21.64,21.17,0.0,10000,3.6,800,3.91,21.1,33.5,0,6.1,29.87,0.5,1.0,62.5,5,1,0.3212,Estabilizado,Operação Normal
2026-08-22T18:53:11.115751,3903-10,1471,1,PENHA,JD. VL. NOVA,5,15:53,2,30.0,2,20.0,21.64,21.17,0.0,10000,3.6,800,2.41,23.34,32.2,0,6.1,19.37,0.5,0.667,75.0,3,1,0.3595,Estabilizado,Operação Normal
2026-08-22T18:53:11.115751,2765-10,145,1,METRÔ TATUAPÉ,VL. CISPER,5,15:53,1,60.0,1,20.0,21.64,21.17,0.0,10000,3.6,800,2.43,22.19,27.26,0,6.1,19.51,0.5,0.333,100.0,2,1,0.4557,Estabilizado,Operação Normal
2026-08-22T18:53:11.115751,177Y-10,867,1,PINHEIROS,METRÔ BARRA FUNDA,5,15:53,1,60.0,1,20.0,21.64,21.17,0.0,10000,3.6,800,6.33,7.29,26.29,1,6.1,71.81,0.5,0.333,100.0,2,1,0.5865,Estabilizado,Operação Normal
2026-08-22T18:53:11.115751,805L-10,124,1,ACLIMAÇÃO,TERM. PRINC. ISABEL,5,15:53,1,60.0,1,20.0,21.64,21.17,0.0,10000,3.6,800,3.86,15.99,28.81,1,6.1,54.52,0.5,0.333,100.0,2,1,0.5432,Estabilizado,Operação Normal
2026-08-22T18:53:11.115751,677Y-10,34008,2,TERM. CAPELINHA,JD. GUARUJÁ,5,15:53,2,30.0,2,20.0,21.64,21.17,0.0,10000,3.6,800,4.13,16.26,29.22,0,6.1,31.41,0.5,0.667,75.0,3,1,0.3896,Estabilizado,Operação Normal
2026-08-22T18:53:11.115751,6L04-10,33948,2,TERM. PARELHEIROS,JD. ORIENTAL/FONTES,5,15:53,3,20.0,3,20.0,21.64,21.17,0.0,10000,3.6,800,3.0,22.5,45.0,0,6.1,23.5,0.5,1.0,66.67,4,1,0.3157,Estabilizado,Operação Normal
2026-08-22T18:53:11.115751,1896-10,35288,2,PÇA. RAMOS DE AZEVEDO,JARAGUÁ,5,15:53,3,20.0,3,20.0,21.64,21.17,0.0,10000,3.6,800,4.25,9.76,25.24,1,6.1,57.25,0.5,1.0,66.67,4,1,0.4001,Estabilizado,Operação Normal
2026-08-22T18:53:11.115751,709A-10,2092,1,METRÔ ANA ROSA,TERM. ÁGUA ESPRAIADA,5,15:53,2,30.0,2,20.0,21.64,21.17,0.0,10000,3.6,800,3.77,19.41,33.62,1,6.1,53.89,0.5,0.667,75.0,3,1,0.4458,Estabilizado,Operação Normal
2026-08-22T18:53:11.115751,4037-10,2588,1,CIRCULAR,TERM. VL. CARRÃO,5,15:53,2,30.0,2,20.0,21.64,21.17,0.0,10000,3.6,800,2.8,18.59,35.9,0,6.1,22.1,0.5,0.667,75.0,3,1,0.3663,Estabilizado,Operação Normal
2026-08-22T18:53:11.115751,8060-10,418,1,TERM. LAPA,VL. PIAUÍ,5,15:53,2,30.0,2,20.0,21.64,21.17,0.0,10000,3.6,800,2.17,27.92,36.02,0,6.1,17.69,0.5,0.667,75.0,3,1,0.3553,Estabilizado,Operação Normal
2026-08-22T18:53:11.115751,9301-10,458,1,PÇA. DO CORREIO,TERM. CASA VERDE,5,15:53,1,60.0,1,20.0,21.64,21.17,0.0,10000,3.6,800,5.63,19.6,36.04,0,6.1,41.91,0.5,0.333,100.0,2,1,0.5117,Estabilizado,Operação Normal
2026-08-22T18:53:11.115751,5024-31,1123,1,STO. AMARO,MISSIONÁRIA,5,15:53,2,30.0,2,20.0,21.64,21.17,0.0,10000,3.6,800,1.93,26.28,35.23,0,6.1,16.01,0.5,0.667,75.0,3,1,0.3511,Estabilizado,Operação Normal
2026-08-22T18:53:11.115751,211L-10,2265,1,LAPA,MANDAQUI,5,15:53,2,30.0,2,20.0,21.64,21.17,0.0,10000,3.6,800,2.24,23.97,32.82,0,6.1,18.18,0.5,0.667,75.0,3,1,0.3565,Estabilizado,Operação Normal
2026-08-22T18:53:11.115751,1021-10,833,1,TERM. PIRITUBA,COHAB BRASILÂNDIA,5,15:53,1,60.0,1,20.0,21.64,21.17,0.0,10000,3.6,800,2.53,19.34,25.62,0,6.1,20.21,0.5,0.333,100.0,2,1,0.4575,Estabilizado,Operação Normal
2026-08-22T18:53:11.115751,425E-10,1636,1,JD. ESTER,TERM. SAPOPEMBA,5,15:53,1,60.0,1,20.0,21.64,21.17,0.0,10000,3.6,800,3.43,24.23,35.98,1,6.1,51.51,0.5,0.333,100.0,2,1,0.5357,Estabilizado,Operação Normal
2026-08-22T18:53:11.115751,4315-10,2175,1,TERM. PQ. D. PEDRO II,TERM. VL. CARRÃO,5,15:53,2,30.0,2,20.0,21.64,21.17,0.0,10000,3.6,800,3.61,18.44,31.35,0,6.1,27.77,0.5,0.667,75.0,3,1,0.3805,Estabilizado,Operação Normal
2026-08-22T18:53:11.115751,971D-10,709,1,SHOP. CENTER NORTE,JD. DAMASCENO,5,15:53,5,12.0,5,20.0,21.64,21.17,0.0,10000,3.6,800,2.41,21.44,27.53,1,6.1,44.37,0.5,1.0,70.0,7,2,0.3762,Estabilizado,Operação Normal
2026-08-22T18:53:11.115751,6056-10,33915,2,TERM. GRAJAÚ,PQ. STA. CECÍLIA,5,15:53,4,15.0,4,20.0,21.64,21.17,0.0,10000,3.6,800,2.61,21.59,28.22,0,6.1,20.77,0.5,1.0,62.5,5,1,0.2984,Estabilizado,Operação Normal
2026-08-22T18:53:11.115751,8022-10,34853,2,CID. UNIVERSITÁRIA,METRÔ BUTANTÃ,5,15:53,2,30.0,2,20.0,21.64,21.17,0.0,10000,3.6,800,3.07,21.79,32.06,0,6.1,23.99,0.5,0.667,75.0,3,1,0.371,Estabilizado,Operação Normal
2026-08-22T18:53:11.115751,5194-21,2095,1,AEROPORTO,JD. APURÁ,5,15:53,3,20.0,3,20.0,21.64,21.17,0.0,10000,3.6,800,4.58,18.01,28.73,1,6.1,59.56,0.5,1.0,66.67,4,1,0.4058,Estabilizado,Operação Normal
2026-08-22T18:53:11.115751,1787-10,33418,2,METRÔ SANTANA,VL. MARIETA,5,15:53,4,15.0,4,20.0,21.64,21.17,0.0,10000,3.6,800,2.22,24.87,32.74,0,6.1,18.04,0.5,1.0,62.5,5,1,0.2916,Estabilizado,Operação Normal
2026-08-22T18:53:11.115751,971V-10,619,1,SHOP. CENTER NORTE,JD. VISTA ALEGRE,5,15:53,5,12.0,5,20.0,21.64,21.17,0.0,10000,3.6,800,3.04,20.77,30.72,0,6.1,23.78,0.5,1.0,60.0,6,1,0.2997,Estabilizado,Operação Normal
2026-08-22T18:53:11.115751,5178-10,595,1,PÇA. JOÃO MENDES,JD. MIRIAM,5,15:53,5,12.0,5,20.0,21.64,21.17,0.0,10000,3.6,800,3.0,15.9,35.35,0,6.1,23.5,0.5,1.0,60.0,6,1,0.299,Estabilizado,Operação Normal
2026-08-22T18:53:11.115751,9188-10,33577,2,LAPA,CAPELA DA LAGOA ,5,15:53,4,15.0,4,20.0,21.64,21.17,0.0,10000,3.6,800,3.04,24.17,35.7,0,6.1,23.78,0.5,1.0,62.5,5,1,0.3059,Estabilizado,Operação Normal
2026-08-22T18:53:11.115751,3161-10,1084,1,TERM. PQ. D. PEDRO II,JD. COLORADO,5,15:53,3,20.0,3,20.0,21.64,21.17,0.0,10000,3.6,800,4.01,24.69,28.97,1,6.1,55.57,0.5,1.0,66.67,4,1,0.3959,Estabilizado,Operação Normal
2026-08-22T18:53:11.115751,4742-10,342,1,METRÔ SÃO JUDAS,JD. CLÍMAX,5,15:53,1,60.0,1,20.0,21.64,21.17,0.0,10000,3.6,800,3.06,18.63,31.15,0,6.1,23.92,0.5,0.333,100.0,2,1,0.4668,Estabilizado,Operação Normal
2026-08-22T18:53:11.115751,3414-10,33514,2,TERM. PQ. D. PEDRO II,VL. DALILA,5,15:53,3,20.0,3,20.0,21.64,21.17,0.0,10000,3.6,800,2.9,25.1,34.5,1,6.1,47.8,0.5,1.0,66.67,4,1,0.3764,Estabilizado,Operação Normal
2026-08-22T18:53:11.115751,2201-10,909,1,CPTM GUAIANASES,DIV. DE FERRAZ,5,15:53,2,30.0,2,20.0,21.64,21.17,0.0,10000,3.6,800,3.08,21.1,29.23,0,6.1,24.06,0.5,0.667,75.0,3,1,0.3712,Estabilizado,Operação Normal
2026-08-22T18:53:11.115751,809U-21,2307,1,METRÔ VILA MADALENA,METRÔ BARRA FUNDA,5,15:53,3,20.0,3,20.0,21.64,21.17,0.0,10000,3.6,800,5.81,6.71,26.29,1,6.1,68.17,0.5,1.0,83.33,5,2,0.469,Estabilizado,Operação Normal
2026-08-22T18:53:11.115751,3725-10,1022,1,VL. DALILA,METRÔ VL. MATILDE,5,15:53,2,30.0,2,20.0,21.64,21.17,0.0,10000,3.6,800,3.31,26.44,36.99,0,6.1,25.67,0.5,0.667,75.0,3,1,0.3752,Estabilizado,Operação Normal
2026-08-22T18:53:11.115751,5013-10,33885,2,STO. AMARO,JD. LUSO,5,15:53,9,6.7,9,20.0,21.64,21.17,0.0,10000,3.6,800,5.17,13.8,27.82,1,6.1,63.69,0.5,1.0,72.22,13,4,0.43,Estabilizado,Operação Normal
2026-08-22T18:53:11.115751,971C-10,571,1,METRÔ SANTANA,COHAB BRASILÂNDIA,5,15:53,4,15.0,4,20.0,21.64,21.17,0.0,10000,3.6,800,3.38,17.14,29.62,1,6.1,51.16,0.5,1.0,75.0,6,2,0.4056,Estabilizado,Operação Normal
2026-08-22T18:53:11.115751,8001-10,1251,1,TERM. LAPA,VL. PIAUÍ,5,15:53,1,60.0,1,20.0,21.64,21.17,0.0,10000,3.6,800,4.81,30.8,53.63,1,6.1,61.17,0.5,0.333,100.0,2,1,0.5599,Estabilizado,Operação Normal
2026-08-22T18:53:11.115751,5110-10,34977,2,TERM. MERCADO,TERM. SÃO MATEUS,5,15:53,5,12.0,5,20.0,21.64,21.17,0.0,10000,3.6,800,3.73,23.76,35.64,1,6.1,53.61,0.5,1.0,70.0,7,2,0.3993,Estabilizado,Operação Normal
2026-08-22T18:53:11.115751,6L05-10,33941,2,TERM. PARELHEIROS,BARRAGEM,5,15:53,2,30.0,2,20.0,21.64,21.17,0.0,10000,3.6,800,3.0,22.5,45.0,0,6.1,23.5,0.5,0.667,75.0,3,1,0.3698,Estabilizado,Operação Normal
2026-08-22T18:53:11.115751,3722-10,33788,2,METRÔ ITAQUERA,COHAB JOSÉ BONIFÁCIO,5,15:53,2,30.0,2,20.0,21.64,21.17,0.0,10000,3.6,800,2.24,26.3,37.48,1,6.1,43.18,0.5,0.667,75.0,3,1,0.419,Estabilizado,Operação Normal
2026-08-22T18:53:11.115751,6805-31,1788,1,TERM. JOÃO DIAS,TERM. CAPELINHA,5,15:53,2,30.0,2,20.0,21.64,21.17,0.0,10000,3.6,800,2.64,20.67,27.31,0,6.1,20.98,0.5,0.667,75.0,3,1,0.3635,Estabilizado,Operação Normal
2026-08-22T18:53:11.115751,575A-10,34406,2,SHOP. METRÔ TATUAPÉ,DIV. SÃO CAETANO,5,15:53,2,30.0,2,20.0,21.64,21.17,0.0,10000,3.6,800,1.94,24.71,33.87,1,6.1,41.08,0.5,0.667,75.0,3,1,0.4138,Estabilizado,Operação Normal
2026-08-22T18:53:11.115751,7006-51,1997,1,METRÔ CAPÃO REDONDO,JD. HORIZONTE AZUL,5,15:53,4,15.0,4,20.0,21.64,21.17,0.0,10000,3.6,800,7.3,10.52,24.22,0,6.1,53.6,0.5,1.0,75.0,6,2,0.4118,Estabilizado,Operação Normal
2026-08-22T18:53:11.115751,4315-10,34943,2,TERM. PQ. D. PEDRO II,TERM. VL. CARRÃO,5,15:53,3,20.0,3,20.0,21.64,21.17,0.0,10000,3.6,800,3.16,21.95,37.2,0,6.1,24.62,0.5,1.0,66.67,4,1,0.3185,Estabilizado,Operação Normal
2026-08-22T18:53:11.115751,4015-10,34956,2,TERM. SÃO MATEUS,PQ. SÃO RAFAEL,5,15:53,2,30.0,2,20.0,21.64,21.17,0.0,10000,3.6,800,2.25,25.87,25.98,0,6.1,18.25,0.5,0.667,75.0,3,1,0.3567,Estabilizado,Operação Normal
2026-08-22T18:53:11.115751,118C-10,519,1,TERM. AMARAL GURGEL,JD. PERY ALTO,5,15:53,6,10.0,6,20.0,21.64,21.17,0.0,10000,3.6,800,3.29,22.07,35.03,0,6.1,25.53,0.5,1.0,58.33,7,1,0.2999,Estabilizado,Operação Normal
2026-08-22T18:53:11.115751,4721-10,337,1,METRÔ JABAQUARA,SHOP. PLAZA SUL,5,15:53,2,30.0,2,20.0,21.64,21.17,0.0,10000,3.6,800,3.41,23.66,32.65,0,6.1,26.37,0.5,0.667,75.0,3,1,0.377,Estabilizado,Operação Normal
2026-08-22T18:53:11.115751,5103-10,34414,2,MOEMA,TERM. SACOMÃ,5,15:53,3,20.0,3,20.0,21.64,21.17,0.0,10000,3.6,800,3.75,19.62,28.82,0,6.1,28.75,0.5,1.0,66.67,4,1,0.3288,Estabilizado,Operação Normal
2026-08-22T18:53:11.115751,675X-10,32879,2,AACD-SERVIDOR,TERM. GRAJAÚ,5,15:53,3,20.0,3,20.0,21.64,21.17,0.0,10000,3.6,800,2.51,29.91,35.17,0,6.1,20.07,0.5,1.0,66.67,4,1,0.3071,Estabilizado,Operação Normal
2026-08-22T18:53:11.115751,3739-10,1039,1,METRÔ ITAQUERA,RECANTO VERDE SOL,5,15:53,5,12.0,5,20.0,21.64,21.17,0.0,10000,3.6,800,3.98,19.94,29.98,1,6.1,55.36,0.5,1.0,70.0,7,2,0.4036,Estabilizado,Operação Normal
2026-08-22T18:53:11.115751,1023-10,35327,2,CPTM PIRITUBA,VL. PIRITUBA,5,15:53,1,60.0,1,20.0,21.64,21.17,0.0,10000,3.6,800,5.49,17.8,33.0,0,6.1,40.93,0.5,0.333,100.0,2,1,0.5093,Estabilizado,Operação Normal
2026-08-22T18:53:11.115751,4024-10,34926,2,E.T. ITAQUERA,COHAB FAZENDA DO CARMO,5,15:53,3,20.0,3,20.0,21.64,21.17,0.0,10000,3.6,800,3.24,23.36,37.16,1,6.1,50.18,0.5,1.0,66.67,4,1,0.3824,Estabilizado,Operação Normal
2026-08-22T18:53:11.115751,746P-10,33556,2,STO. AMARO,PARAISÓPOLIS,5,15:53,6,10.0,6,20.0,21.64,21.17,0.0,10000,3.6,800,3.16,20.77,29.63,0,6.1,24.62,0.5,1.0,58.33,7,1,0.2976,Estabilizado,Operação Normal
2026-08-22T18:53:11.115751,8199-10,33575,2,CEM. VL. NOVA CACHOEIRINHA,PIRITUBA,5,15:53,8,7.5,8,20.0,21.64,21.17,0.0,10000,3.6,800,3.4,19.12,27.78,0,6.1,26.3,0.5,1.0,62.5,10,2,0.3123,Estabilizado,Operação Normal
2026-08-22T18:53:11.115751,PAEC-10,1422,1,PAESE CPTM IDA,PAESE CPTM VOLTA,5,15:53,1,60.0,1,20.0,21.64,21.17,0.0,10000,3.6,800,3.18,13.43,34.52,0,6.1,24.76,0.5,0.333,100.0,2,1,0.4688,Estabilizado,Operação Normal
2026-08-22T18:53:11.115751,1759-10,553,1,METRÔ SANTANA,JD. PERY,5,15:53,3,20.0,3,20.0,21.64,21.17,0.0,10000,3.6,800,3.71,18.69,31.58,1,6.1,53.47,0.5,1.0,66.67,4,1,0.3906,Estabilizado,Operação Normal
2026-08-22T18:53:11.115751,4312-10,2172,1,TERM. PQ. D. PEDRO II,JD. MARÍLIA,5,15:53,3,20.0,3,20.0,21.64,21.17,0.0,10000,3.6,800,3.15,21.89,32.38,1,6.1,49.55,0.5,1.0,66.67,4,1,0.3808,Estabilizado,Operação Normal
2026-08-22T18:53:11.115751,546T-10,33040,2,TERM. STO. AMARO,VL. GUACURI,5,15:53,11,5.5,12,20.0,21.64,21.17,0.0,10000,3.6,800,5.51,16.84,32.94,1,6.1,66.07,0.5,1.0,77.27,17,6,0.4486,Estabilizado,Operação Normal
2026-08-22T18:53:11.115751,2756-10,33006,2,METRÔ PATRIARCA,GUAIANASES,5,15:53,2,30.0,2,20.0,21.64,21.17,0.0,10000,3.6,800,2.81,19.9,27.09,0,6.1,22.17,0.5,0.667,75.0,3,1,0.3665,Estabilizado,Operação Normal
2026-08-22T18:53:11.115751,6053-10,1145,1,TERM. GRAJAÚ,JD. ELLUS,5,15:53,2,30.0,2,20.0,21.64,21.17,0.0,10000,3.6,800,6.61,13.81,32.81,0,6.1,48.77,0.5,0.667,75.0,3,1,0.433,Estabilizado,Operação Normal
2026-08-22T18:53:11.115751,4093-10,2448,1,TERM. CID. TIRADENTES,CID. TIRADENTES,5,15:53,1,60.0,1,20.0,21.64,21.17,0.0,10000,3.6,800,3.0,22.5,45.0,0,6.1,23.5,0.5,0.333,100.0,2,1,0.4657,Estabilizado,Operação Normal
2026-08-22T18:53:11.115751,971D-10,33477,2,SHOP. CENTER NORTE,JD. DAMASCENO,5,15:53,6,10.0,6,20.0,21.64,21.17,0.0,10000,3.6,800,2.7,23.73,34.14,0,6.1,21.4,0.5,1.0,58.33,7,1,0.2896,Estabilizado,Operação Normal
2026-08-22T18:53:11.115751,271C-10,682,1,TERM. PRINC. ISABEL - CIRCULAR,PQ. VL. MARIA,5,15:53,2,30.0,2,20.0,21.64,21.17,0.0,10000,3.6,800,4.92,19.43,34.78,0,6.1,36.94,0.5,0.667,75.0,3,1,0.4034,Estabilizado,Operação Normal
2026-08-22T18:53:11.115751,938V-10,813,1,METRÔ BARRA FUNDA,JD. VISTA ALEGRE,5,15:53,3,20.0,3,20.0,21.64,21.17,0.0,10000,3.6,800,2.36,21.76,29.77,1,6.1,44.02,0.5,1.0,66.67,4,1,0.367,Estabilizado,Operação Normal
2026-08-22T18:53:11.115751,2762-10,32912,2,METRÔ TATUAPÉ,ERMELINO MATARAZZO,5,15:53,2,30.0,2,20.0,21.64,21.17,0.0,10000,3.6,800,1.77,27.26,32.89,0,6.1,14.89,0.5,0.667,75.0,3,1,0.3483,Estabilizado,Operação Normal
2026-08-22T18:53:11.115751,3134-10,993,1,METRÔ TAMANDUATEÍ,SHOP. ARICANDUVA,5,15:53,5,12.0,5,20.0,21.64,21.17,0.0,10000,3.6,800,3.56,22.54,28.65,0,6.1,27.42,0.5,1.0,60.0,6,1,0.3088,Estabilizado,Operação Normal
2026-08-22T18:53:11.115751,3736-10,1036,1,METRÔ ARTUR ALVIM,JD. NSA. SRA. DO CARMO,5,15:53,3,20.0,3,20.0,21.64,21.17,0.0,10000,3.6,800,5.59,19.42,28.62,0,6.1,41.63,0.5,1.0,66.67,4,1,0.361,Estabilizado,Operação Normal
2026-08-22T18:53:11.115751,2012-10,35049,2,SHOP.D,VL. MEDEIROS,5,15:53,3,20.0,3,20.0,21.64,21.17,0.0,10000,3.6,800,2.72,26.32,36.66,1,6.1,46.54,0.5,1.0,66.67,4,1,0.3733,Estabilizado,Operação Normal
2026-08-22T18:53:11.115751,8023-10,2074,1,TERM. VL. SÔNIA,CDHU MUNCK,5,15:53,1,60.0,1,20.0,21.64,21.17,0.0,10000,3.6,800,2.36,48.2,55.89,0,6.1,19.02,0.5,0.333,100.0,2,1,0.4545,Estabilizado,Operação Normal
2026-08-22T18:53:11.115751,6006-10,32943,2,SHOP. INTERLAGOS,JD. HERCULANO,5,15:53,2,30.0,2,20.0,21.64,21.17,0.0,10000,3.6,800,2.36,22.04,31.66,1,6.1,44.02,0.5,0.667,75.0,3,1,0.4211,Estabilizado,Operação Normal
2026-08-22T18:53:11.115751,5123-10,33893,2,HOSP. SÃO PAULO,JD. MIRIAM,5,15:53,4,15.0,4,20.0,21.64,21.17,0.0,10000,3.6,800,3.42,19.65,30.05,0,6.1,26.44,0.5,1.0,62.5,5,1,0.3126,Estabilizado,Operação Normal
2026-08-22T18:53:11.115751,6291-10,33126,2,TERM. BANDEIRA,INOCOOP CAMPO LIMPO,5,15:53,6,10.0,6,20.0,21.64,21.17,0.0,10000,3.6,800,3.18,23.22,35.55,1,6.1,49.76,0.5,1.0,66.67,8,2,0.3813,Estabilizado,Operação Normal
2026-08-22T18:53:11.115751,5024-10,1122,1,STO. AMARO,MISSIONÁRIA,5,15:53,3,20.0,3,20.0,21.64,21.17,0.0,10000,3.6,800,4.04,20.85,34.12,1,6.1,55.78,0.5,1.0,66.67,4,1,0.3964,Estabilizado,Operação Normal
2026-08-22T18:53:11.115751,3004-10,1798,1,CPTM VL. MARA/ITAIM,JD. SÃO MARTINHO,5,15:53,2,30.0,2,20.0,21.64,21.17,0.0,10000,3.6,800,2.75,21.63,25.46,0,6.1,21.75,0.5,0.667,75.0,3,1,0.3654,Estabilizado,Operação Normal
2026-08-22T18:53:11.115751,273V-10,32999,2,METRÔ PENHA,PARADA XV DE NOVEMBRO,5,15:53,2,30.0,2,20.0,21.64,21.17,0.0,10000,3.6,800,2.74,24.84,30.7,1,6.1,46.68,0.5,0.667,75.0,3,1,0.4278,Estabilizado,Operação Normal
2026-08-22T18:53:11.115751,8300-10,34032,2,TERM. LAPA,TERM. PIRITUBA,5,15:53,1,60.0,1,20.0,21.64,21.17,0.0,10000,3.6,800,2.38,29.07,39.96,0,6.1,19.16,0.5,0.333,100.0,2,1,0.4548,Estabilizado,Operação Normal
2026-08-22T18:53:11.115751,3735-41,1920,1,JD. SÃO JOSÉ,METRÔ ARTUR ALVIM,5,15:53,1,60.0,1,20.0,21.64,21.17,0.0,10000,3.6,800,2.72,29.16,36.33,0,6.1,21.54,0.5,0.333,100.0,2,1,0.4608,Estabilizado,Operação Normal
2026-08-22T18:53:11.115751,6047-10,1224,1,STO. AMARO,JD. LÍDIA,5,15:53,2,30.0,2,20.0,21.64,21.17,0.0,10000,3.6,800,3.6,17.49,25.09,0,6.1,27.7,0.5,0.667,75.0,3,1,0.3803,Estabilizado,Operação Normal
2026-08-22T18:53:11.115751,4732-31,2127,1,METRÔ SAÚDE,VL. LIVIERO,5,15:53,4,15.0,4,20.0,21.64,21.17,0.0,10000,3.6,800,2.85,19.72,30.12,1,6.1,47.45,0.5,1.0,75.0,6,2,0.3964,Estabilizado,Operação Normal
2026-08-22T18:53:11.115751,8319-10,33244,2,SESC POMPÉIA,PQ. CONTINENTAL,5,15:53,3,20.0,3,20.0,21.64,21.17,0.0,10000,3.6,800,3.92,19.45,32.32,0,6.1,29.94,0.5,1.0,66.67,4,1,0.3318,Estabilizado,Operação Normal
2026-08-22T18:53:11.115751,4718-10,336,1,METRÔ STA. CRUZ,JD. CELESTE,5,15:53,1,60.0,1,20.0,21.64,21.17,0.0,10000,3.6,800,2.68,22.53,28.51,1,6.1,46.26,0.5,0.333,100.0,2,1,0.5226,Estabilizado,Operação Normal
2026-08-22T18:53:11.115751,2710-10,33692,2,BURGO PAULISTA,METRÔ PATRIARCA,5,15:53,3,20.0,3,20.0,21.64,21.17,0.0,10000,3.6,800,2.49,26.53,35.28,0,6.1,19.93,0.5,1.0,66.67,4,1,0.3068,Estabilizado,Operação Normal
2026-08-22T18:53:11.115751,172X-10,33629,2,METRÔ TATUAPÉ,PQ. NOVO MUNDO,5,15:53,8,7.5,8,20.0,21.64,21.17,0.0,10000,3.6,800,2.47,26.77,32.87,0,6.1,19.79,0.5,1.0,62.5,10,2,0.296,Estabilizado,Operação Normal
2026-08-22T18:53:11.115751,8012-10,34791,2,CID. UNIVERSITÁRIA,METRÔ BUTANTÃ,5,15:53,1,60.0,1,20.0,21.64,21.17,0.0,10000,3.6,800,1.18,35.46,37.51,0,6.1,10.76,0.5,0.333,100.0,2,1,0.4338,Estabilizado,Operação Normal
2026-08-22T18:53:11.115751,778J-41,1486,1,METRÔ BARRA FUNDA,COHAB RAPOSO TAVARES,5,15:53,2,30.0,2,20.0,21.64,21.17,0.0,10000,3.6,800,3.69,24.57,34.79,0,6.1,28.33,0.5,0.667,75.0,3,1,0.3819,Estabilizado,Operação Normal
2026-08-22T18:53:11.115751,709P-10,34761,2,TERM. PINHEIROS,EST. STO. AMARO/GUIDO CALOI,5,15:53,6,10.0,6,20.0,21.64,21.17,0.0,10000,3.6,800,2.96,27.51,37.6,0,6.1,23.22,0.5,1.0,58.33,7,1,0.2941,Estabilizado,Operação Normal
2026-08-22T18:53:11.115751,407R-10,34969,2,METRÔ BELÉM,TERM. VL. CARRÃO,5,15:53,2,30.0,2,20.0,21.64,21.17,0.0,10000,3.6,800,2.32,23.29,31.06,1,6.1,43.74,0.5,0.667,75.0,3,1,0.4204,Estabilizado,Operação Normal
2026-08-22T18:53:11.115751,8006-10,34024,2,TERM. PIRITUBA,JD. DONÁRIA,5,15:53,3,20.0,3,20.0,21.64,21.17,0.0,10000,3.6,800,1.99,31.17,39.05,0,6.1,16.43,0.5,1.0,66.67,4,1,0.298,Estabilizado,Operação Normal
2026-08-22T18:53:11.115751,3742-10,33810,2,METRÔ ITAQUERA,JD. LARANJEIRA,5,15:53,3,20.0,3,20.0,21.64,21.17,0.0,10000,3.6,800,2.32,26.11,33.34,1,6.1,43.74,0.5,1.0,66.67,4,1,0.3663,Estabilizado,Operação Normal
2026-08-22T18:53:11.115751,5632-10,81,1,LGO. SÃO FRANCISCO,VL. SÃO JOSÉ,5,15:53,4,15.0,4,20.0,21.64,21.17,0.0,10000,3.6,800,3.22,25.93,33.0,1,6.1,50.04,0.5,1.0,75.0,6,2,0.4028,Estabilizado,Operação Normal
2026-08-22T18:53:11.115751,8014-10,801,1,PERUS,MORRO DOCE,5,15:53,3,20.0,3,20.0,21.64,21.17,0.0,10000,3.6,800,4.29,30.3,49.29,0,6.1,32.53,0.5,1.0,66.67,4,1,0.3383,Estabilizado,Operação Normal
2026-08-22T18:53:11.115751,2740-10,34560,2,METRÔ SANTANA,PEDRA BRANCA,5,15:53,3,20.0,3,20.0,21.64,21.17,0.0,10000,3.6,800,1.63,21.4,27.08,0,6.1,13.91,0.5,1.0,66.67,4,1,0.2917,Estabilizado,Operação Normal
2026-08-22T18:53:11.115751,3754-10,1049,1,METRÔ ITAQUERA,INÁCIO MONTEIRO,5,15:53,2,30.0,2,20.0,21.64,21.17,0.0,10000,3.6,800,5.06,16.43,29.6,0,6.1,37.92,0.5,0.667,75.0,3,1,0.4058,Estabilizado,Operação Normal
2026-08-22T18:53:11.115751,4111-10,33088,2,PÇA. DA REPÚBLICA,VL. MONUMENTO,5,15:53,1,60.0,1,20.0,21.64,21.17,0.0,10000,3.6,800,3.56,24.23,38.87,0,6.1,27.42,0.5,0.333,100.0,2,1,0.4755,Estabilizado,Operação Normal
2026-08-22T18:53:11.115751,4002-10,2177,1,TERM. VL. CARRÃO,GUAIANASES,5,15:53,3,20.0,3,20.0,21.64,21.17,0.0,10000,3.6,800,2.66,20.57,30.74,1,6.1,46.12,0.5,1.0,66.67,4,1,0.3722,Estabilizado,Operação Normal
2026-08-22T18:53:11.115751,6059-10,33994,2,STO. AMARO,JD. UNIVERSAL,5,15:53,1,60.0,1,20.0,21.64,21.17,0.0,10000,3.6,800,3.88,17.45,25.33,0,6.1,29.66,0.5,0.333,100.0,2,1,0.4811,Estabilizado,Operação Normal
2026-08-22T18:53:11.115751,2028-10,35031,2,METRÔ TUCURUVI,VL. AYROSA,5,15:53,4,15.0,4,20.0,21.64,21.17,0.0,10000,3.6,800,4.06,31.84,37.04,0,6.1,30.92,0.5,1.0,62.5,5,1,0.3238,Estabilizado,Operação Normal
2026-08-22T18:53:11.115751,372F-10,33783,2,METRÔ BRESSER,UNIV. SÃO JUDAS TADEU,5,15:53,2,30.0,2,20.0,21.64,21.17,0.0,10000,3.6,800,3.93,16.48,28.62,0,6.1,30.01,0.5,0.667,75.0,3,1,0.3861,Estabilizado,Operação Normal
2026-08-22T18:53:11.115751,5145-10,34409,2,PÇA. ALMEIDA JR.,TERM. SAPOPEMBA,5,15:53,3,20.0,3,20.0,21.64,21.17,0.0,10000,3.6,800,3.31,21.29,35.46,0,6.1,25.67,0.5,1.0,66.67,4,1,0.3211,Estabilizado,Operação Normal
2026-08-22T18:53:11.115751,6338-10,1293,1,PQ. IBIRAPUERA,JD. MIRIAM,5,15:53,3,20.0,3,20.0,21.64,21.17,0.0,10000,3.6,800,3.24,18.91,32.87,0,6.1,25.18,0.5,1.0,66.67,4,1,0.3199,Estabilizado,Operação Normal
2026-08-22T18:53:11.115751,N737-11,35186,2,PQ. DO LAGO,TERM. JD. ÂNGELA,5,15:53,1,60.0,1,20.0,21.64,21.17,0.0,10000,3.6,800,6.03,18.13,39.38,0,6.1,44.71,0.5,0.333,100.0,2,1,0.5187,Estabilizado,Operação Normal
2026-08-22T18:53:11.115751,3054-10,33743,2,HOSP. SAPOPEMBA,JD. PALANQUE,5,15:53,4,15.0,4,20.0,21.64,21.17,0.0,10000,3.6,800,4.37,18.23,31.34,1,6.1,58.09,0.5,1.0,75.0,6,2,0.423,Estabilizado,Operação Normal
2026-08-22T18:53:11.115751,2711-10,33693,2,METRÔ PATRIARCA,PONTE RASA,5,15:53,2,30.0,2,20.0,21.64,21.17,0.0,10000,3.6,800,2.19,26.89,35.18,0,6.1,17.83,0.5,0.667,75.0,3,1,0.3556,Estabilizado,Operação Normal
2026-08-22T18:53:11.115751,509J-10,264,1,PQ. IBIRAPUERA,JD. SELMA,5,15:53,2,30.0,2,20.0,21.64,21.17,0.0,10000,3.6,800,5.6,14.05,31.58,1,6.1,66.7,0.5,0.667,75.0,3,1,0.4778,Estabilizado,Operação Normal
2026-08-22T18:53:11.115751,8003-10,1253,1,TERM. LAPA,REMÉDIOS,5,15:53,1,60.0,1,20.0,21.64,21.17,0.0,10000,3.6,800,3.03,19.42,31.93,0,6.1,23.71,0.5,0.333,100.0,2,1,0.4662,Estabilizado,Operação Normal
2026-08-22T18:53:11.115751,5035-10,34436,2,TERM. SACOMÃ,VL. ARAPUÁ,5,15:53,2,30.0,2,20.0,21.64,21.17,0.0,10000,3.6,800,3.76,23.93,31.67,0,6.1,28.82,0.5,0.667,75.0,3,1,0.3831,Estabilizado,Operação Normal
2026-08-22T18:53:11.115751,5164-10,1283,1,PQ. IBIRAPUERA,VL. STA. CATARINA,5,15:53,7,8.6,7,20.0,21.64,21.17,0.0,10000,3.6,800,3.06,20.02,32.4,1,6.1,48.92,0.5,1.0,64.29,9,2,0.3733,Estabilizado,Operação Normal
2026-08-22T18:53:11.115751,2018-10,33672,2,SÃO MIGUEL,JD. CAMPOS,5,15:53,2,30.0,2,20.0,21.64,21.17,0.0,10000,3.6,800,3.1,21.19,26.46,0,6.1,24.2,0.5,0.667,75.0,3,1,0.3716,Estabilizado,Operação Normal
2026-08-22T18:53:11.115751,3728-10,33793,2,PQ. SAVOY CITY,METRÔ ARTUR ALVIM,5,15:53,3,20.0,3,20.0,21.64,21.17,0.0,10000,3.6,800,2.69,30.08,35.25,0,6.1,21.33,0.5,1.0,66.67,4,1,0.3103,Estabilizado,Operação Normal
2026-08-22T18:53:11.115751,2720-31,1842,1,METRÔ GUILHERMINA/ESPERANÇA,JD. BELÉM,5,15:53,1,60.0,1,20.0,21.64,21.17,0.0,10000,3.6,800,3.0,10.5,21.93,0,6.1,23.5,0.5,0.333,100.0,2,1,0.4657,Estabilizado,Operação Normal
2026-08-22T18:53:11.115751,3063-10,33021,2,TERM. SÃO MATEUS,GUAIANASES,5,15:53,2,30.0,2,20.0,21.64,21.17,0.0,10000,3.6,800,7.64,9.79,23.88,1,6.1,80.98,0.5,0.667,75.0,3,1,0.5135,Estabilizado,Operação Normal
2026-08-22T18:53:11.115751,3026-10,33730,2,CPTM GUAIANASES,VL. IOLANDA II,5,15:53,6,10.0,6,20.0,21.64,21.17,0.0,10000,3.6,800,2.82,24.48,32.79,1,6.1,47.24,0.5,1.0,66.67,8,2,0.375,Estabilizado,Operação Normal
2026-08-22T18:53:11.115751,9653-10,33356,2,PÇA. DO CORREIO,PEDRA BRANCA,5,15:53,4,15.0,4,20.0,21.64,21.17,0.0,10000,3.6,800,5.62,12.85,25.89,1,6.1,66.84,0.5,1.0,75.0,6,2,0.4448,Estabilizado,Operação Normal
2026-08-22T18:53:11.115751,5105-10,1651,1,TERM. MERCADO,TERM. SACOMÃ,5,15:53,8,7.5,8,20.0,21.64,21.17,0.0,10000,3.6,800,2.76,23.57,35.48,1,6.1,46.82,0.5,1.0,68.75,11,3,0.3792,Estabilizado,Operação Normal
2026-08-22T18:53:11.115751,807M-10,1916,1,SHOP. MORUMBI,TERM. CAMPO LIMPO,5,15:53,4,15.0,4,20.0,21.64,21.17,0.0,10000,3.6,800,2.22,22.94,27.97,0,6.1,18.04,0.5,1.0,62.5,5,1,0.2916,Estabilizado,Operação Normal
2026-08-22T18:53:11.115751,3737-10,33805,2,SHOP.ARICANDUVA,METRÔ GUILHERMINA/ESPERANÇA,5,15:53,3,20.0,3,20.0,21.64,21.17,0.0,10000,3.6,800,2.39,32.02,41.95,1,6.1,44.23,0.5,1.0,66.67,4,1,0.3675,Estabilizado,Operação Normal
2026-08-22T18:53:11.115751,606C-10,2595,1,CANTINHO DO CÉU,CIRCULAR,5,15:53,1,60.0,1,20.0,21.64,21.17,0.0,10000,3.6,800,3.0,22.5,45.0,0,6.1,23.5,0.5,0.333,100.0,2,1,0.4657,Estabilizado,Operação Normal
2026-08-22T18:53:11.115751,3725-41,34299,2,VL. ARICANDUVA,METRÔ VL. MATILDE,5,15:53,2,30.0,2,20.0,21.64,21.17,0.0,10000,3.6,800,5.18,19.7,30.88,0,6.1,38.76,0.5,0.667,75.0,3,1,0.408,Estabilizado,Operação Normal
2026-08-22T18:53:11.115751,6L10-41,2005,1,TERM. VARGINHA,MESSIÂNICA,5,15:53,1,60.0,1,20.0,21.64,21.17,0.0,10000,3.6,800,6.72,11.42,26.11,0,6.1,49.54,0.5,0.333,100.0,2,1,0.5308,Estabilizado,Operação Normal
2026-08-22T18:53:11.115751,856R-10,1428,1,SOCORRO,LAPA,5,15:53,4,15.0,4,20.0,21.64,21.17,0.0,10000,3.6,800,4.13,15.28,27.0,0,6.1,31.41,0.5,1.0,62.5,5,1,0.325,Estabilizado,Operação Normal
2026-08-22T18:53:11.115751,7063-10,1899,1,TERM. CAMPO LIMPO,JD. MACEDÔNIA,5,15:53,3,20.0,3,20.0,21.64,21.17,0.0,10000,3.6,800,5.09,16.16,30.2,0,6.1,38.13,0.5,1.0,66.67,4,1,0.3523,Estabilizado,Operação Normal
2026-08-22T18:53:11.115751,3020-10,958,1,SHOP. ARICANDUVA,COHAB JOSÉ BONIFÁCIO ,5,15:53,1,60.0,1,20.0,21.64,21.17,0.0,10000,3.6,800,2.73,24.91,37.34,0,6.1,21.61,0.5,0.333,100.0,2,1,0.461,Estabilizado,Operação Normal
2026-08-22T18:53:11.115751,8686-10,446,1,LGO. DO PAISSANDÚ,MANGALOT,5,15:53,2,30.0,2,20.0,21.64,21.17,0.0,10000,3.6,800,4.32,14.57,30.03,0,6.1,32.74,0.5,0.667,75.0,3,1,0.3929,Estabilizado,Operação Normal
2026-08-22T18:53:11.115751,372U-10,1016,1,METRÔ TATUAPÉ,VL. STA. ISABEL,5,15:53,5,12.0,5,20.0,21.64,21.17,0.0,10000,3.6,800,2.94,15.06,24.37,0,6.1,23.08,0.5,1.0,60.0,6,1,0.2979,Estabilizado,Operação Normal
2026-08-22T18:53:11.115751,607A-21,34908,2,EST. JURUBATUBA,JD. APURÁ,5,15:53,2,30.0,2,20.0,21.64,21.17,0.0,10000,3.6,800,3.7,23.93,33.13,0,6.1,28.4,0.5,0.667,75.0,3,1,0.382,Estabilizado,Operação Normal
2026-08-22T18:53:11.115751,675X-10,111,1,AACD-SERVIDOR,TERM. GRAJAÚ,5,15:53,6,10.0,6,20.0,21.64,21.17,0.0,10000,3.6,800,3.56,23.07,34.12,0,6.1,27.42,0.5,1.0,66.67,8,2,0.3255,Estabilizado,Operação Normal
2026-08-22T18:53:11.115751,5757-10,34056,2,METRÔ CONCEIÇÃO,CID. JÚLIA,5,15:53,6,10.0,6,20.0,21.64,21.17,0.0,10000,3.6,800,3.59,27.9,39.29,0,6.1,27.63,0.5,1.0,66.67,8,2,0.326,Estabilizado,Operação Normal
2026-08-22T18:53:11.115751,675M-10,108,1,METRÔ JABAQUARA,CENTRO SESC,5,15:53,6,10.0,6,20.0,21.64,21.17,0.0,10000,3.6,800,3.1,19.95,29.42,0,6.1,24.2,0.5,1.0,58.33,7,1,0.2966,Estabilizado,Operação Normal
2026-08-22T18:53:11.115751,3712-10,1009,1,METRÔ ITAQUERA,JD. SÃO JOÃO,5,15:53,3,20.0,3,20.0,21.64,21.17,0.0,10000,3.6,800,3.46,25.23,26.83,0,6.1,26.72,0.5,1.0,66.67,4,1,0.3237,Estabilizado,Operação Normal
2026-08-22T18:53:11.115751,7012-10,2043,1,TERM. GUARAPIRANGA,PQ. DO LAGO,5,15:53,1,60.0,1,20.0,21.64,21.17,0.0,10000,3.6,800,8.69,4.7,17.55,0,6.1,63.33,0.5,0.333,100.0,2,1,0.5653,Estabilizado,Operação Normal
2026-08-22T18:53:11.115751,178Y-10,33636,2,METRÔ JD. SÃO PAULO,VL. AMÉLIA,5,15:53,4,15.0,4,20.0,21.64,21.17,0.0,10000,3.6,800,2.76,22.71,30.17,0,6.1,21.82,0.5,1.0,62.5,5,1,0.301,Estabilizado,Operação Normal
2026-08-22T18:53:11.115751,4014-10,2187,1,TERM. VL. CARRÃO,JD. VL. CARRÃO,5,15:53,1,60.0,1,20.0,21.64,21.17,0.0,10000,3.6,800,2.52,28.41,40.07,0,6.1,20.14,0.5,0.333,100.0,2,1,0.4573,Estabilizado,Operação Normal
2026-08-22T18:53:11.115751,8200-10,34031,2,TERM. LAPA,TERM. PIRITUBA,5,15:53,1,60.0,1,20.0,21.64,21.17,0.0,10000,3.6,800,1.63,36.72,44.15,0,6.1,13.91,0.5,0.333,100.0,2,1,0.4417,Estabilizado,Operação Normal
2026-08-22T18:53:11.115751,2029-10,2270,1,METRÔ TUCURUVI,JD. FONTÁLIS,5,15:53,2,30.0,2,20.0,21.64,21.17,0.0,10000,3.6,800,6.15,13.44,27.1,0,6.1,45.55,0.5,0.667,75.0,3,1,0.4249,Estabilizado,Operação Normal
2026-08-22T18:53:11.115751,8000-10,1273,1,PÇA. RAMOS DE AZEVEDO,TERM. LAPA,5,15:53,3,20.0,3,20.0,21.64,21.17,0.0,10000,3.6,800,3.3,17.62,32.35,1,6.1,50.6,0.5,1.0,66.67,4,1,0.3834,Estabilizado,Operação Normal
2026-08-22T18:53:11.115751,476G-21,2671,1,IPIRANGA,JD. ELBA,5,15:53,3,20.0,3,20.0,21.64,21.17,0.0,10000,3.6,800,3.54,22.9,33.33,1,6.1,52.28,0.5,1.0,66.67,4,1,0.3876,Estabilizado,Operação Normal
2026-08-22T18:53:11.115751,1721-10,33434,2,METRÔ CARANDIRU,VL. SABRINA,5,15:53,2,30.0,2,20.0,21.64,21.17,0.0,10000,3.6,800,3.28,17.43,31.67,0,6.1,25.46,0.5,0.667,75.0,3,1,0.3747,Estabilizado,Operação Normal
2026-08-22T18:53:11.115751,6048-10,56,1,STO. AMARO,CAPÃO REDONDO,5,15:53,1,60.0,1,20.0,21.64,21.17,0.0,10000,3.6,800,3.09,20.3,23.41,0,6.1,24.13,0.5,0.333,100.0,2,1,0.4673,Estabilizado,Operação Normal
2026-08-22T18:53:11.115751,1732-10,33439,2,TERM. AMARAL GURGEL,VL. SABRINA,5,15:53,5,12.0,5,20.0,21.64,21.17,0.0,10000,3.6,800,4.56,17.01,30.1,1,6.1,59.42,0.5,1.0,70.0,7,2,0.4138,Estabilizado,Operação Normal
2026-08-22T18:53:11.115751,8029-10,2540,1,TERM. MORUMBI,SHOP. PORTAL,5,15:53,1,60.0,1,20.0,21.64,21.17,0.0,10000,3.6,800,3.51,15.91,22.39,0,6.1,27.07,0.5,0.333,100.0,2,1,0.4746,Estabilizado,Operação Normal
2026-08-22T18:53:11.115751,675I-10,32836,2,METRÔ SÃO JUDAS,TERM. JOÃO DIAS,5,15:53,4,15.0,4,20.0,21.64,21.17,0.0,10000,3.6,800,1.35,39.66,45.82,1,6.1,36.95,0.5,1.0,62.5,5,1,0.3389,Estabilizado,Operação Normal
2026-08-22T18:53:11.115751,7023-10,34920,2,TERM. STO. AMARO,JD. NAKAMURA,5,15:53,5,12.0,5,20.0,21.64,21.17,0.0,10000,3.6,800,1.75,24.12,29.54,0,6.1,14.75,0.5,1.0,60.0,6,1,0.2771,Estabilizado,Operação Normal
2026-08-22T18:53:11.115751,3053-10,973,1,METRÔ BELÉM,JD. ITÁPOLIS,5,15:53,3,20.0,3,20.0,21.64,21.17,0.0,10000,3.6,800,2.12,23.62,30.53,0,6.1,17.34,0.5,1.0,66.67,4,1,0.3003,Estabilizado,Operação Normal
2026-08-22T18:53:11.115751,8605-10,1917,1,TERM. BANDEIRA,TERM. CAMPO LIMPO,5,15:53,4,15.0,4,20.0,21.64,21.17,0.0,10000,3.6,800,4.61,19.53,34.19,1,6.1,59.77,0.5,1.0,75.0,6,2,0.4272,Estabilizado,Operação Normal
2026-08-22T18:53:11.115751,3006-10,34633,2,CPTM GUAIANASES,JD. FANGANIELO,5,15:53,3,20.0,3,20.0,21.64,21.17,0.0,10000,3.6,800,3.32,21.08,31.91,1,6.1,50.74,0.5,1.0,66.67,4,1,0.3838,Estabilizado,Operação Normal
2026-08-22T18:53:11.115751,6913-10,34233,2,TERM. BANDEIRA,TERM. VARGINHA,5,15:53,6,10.0,6,20.0,21.64,21.17,0.0,10000,3.6,800,2.62,23.86,33.84,0,6.1,20.84,0.5,1.0,58.33,7,1,0.2882,Estabilizado,Operação Normal
2026-08-22T18:53:11.115751,2709-31,923,1,VL. UNIÃO,METRÔ PATRIARCA,5,15:53,2,30.0,2,20.0,21.64,21.17,0.0,10000,3.6,800,2.56,19.19,27.43,0,6.1,20.42,0.5,0.667,75.0,3,1,0.3621,Estabilizado,Operação Normal
2026-08-22T18:53:11.115751,6062-51,1739,1,TERM. STO. AMARO,JD. CASTRO ALVES,5,15:53,3,20.0,3,20.0,21.64,21.17,0.0,10000,3.6,800,3.11,24.4,38.19,0,6.1,24.27,0.5,1.0,66.67,4,1,0.3176,Estabilizado,Operação Normal
2026-08-22T18:53:11.115751,3010-10,2543,1,TERM. A. E. CARVALHO,CEM. DA SAUDADE,5,15:53,2,30.0,2,20.0,21.64,21.17,0.0,10000,3.6,800,2.22,24.0,27.8,0,6.1,18.04,0.5,0.667,75.0,3,1,0.3561,Estabilizado,Operação Normal
2026-08-22T18:53:11.115751,4053-10,34914,2,CPTM GUAIANASES,GUAIANASES,5,15:53,3,20.0,3,20.0,21.64,21.17,0.0,10000,3.6,800,3.06,25.75,31.43,1,6.1,48.92,0.5,1.0,66.67,4,1,0.3792,Estabilizado,Operação Normal
2026-08-22T18:53:11.115751,648P-10,66,1,TERM. PINHEIROS,TERM. CAPELINHA,5,15:53,2,30.0,2,20.0,21.64,21.17,0.0,10000,3.6,800,3.41,19.81,31.01,1,6.1,51.37,0.5,0.667,75.0,3,1,0.4395,Estabilizado,Operação Normal
2026-08-22T18:53:11.115751,809T-10,35014,2,LAPA,COHAB RAPOSO TAVARES,5,15:53,3,20.0,3,20.0,21.64,21.17,0.0,10000,3.6,800,3.29,23.26,36.83,0,6.1,25.53,0.5,1.0,66.67,4,1,0.3208,Estabilizado,Operação Normal
2026-08-22T18:53:11.115751,4008-21,35295,2,CIRCULAR,COHAB JOSÉ BONIFÁCIO C ,5,15:53,1,60.0,1,20.0,21.64,21.17,0.0,10000,3.6,800,3.0,22.5,45.0,0,6.1,23.5,0.5,0.333,100.0,2,1,0.4657,Estabilizado,Operação Normal
2026-08-22T18:53:11.115751,2722-10,935,1,METRÔ GUILHERMINA/ESPERANÇA,JD. VERONIA,5,15:53,3,20.0,3,20.0,21.64,21.17,0.0,10000,3.6,800,1.93,19.87,26.61,0,6.1,16.01,0.5,1.0,66.67,4,1,0.297,Estabilizado,Operação Normal
2026-08-22T18:53:11.115751,271P-10,704,1,PÇA DO CORREIO,CANGAÍBA,5,15:53,4,15.0,4,20.0,21.64,21.17,0.0,10000,3.6,800,5.3,17.52,38.35,1,6.1,64.6,0.5,1.0,75.0,6,2,0.4392,Estabilizado,Operação Normal
2026-08-22T18:53:11.115751,874T-10,33075,2,LAPA,IPIRANGA,5,15:53,2,30.0,2,20.0,21.64,21.17,0.0,10000,3.6,800,4.1,20.19,34.41,0,6.1,31.2,0.5,0.667,75.0,3,1,0.389,Estabilizado,Operação Normal
2026-08-22T18:53:11.115751,5141-10,1625,1,PÇA. DO CORREIO,TERM. SAPOPEMBA,5,15:53,2,30.0,2,20.0,21.64,21.17,0.0,10000,3.6,800,2.9,17.22,27.42,1,6.1,47.8,0.5,0.667,75.0,3,1,0.4306,Estabilizado,Operação Normal
2026-08-22T18:53:11.115751,6451-10,61,1,TERM. BANDEIRA,TERM. CAPELINHA,5,15:53,5,12.0,5,20.0,21.64,21.17,0.0,10000,3.6,800,3.4,21.16,38.3,1,6.1,51.3,0.5,1.0,70.0,7,2,0.3935,Estabilizado,Operação Normal
2026-08-22T18:53:11.115751,271M-10,33452,2,METRÔ SANTANA,PQ. NOVO MUNDO,5,15:53,1,60.0,1,20.0,21.64,21.17,0.0,10000,3.6,800,3.74,15.3,35.2,0,6.1,28.68,0.5,0.333,100.0,2,1,0.4786,Estabilizado,Operação Normal
2026-08-22T18:53:11.115751,6258-31,34551,2,JD. IBIRAPUERA,JD. STA. MARGARIDA,5,15:53,3,20.0,3,20.0,21.64,21.17,0.0,10000,3.6,800,6.4,14.22,28.34,0,6.1,47.3,0.5,1.0,66.67,4,1,0.3752,Estabilizado,Operação Normal
2026-08-22T18:53:11.115751,746K-10,33555,2,CAMPO BELO,PARAISÓPOLIS,5,15:53,3,20.0,3,20.0,21.64,21.17,0.0,10000,3.6,800,1.74,23.02,29.23,1,6.1,39.68,0.5,1.0,66.67,4,1,0.3561,Estabilizado,Operação Normal
2026-08-22T18:53:11.115751,4014-10,34955,2,TERM. VL. CARRÃO,JD. VL. CARRÃO,5,15:53,3,20.0,3,20.0,21.64,21.17,0.0,10000,3.6,800,4.13,19.97,31.58,0,6.1,31.41,0.5,1.0,66.67,4,1,0.3355,Estabilizado,Operação Normal
2026-08-22T18:53:11.115751,6037-10,33983,2,TERM. CAPELINHA,JD. MITSUTANI,5,15:53,3,20.0,3,20.0,21.64,21.17,0.0,10000,3.6,800,7.27,11.79,26.95,0,6.1,53.39,0.5,1.0,66.67,4,1,0.3904,Estabilizado,Operação Normal
2026-08-22T18:53:11.115751,574R-10,34391,2,METRÔ BELÉM,TERM. SAPOPEMBA,5,15:53,4,15.0,4,20.0,21.64,21.17,0.0,10000,3.6,800,3.12,19.8,31.64,1,6.1,49.34,0.5,1.0,75.0,6,2,0.4011,Estabilizado,Operação Normal
2026-08-22T18:53:11.115751,4114-10,33089,2,TERM. PQ. D. PEDRO II,JD. DA SAÚDE,5,15:53,2,30.0,2,20.0,21.64,21.17,0.0,10000,3.6,800,3.4,14.75,29.38,1,6.1,51.3,0.5,0.667,75.0,3,1,0.4393,Estabilizado,Operação Normal
2026-08-22T18:53:11.115751,6232-10,483,1,METRÔ BARRA FUNDA,PINHEIROS/VILA IDA ,5,15:53,2,30.0,2,20.0,21.64,21.17,0.0,10000,3.6,800,2.3,26.19,32.79,1,6.1,43.6,0.5,0.667,75.0,3,1,0.42,Estabilizado,Operação Normal
2026-08-22T18:53:11.115751,4221-10,325,1,TERM. PQ. D. PEDRO II,JD. PLANALTO,5,15:53,1,60.0,1,20.0,21.64,21.17,0.0,10000,3.6,800,2.69,26.18,35.72,0,6.1,21.33,0.5,0.333,100.0,2,1,0.4603,Estabilizado,Operação Normal
2026-08-22T18:53:11.115751,6062-10,33919,2,JD. CASTRO ALVES,TERM. GRAJAÚ,5,15:53,1,60.0,1,20.0,21.64,21.17,0.0,10000,3.6,800,4.52,16.84,28.8,0,6.1,34.14,0.5,0.333,100.0,2,1,0.4923,Estabilizado,Operação Normal
2026-08-22T18:53:11.115751,6076-10,33933,2,TERM. STO. AMARO,JD. PROGRESSO,5,15:53,4,15.0,4,20.0,21.64,21.17,0.0,10000,3.6,800,2.48,21.03,27.77,0,6.1,19.86,0.5,1.0,62.5,5,1,0.2962,Estabilizado,Operação Normal
2026-08-22T18:53:11.115751,609J-10,35010,2,METRÔ SÃO JUDAS,AEROPORTO,5,15:53,1,60.0,1,20.0,21.64,21.17,0.0,10000,3.6,800,5.8,21.31,42.38,0,6.1,43.1,0.5,0.333,100.0,2,1,0.5147,Estabilizado,Operação Normal
2026-08-22T18:53:11.115751,6071-10,33924,2,TERM. STO. AMARO,JD. ORION,5,15:53,4,15.0,4,20.0,21.64,21.17,0.0,10000,3.6,800,1.99,24.23,30.08,0,6.1,16.43,0.5,1.0,62.5,5,1,0.2876,Estabilizado,Operação Normal
2026-08-22T18:53:11.115751,2703-10,33683,2,METRÔ ITAQUERA,JD. ETELVINA,5,15:53,3,20.0,3,20.0,21.64,21.17,0.0,10000,3.6,800,4.4,24.11,32.22,1,6.1,58.3,0.5,1.0,66.67,4,1,0.4027,Estabilizado,Operação Normal
2026-08-22T18:53:11.115751,975A-10,589,1,METRÔ ANA ROSA,VL. BRASILÂNDIA,5,15:53,4,15.0,4,20.0,21.64,21.17,0.0,10000,3.6,800,4.07,17.37,29.09,1,6.1,55.99,0.5,1.0,75.0,6,2,0.4177,Estabilizado,Operação Normal
2026-08-22T18:53:11.115751,546J-10,33901,2,STO. AMARO,JD. SELMA,5,15:53,6,10.0,6,20.0,21.64,21.17,0.0,10000,3.6,800,2.42,23.53,32.24,0,6.1,19.44,0.5,1.0,58.33,7,1,0.2847,Estabilizado,Operação Normal
2026-08-22T18:53:11.115751,7021-10,1989,1,TERM. JOÃO DIAS,JD. MARACÁ,5,15:53,3,20.0,3,20.0,21.64,21.17,0.0,10000,3.6,800,3.36,22.67,30.73,0,6.1,26.02,0.5,1.0,66.67,4,1,0.322,Estabilizado,Operação Normal
2026-08-22T18:53:11.115751,707K-10,35271,2,METRÔ JABAQUARA,TERM. GUARAPIRANGA,5,15:53,4,15.0,4,20.0,21.64,21.17,0.0,10000,3.6,800,2.85,26.48,38.43,1,6.1,47.45,0.5,1.0,75.0,6,2,0.3964,Estabilizado,Operação Normal
2026-08-22T18:53:11.115751,4032-10,33870,2,OBJETIVO UNIP,VL. DAS MERCÊS,5,15:53,1,60.0,1,20.0,21.64,21.17,0.0,10000,3.6,800,3.03,27.99,34.99,0,6.1,23.71,0.5,0.333,100.0,2,1,0.4662,Estabilizado,Operação Normal
2026-08-22T18:53:11.115751,208M-10,2478,1,TERM. PINHEIROS,METRÔ SANTANA,5,15:53,3,20.0,3,20.0,21.64,21.17,0.0,10000,3.6,800,3.91,20.66,33.1,1,6.1,54.87,0.5,1.0,66.67,4,1,0.3941,Estabilizado,Operação Normal
2026-08-22T18:53:11.115751,647P-10,34084,2,TERM. PINHEIROS,COHAB ADVENTISTA,5,15:53,4,15.0,4,20.0,21.64,21.17,0.0,10000,3.6,800,3.04,19.71,31.04,0,6.1,23.78,0.5,1.0,62.5,5,1,0.3059,Estabilizado,Operação Normal
2026-08-22T18:53:11.115751,805L-10,32892,2,ACLIMAÇÃO,TERM. PRINC. ISABEL,5,15:53,3,20.0,3,20.0,21.64,21.17,0.0,10000,3.6,800,4.13,14.08,28.3,0,6.1,31.41,0.5,1.0,66.67,4,1,0.3355,Estabilizado,Operação Normal
2026-08-22T18:53:11.115751,6078-10,33934,2,SHOP. INTERLAGOS,CANTINHO DO CÉU,5,15:53,7,8.6,7,20.0,21.64,21.17,0.0,10000,3.6,800,2.68,19.47,26.8,0,6.1,21.26,0.5,1.0,57.14,8,1,0.2863,Estabilizado,Operação Normal
2026-08-22T18:53:11.115751,475R-10,344,1,TERM. PQ. D. PEDRO II,JD. SÃO SAVÉRIO,5,15:53,7,8.6,7,20.0,21.64,21.17,0.0,10000,3.6,800,4.13,15.25,29.0,1,6.1,56.41,0.5,1.0,71.43,10,3,0.4098,Estabilizado,Operação Normal
2026-08-22T18:53:11.115751,4086-10,2250,1,CIRCULAR,TERM. CID. TIRADENTES,5,15:53,1,60.0,1,20.0,21.64,21.17,0.0,10000,3.6,800,9.0,4.0,21.0,0,6.1,65.5,0.5,0.333,100.0,2,1,0.5707,Estabilizado,Operação Normal
2026-08-22T18:53:11.115751,5028-10,34402,2,METRÔ ALTO DO IPIRANGA,CONJ. HAB. HELIÓPOLIS,5,15:53,2,30.0,2,20.0,21.64,21.17,0.0,10000,3.6,800,3.84,23.09,32.21,0,6.1,29.38,0.5,0.667,75.0,3,1,0.3845,Estabilizado,Operação Normal
2026-08-22T18:53:11.115751,4020-10,2530,1,JD. NOVO HORIZONTE,E. T. ITAQUERA,5,15:53,2,30.0,2,20.0,21.64,21.17,0.0,10000,3.6,800,2.24,25.82,39.84,1,6.1,43.18,0.5,0.667,75.0,3,1,0.419,Estabilizado,Operação Normal
2026-08-22T18:53:11.115751,875H-10,1340,1,METRÔ VL. MARIANA,TERM. LAPA,5,15:53,2,30.0,2,20.0,21.64,21.17,0.0,10000,3.6,800,5.36,11.94,25.36,0,6.1,40.02,0.5,0.667,75.0,3,1,0.4111,Estabilizado,Operação Normal
2026-08-22T18:53:11.115751,1765-10,1782,1,METRÔ TUCURUVI,JD. CABUÇU,5,15:53,2,30.0,2,20.0,21.64,21.17,0.0,10000,3.6,800,2.76,18.55,23.14,0,6.1,21.82,0.5,0.667,75.0,3,1,0.3656,Estabilizado,Operação Normal
2026-08-22T18:53:11.115751,9023-10,1437,1,TERM. PIRITUBA,PQ. DE TAIPAS,5,15:53,4,15.0,4,20.0,21.64,21.17,0.0,10000,3.6,800,2.23,22.11,30.37,0,6.1,18.11,0.5,1.0,62.5,5,1,0.2918,Estabilizado,Operação Normal
2026-08-22T18:53:11.115751,6063-42,2002,1,TERM. EST. VARGINHA,CHÁC. STO. AMARO,5,15:53,3,20.0,3,20.0,21.64,21.17,0.0,10000,3.6,800,3.06,20.02,29.5,0,6.1,23.92,0.5,1.0,66.67,4,1,0.3167,Estabilizado,Operação Normal
2026-08-22T18:53:11.115751,6049-10,34077,2,STO. AMARO,VALO VELHO,5,15:53,3,20.0,3,20.0,21.64,21.17,0.0,10000,3.6,800,3.41,21.59,31.23,0,6.1,26.37,0.5,1.0,66.67,4,1,0.3229,Estabilizado,Operação Normal
2026-08-22T18:53:11.115751,2728-10,33711,2,METRÔ PENHA,JD. DO CASTELO,5,15:53,4,15.0,4,20.0,21.64,21.17,0.0,10000,3.6,800,2.33,19.08,29.96,0,6.1,18.81,0.5,1.0,62.5,5,1,0.2935,Estabilizado,Operação Normal
2026-08-22T18:53:11.115751,4010-10,34951,2,TERM. VL. CARRÃO,JD. NSA. SRA. DO CARMO,5,15:53,4,15.0,4,20.0,21.64,21.17,0.0,10000,3.6,800,2.95,11.61,31.54,0,6.1,23.15,0.5,1.0,62.5,5,1,0.3044,Estabilizado,Operação Normal
2026-08-22T18:53:11.115751,775F-31,2488,1,PQ. DO POVO,JD. DAS PALMAS,5,15:53,1,60.0,1,20.0,21.64,21.17,0.0,10000,3.6,800,1.93,27.32,33.69,0,6.1,16.01,0.5,0.333,100.0,2,1,0.447,Estabilizado,Operação Normal
2026-08-22T18:53:11.115751,1020-10,35265,2,CONEXÃO VL. IÓRIO ,PERUS,5,15:53,3,20.0,3,20.0,21.64,21.17,0.0,10000,3.6,800,4.08,15.71,26.42,0,6.1,31.06,0.5,1.0,66.67,4,1,0.3346,Estabilizado,Operação Normal
2026-08-22T18:53:11.115751,4727-10,340,1,METRÔ PÇA. DA ÁRVORE,JD. CLÍMAX,5,15:53,3,20.0,3,20.0,21.64,21.17,0.0,10000,3.6,800,4.69,18.47,25.84,1,6.1,60.33,0.5,1.0,66.67,4,1,0.4078,Estabilizado,Operação Normal
2026-08-22T18:53:11.115751,2717-10,33698,2,CANGAÍBA,METRÔ GUILHERMINA/ESPERANÇA,5,15:53,2,30.0,2,20.0,21.64,21.17,0.0,10000,3.6,800,3.43,19.09,31.12,1,6.1,51.51,0.5,0.667,75.0,3,1,0.4398,Estabilizado,Operação Normal
2026-08-22T18:53:11.115751,5033-10,34433,2,TERM. SACOMÃ,VL. BRASILINA,5,15:53,1,60.0,1,20.0,21.64,21.17,0.0,10000,3.6,800,3.1,21.61,25.76,0,6.1,24.2,0.5,0.333,100.0,2,1,0.4674,Estabilizado,Operação Normal
2026-08-22T18:53:11.115751,311C-10,309,1,BOM RETIRO,PQ. SÃO LUCAS,5,15:53,3,20.0,3,20.0,21.64,21.17,0.0,10000,3.6,800,4.06,20.51,31.27,0,6.1,30.92,0.5,1.0,66.67,4,1,0.3342,Estabilizado,Operação Normal
2026-08-22T18:53:11.115751,3734-10,33802,2,METRÔ ARTUR ALVIM,CID. LIDER,5,15:53,3,20.0,3,20.0,21.64,21.17,0.0,10000,3.6,800,2.64,25.13,34.75,0,6.1,20.98,0.5,1.0,66.67,4,1,0.3094,Estabilizado,Operação Normal
2026-08-22T18:53:11.115751,307C-10,2114,1,METRÔ ARTUR ALVIM,CONJ. ENCOSTA NORTE,5,15:53,4,15.0,4,20.0,21.64,21.17,0.0,10000,3.6,800,2.03,18.95,20.6,0,6.1,16.71,0.5,1.0,62.5,5,1,0.2883,Estabilizado,Operação Normal
2026-08-22T18:53:11.115751,857C-10,1901,1,METRÔ CONCEIÇÃO,TERM. CAMPO LIMPO,5,15:53,4,15.0,4,20.0,21.64,21.17,0.0,10000,3.6,800,2.16,22.79,31.16,1,6.1,42.62,0.5,1.0,62.5,5,1,0.353,Estabilizado,Operação Normal
2026-08-22T18:53:11.115751,2029-10,35038,2,METRÔ TUCURUVI,JD. FONTÁLIS,5,15:53,3,20.0,3,20.0,21.64,21.17,0.0,10000,3.6,800,3.25,39.27,41.76,1,6.1,50.25,0.5,1.0,66.67,4,1,0.3826,Estabilizado,Operação Normal
2026-08-22T18:53:11.115751,6001-10,32820,2,TERM. STO. AMARO,TERM. CAPELINHA,5,15:53,3,20.0,3,20.0,21.64,21.17,0.0,10000,3.6,800,3.73,18.41,28.15,0,6.1,28.61,0.5,1.0,66.67,4,1,0.3285,Estabilizado,Operação Normal
2026-08-22T18:53:11.115751,8065-10,421,1,LAPA,HAB. TURÍSTICA,5,15:53,1,60.0,1,20.0,21.64,21.17,0.0,10000,3.6,800,4.25,18.03,29.0,0,6.1,32.25,0.5,0.333,100.0,2,1,0.4876,Estabilizado,Operação Normal
2026-08-22T18:53:11.115751,7004-22,2633,1,JD ÂNGELA,VL DO SOL,5,15:53,1,60.0,1,20.0,21.64,21.17,0.0,10000,3.6,800,4.57,18.12,29.93,0,6.1,34.49,0.5,0.333,100.0,2,1,0.4932,Estabilizado,Operação Normal
2026-08-22T18:53:11.115751,6970-10,34273,2,TERM. STO. AMARO,TERM. GRAJAÚ,5,15:53,2,30.0,2,20.0,21.64,21.17,0.0,10000,3.6,800,5.09,21.04,38.41,0,6.1,38.13,0.5,0.667,75.0,3,1,0.4064,Estabilizado,Operação Normal
2026-08-22T18:53:11.115751,407L-10,34967,2,METRÔ GUILHERMINA/ESPERANÇA,BARRO BRANCO,5,15:53,9,6.7,9,20.0,21.64,21.17,0.0,10000,3.6,800,2.55,20.64,30.52,0,6.1,20.35,0.5,1.0,61.11,11,2,0.2939,Estabilizado,Operação Normal
2026-08-22T18:53:11.115751,6475-10,34085,2,TERM. BANDEIRA,JD. VAZ DE LIMA,5,15:53,4,15.0,4,20.0,21.64,21.17,0.0,10000,3.6,800,4.2,22.21,32.05,1,6.1,56.9,0.5,1.0,75.0,6,2,0.42,Estabilizado,Operação Normal
2026-08-22T18:53:11.115751,476L-10,262,1,LAR ESC. SÃO FRANCISCO,METRÔ VL. MARIANA,5,15:53,1,60.0,1,20.0,21.64,21.17,0.0,10000,3.6,800,3.23,16.8,25.2,0,6.1,25.11,0.5,0.333,100.0,2,1,0.4697,Estabilizado,Operação Normal
2026-08-22T18:53:11.115751,7060-10,34657,2,TERM. CAMPO LIMPO,VALO VELHO,5,15:53,1,60.0,1,20.0,21.64,21.17,0.0,10000,3.6,800,8.15,11.99,29.94,0,6.1,59.55,0.5,0.333,100.0,2,1,0.5558,Estabilizado,Operação Normal
2026-08-22T18:53:11.115751,2451-10,213,1,TERM. ARICANDUVA,VL. SÃO FRANCISCO,5,15:53,1,60.0,1,20.0,21.64,21.17,0.0,10000,3.6,800,2.23,22.35,32.3,0,6.1,18.11,0.5,0.333,100.0,2,1,0.4522,Estabilizado,Operação Normal
2026-08-22T18:53:11.115751,856R-10,34196,2,SOCORRO,LAPA,5,15:53,7,8.6,7,20.0,21.64,21.17,0.0,10000,3.6,800,5.93,9.23,24.66,1,6.1,69.01,0.5,1.0,71.43,10,3,0.4414,Estabilizado,Operação Normal
2026-08-22T18:53:11.115751,5036-10,1666,1,TERM. SACOMÃ,JD. CELESTE,5,15:53,2,30.0,2,20.0,21.64,21.17,0.0,10000,3.6,800,2.08,24.67,33.43,0,6.1,17.06,0.5,0.667,75.0,3,1,0.3537,Estabilizado,Operação Normal
2026-08-22T18:53:11.115751,9047-10,883,1,LAPA,JD. PAULISTANO,5,15:53,4,15.0,4,20.0,21.64,21.17,0.0,10000,3.6,800,2.74,20.04,27.42,0,6.1,21.68,0.5,1.0,62.5,5,1,0.3007,Estabilizado,Operação Normal
2026-08-22T18:53:11.115751,809V-10,2243,1,METRÔ - TRIANON - MASP,VL. GOMES,5,15:53,2,30.0,2,20.0,21.64,21.17,0.0,10000,3.6,800,3.13,24.44,34.06,0,6.1,24.41,0.5,0.667,75.0,3,1,0.3721,Estabilizado,Operação Normal
2026-08-22T18:53:11.115751,9032-10,33648,2,TERM. CACHOEIRINHA,JD. DAMASCENO,5,15:53,4,15.0,4,20.0,21.64,21.17,0.0,10000,3.6,800,2.79,21.15,28.56,0,6.1,22.03,0.5,1.0,62.5,5,1,0.3016,Estabilizado,Operação Normal
2026-08-22T18:53:11.115751,6001-10,52,1,TERM. STO. AMARO,TERM. CAPELINHA,5,15:53,2,30.0,2,20.0,21.64,21.17,0.0,10000,3.6,800,3.52,23.58,36.11,0,6.1,27.14,0.5,0.667,75.0,3,1,0.3789,Estabilizado,Operação Normal
2026-08-22T18:53:11.115751,809R-10,2067,1,TERM. PINHEIROS,RIO PEQUENO,5,15:53,1,60.0,1,20.0,21.64,21.17,0.0,10000,3.6,800,2.87,25.79,35.45,0,6.1,22.59,0.5,0.333,100.0,2,1,0.4634,Estabilizado,Operação Normal
2026-08-22T18:53:11.115751,978A-10,1369,1,METRÔ BARRA FUNDA,TERM. CACHOEIRINHA,5,15:53,3,20.0,3,20.0,21.64,21.17,0.0,10000,3.6,800,2.78,28.16,38.69,1,6.1,46.96,0.5,1.0,66.67,4,1,0.3743,Estabilizado,Operação Normal
2026-08-22T18:53:11.115751,8000-1,2506,1,PÇA. RAMOS DE AZEVEDO,TERM. LAPA,5,15:53,3,20.0,3,20.0,21.64,21.17,0.0,10000,3.6,800,4.11,15.94,29.27,1,6.1,56.27,0.5,1.0,66.67,4,1,0.3976,Estabilizado,Operação Normal
2026-08-22T18:53:11.115751,1703-10,33615,2,SHOP. CENTER NORTE,JD. FONTÁLIS,5,15:53,2,30.0,2,20.0,21.64,21.17,0.0,10000,3.6,800,3.66,19.31,36.71,0,6.1,28.12,0.5,0.667,75.0,3,1,0.3813,Estabilizado,Operação Normal
2026-08-22T18:53:11.115751,8020-10,1726,1,SHOP. MORUMBI,BUTANTÃ,5,15:53,2,30.0,2,20.0,21.64,21.17,0.0,10000,3.6,800,4.96,21.26,39.26,1,6.1,52.22,0.5,0.667,75.0,3,1,0.4416,Estabilizado,Operação Normal
2026-08-22T18:53:11.115751,8002-10,34020,2,TERM. LAPA,TERM. PIRITUBA,5,15:53,1,60.0,1,20.0,21.64,21.17,0.0,10000,3.6,800,3.37,35.21,47.84,0,6.1,26.09,0.5,0.333,100.0,2,1,0.4722,Estabilizado,Operação Normal
2026-08-22T18:53:11.115751,675L-10,34246,2,METRÔ STA. CRUZ,TERM. STO. AMARO,5,15:53,2,30.0,2,20.0,21.64,21.17,0.0,10000,3.6,800,2.37,17.68,25.45,0,6.1,19.09,0.5,0.667,75.0,3,1,0.3588,Estabilizado,Operação Normal
2026-08-22T18:53:11.115751,8018-10,34838,2,METRÔ MORUMBI,VL. SÔNIA,5,15:53,2,30.0,2,20.0,21.64,21.17,0.0,10000,3.6,800,1.98,23.89,28.58,1,6.1,31.36,0.5,0.667,75.0,3,1,0.3894,Estabilizado,Operação Normal
2026-08-22T18:53:11.115751,7004-21,2583,1,VL. DO SOL,TERM. JD. JACIRA,5,15:53,1,60.0,1,20.0,21.64,21.17,0.0,10000,3.6,800,4.3,21.52,28.02,0,6.1,32.6,0.5,0.333,100.0,2,1,0.4885,Estabilizado,Operação Normal
2026-08-22T18:53:11.115751,7059-10,1924,1,TERM. CAMPO LIMPO,PQ. DO ENGENHO,5,15:53,2,30.0,2,20.0,21.64,21.17,0.0,10000,3.6,800,8.26,12.01,29.98,0,6.1,60.32,0.5,0.667,75.0,3,1,0.4618,Estabilizado,Operação Normal
2026-08-22T18:53:11.115751,6412-10,33538,2,PAULISTA,PARAISÓPOLIS,5,15:53,3,20.0,3,20.0,21.64,21.17,0.0,10000,3.6,800,3.85,16.4,30.55,0,6.1,29.45,0.5,1.0,66.67,4,1,0.3306,Estabilizado,Operação Normal
2026-08-22T18:53:11.115751,2034-10,35391,2,CENTRO TEA,METRÔ TIETÊ,5,15:53,2,30.0,2,20.0,21.64,21.17,0.0,10000,3.6,800,4.75,20.05,36.95,1,6.1,60.75,0.5,0.667,75.0,3,1,0.4629,Estabilizado,Operação Normal
2026-08-22T18:53:11.115751,2713-10,32988,2,CHÁC. BELA VISTA,METRÔ PENHA,5,15:53,1,60.0,1,20.0,21.64,21.17,0.0,10000,3.6,800,2.7,31.69,38.36,0,6.1,21.4,0.5,0.333,100.0,2,1,0.4604,Estabilizado,Operação Normal
2026-08-22T18:53:11.115751,6110-10,33952,2,AEROPORTO,CONJ. HAB. PALMARES,5,15:53,5,12.0,5,20.0,21.64,21.17,0.0,10000,3.6,800,4.8,21.86,39.74,0,6.1,36.1,0.5,1.0,70.0,7,2,0.3555,Estabilizado,Operação Normal
2026-08-22T18:53:11.115751,7054-10,32809,2,TERM. CAMPO LIMPO,JD. MACEDÔNIA,5,15:53,1,60.0,1,20.0,21.64,21.17,0.0,10000,3.6,800,6.53,11.36,24.39,0,6.1,48.21,0.5,0.333,100.0,2,1,0.5275,Estabilizado,Operação Normal
2026-08-22T18:53:11.115751,3031-10,967,1,METRÔ ITAQUERA,JD. ALTO PAULISTANO,5,15:53,3,20.0,3,20.0,21.64,21.17,0.0,10000,3.6,800,2.37,31.71,35.73,0,6.1,19.09,0.5,1.0,66.67,4,1,0.3046,Estabilizado,Operação Normal
2026-08-22T18:53:11.115751,4716-10,33874,2,METRÔ STA. CRUZ,METRÔ TAMANDUATEÍ,5,15:53,1,60.0,1,20.0,21.64,21.17,0.0,10000,3.6,800,3.3,17.11,24.81,0,6.1,25.6,0.5,0.333,100.0,2,1,0.471,Estabilizado,Operação Normal
2026-08-22T18:53:11.115751,6035-21,1795,1,TERM. GUARAPIRANGA,VL. GILDA,5,15:53,3,20.0,3,20.0,21.64,21.17,0.0,10000,3.6,800,4.2,17.59,27.31,0,6.1,31.9,0.5,1.0,66.67,4,1,0.3367,Estabilizado,Operação Normal
2026-08-22T18:53:11.115751,7458-10,33264,2,TERM. VL. SÔNIA,JD. BOA VISTA,5,15:53,3,20.0,3,20.0,21.64,21.17,0.0,10000,3.6,800,6.07,12.8,27.22,0,6.1,44.99,0.5,1.0,66.67,4,1,0.3694,Estabilizado,Operação Normal
2026-08-22T18:53:11.115751,8615-10,34107,2,TERM. PQ. D. PEDRO II,PQ. DA LAPA,5,15:53,2,30.0,2,20.0,21.64,21.17,0.0,10000,3.6,800,4.65,18.41,30.65,1,6.1,60.05,0.5,0.667,75.0,3,1,0.4612,Estabilizado,Operação Normal
2026-08-22T18:53:11.115751,3141-10,33502,2,TERM. PQ. D. PEDRO II,SÃO MATEUS,5,15:53,2,30.0,2,20.0,21.64,21.17,0.0,10000,3.6,800,2.69,21.59,30.31,1,6.1,46.33,0.5,0.667,75.0,3,1,0.4269,Estabilizado,Operação Normal
2026-08-22T18:53:11.115751,6817-10,32795,2,TERM. CAPELINHA,JD. SÃO BENTO,5,15:53,2,30.0,2,20.0,21.64,21.17,0.0,10000,3.6,800,4.35,17.7,30.47,0,6.1,32.95,0.5,0.667,75.0,3,1,0.3934,Estabilizado,Operação Normal
2026-08-22T18:53:11.115751,8528-10,575,1,PÇA. DO CORREIO,JD. GUARANI,5,15:53,4,15.0,4,20.0,21.64,21.17,0.0,10000,3.6,800,3.33,12.51,28.34,1,6.1,50.81,0.5,1.0,75.0,6,2,0.4048,Estabilizado,Operação Normal
2026-08-22T18:53:11.115751,8610-10,34831,2,TERM. BANDEIRA,JD. PAULO VI,5,15:53,3,20.0,3,20.0,21.64,21.17,0.0,10000,3.6,800,2.5,23.15,24.04,0,6.1,20.0,0.5,1.0,66.67,4,1,0.3069,Estabilizado,Operação Normal
2026-08-22T18:53:11.115751,1782-10,643,1,METRÔ SANTANA,VL. NOVA GALVÃO,5,15:53,1,60.0,1,20.0,21.64,21.17,0.0,10000,3.6,800,3.9,13.94,28.12,0,6.1,29.8,0.5,0.333,100.0,2,1,0.4814,Estabilizado,Operação Normal
2026-08-22T18:53:11.115751,7009-10,34719,2,JD. ÂNGELA,JD. SÃO LOURENÇO,5,15:53,1,60.0,1,20.0,21.64,21.17,0.0,10000,3.6,800,6.33,13.32,27.6,0,6.1,46.81,0.5,0.333,100.0,2,1,0.524,Estabilizado,Operação Normal
2026-08-22T18:53:11.115751,2123-10,692,1,LIBERDADE,VL. MEDEIROS,5,15:53,2,30.0,2,20.0,21.64,21.17,0.0,10000,3.6,800,4.17,18.22,30.51,1,6.1,56.69,0.5,0.667,75.0,3,1,0.4528,Estabilizado,Operação Normal
2026-08-22T18:53:11.115751,4087-10,2602,1,VL. POPULAR,E.T. ITAQUERA,5,15:53,2,30.0,2,20.0,21.64,21.17,0.0,10000,3.6,800,3.52,29.4,37.1,1,6.1,52.14,0.5,0.667,75.0,3,1,0.4414,Estabilizado,Operação Normal
2026-08-22T18:53:11.115751,271F-10,683,1,METRÔ BELÉM     ,CENTER NORTE,5,15:53,2,30.0,2,20.0,21.64,21.17,0.0,10000,3.6,800,3.59,29.0,44.7,0,6.1,27.63,0.5,0.667,75.0,3,1,0.3801,Estabilizado,Operação Normal
2026-08-22T18:53:11.115751,2161-10,694,1,PÇA. DO CORREIO,PQ. EDU CHAVES,5,15:53,3,20.0,3,20.0,21.64,21.17,0.0,10000,3.6,800,2.93,30.35,31.1,0,6.1,23.01,0.5,1.0,66.67,4,1,0.3145,Estabilizado,Operação Normal
2026-08-22T18:53:11.115751,1701-22,35245,2,METRÔ TUCURUVI,JOVA RURAL,5,15:53,1,60.0,1,20.0,21.64,21.17,0.0,10000,3.6,800,4.8,13.24,30.86,0,6.1,36.1,0.5,0.333,100.0,2,1,0.4972,Estabilizado,Operação Normal
2026-08-22T18:53:11.115751,6835-10,12,1,TERM. CAPELINHA,VALO VELHO,5,15:53,2,30.0,2,20.0,21.64,21.17,0.0,10000,3.6,800,4.8,13.04,30.99,0,6.1,36.1,0.5,0.667,75.0,3,1,0.4013,Estabilizado,Operação Normal
2026-08-22T18:53:11.115751,8055-51,33185,2,METRÔ BARRA FUNDA,PERUS,5,15:53,2,30.0,2,20.0,21.64,21.17,0.0,10000,3.6,800,4.11,37.06,53.63,1,6.1,56.27,0.5,0.667,75.0,3,1,0.4517,Estabilizado,Operação Normal
2026-08-22T18:53:11.115751,342N-10,33771,2,CPTM GUAIANASES,COHAB JUSCELINO,5,15:53,3,20.0,3,20.0,21.64,21.17,0.0,10000,3.6,800,2.75,23.77,35.15,0,6.1,21.75,0.5,1.0,66.67,4,1,0.3113,Estabilizado,Operação Normal
2026-08-22T18:53:11.115751,917H-10,33224,2,METRÔ VL. MARIANA,TERM. PIRITUBA,5,15:53,4,15.0,4,20.0,21.64,21.17,0.0,10000,3.6,800,4.12,19.71,29.73,1,6.1,56.34,0.5,1.0,75.0,6,2,0.4186,Estabilizado,Operação Normal
2026-08-22T18:53:11.115751,4221-10,33093,2,TERM. PQ. D. PEDRO II,JD. PLANALTO,5,15:53,3,20.0,3,20.0,21.64,21.17,0.0,10000,3.6,800,3.56,18.69,31.18,1,6.1,52.42,0.5,1.0,66.67,4,1,0.388,Estabilizado,Operação Normal
2026-08-22T18:53:11.115751,9019-10,34201,2,TERM. PIRITUBA,JD. PAULISTANO,5,15:53,3,20.0,3,20.0,21.64,21.17,0.0,10000,3.6,800,3.14,14.11,25.77,0,6.1,24.48,0.5,1.0,66.67,4,1,0.3181,Estabilizado,Operação Normal
2026-08-22T18:53:11.115751,6003-21,2576,1,EST. MENDES/VL. NATAL,TERM. VARGINHA,5,15:53,1,60.0,1,20.0,21.64,21.17,0.0,10000,3.6,800,3.19,15.76,31.05,0,6.1,24.83,0.5,0.333,100.0,2,1,0.469,Estabilizado,Operação Normal
2026-08-22T18:53:11.115751,3054-10,975,1,HOSP. SAPOPEMBA,JD. PALANQUE,5,15:53,3,20.0,3,20.0,21.64,21.17,0.0,10000,3.6,800,6.89,18.29,38.78,1,6.1,75.73,0.5,1.0,83.33,5,2,0.4879,Estabilizado,Operação Normal
2026-08-22T18:53:11.115751,6034-10,32863,2,TERM. GRAJAÚ,PQ. RES. COCAIA,5,15:53,1,60.0,1,20.0,21.64,21.17,0.0,10000,3.6,800,8.6,6.01,20.02,0,6.1,62.7,0.5,0.333,100.0,2,1,0.5637,Estabilizado,Operação Normal
2026-08-22T18:53:11.115751,6027-10,90,1,TERM. STO. AMARO,JD. GRAUNA,5,15:53,3,20.0,3,20.0,21.64,21.17,0.0,10000,3.6,800,4.05,21.49,30.74,0,6.1,30.85,0.5,1.0,66.67,4,1,0.3341,Estabilizado,Operação Normal
2026-08-22T18:53:11.115751,6823-10,34,1,TERM. CAPELINHA,JD. GUARUJÁ,5,15:53,1,60.0,1,20.0,21.64,21.17,0.0,10000,3.6,800,4.11,21.74,36.71,0,6.1,31.27,0.5,0.333,100.0,2,1,0.4851,Estabilizado,Operação Normal
2026-08-22T18:53:11.115751,771P-10,33274,2,TERM. PINHEIROS,JD. JOÃO XXIII,5,15:53,1,60.0,1,20.0,21.64,21.17,0.0,10000,3.6,800,2.84,21.07,20.21,0,6.1,22.38,0.5,0.333,100.0,2,1,0.4629,Estabilizado,Operação Normal
2026-08-22T18:53:11.115751,513L-10,1655,1,PQ. BELÉM,TERM. SACOMÃ,5,15:53,2,30.0,2,20.0,21.64,21.17,0.0,10000,3.6,800,2.69,19.27,28.88,0,6.1,21.33,0.5,0.667,75.0,3,1,0.3644,Estabilizado,Operação Normal
2026-08-22T18:53:11.115751,119L-10,2273,1,TERM. LAPA,VL. SULINA,5,15:53,2,30.0,2,20.0,21.64,21.17,0.0,10000,3.6,800,2.75,23.5,33.01,0,6.1,21.75,0.5,0.667,75.0,3,1,0.3654,Estabilizado,Operação Normal
2026-08-22T18:53:11.115751,4114-10,321,1,TERM. PQ. D. PEDRO II,JD. DA SAÚDE,5,15:53,1,60.0,1,20.0,21.64,21.17,0.0,10000,3.6,800,3.98,16.19,29.04,1,6.1,55.36,0.5,0.333,100.0,2,1,0.5454,Estabilizado,Operação Normal
2026-08-22T18:53:11.115751,6046-10,1223,1,STO. AMARO,JD. SÃO BENTO NOVO,5,15:53,2,30.0,2,20.0,21.64,21.17,0.0,10000,3.6,800,3.31,17.36,26.73,1,6.1,50.67,0.5,0.667,75.0,3,1,0.4377,Estabilizado,Operação Normal
2026-08-22T18:53:11.115751,2018-10,904,1,SÃO MIGUEL,JD. CAMPOS,5,15:53,3,20.0,3,20.0,21.64,21.17,0.0,10000,3.6,800,3.54,19.82,25.03,1,6.1,52.28,0.5,1.0,66.67,4,1,0.3876,Estabilizado,Operação Normal
2026-08-22T18:53:11.115751,5024-10,33890,2,STO. AMARO,MISSIONÁRIA,5,15:53,3,20.0,3,20.0,21.64,21.17,0.0,10000,3.6,800,2.9,21.64,33.13,0,6.1,22.8,0.5,1.0,66.67,4,1,0.3139,Estabilizado,Operação Normal
2026-08-22T18:53:11.115751,7060-10,1889,1,TERM. CAMPO LIMPO,VALO VELHO,5,15:53,2,30.0,2,20.0,21.64,21.17,0.0,10000,3.6,800,4.07,18.07,30.54,0,6.1,30.99,0.5,0.667,75.0,3,1,0.3885,Estabilizado,Operação Normal
2026-08-22T18:53:11.115751,6L04-10,1180,1,TERM. PARELHEIROS,JD. ORIENTAL/FONTES,5,15:53,2,30.0,2,20.0,21.64,21.17,0.0,10000,3.6,800,3.0,22.5,45.0,0,6.1,23.5,0.5,0.667,75.0,3,1,0.3698,Estabilizado,Operação Normal
2026-08-22T18:53:11.115751,5034-10,34431,2,TERM. SACOMÃ,VL. LIVIERO,5,15:53,4,15.0,4,20.0,21.64,21.17,0.0,10000,3.6,800,0.85,29.72,32.86,1,6.1,33.45,0.5,1.0,62.5,5,1,0.3301,Estabilizado,Operação Normal
2026-08-22T18:53:11.115751,6455-10,63,1,LGO. SÃO FRANCISCO,TERM. CAPELINHA,5,15:53,2,30.0,2,20.0,21.64,21.17,0.0,10000,3.6,800,2.9,22.26,31.67,0,6.1,22.8,0.5,0.667,75.0,3,1,0.368,Estabilizado,Operação Normal
2026-08-22T18:53:11.115751,809P-10,34659,2,TERM. PINHEIROS,TERM. CAMPO LIMPO,5,15:53,5,12.0,5,20.0,21.64,21.17,0.0,10000,3.6,800,4.3,22.36,30.52,0,6.1,32.6,0.5,1.0,60.0,6,1,0.3217,Estabilizado,Operação Normal
2026-08-22T18:53:11.115751,8026-10,2083,1,TERM. VL. SÔNIA,JD. INGÁ,5,15:53,2,30.0,2,20.0,21.64,21.17,0.0,10000,3.6,800,2.55,15.87,24.95,0,6.1,20.35,0.5,0.667,75.0,3,1,0.3619,Estabilizado,Operação Normal
2026-08-22T18:53:11.115751,6031-10,92,1,EST. MENDES/VL. NATAL,TERM. GRAJAÚ,5,15:53,3,20.0,3,20.0,21.64,21.17,0.0,10000,3.6,800,2.75,21.21,29.15,0,6.1,21.75,0.5,1.0,66.67,4,1,0.3113,Estabilizado,Operação Normal
2026-08-22T18:53:11.115751,1738-10,33440,2,METRÔ SANTANA,VL. CONSTANÇA,5,15:53,2,30.0,2,20.0,21.64,21.17,0.0,10000,3.6,800,5.0,18.62,33.98,0,6.1,37.5,0.5,0.667,75.0,3,1,0.4048,Estabilizado,Operação Normal
2026-08-22T18:53:11.115751,5026-10,34403,2,JD. SÃO ROBERTO,CONJ. TEOTÔNIO VILELA,5,15:53,1,60.0,1,20.0,21.64,21.17,0.0,10000,3.6,800,2.99,19.57,24.46,0,6.1,23.43,0.5,0.333,100.0,2,1,0.4655,Estabilizado,Operação Normal
2026-08-22T18:53:11.115751,527R-10,271,1,TERM. STO. AMARO,VL. IMPÉRIO,5,15:53,3,20.0,3,20.0,21.64,21.17,0.0,10000,3.6,800,1.76,26.67,34.87,0,6.1,14.82,0.5,1.0,66.67,4,1,0.294,Estabilizado,Operação Normal
2026-08-22T18:53:11.115751,6076-10,1165,1,TERM. STO. AMARO,JD. PROGRESSO,5,15:53,4,15.0,4,20.0,21.64,21.17,0.0,10000,3.6,800,4.79,19.94,28.48,0,6.1,36.03,0.5,1.0,62.5,5,1,0.3366,Estabilizado,Operação Normal
2026-08-22T18:53:11.115751,7053-22,34664,2,TERM. CAMPO LIMPO,JD. MARIA SAMPAIO,5,15:53,2,30.0,2,20.0,21.64,21.17,0.0,10000,3.6,800,2.63,13.95,32.27,0,6.1,20.91,0.5,0.667,75.0,3,1,0.3633,Estabilizado,Operação Normal
2026-08-22T18:53:11.115751,475M-10,33111,2,TERM. AMARAL GURGEL,JD. DA SAÚDE,5,15:53,2,30.0,2,20.0,21.64,21.17,0.0,10000,3.6,800,4.56,15.84,30.85,0,6.1,34.42,0.5,0.667,75.0,3,1,0.3971,Estabilizado,Operação Normal
2026-08-22T18:53:11.115751,2710-10,924,1,BURGO PAULISTA,METRÔ PATRIARCA,5,15:53,1,60.0,1,20.0,21.64,21.17,0.0,10000,3.6,800,2.85,26.47,36.41,0,6.1,22.45,0.5,0.333,100.0,2,1,0.4631,Estabilizado,Operação Normal
2026-08-22T18:53:11.115751,2175-10,697,1,TERM. PQ. D. PEDRO II,PQ. EDU CHAVES,5,15:53,2,30.0,2,20.0,21.64,21.17,0.0,10000,3.6,800,3.53,19.84,32.27,0,6.1,27.21,0.5,0.667,75.0,3,1,0.3791,Estabilizado,Operação Normal
2026-08-22T18:53:11.115751,3063-1,35394,2,TERM. SÃO MATEUS,GUAIANASES,5,15:53,3,20.0,3,20.0,21.64,21.17,0.0,10000,3.6,800,2.0,27.83,40.34,1,6.1,41.5,0.5,1.0,66.67,4,1,0.3607,Estabilizado,Operação Normal
2026-08-22T18:53:11.115751,546A-31,1132,1,STO. AMARO,JD. APURÁ,5,15:53,2,30.0,2,20.0,21.64,21.17,0.0,10000,3.6,800,2.65,14.28,21.88,0,6.1,21.05,0.5,0.667,75.0,3,1,0.3637,Estabilizado,Operação Normal
2026-08-22T18:53:11.115751,4086-10,35018,2,CIRCULAR,TERM. CID. TIRADENTES,5,15:53,1,60.0,1,20.0,21.64,21.17,0.0,10000,3.6,800,5.41,18.82,29.34,0,6.1,40.37,0.5,0.333,100.0,2,1,0.5079,Estabilizado,Operação Normal
2026-08-22T18:53:11.115751,6116-10,1186,1,TERM. GRAJAÚ,JD. PRAINHA,5,15:53,2,30.0,2,20.0,21.64,21.17,0.0,10000,3.6,800,6.39,15.04,34.89,0,6.1,47.23,0.5,0.667,75.0,3,1,0.4291,Estabilizado,Operação Normal
2026-08-22T18:53:11.115751,8007-10,1257,1,TERM. PIRITUBA,HAB. TURÍSTICA,5,15:53,1,60.0,1,20.0,21.64,21.17,0.0,10000,3.6,800,5.99,25.64,50.17,0,6.1,44.43,0.5,0.333,100.0,2,1,0.518,Estabilizado,Operação Normal
2026-08-22T18:53:11.115751,4314-10,2174,1,TERM. PQ. D. PEDRO II,INÁCIO MONTEIRO,5,15:53,4,15.0,4,20.0,21.64,21.17,0.0,10000,3.6,800,3.38,20.51,31.94,1,6.1,51.16,0.5,1.0,75.0,6,2,0.4056,Estabilizado,Operação Normal
2026-08-22T18:53:11.115751,971X-10,1695,1,METRÔ SANTANA,TERM. CACHOEIRINHA,5,15:53,3,20.0,3,20.0,21.64,21.17,0.0,10000,3.6,800,4.85,14.8,28.6,1,6.1,61.45,0.5,1.0,83.33,5,2,0.4522,Estabilizado,Operação Normal
2026-08-22T18:53:11.115751,5109-10,34619,2,TERM. MERCADO,TERM. VL. PRUDENTE,5,15:53,1,60.0,1,20.0,21.64,21.17,0.0,10000,3.6,800,4.29,19.07,31.77,0,6.1,32.53,0.5,0.333,100.0,2,1,0.4883,Estabilizado,Operação Normal
2026-08-22T18:53:11.115751,3756-10,33818,2,METRÔ ITAQUERA ,BARRO BRANCO,5,15:53,3,20.0,3,20.0,21.64,21.17,0.0,10000,3.6,800,4.04,22.19,31.73,0,6.1,30.78,0.5,1.0,66.67,4,1,0.3339,Estabilizado,Operação Normal
2026-08-22T18:53:11.115751,2024-10,2261,1,CACHOEIRA,DIB,5,15:53,1,60.0,1,20.0,21.64,21.17,0.0,10000,3.6,800,3.0,22.5,45.0,0,6.1,23.5,0.5,0.333,100.0,2,1,0.4657,Estabilizado,Operação Normal
2026-08-22T18:53:11.115751,8023-10,34842,2,TERM. VL. SÔNIA,CDHU MUNCK,5,15:53,1,60.0,1,20.0,21.64,21.17,0.0,10000,3.6,800,2.01,36.34,44.05,0,6.1,16.57,0.5,0.333,100.0,2,1,0.4484,Estabilizado,Operação Normal
2026-08-22T18:53:11.115751,5021-10,34435,2,TERM. SACOMÃ,ÁGUA FUNDA,5,15:53,1,60.0,1,20.0,21.64,21.17,0.0,10000,3.6,800,1.54,24.53,28.41,0,6.1,13.28,0.5,0.333,100.0,2,1,0.4402,Estabilizado,Operação Normal
2026-08-22T18:53:11.115751,3773-10,1059,1,METRÔ CARRÃO,RES. STA. BÁRBARA,5,15:53,2,30.0,2,20.0,21.64,21.17,0.0,10000,3.6,800,4.49,18.79,33.25,0,6.1,33.93,0.5,0.667,75.0,3,1,0.3959,Estabilizado,Operação Normal
2026-08-22T18:53:11.115751,N731-11,35180,2,TERM. STO. AMARO,TERM. CAPELINHA,5,15:53,1,60.0,1,20.0,21.64,21.17,0.0,10000,3.6,800,2.37,29.26,41.74,0,6.1,19.09,0.5,0.333,100.0,2,1,0.4547,Estabilizado,Operação Normal
2026-08-22T18:53:11.115751,3686-10,166,1,TERM. PQ. D. PEDRO II,JD. SÃO PAULO,5,15:53,2,30.0,2,20.0,21.64,21.17,0.0,10000,3.6,800,2.32,21.36,32.39,0,6.1,18.74,0.5,0.667,75.0,3,1,0.3579,Estabilizado,Operação Normal
2026-08-22T18:53:11.115751,2767-10,241,1,METRÔ TATUAPÉ,CID. PEDRO JOSÉ NUNES,5,15:53,1,60.0,1,20.0,21.64,21.17,0.0,10000,3.6,800,2.41,27.75,38.19,0,6.1,19.37,0.5,0.333,100.0,2,1,0.4554,Estabilizado,Operação Normal
2026-08-22T18:53:11.115751,7050-10,1884,1,TERM. CAMPO LIMPO,JD. DAS ROSAS,5,15:53,3,20.0,3,20.0,21.64,21.17,0.0,10000,3.6,800,5.22,19.99,31.37,0,6.1,39.04,0.5,1.0,66.67,4,1,0.3545,Estabilizado,Operação Normal
2026-08-22T18:53:11.115751,6030-10,1142,1,TERM. STO. AMARO,UNISA-CAMPUS 1,5,15:53,3,20.0,3,20.0,21.64,21.17,0.0,10000,3.6,800,3.0,24.13,36.17,0,6.1,23.5,0.5,1.0,66.67,4,1,0.3157,Estabilizado,Operação Normal
2026-08-22T18:53:11.115751,7063-10,34667,2,TERM. CAMPO LIMPO,JD. MACEDÔNIA,5,15:53,1,60.0,1,20.0,21.64,21.17,0.0,10000,3.6,800,7.2,11.64,26.66,0,6.1,52.9,0.5,0.333,100.0,2,1,0.5392,Estabilizado,Operação Normal
2026-08-22T18:53:11.115751,9018-10,34039,2,TERM. PIRITUBA,VL. MIRANTE,5,15:53,2,30.0,2,20.0,21.64,21.17,0.0,10000,3.6,800,1.99,22.47,26.49,0,6.1,16.43,0.5,0.667,75.0,3,1,0.3521,Estabilizado,Operação Normal
2026-08-22T18:53:11.115751,2767-10,33009,2,METRÔ TATUAPÉ,CID. PEDRO JOSÉ NUNES,5,15:53,1,60.0,1,20.0,21.64,21.17,0.0,10000,3.6,800,2.48,27.49,42.06,0,6.1,19.86,0.5,0.333,100.0,2,1,0.4566,Estabilizado,Operação Normal
2026-08-22T18:53:11.115751,508L-10,117,1,ACLIMAÇÃO,TERM. PRINC. ISABEL,5,15:53,2,30.0,2,20.0,21.64,21.17,0.0,10000,3.6,800,4.75,13.91,27.12,1,6.1,60.75,0.5,0.667,75.0,3,1,0.4629,Estabilizado,Operação Normal
2026-08-22T18:53:11.115751,129F-10,35072,2,METRÔ BARRA FUNDA,CONEXÃO PETRÔNIO PORTELA,5,15:53,3,20.0,3,20.0,21.64,21.17,0.0,10000,3.6,800,5.47,17.78,37.1,1,6.1,65.79,0.5,1.0,83.33,5,2,0.463,Estabilizado,Operação Normal
2026-08-22T18:53:11.115751,807J-10,2058,1,SHOP. MORUMBI,TERM. CAMPO LIMPO,5,15:53,3,20.0,3,20.0,21.64,21.17,0.0,10000,3.6,800,2.35,19.67,30.88,1,6.1,43.95,0.5,1.0,66.67,4,1,0.3668,Estabilizado,Operação Normal
2026-08-22T18:53:11.115751,4085-10,34924,2,METRÔ ITAQUERA,COHAB FAZENDA DO CARMO,5,15:53,4,15.0,4,20.0,21.64,21.17,0.0,10000,3.6,800,3.15,23.29,32.82,1,6.1,49.55,0.5,1.0,75.0,6,2,0.4016,Estabilizado,Operação Normal
2026-08-22T18:53:11.115751,2080-10,371,1,TERM. ARICANDUVA,CID. KEMEL,5,15:53,3,20.0,3,20.0,21.64,21.17,0.0,10000,3.6,800,4.7,17.55,32.76,0,6.1,35.4,0.5,1.0,66.67,4,1,0.3454,Estabilizado,Operação Normal
2026-08-22T18:53:11.115751,5705-10,34425,2,METRÔ VERGUEIRO,TERM. SACOMÃ,5,15:53,1,60.0,1,20.0,21.64,21.17,0.0,10000,3.6,800,2.46,22.84,31.25,0,6.1,19.72,0.5,0.333,100.0,2,1,0.4562,Estabilizado,Operação Normal
2026-08-22T18:53:11.115751,5123-10,1125,1,HOSP. SÃO PAULO,JD. MIRIAM,5,15:53,5,12.0,5,20.0,21.64,21.17,0.0,10000,3.6,800,3.1,17.96,27.28,0,6.1,24.2,0.5,1.0,60.0,6,1,0.3007,Estabilizado,Operação Normal
2026-08-22T18:53:11.115751,6034-10,95,1,TERM. GRAJAÚ,PQ. RES. COCAIA,5,15:53,3,20.0,3,20.0,21.64,21.17,0.0,10000,3.6,800,8.26,6.93,20.47,0,6.1,60.32,0.5,1.0,66.67,4,1,0.4077,Estabilizado,Operação Normal
2026-08-22T18:53:11.115751,2583-10,375,1,TERM. ARICANDUVA,VL. CURUÇÁ,5,15:53,2,30.0,2,20.0,21.64,21.17,0.0,10000,3.6,800,2.39,24.1,32.42,1,6.1,44.23,0.5,0.667,75.0,3,1,0.4216,Estabilizado,Operação Normal
2026-08-22T18:53:11.115751,917M-10,34134,2,METRÔ ANA ROSA,MORRO GRANDE,5,15:53,1,60.0,1,20.0,21.64,21.17,0.0,10000,3.6,800,3.48,17.21,29.59,0,6.1,26.86,0.5,0.333,100.0,2,1,0.4741,Estabilizado,Operação Normal
2026-08-22T18:53:11.115751,8027-10,2162,1,BUTANTÃ,VL. DALVA,5,15:53,2,30.0,2,20.0,21.64,21.17,0.0,10000,3.6,800,2.94,19.78,30.94,0,6.1,23.08,0.5,0.667,75.0,3,1,0.3688,Estabilizado,Operação Normal
2026-08-22T18:53:11.115751,3728-41,34756,2,PQ. NOVA SAVOY,METRÔ ARTUR ALVIM,5,15:53,2,30.0,2,20.0,21.64,21.17,0.0,10000,3.6,800,4.31,24.61,30.94,0,6.1,32.67,0.5,0.667,75.0,3,1,0.3927,Estabilizado,Operação Normal
2026-08-22T18:53:11.115751,3721-10,1019,1,SHOP. ARICANDUVA,METRÔ ARTUR ALVIM,5,15:53,4,15.0,4,20.0,21.64,21.17,0.0,10000,3.6,800,3.24,28.54,34.68,0,6.1,25.18,0.5,1.0,62.5,5,1,0.3095,Estabilizado,Operação Normal
2026-08-22T18:53:11.115751,6837-10,32774,2,TERM. CAPELINHA,SHOP. PORTAL,5,15:53,5,12.0,5,20.0,21.64,21.17,0.0,10000,3.6,800,4.69,16.77,31.98,0,6.1,35.33,0.5,1.0,70.0,7,2,0.3536,Estabilizado,Operação Normal
2026-08-22T18:53:11.115751,4017-10,34958,2,VL. YOLANDA,METALÚRGICOS,5,15:53,3,20.0,3,20.0,21.64,21.17,0.0,10000,3.6,800,5.39,18.9,29.47,0,6.1,40.23,0.5,1.0,66.67,4,1,0.3575,Estabilizado,Operação Normal
2026-08-22T18:53:11.115751,3021-10,276,1,TERM. VL PRUDENTE,PQ. BANCÁRIO,5,15:53,1,60.0,1,20.0,21.64,21.17,0.0,10000,3.6,800,3.89,20.29,32.8,0,6.1,29.73,0.5,0.333,100.0,2,1,0.4813,Estabilizado,Operação Normal
2026-08-22T18:53:11.115751,7052-10,34654,2,TERM. CAMPO LIMPO,JD. HELGA,5,15:53,2,30.0,2,20.0,21.64,21.17,0.0,10000,3.6,800,5.63,16.21,32.02,0,6.1,41.91,0.5,0.667,75.0,3,1,0.4158,Estabilizado,Operação Normal
2026-08-22T18:53:11.115751,6056-10,1147,1,TERM. GRAJAÚ,PQ. STA. CECÍLIA,5,15:53,4,15.0,4,20.0,21.64,21.17,0.0,10000,3.6,800,2.94,21.64,28.89,0,6.1,23.08,0.5,1.0,62.5,5,1,0.3042,Estabilizado,Operação Normal
2026-08-22T18:53:11.115751,6050-10,33993,2,TERM. GRAJAÚ,PQ. COCAIA,5,15:53,2,30.0,2,20.0,21.64,21.17,0.0,10000,3.6,800,7.47,10.72,27.36,0,6.1,54.79,0.5,0.667,75.0,3,1,0.448,Estabilizado,Operação Normal
2026-08-22T18:53:11.115751,2201-10,33677,2,CPTM GUAIANASES,DIV. DE FERRAZ,5,15:53,2,30.0,2,20.0,21.64,21.17,0.0,10000,3.6,800,2.39,14.15,23.44,1,6.1,44.23,0.5,0.667,75.0,3,1,0.4216,Estabilizado,Operação Normal
2026-08-22T18:53:11.115751,746C-10,783,1,STO. AMARO,JD. TABOÃO,5,15:53,4,15.0,4,20.0,21.64,21.17,0.0,10000,3.6,800,3.33,18.56,27.38,0,6.1,25.81,0.5,1.0,62.5,5,1,0.311,Estabilizado,Operação Normal
2026-08-22T18:53:11.115751,9162-10,1365,1,TERM. CASA VERDE,VL. PENTEADO,5,15:53,2,30.0,2,20.0,21.64,21.17,0.0,10000,3.6,800,2.79,19.9,29.47,0,6.1,22.03,0.5,0.667,75.0,3,1,0.3661,Estabilizado,Operação Normal
2026-08-22T18:53:11.115751,253F-10,158,1,TERM. SÃO MATEUS,TERM. A. E. CARVALHO,5,15:53,2,30.0,2,20.0,21.64,21.17,0.0,10000,3.6,800,2.71,32.17,37.82,1,6.1,46.47,0.5,0.667,75.0,3,1,0.4272,Estabilizado,Operação Normal
2026-08-22T18:53:11.115751,8030-10,35330,2,TERM. VL. SÔNIA,PARAISÓPOLIS,5,15:53,2,30.0,2,20.0,21.64,21.17,0.0,10000,3.6,800,3.02,18.84,25.44,0,6.1,23.64,0.5,0.667,75.0,3,1,0.3702,Estabilizado,Operação Normal
2026-08-22T18:53:11.115751,314V-10,33079,2,PÇA. ALMEIDA JR.,VL. EMA,5,15:53,2,30.0,2,20.0,21.64,21.17,0.0,10000,3.6,800,3.06,28.39,32.17,1,6.1,48.92,0.5,0.667,75.0,3,1,0.4334,Estabilizado,Operação Normal
2026-08-22T18:53:11.115751,4222-10,288,1,MOOCA,PQ. STA. MADALENA,5,15:53,1,60.0,1,20.0,21.64,21.17,0.0,10000,3.6,800,2.8,30.32,42.51,0,6.1,22.1,0.5,0.333,100.0,2,1,0.4622,Estabilizado,Operação Normal
2026-08-22T18:53:11.115751,8544-10,430,1,PÇA. DO CORREIO,CID. D'ABRIL 3ª GLEBA,5,15:53,2,30.0,2,20.0,21.64,21.17,0.0,10000,3.6,800,3.59,16.35,31.5,1,6.1,52.63,0.5,0.667,75.0,3,1,0.4426,Estabilizado,Operação Normal
2026-08-22T18:53:11.115751,8073-10,34849,2,TERM. VL. SÔNIA,JD. GUARAÚ,5,15:53,2,30.0,2,20.0,21.64,21.17,0.0,10000,3.6,800,1.86,22.69,26.9,1,6.1,40.52,0.5,0.667,75.0,3,1,0.4124,Estabilizado,Operação Normal
2026-08-22T18:53:11.115751,2709-10,922,1,VL. UNIÃO,METRÔ PATRIARCA,5,15:53,1,60.0,1,20.0,21.64,21.17,0.0,10000,3.6,800,2.78,18.18,27.5,0,6.1,21.96,0.5,0.333,100.0,2,1,0.4618,Estabilizado,Operação Normal
2026-08-22T18:53:11.115751,8043-10,33175,2,LAPA,HAB. TURÍSTICA,5,15:53,2,30.0,2,20.0,21.64,21.17,0.0,10000,3.6,800,3.8,27.57,41.23,1,6.1,54.1,0.5,0.667,75.0,3,1,0.4463,Estabilizado,Operação Normal
2026-08-22T18:53:11.115751,709P-10,1993,1,TERM. PINHEIROS,EST. STO. AMARO/GUIDO CALOI,5,15:53,2,30.0,2,20.0,21.64,21.17,0.0,10000,3.6,800,3.0,27.26,36.9,0,6.1,23.5,0.5,0.667,75.0,3,1,0.3698,Estabilizado,Operação Normal
2026-08-22T18:53:11.115751,4056-10,35005,2,TERM. SÃO MATEUS,PQ. BOA ESPERANÇA,5,15:53,2,30.0,2,20.0,21.64,21.17,0.0,10000,3.6,800,5.38,23.22,36.19,1,6.1,65.16,0.5,0.667,75.0,3,1,0.474,Estabilizado,Operação Normal
2026-08-22T18:53:11.115751,1701-21,35244,2,METRÔ TUCURUVI,JOVA RURAL,5,15:53,1,60.0,1,20.0,21.64,21.17,0.0,10000,3.6,800,2.04,27.96,37.19,0,6.1,16.78,0.5,0.333,100.0,2,1,0.4489,Estabilizado,Operação Normal
2026-08-22T18:53:11.115751,2009-10,33666,2,CPTM GUAIANASES,JD. ROBRU,5,15:53,3,20.0,3,20.0,21.64,21.17,0.0,10000,3.6,800,3.55,17.02,26.53,1,6.1,52.35,0.5,1.0,66.67,4,1,0.3878,Estabilizado,Operação Normal
2026-08-22T18:53:11.115751,271A-10,702,1,METRÔ SANTANA,TERM. PENHA,5,15:53,3,20.0,3,20.0,21.64,21.17,0.0,10000,3.6,800,2.81,24.63,33.71,1,6.1,47.17,0.5,1.0,66.67,4,1,0.3749,Estabilizado,Operação Normal
2026-08-22T18:53:11.115751,6120-10,1189,1,TERM. GRAJAÚ,JD. LUCÉLIA,5,15:53,1,60.0,1,20.0,21.64,21.17,0.0,10000,3.6,800,4.55,15.1,29.75,0,6.1,34.35,0.5,0.333,100.0,2,1,0.4928,Estabilizado,Operação Normal
2026-08-22T18:53:11.115751,573H-10,1630,1,METRÔ BRESSER,HOSP. SAPOPEMBA,5,15:53,3,20.0,3,20.0,21.64,21.17,0.0,10000,3.6,800,4.23,15.77,25.44,1,6.1,57.11,0.5,1.0,66.67,4,1,0.3997,Estabilizado,Operação Normal
2026-08-22T18:53:11.115751,2705-10,33685,2,METRÔ ITAQUERA,JD. FANGANIELO,5,15:53,3,20.0,3,20.0,21.64,21.17,0.0,10000,3.6,800,3.42,20.84,32.05,1,6.1,51.44,0.5,1.0,66.67,4,1,0.3855,Estabilizado,Operação Normal
2026-08-22T18:53:11.115751,609F-10,37,1,TERM. PRINC. ISABEL,CHÁC. SANTANA,5,15:53,3,20.0,3,20.0,21.64,21.17,0.0,10000,3.6,800,3.92,21.39,34.38,1,6.1,54.94,0.5,1.0,66.67,4,1,0.3943,Estabilizado,Operação Normal
2026-08-22T18:53:11.115751,6072-23,2004,1,BALN. SÃO JOSÉ,TERM. VARGINHA,5,15:53,1,60.0,1,20.0,21.64,21.17,0.0,10000,3.6,800,3.02,13.69,29.49,0,6.1,23.64,0.5,0.333,100.0,2,1,0.466,Estabilizado,Operação Normal
2026-08-22T18:53:11.115751,695T-1,2619,1,METRÔ VL. MARIANA,TERM. CAPELINHA,5,15:53,4,15.0,4,20.0,21.64,21.17,0.0,10000,3.6,800,3.14,18.57,26.93,0,6.1,24.48,0.5,1.0,62.5,5,1,0.3077,Estabilizado,Operação Normal
2026-08-22T18:53:11.115751,6837-10,6,1,TERM. CAPELINHA,SHOP. PORTAL,5,15:53,4,15.0,4,20.0,21.64,21.17,0.0,10000,3.6,800,7.35,6.71,15.42,0,6.1,53.95,0.5,1.0,75.0,6,2,0.4126,Estabilizado,Operação Normal
2026-08-22T18:53:11.115751,6801-10,32773,2,TERM. JOÃO DIAS,JD. IBIRAPUERA,5,15:53,3,20.0,3,20.0,21.64,21.17,0.0,10000,3.6,800,2.72,24.71,33.68,0,6.1,21.54,0.5,1.0,66.67,4,1,0.3108,Estabilizado,Operação Normal
2026-08-22T18:53:11.115751,1778-10,1789,1,METRÔ SANTANA,JD. CABUÇU,5,15:53,2,30.0,2,20.0,21.64,21.17,0.0,10000,3.6,800,2.72,23.88,31.39,0,6.1,21.54,0.5,0.667,75.0,3,1,0.3649,Estabilizado,Operação Normal
2026-08-22T18:53:11.115751,1759-10,33321,2,METRÔ SANTANA,JD. PERY,5,15:53,5,12.0,5,20.0,21.64,21.17,0.0,10000,3.6,800,2.95,16.34,28.33,1,6.1,48.15,0.5,1.0,70.0,7,2,0.3856,Estabilizado,Operação Normal
2026-08-22T18:53:11.115751,1025-10,35071,2,CONEXÃO PETRÔNIO PORTELA,JD. CAROMBÉ,5,15:53,2,30.0,2,20.0,21.64,21.17,0.0,10000,3.6,800,2.84,18.62,22.16,0,6.1,22.38,0.5,0.667,75.0,3,1,0.367,Estabilizado,Operação Normal
2026-08-22T18:53:11.115751,719R-10,33237,2,METRÔ BARRA FUNDA,RIO PEQUENO,5,15:53,3,20.0,3,20.0,21.64,21.17,0.0,10000,3.6,800,4.82,17.32,29.43,1,6.1,61.24,0.5,1.0,83.33,5,2,0.4517,Estabilizado,Operação Normal
2026-08-22T18:53:11.115751,4035-10,35328,2,METRÔ ITAQUERA,GUAIANASES,5,15:53,2,30.0,2,20.0,21.64,21.17,0.0,10000,3.6,800,3.08,24.33,31.26,1,6.1,49.06,0.5,0.667,75.0,3,1,0.4337,Estabilizado,Operação Normal
2026-08-22T18:53:11.115751,7022-10,2084,1,TERM. STO. AMARO,JD. CAIÇARA,5,15:53,4,15.0,4,20.0,21.64,21.17,0.0,10000,3.6,800,2.83,14.89,22.33,0,6.1,22.31,0.5,1.0,62.5,5,1,0.3023,Estabilizado,Operação Normal
2026-08-22T18:53:11.115751,3160-10,32893,2,TERM. PQ. D. PEDRO II,TERM. VL. PRUDENTE,5,15:53,3,20.0,3,20.0,21.64,21.17,0.0,10000,3.6,800,2.69,24.65,35.26,0,6.1,21.33,0.5,1.0,66.67,4,1,0.3103,Estabilizado,Operação Normal
2026-08-22T18:53:11.115751,3737-31,1354,1,CIRCULAR,METRÔ GUILHERMINA/ESPERANÇA ,5,15:53,1,60.0,1,20.0,21.64,21.17,0.0,10000,3.6,800,2.79,26.85,37.92,0,6.1,22.03,0.5,0.333,100.0,2,1,0.462,Estabilizado,Operação Normal
2026-08-22T18:53:11.115751,6042-10,1219,1,STO. AMARO,JD. TRÊS ESTRELAS,5,15:53,1,60.0,1,20.0,21.64,21.17,0.0,10000,3.6,800,3.13,20.97,28.19,0,6.1,24.41,0.5,0.333,100.0,2,1,0.468,Estabilizado,Operação Normal
2026-08-22T18:53:11.115751,2772-10,33166,2,METRÔ PENHA,JD. NAZARÉ,5,15:53,2,30.0,2,20.0,21.64,21.17,0.0,10000,3.6,800,2.98,28.18,41.74,0,6.1,23.36,0.5,0.667,75.0,3,1,0.3694,Estabilizado,Operação Normal
2026-08-22T18:53:11.115751,605A-10,35290,2,METRÔ JABAQUARA,CENTRO PARALIMPICO,5,15:53,1,60.0,1,20.0,21.64,21.17,0.0,10000,3.6,800,2.0,42.21,45.55,0,6.1,16.5,0.5,0.333,100.0,2,1,0.4482,Estabilizado,Operação Normal
2026-08-22T18:53:11.115751,517J-10,33897,2,TERM. ÁGUA ESPRAIADA,JD. SELMA,5,15:53,3,20.0,3,20.0,21.64,21.17,0.0,10000,3.6,800,6.36,13.69,36.72,0,6.1,47.02,0.5,1.0,66.67,4,1,0.3745,Estabilizado,Operação Normal
2026-08-22T18:53:11.115751,675P-10,275,1,METRÔ CONCEIÇÃO,SHOP. SP MARKET,5,15:53,4,15.0,4,20.0,21.64,21.17,0.0,10000,3.6,800,3.21,23.15,33.76,0,6.1,24.97,0.5,1.0,62.5,5,1,0.3089,Estabilizado,Operação Normal
2026-08-22T18:53:11.115751,8215-10,33342,2,PÇA. DO CORREIO,JD. PAULISTANO,5,15:53,3,20.0,3,20.0,21.64,21.17,0.0,10000,3.6,800,5.6,15.04,28.08,1,6.1,66.7,0.5,1.0,83.33,5,2,0.4653,Estabilizado,Operação Normal
2026-08-22T18:53:11.115751,3003-10,1797,1,CPTM VL. MARA/ITAIM,JD. SÃO MARTINHO,5,15:53,1,60.0,1,20.0,21.64,21.17,0.0,10000,3.6,800,2.56,20.51,20.54,0,6.1,20.42,0.5,0.333,100.0,2,1,0.458,Estabilizado,Operação Normal
2026-08-22T18:53:11.115751,4726-10,1680,1,METRÔ TATUAPÉ,MOOCA,5,15:53,2,30.0,2,20.0,21.64,21.17,0.0,10000,3.6,800,3.13,33.67,36.4,1,6.1,49.41,0.5,0.667,75.0,3,1,0.4346,Estabilizado,Operação Normal
2026-08-22T18:53:11.115751,5129-41,34742,2,STO. AMARO,JD. MIRIAM,5,15:53,2,30.0,2,20.0,21.64,21.17,0.0,10000,3.6,800,3.01,27.03,34.13,0,6.1,23.57,0.5,0.667,75.0,3,1,0.37,Estabilizado,Operação Normal
2026-08-22T18:53:11.115751,478P-10,33117,2,VL. ROMANA,SACOMÃ,5,15:53,2,30.0,2,20.0,21.64,21.17,0.0,10000,3.6,800,5.33,12.82,25.83,0,6.1,39.81,0.5,0.667,75.0,3,1,0.4106,Estabilizado,Operação Normal
2026-08-22T18:53:11.115751,948A-10,34191,2,METRÔ BARRA FUNDA,VL. ZATT,5,15:53,1,60.0,1,20.0,21.64,21.17,0.0,10000,3.6,800,7.85,21.29,40.37,1,6.1,82.45,0.5,0.333,100.0,2,1,0.6131,Risco,Monitorar Linha em Alerta
2026-08-22T18:53:11.115751,1034-10,2452,1,CONEXÃO VL. IÓRIO,VL. IARA,5,15:53,1,60.0,1,20.0,21.64,21.17,0.0,10000,3.6,800,2.45,21.57,24.32,0,6.1,19.65,0.5,0.333,100.0,2,1,0.4561,Estabilizado,Operação Normal
2026-08-22T18:53:11.115751,6821-10,32789,2,TERM. CAPELINHA,JD. JANGADEIRO,5,15:53,2,30.0,2,20.0,21.64,21.17,0.0,10000,3.6,800,3.14,14.55,18.41,0,6.1,24.48,0.5,0.667,75.0,3,1,0.3722,Estabilizado,Operação Normal
2026-08-22T18:53:11.115751,1743-10,33311,2,SHOP. D,JD. PERY ALTO,5,15:53,2,30.0,2,20.0,21.64,21.17,0.0,10000,3.6,800,4.43,16.96,33.04,0,6.1,33.51,0.5,0.667,75.0,3,1,0.3948,Estabilizado,Operação Normal
2026-08-22T18:53:11.115751,5702-10,1137,1,METRÔ JABAQUARA,REFÚGIO STA. TEREZINHA,5,15:53,4,15.0,4,20.0,21.64,21.17,0.0,10000,3.6,800,4.07,19.22,32.58,0,6.1,30.99,0.5,1.0,62.5,5,1,0.324,Estabilizado,Operação Normal
2026-08-22T18:53:11.115751,273D-10,32990,2,METRÔ ARTUR ALVIM,PQ. D. JOÃO NERY,5,15:53,3,20.0,3,20.0,21.64,21.17,0.0,10000,3.6,800,3.9,18.28,27.94,0,6.1,29.8,0.5,1.0,66.67,4,1,0.3314,Estabilizado,Operação Normal
2026-08-22T18:53:11.115751,8050-31,33183,2,LAPA,PQ. MORRO DOCE,5,15:53,2,30.0,2,20.0,21.64,21.17,0.0,10000,3.6,800,1.84,77.64,87.86,1,6.1,40.38,0.5,0.667,75.0,3,1,0.412,Estabilizado,Operação Normal
2026-08-22T18:53:11.115751,8062-10,420,1,LAPA,PQ. SÃO DOMINGOS,5,15:53,1,60.0,1,20.0,21.64,21.17,0.0,10000,3.6,800,2.36,24.48,31.77,0,6.1,19.02,0.5,0.333,100.0,2,1,0.4545,Estabilizado,Operação Normal
2026-08-22T18:53:11.115751,272N-10,705,1,PQ. D. PEDRO II,PQ. NOVO MUNDO,5,15:53,1,60.0,1,20.0,21.64,21.17,0.0,10000,3.6,800,2.41,30.31,36.83,0,6.1,19.37,0.5,0.333,100.0,2,1,0.4554,Estabilizado,Operação Normal
2026-08-22T18:53:11.115751,7053-22,1896,1,TERM. CAMPO LIMPO,JD. MARIA SAMPAIO,5,15:53,2,30.0,2,20.0,21.64,21.17,0.0,10000,3.6,800,6.37,13.92,28.88,0,6.1,47.09,0.5,0.667,75.0,3,1,0.4288,Estabilizado,Operação Normal
2026-08-22T18:53:11.115751,1012-10,2486,1,JD. MONTE BELO,TERM. JD. BRITANIA,5,15:53,3,20.0,3,20.0,21.64,21.17,0.0,10000,3.6,800,1.1,91.73,99.47,0,6.1,10.2,0.5,1.0,66.67,4,1,0.2824,Estabilizado,Operação Normal
2026-08-22T18:53:11.115751,7282-10,471,1,PÇA. RAMOS DE AZEVEDO,PQ. CONTINENTAL,5,15:53,2,30.0,2,20.0,21.64,21.17,0.0,10000,3.6,800,3.01,18.86,29.89,0,6.1,23.57,0.5,0.667,75.0,3,1,0.37,Estabilizado,Operação Normal
2026-08-22T18:53:11.115751,128Y-10,843,1,LAPA,JD. PERY ALTO,5,15:53,4,15.0,4,20.0,21.64,21.17,0.0,10000,3.6,800,2.58,21.52,29.06,1,6.1,45.56,0.5,1.0,75.0,6,2,0.3916,Estabilizado,Operação Normal
2026-08-22T18:53:11.115751,7059-10,34692,2,TERM. CAMPO LIMPO,PQ. DO ENGENHO,5,15:53,2,30.0,2,20.0,21.64,21.17,0.0,10000,3.6,800,3.52,16.24,28.49,1,6.1,52.14,0.5,0.667,75.0,3,1,0.4414,Estabilizado,Operação Normal
2026-08-22T18:53:11.115751,1012-10,35254,2,JD. MONTE BELO,TERM. JD. BRITANIA,5,15:53,3,20.0,3,20.0,21.64,21.17,0.0,10000,3.6,800,1.11,91.47,99.04,0,6.1,10.27,0.5,1.0,66.67,4,1,0.2826,Estabilizado,Operação Normal
2026-08-22T18:53:11.115751,5128-10,1128,1,METRÔ CONCEIÇÃO,JD. APURÁ,5,15:53,3,20.0,3,20.0,21.64,21.17,0.0,10000,3.6,800,3.12,22.17,27.37,0,6.1,24.34,0.5,1.0,66.67,4,1,0.3178,Estabilizado,Operação Normal
2026-08-22T18:53:11.115751,8065-10,33189,2,LAPA,HAB. TURÍSTICA,5,15:53,1,60.0,1,20.0,21.64,21.17,0.0,10000,3.6,800,2.85,29.0,33.5,0,6.1,22.45,0.5,0.333,100.0,2,1,0.4631,Estabilizado,Operação Normal
2026-08-22T18:53:11.115751,8018-10,2070,1,METRÔ MORUMBI,VL. SÔNIA,5,15:53,1,60.0,1,20.0,21.64,21.17,0.0,10000,3.6,800,2.46,24.81,27.58,0,6.1,19.72,0.5,0.333,100.0,2,1,0.4562,Estabilizado,Operação Normal
2026-08-22T18:53:11.115751,3112-10,33848,2,METRÔ BELÉM,VL. INDUSTRIAL,5,15:53,4,15.0,4,20.0,21.64,21.17,0.0,10000,3.6,800,4.7,16.42,29.94,1,6.1,60.4,0.5,1.0,75.0,6,2,0.4287,Estabilizado,Operação Normal
2026-08-22T18:53:11.115751,6008-10,1200,1,EST. STO. AMARO/GUIDO CALOI,JD. PLANALTO,5,15:53,2,30.0,2,20.0,21.64,21.17,0.0,10000,3.6,800,4.77,16.02,29.08,0,6.1,35.89,0.5,0.667,75.0,3,1,0.4008,Estabilizado,Operação Normal
2026-08-22T18:53:11.115751,2780-10,33167,2,METRÔ ITAQUERA,JD. CAMARGO NOVO,5,15:53,1,60.0,1,20.0,21.64,21.17,0.0,10000,3.6,800,2.66,22.75,22.21,0,6.1,21.12,0.5,0.333,100.0,2,1,0.4598,Estabilizado,Operação Normal
2026-08-22T18:53:11.115751,1177-10,129,1,LUZ,TERM. A. E. CARVALHO,5,15:53,4,15.0,4,20.0,21.64,21.17,0.0,10000,3.6,800,3.04,28.2,34.24,0,6.1,23.78,0.5,1.0,62.5,5,1,0.3059,Estabilizado,Operação Normal
2026-08-22T18:53:11.115751,119C-10,661,1,TERM. PRINC. ISABEL,PQ. EDU CHAVES,5,15:53,2,30.0,2,20.0,21.64,21.17,0.0,10000,3.6,800,4.74,16.34,30.96,0,6.1,35.68,0.5,0.667,75.0,3,1,0.4002,Estabilizado,Operação Normal
2026-08-22T18:53:11.115751,273V-10,231,1,METRÔ PENHA,PARADA XV DE NOVEMBRO,5,15:53,1,60.0,1,20.0,21.64,21.17,0.0,10000,3.6,800,2.49,24.39,33.4,0,6.1,19.93,0.5,0.333,100.0,2,1,0.4568,Estabilizado,Operação Normal
2026-08-22T18:53:11.115751,2123-10,33460,2,LIBERDADE,VL. MEDEIROS,5,15:53,2,30.0,2,20.0,21.64,21.17,0.0,10000,3.6,800,3.68,17.47,30.32,0,6.1,28.26,0.5,0.667,75.0,3,1,0.3817,Estabilizado,Operação Normal
2026-08-22T18:53:11.115751,2522-10,140,1,METRÔ ITAQUERA,JD. STO. ANTÔNIO,5,15:53,2,30.0,2,20.0,21.64,21.17,0.0,10000,3.6,800,5.55,16.92,28.06,1,6.1,66.35,0.5,0.667,75.0,3,1,0.4769,Estabilizado,Operação Normal
2026-08-22T18:53:11.115751,875H-10,34108,2,METRÔ VL. MARIANA,TERM. LAPA,5,15:53,3,20.0,3,20.0,21.64,21.17,0.0,10000,3.6,800,4.74,17.03,29.96,1,6.1,60.68,0.5,1.0,83.33,5,2,0.4503,Estabilizado,Operação Normal
2026-08-22T18:53:11.115751,819A-10,33571,2,JD. PRIMAVERA,CPTM VL. AURORA,5,15:53,9,6.7,9,20.0,21.64,21.17,0.0,10000,3.6,800,4.21,19.9,31.46,0,6.1,31.97,0.5,1.0,61.11,11,2,0.3229,Estabilizado,Operação Normal
2026-08-22T18:53:11.115751,8009-31,1260,1,TERM. PIRITUBA,CID. D'ABRIL 3ª GLEBA,5,15:53,1,60.0,1,20.0,21.64,21.17,0.0,10000,3.6,800,2.63,24.84,33.85,0,6.1,20.91,0.5,0.333,100.0,2,1,0.4592,Estabilizado,Operação Normal
2026-08-22T18:53:11.115751,4005-10,34947,2,BARRO BRANCO,TERM. CID. TIRADENTES,5,15:53,1,60.0,1,20.0,21.64,21.17,0.0,10000,3.6,800,3.0,22.5,45.0,0,6.1,23.5,0.5,0.333,100.0,2,1,0.4657,Estabilizado,Operação Normal
2026-08-22T18:53:11.115751,297A-10,34901,2,METRÔ BARRA FUNDA,VL. SANTA MARIA,5,15:53,1,60.0,1,20.0,21.64,21.17,0.0,10000,3.6,800,7.37,12.07,31.32,1,6.1,79.09,0.5,0.333,100.0,2,1,0.6047,Risco,Monitorar Linha em Alerta
2026-08-22T18:53:11.115751,1758-10,552,1,METRÔ SANTANA,JD. ANTÁRTICA,5,15:53,1,60.0,1,20.0,21.64,21.17,0.0,10000,3.6,800,3.0,22.5,45.0,0,6.1,23.5,0.5,0.333,100.0,2,1,0.4657,Estabilizado,Operação Normal
2026-08-22T18:53:11.115751,263J-10,32987,2,CONJ. JOSÉ BONIFÁCIO,PENHA,5,15:53,2,30.0,2,20.0,21.64,21.17,0.0,10000,3.6,800,2.21,23.3,31.08,1,6.1,42.97,0.5,0.667,75.0,3,1,0.4185,Estabilizado,Operação Normal
2026-08-22T18:53:11.115751,8003-10,34021,2,TERM. LAPA,REMÉDIOS,5,15:53,2,30.0,2,20.0,21.64,21.17,0.0,10000,3.6,800,2.33,43.13,51.83,0,6.1,18.81,0.5,0.667,75.0,3,1,0.3581,Estabilizado,Operação Normal
2026-08-22T18:53:11.115751,4718-10,33104,2,METRÔ STA. CRUZ,JD. CELESTE,5,15:53,1,60.0,1,20.0,21.64,21.17,0.0,10000,3.6,800,2.98,29.53,36.02,0,6.1,23.36,0.5,0.333,100.0,2,1,0.4654,Estabilizado,Operação Normal
2026-08-22T18:53:11.115751,8300-10,1264,1,TERM. LAPA,TERM. PIRITUBA,5,15:53,1,60.0,1,20.0,21.64,21.17,0.0,10000,3.6,800,1.33,31.78,36.2,0,6.1,11.81,0.5,0.333,100.0,2,1,0.4365,Estabilizado,Operação Normal
2026-08-22T18:53:11.115751,9015-10,1269,1,TERM. PIRITUBA,VL. ZATT,5,15:53,2,30.0,2,20.0,21.64,21.17,0.0,10000,3.6,800,2.17,23.73,29.3,0,6.1,17.69,0.5,0.667,75.0,3,1,0.3553,Estabilizado,Operação Normal
2026-08-22T18:53:11.115751,1786-10,33417,2,METRÔ SANTANA,VL. ALBERTINA,5,15:53,3,20.0,3,20.0,21.64,21.17,0.0,10000,3.6,800,4.53,20.36,33.81,0,6.1,34.21,0.5,1.0,66.67,4,1,0.3425,Estabilizado,Operação Normal
2026-08-22T18:53:11.115751,7272-10,34101,2,PÇA. RAMOS DE AZEVEDO,MERCADO DA LAPA,5,15:53,2,30.0,2,20.0,21.64,21.17,0.0,10000,3.6,800,7.34,9.92,28.0,0,6.1,53.88,0.5,0.667,75.0,3,1,0.4458,Estabilizado,Operação Normal
2026-08-22T18:53:11.115751,2363-10,135,1,TERM. PQ. D. PEDRO II,JD. DANFER,5,15:53,2,30.0,2,20.0,21.64,21.17,0.0,10000,3.6,800,3.12,21.69,29.77,0,6.1,24.34,0.5,0.667,75.0,3,1,0.3719,Estabilizado,Operação Normal
2026-08-22T18:53:11.115751,8025-10,34844,2,TERM. VL. SÔNIA,JD. ROSA MARIA,5,15:53,2,30.0,2,20.0,21.64,21.17,0.0,10000,3.6,800,2.7,23.63,29.55,0,6.1,21.4,0.5,0.667,75.0,3,1,0.3646,Estabilizado,Operação Normal
2026-08-22T18:53:11.115751,1785-10,1816,1,METRÔ SANTANA,VL. AURORA,5,15:53,1,60.0,1,20.0,21.64,21.17,0.0,10000,3.6,800,3.01,23.35,29.95,0,6.1,23.57,0.5,0.333,100.0,2,1,0.4659,Estabilizado,Operação Normal
2026-08-22T18:53:11.115751,5702-10,33905,2,METRÔ JABAQUARA,REFÚGIO STA. TEREZINHA,5,15:53,3,20.0,3,20.0,21.64,21.17,0.0,10000,3.6,800,3.64,14.06,24.45,0,6.1,27.98,0.5,1.0,66.67,4,1,0.3269,Estabilizado,Operação Normal
2026-08-22T18:53:11.115751,5028-10,1634,1,METRÔ ALTO DO IPIRANGA,CONJ. HAB. HELIÓPOLIS,5,15:53,1,60.0,1,20.0,21.64,21.17,0.0,10000,3.6,800,2.39,26.0,34.1,0,6.1,19.23,0.5,0.333,100.0,2,1,0.455,Estabilizado,Operação Normal
2026-08-22T18:53:11.115751,8073-10,2081,1,TERM. VL. SÔNIA,JD. GUARAÚ,5,15:53,2,30.0,2,20.0,21.64,21.17,0.0,10000,3.6,800,1.78,22.98,27.38,1,6.1,39.96,0.5,0.667,75.0,3,1,0.411,Estabilizado,Operação Normal
2026-08-22T18:53:11.115751,6039-21,2493,1,COHAB JD. SÃO BENTO,TERM. CAPELINHA,5,15:53,1,60.0,1,20.0,21.64,21.17,0.0,10000,3.6,800,4.36,24.09,33.08,0,6.1,33.02,0.5,0.333,100.0,2,1,0.4895,Estabilizado,Operação Normal
2026-08-22T18:53:11.115751,3003-10,34565,2,CPTM VL. MARA/ITAIM,JD. SÃO MARTINHO,5,15:53,1,60.0,1,20.0,21.64,21.17,0.0,10000,3.6,800,4.81,16.72,28.44,0,6.1,36.17,0.5,0.333,100.0,2,1,0.4974,Estabilizado,Operação Normal
2026-08-22T18:53:11.115751,6003-10,34240,2,TERM. VARGINHA,TERM. GRAJAÚ,5,15:53,2,30.0,2,20.0,21.64,21.17,0.0,10000,3.6,800,5.32,15.5,33.19,0,6.1,39.74,0.5,0.667,75.0,3,1,0.4104,Estabilizado,Operação Normal
2026-08-22T18:53:11.115751,4115-10,33090,2,PÇA. DA REPÚBLICA,SHOP. PLAZA SUL,5,15:53,2,30.0,2,20.0,21.64,21.17,0.0,10000,3.6,800,6.22,13.04,27.3,0,6.1,46.04,0.5,0.667,75.0,3,1,0.4262,Estabilizado,Operação Normal
2026-08-22T18:53:11.115751,2011-10,2136,1,METRÔ SANTANA,VL. SABRINA,5,15:53,3,20.0,3,20.0,21.64,21.17,0.0,10000,3.6,800,2.53,22.83,30.61,0,6.1,20.21,0.5,1.0,66.67,4,1,0.3075,Estabilizado,Operação Normal
2026-08-22T18:53:11.115751,6092-10,33945,2,TERM. GRAJAÚ,JD. DAS PEDRAS,5,15:53,3,20.0,3,20.0,21.64,21.17,0.0,10000,3.6,800,6.1,16.63,34.07,0,6.1,45.2,0.5,1.0,66.67,4,1,0.3699,Estabilizado,Operação Normal
2026-08-22T18:53:11.115751,6050-10,1225,1,TERM. GRAJAÚ,PQ. COCAIA,5,15:53,1,60.0,1,20.0,21.64,21.17,0.0,10000,3.6,800,8.41,7.92,23.84,0,6.1,61.37,0.5,0.333,100.0,2,1,0.5604,Estabilizado,Operação Normal
2026-08-22T18:53:11.115751,6017-10,1206,1,JD. ÂNGELA,JD. NAKAMURA,5,15:53,2,30.0,2,20.0,21.64,21.17,0.0,10000,3.6,800,8.12,10.9,38.4,0,6.1,59.34,0.5,0.667,75.0,3,1,0.4594,Estabilizado,Operação Normal
2026-08-22T18:53:11.115751,1720-21,1937,1,METRÔ TUCURUVI,VILA SABRINA,5,15:53,2,30.0,2,20.0,21.64,21.17,0.0,10000,3.6,800,4.91,11.87,26.74,0,6.1,36.87,0.5,0.667,75.0,3,1,0.4032,Estabilizado,Operação Normal
2026-08-22T18:53:11.115751,627M-10,2597,1,TERM. STO. AMARO,MAR PAULISTA,5,15:53,3,20.0,3,20.0,21.64,21.17,0.0,10000,3.6,800,4.33,18.54,36.1,0,6.1,32.81,0.5,1.0,66.67,4,1,0.339,Estabilizado,Operação Normal
2026-08-22T18:53:11.115751,4012-10,34953,2,TERM. SÃO MATEUS,JD. IGUATEMI,5,15:53,1,60.0,1,20.0,21.64,21.17,0.0,10000,3.6,800,2.13,27.07,35.8,0,6.1,17.41,0.5,0.333,100.0,2,1,0.4505,Estabilizado,Operação Normal
2026-08-22T18:53:11.115751,8006-10,1256,1,TERM. PIRITUBA,JD. DONÁRIA,5,15:53,2,30.0,2,20.0,21.64,21.17,0.0,10000,3.6,800,2.56,15.84,23.79,0,6.1,20.42,0.5,0.667,75.0,3,1,0.3621,Estabilizado,Operação Normal
2026-08-22T18:53:11.115751,8050-10,412,1,LAPA,PQ. MORRO DOCE,5,15:53,2,30.0,2,20.0,21.64,21.17,0.0,10000,3.6,800,2.1,79.09,93.64,0,6.1,17.2,0.5,0.667,75.0,3,1,0.354,Estabilizado,Operação Normal
2026-08-22T18:53:11.115751,6805-10,31,1,TERM. JOÃO DIAS,TERM. CAPELINHA,5,15:53,1,60.0,1,20.0,21.64,21.17,0.0,10000,3.6,800,3.38,16.7,23.69,0,6.1,26.16,0.5,0.333,100.0,2,1,0.4724,Estabilizado,Operação Normal
2026-08-22T18:53:11.115751,4052-10,34913,2,METRÔ ITAQUERA,CPTM GUAIANASES,5,15:53,1,60.0,1,20.0,21.64,21.17,0.0,10000,3.6,800,2.88,39.52,42.71,1,6.1,47.66,0.5,0.333,100.0,2,1,0.5261,Estabilizado,Operação Normal
2026-08-22T18:53:11.115751,9008-10,33643,2,TERM. CACHOEIRINHA,PQ. DE TAIPAS,5,15:53,4,15.0,4,20.0,21.64,21.17,0.0,10000,3.6,800,3.22,20.07,26.77,0,6.1,25.04,0.5,1.0,62.5,5,1,0.3091,Estabilizado,Operação Normal
2026-08-22T18:53:11.115751,938P-10,888,1,METRÔ BARRA FUNDA,JD. TEREZA,5,15:53,2,30.0,2,20.0,21.64,21.17,0.0,10000,3.6,800,3.62,20.9,31.95,0,6.1,27.84,0.5,0.667,75.0,3,1,0.3806,Estabilizado,Operação Normal
2026-08-22T18:53:11.115751,8200-10,1263,1,TERM. LAPA,TERM. PIRITUBA,5,15:53,1,60.0,1,20.0,21.64,21.17,0.0,10000,3.6,800,3.25,23.18,36.51,0,6.1,25.25,0.5,0.333,100.0,2,1,0.4701,Estabilizado,Operação Normal
2026-08-22T18:53:11.115751,1701-21,2476,1,METRÔ TUCURUVI,JOVA RURAL,5,15:53,2,30.0,2,20.0,21.64,21.17,0.0,10000,3.6,800,3.09,23.44,32.95,0,6.1,24.13,0.5,0.667,75.0,3,1,0.3714,Estabilizado,Operação Normal
2026-08-22T18:53:11.115751,2756-10,238,1,METRÔ PATRIARCA,GUAIANASES,5,15:53,1,60.0,1,20.0,21.64,21.17,0.0,10000,3.6,800,4.43,19.29,33.09,1,6.1,58.51,0.5,0.333,100.0,2,1,0.5532,Estabilizado,Operação Normal
2026-08-22T18:53:11.115751,6042-10,33987,2,STO. AMARO,JD. TRÊS ESTRELAS,5,15:53,2,30.0,2,20.0,21.64,21.17,0.0,10000,3.6,800,3.04,20.6,23.02,0,6.1,23.78,0.5,0.667,75.0,3,1,0.3705,Estabilizado,Operação Normal
2026-08-22T18:53:11.115751,8686-10,33214,2,LGO. DO PAISSANDÚ,MANGALOT,5,15:53,2,30.0,2,20.0,21.64,21.17,0.0,10000,3.6,800,6.21,9.93,27.12,1,6.1,70.97,0.5,0.667,75.0,3,1,0.4885,Estabilizado,Operação Normal
2026-08-22T18:53:11.115751,2035-10,2682,1,CONJ. HAB. SONDA II,METRÔ PARADA INGLESA,5,15:53,1,60.0,1,20.0,21.64,21.17,0.0,10000,3.6,800,2.67,18.1,30.95,0,6.1,21.19,0.5,0.333,100.0,2,1,0.4599,Estabilizado,Operação Normal
2026-08-22T18:53:11.115751,9012-10,34036,2,TERM. LAPA,ITABERABA,5,15:53,2,30.0,2,20.0,21.64,21.17,0.0,10000,3.6,800,3.44,18.76,29.79,1,6.1,51.58,0.5,0.667,75.0,3,1,0.44,Estabilizado,Operação Normal
2026-08-22T18:53:11.115751,978L-10,466,1,TERM. PRINC. ISABEL,TERM. CACHOEIRINHA,5,15:53,1,60.0,1,20.0,21.64,21.17,0.0,10000,3.6,800,4.52,14.85,29.73,0,6.1,34.14,0.5,0.333,100.0,2,1,0.4923,Estabilizado,Operação Normal
2026-08-22T18:53:11.115751,7054-10,41,1,TERM. CAMPO LIMPO,JD. MACEDÔNIA,5,15:53,1,60.0,1,20.0,21.64,21.17,0.0,10000,3.6,800,4.6,15.82,29.87,0,6.1,34.7,0.5,0.333,100.0,2,1,0.4937,Estabilizado,Operação Normal
2026-08-22T18:53:11.115751,575C-10,34454,2,VL. MATIAS,TERM. VL. PRUDENTE,5,15:53,2,30.0,2,20.0,21.64,21.17,0.0,10000,3.6,800,2.81,25.8,33.49,1,6.1,47.17,0.5,0.667,75.0,3,1,0.429,Estabilizado,Operação Normal
2026-08-22T18:53:11.115751,6042-21,1775,1,CEU CAPÃO REDONDO,TERM. CAPELINHA,5,15:53,1,60.0,1,20.0,21.64,21.17,0.0,10000,3.6,800,3.24,20.51,31.69,0,6.1,25.18,0.5,0.333,100.0,2,1,0.4699,Estabilizado,Operação Normal
2026-08-22T18:53:11.115751,9002-10,870,1,TERM. CACHOEIRINHA,JD. PERY ALTO,5,15:53,2,30.0,2,20.0,21.64,21.17,0.0,10000,3.6,800,2.35,27.54,37.02,0,6.1,18.95,0.5,0.667,75.0,3,1,0.3584,Estabilizado,Operação Normal
2026-08-22T18:53:11.115751,9018-10,1271,1,TERM. PIRITUBA,VL. MIRANTE,5,15:53,1,60.0,1,20.0,21.64,21.17,0.0,10000,3.6,800,4.12,18.54,33.02,0,6.1,31.34,0.5,0.333,100.0,2,1,0.4853,Estabilizado,Operação Normal
2026-08-22T18:53:11.115751,978J-10,591,1,TERM. PRINC. ISABEL,VOITH,5,15:53,2,30.0,2,20.0,21.64,21.17,0.0,10000,3.6,800,7.69,13.36,26.47,0,6.1,56.33,0.5,0.667,75.0,3,1,0.4519,Estabilizado,Operação Normal
2026-08-22T18:53:11.115751,5010-10,33882,2,STO. AMARO,JABAQUARA,5,15:53,4,15.0,4,20.0,21.64,21.17,0.0,10000,3.6,800,2.76,26.88,35.76,0,6.1,21.82,0.5,1.0,62.5,5,1,0.301,Estabilizado,Operação Normal
2026-08-22T18:53:11.115751,574A-21,34458,2,METRÔ VL. MARIANA,AMERICANÓPOLIS,5,15:53,2,30.0,2,20.0,21.64,21.17,0.0,10000,3.6,800,3.7,18.9,27.88,1,6.1,53.4,0.5,0.667,75.0,3,1,0.4446,Estabilizado,Operação Normal
2026-08-22T18:53:11.115751,776M-10,2680,1,AEROPORTO,TERM. ÁGUA ESPRAIADA,5,15:53,1,60.0,1,20.0,21.64,21.17,0.0,10000,3.6,800,1.74,28.71,34.06,0,6.1,14.68,0.5,0.333,100.0,2,1,0.4436,Estabilizado,Operação Normal
2026-08-22T18:53:11.115751,139A-10,2451,1,LAPA,VL. IÓRIO,5,15:53,2,30.0,2,20.0,21.64,21.17,0.0,10000,3.6,800,3.48,24.33,40.89,0,6.1,26.86,0.5,0.667,75.0,3,1,0.3782,Estabilizado,Operação Normal
2026-08-22T18:53:11.115751,272N-10,33473,2,PQ. D. PEDRO II,PQ. NOVO MUNDO,5,15:53,1,60.0,1,20.0,21.64,21.17,0.0,10000,3.6,800,1.92,34.38,38.76,0,6.1,15.94,0.5,0.333,100.0,2,1,0.4468,Estabilizado,Operação Normal
2026-08-22T18:53:11.115751,4284-10,289,1,TERM. VL. PRUDENTE,VL. CALIFÓRNIA,5,15:53,2,30.0,2,20.0,21.64,21.17,0.0,10000,3.6,800,4.28,18.92,31.35,1,6.1,57.46,0.5,0.667,75.0,3,1,0.4547,Estabilizado,Operação Normal
2026-08-22T18:53:11.115751,6803-10,32797,2,TERM. JOÃO DIAS,JD. CAPELINHA,5,15:53,1,60.0,1,20.0,21.64,21.17,0.0,10000,3.6,800,3.16,20.77,25.08,0,6.1,24.62,0.5,0.333,100.0,2,1,0.4685,Estabilizado,Operação Normal
2026-08-22T18:53:11.115751,5015-10,33887,2,METRÔ JABAQUARA,JD. SÃO JORGE,5,15:53,4,15.0,4,20.0,21.64,21.17,0.0,10000,3.6,800,4.21,17.83,28.78,0,6.1,31.97,0.5,1.0,62.5,5,1,0.3264,Estabilizado,Operação Normal
2026-08-22T18:53:11.115751,314V-10,311,1,PÇA. ALMEIDA JR.,VL. EMA,5,15:53,1,60.0,1,20.0,21.64,21.17,0.0,10000,3.6,800,4.86,15.92,30.33,1,6.1,61.52,0.5,0.333,100.0,2,1,0.5608,Estabilizado,Operação Normal
2026-08-22T18:53:11.115751,6016-41,1706,1,TERM. GRAJAÚ,JD. PORTO VELHO,5,15:53,1,60.0,1,20.0,21.64,21.17,0.0,10000,3.6,800,5.96,13.85,28.18,0,6.1,44.22,0.5,0.333,100.0,2,1,0.5175,Estabilizado,Operação Normal
2026-08-22T18:53:11.115751,5141-10,34393,2,PÇA. DO CORREIO,TERM. SAPOPEMBA,5,15:53,4,15.0,4,20.0,21.64,21.17,0.0,10000,3.6,800,3.48,18.89,31.32,1,6.1,51.86,0.5,1.0,75.0,6,2,0.4074,Estabilizado,Operação Normal
2026-08-22T18:53:11.115751,6403-10,32826,2,TERM. PQ. D. PEDRO II,TERM. JOÃO DIAS,5,15:53,2,30.0,2,20.0,21.64,21.17,0.0,10000,3.6,800,3.38,23.67,39.69,1,6.1,51.16,0.5,0.667,75.0,3,1,0.4389,Estabilizado,Operação Normal
2026-08-22T18:53:11.115751,3728-41,1988,1,PQ. NOVA SAVOY,METRÔ ARTUR ALVIM,5,15:53,1,60.0,1,20.0,21.64,21.17,0.0,10000,3.6,800,4.19,21.95,35.76,0,6.1,31.83,0.5,0.333,100.0,2,1,0.4865,Estabilizado,Operação Normal
2026-08-22T18:53:11.115751,2705-10,917,1,METRÔ ITAQUERA,JD. FANGANIELO,5,15:53,2,30.0,2,20.0,21.64,21.17,0.0,10000,3.6,800,2.52,26.89,31.6,0,6.1,20.14,0.5,0.667,75.0,3,1,0.3614,Estabilizado,Operação Normal
2026-08-22T18:53:11.115751,809N-10,35012,2,LAPA,VL. DALVA,5,15:53,2,30.0,2,20.0,21.64,21.17,0.0,10000,3.6,800,3.95,11.58,17.34,0,6.1,30.15,0.5,0.667,75.0,3,1,0.3864,Estabilizado,Operação Normal
2026-08-22T18:53:11.115751,848L-10,33576,2,TERM. PIRITUBA,RECANTO DOS HUMILDES,5,15:53,2,30.0,2,20.0,21.64,21.17,0.0,10000,3.6,800,6.6,6.5,20.74,0,6.1,48.7,0.5,0.667,75.0,3,1,0.4328,Estabilizado,Operação Normal
2026-08-22T18:53:11.115751,5011-10,1115,1,STO. AMARO,ELDORADO,5,15:53,3,20.0,3,20.0,21.64,21.17,0.0,10000,3.6,800,3.12,17.03,30.03,0,6.1,24.34,0.5,1.0,66.67,4,1,0.3178,Estabilizado,Operação Normal
2026-08-22T18:53:11.115751,7011-10,34720,2,JD. ÂNGELA,JD. DOS REIS,5,15:53,1,60.0,1,20.0,21.64,21.17,0.0,10000,3.6,800,5.85,19.39,40.31,0,6.1,43.45,0.5,0.333,100.0,2,1,0.5156,Estabilizado,Operação Normal
2026-08-22T18:53:11.115751,RNOT-11,35078,2,RESERVADA NOTURNA,RESERVADA NOTURNA,5,15:53,1,60.0,1,20.0,21.64,21.17,0.0,10000,3.6,800,3.53,13.12,29.16,0,6.1,27.21,0.5,0.333,100.0,2,1,0.475,Estabilizado,Operação Normal
2026-08-22T18:53:11.115751,263C-10,252,1,COHAB II,JD. HELENA,5,15:53,1,60.0,1,20.0,21.64,21.17,0.0,10000,3.6,800,2.45,21.34,21.03,0,6.1,19.65,0.5,0.333,100.0,2,1,0.4561,Estabilizado,Operação Normal
2026-08-22T18:53:11.115751,3139-10,995,1,PÇA. JOÃO MENDES,JD. VL. FORMOSA,5,15:53,2,30.0,2,20.0,21.64,21.17,0.0,10000,3.6,800,3.66,17.85,31.24,1,6.1,53.12,0.5,0.667,75.0,3,1,0.4438,Estabilizado,Operação Normal
2026-08-22T18:53:11.115751,2435-10,210,1,TERM. ARICANDUVA,JD. COIMBRA,5,15:53,2,30.0,2,20.0,21.64,21.17,0.0,10000,3.6,800,1.88,22.53,30.51,0,6.1,15.66,0.5,0.667,75.0,3,1,0.3502,Estabilizado,Operação Normal
2026-08-22T18:53:11.115751,6059-10,1226,1,STO. AMARO,JD. UNIVERSAL,5,15:53,1,60.0,1,20.0,21.64,21.17,0.0,10000,3.6,800,2.78,23.08,29.04,1,6.1,46.96,0.5,0.333,100.0,2,1,0.5244,Estabilizado,Operação Normal
2026-08-22T18:53:11.115751,2721-10,934,1,METRÔ ITAQUERA,JD. NAZARÉ,5,15:53,2,30.0,2,20.0,21.64,21.17,0.0,10000,3.6,800,4.02,17.72,30.85,1,6.1,55.64,0.5,0.667,75.0,3,1,0.4502,Estabilizado,Operação Normal
2026-08-22T18:53:11.115751,2175-10,33465,2,TERM. PQ. D. PEDRO II,PQ. EDU CHAVES,5,15:53,1,60.0,1,20.0,21.64,21.17,0.0,10000,3.6,800,2.4,23.8,32.17,0,6.1,19.3,0.5,0.333,100.0,2,1,0.4552,Estabilizado,Operação Normal
2026-08-22T18:53:11.115751,3098-31,34607,2,JD. ELIZABETH,SÃO MATEUS,5,15:53,1,60.0,1,20.0,21.64,21.17,0.0,10000,3.6,800,2.04,24.4,25.28,0,6.1,16.78,0.5,0.333,100.0,2,1,0.4489,Estabilizado,Operação Normal
2026-08-22T18:53:11.115751,508L-10,32885,2,ACLIMAÇÃO,TERM. PRINC. ISABEL,5,15:53,1,60.0,1,20.0,21.64,21.17,0.0,10000,3.6,800,2.31,22.49,32.43,1,6.1,43.67,0.5,0.333,100.0,2,1,0.5161,Estabilizado,Operação Normal
2026-08-22T18:53:11.115751,2033-10,2499,1,SHOP. D,VL. SABRINA,5,15:53,1,60.0,1,20.0,21.64,21.17,0.0,10000,3.6,800,3.0,29.53,42.08,0,6.1,23.5,0.5,0.333,100.0,2,1,0.4657,Estabilizado,Operação Normal
2026-08-22T18:53:11.115751,8004-10,1254,1,TERM. LAPA,HAB. TURÍSTICA,5,15:53,2,30.0,2,20.0,21.64,21.17,0.0,10000,3.6,800,2.53,27.32,39.19,0,6.1,20.21,0.5,0.667,75.0,3,1,0.3616,Estabilizado,Operação Normal
2026-08-22T18:53:11.115751,7051-10,34653,2,TERM. CAMPO LIMPO,JD. ROSANA,5,15:53,1,60.0,1,20.0,21.64,21.17,0.0,10000,3.6,800,4.0,17.91,31.8,0,6.1,30.5,0.5,0.333,100.0,2,1,0.4832,Estabilizado,Operação Normal
2026-08-22T18:53:11.115751,8055-51,417,1,METRÔ BARRA FUNDA,PERUS,5,15:53,1,60.0,1,20.0,21.64,21.17,0.0,10000,3.6,800,3.05,36.35,46.28,0,6.1,23.85,0.5,0.333,100.0,2,1,0.4666,Estabilizado,Operação Normal
2026-08-22T18:53:11.115751,846M-10,422,1,TERM. PINHEIROS,VL. PIAUÍ,5,15:53,1,60.0,1,20.0,21.64,21.17,0.0,10000,3.6,800,2.95,27.65,36.64,0,6.1,23.15,0.5,0.333,100.0,2,1,0.4648,Estabilizado,Operação Normal
2026-08-22T18:53:11.115751,6003-10,1472,1,TERM. VARGINHA,TERM. GRAJAÚ,5,15:53,1,60.0,1,20.0,21.64,21.17,0.0,10000,3.6,800,3.11,14.78,30.37,0,6.1,24.27,0.5,0.333,100.0,2,1,0.4676,Estabilizado,Operação Normal
2026-08-22T18:53:11.115751,4027-41,2309,1,SÃO MATEUS,MORRO DO CRUZEIRO,5,15:53,1,60.0,1,20.0,21.64,21.17,0.0,10000,3.6,800,3.66,17.31,32.59,0,6.1,28.12,0.5,0.333,100.0,2,1,0.4772,Estabilizado,Operação Normal
2026-08-22T18:53:11.115751,5020-10,34438,2,TERM. SACOMÃ,HOSP. HELIÓPOLIS,5,15:53,3,20.0,3,20.0,21.64,21.17,0.0,10000,3.6,800,6.53,14.1,26.99,0,6.1,48.21,0.5,1.0,66.67,4,1,0.3775,Estabilizado,Operação Normal
2026-08-22T18:53:11.115751,5705-10,1657,1,METRÔ VERGUEIRO,TERM. SACOMÃ,5,15:53,2,30.0,2,20.0,21.64,21.17,0.0,10000,3.6,800,2.87,19.38,29.21,0,6.1,22.59,0.5,0.667,75.0,3,1,0.3675,Estabilizado,Operação Normal
2026-08-22T18:53:11.115751,1015-10,34998,2,CHÁC. MARIA TRINDADE,TERM. JD. BRITÂNIA,5,15:53,1,60.0,1,20.0,21.64,21.17,0.0,10000,3.6,800,3.0,70.02,65.28,0,6.1,23.5,0.5,0.333,100.0,2,1,0.4657,Estabilizado,Operação Normal
2026-08-22T18:53:11.115751,9785-10,33596,2,METRÔ BARRA FUNDA,VL. TEREZINHA,5,15:53,3,20.0,3,20.0,21.64,21.17,0.0,10000,3.6,800,3.48,17.36,24.27,0,6.1,26.86,0.5,1.0,66.67,4,1,0.3241,Estabilizado,Operação Normal
2026-08-22T18:53:11.115751,516N-10,266,1,PÇA. D. GASTÃO,JD. MIRIAM,5,15:53,3,20.0,3,20.0,21.64,21.17,0.0,10000,3.6,800,6.92,12.66,29.21,0,6.1,50.94,0.5,1.0,66.67,4,1,0.3843,Estabilizado,Operação Normal
2026-08-22T18:53:11.115751,7057-10,34665,2,TERM. CAMPO LIMPO,JD. MITSUTANI,5,15:53,2,30.0,2,20.0,21.64,21.17,0.0,10000,3.6,800,7.26,11.61,27.14,0,6.1,53.32,0.5,0.667,75.0,3,1,0.4444,Estabilizado,Operação Normal
2026-08-22T18:53:11.115751,5030-10,1669,1,TERM. SACOMÃ,JD. MARIA ESTELA,5,15:53,1,60.0,1,20.0,21.64,21.17,0.0,10000,3.6,800,6.14,16.64,32.87,0,6.1,45.48,0.5,0.333,100.0,2,1,0.5206,Estabilizado,Operação Normal
2026-08-22T18:53:11.115751,3001-10,1650,1,TERM. SÃO MIGUEL,ITAIM PAULISTA,5,15:53,3,20.0,3,20.0,21.64,21.17,0.0,10000,3.6,800,4.6,19.48,36.82,0,6.1,34.7,0.5,1.0,66.67,4,1,0.3437,Estabilizado,Operação Normal
2026-08-22T18:53:11.115751,3024-10,277,1,TERM. VL PRUDENTE,VL. INDUSTRIAL,5,15:53,1,60.0,1,20.0,21.64,21.17,0.0,10000,3.6,800,3.02,30.87,44.86,0,6.1,23.64,0.5,0.333,100.0,2,1,0.466,Estabilizado,Operação Normal
2026-08-22T18:53:11.115751,938C-10,586,1,TERM. PRINC. ISABEL,COHAB TAIPAS,5,15:53,1,60.0,1,20.0,21.64,21.17,0.0,10000,3.6,800,4.06,17.12,30.98,0,6.1,30.92,0.5,0.333,100.0,2,1,0.4842,Estabilizado,Operação Normal
2026-08-22T18:53:11.115751,778R-10,33277,2,TERM. PRINC. ISABEL,COHAB RAPOSO TAVARES,5,15:53,1,60.0,1,20.0,21.64,21.17,0.0,10000,3.6,800,4.02,15.78,30.87,0,6.1,30.64,0.5,0.333,100.0,2,1,0.4836,Estabilizado,Operação Normal
2026-08-22T18:53:11.115751,477U-10,33074,2,METRÔ VL. MARIANA,HELIÓPOLIS,5,15:53,1,60.0,1,20.0,21.64,21.17,0.0,10000,3.6,800,2.66,20.49,27.79,0,6.1,21.12,0.5,0.333,100.0,2,1,0.4598,Estabilizado,Operação Normal
2026-08-22T18:53:11.115751,606Y-10,35357,2,CHÁC. DO CONDE,EST. MENDES/VL. NATAL,5,15:53,1,60.0,1,20.0,21.64,21.17,0.0,10000,3.6,800,2.29,22.27,29.44,0,6.1,18.53,0.5,0.333,100.0,2,1,0.4533,Estabilizado,Operação Normal
2026-08-22T18:53:11.115751,6817-10,27,1,TERM. CAPELINHA,JD. SÃO BENTO,5,15:53,1,60.0,1,20.0,21.64,21.17,0.0,10000,3.6,800,3.7,14.86,26.47,0,6.1,28.4,0.5,0.333,100.0,2,1,0.478,Estabilizado,Operação Normal
2026-08-22T18:53:11.115751,6262-10,1371,1,TERM. BANDEIRA,CEASA,5,15:53,2,30.0,2,20.0,21.64,21.17,0.0,10000,3.6,800,3.0,19.63,33.0,1,6.1,48.5,0.5,0.667,75.0,3,1,0.4323,Estabilizado,Operação Normal
2026-08-22T18:53:11.115751,4001-10,34944,2,TERM. VL. CARRÃO,ITAQUERA,5,15:53,1,60.0,1,20.0,21.64,21.17,0.0,10000,3.6,800,2.48,28.89,37.49,0,6.1,19.86,0.5,0.333,100.0,2,1,0.4566,Estabilizado,Operação Normal
2026-08-22T18:53:11.115751,233A-10,33017,2,TERM. VL. CARRÃO,JD. HELENA,5,15:53,1,60.0,1,20.0,21.64,21.17,0.0,10000,3.6,800,2.52,20.38,22.44,0,6.1,20.14,0.5,0.333,100.0,2,1,0.4573,Estabilizado,Operação Normal
2026-08-22T18:53:11.115751,6039-10,33985,2,STO. AMARO,VALO VELHO,5,15:53,1,60.0,1,20.0,21.64,21.17,0.0,10000,3.6,800,2.46,26.52,31.82,0,6.1,19.72,0.5,0.333,100.0,2,1,0.4562,Estabilizado,Operação Normal
2026-08-22T18:53:11.115751,4288-10,290,1,TERM. PQ. D. PEDRO II,PQ. STA. MADALENA,5,15:53,1,60.0,1,20.0,21.64,21.17,0.0,10000,3.6,800,3.57,19.29,30.15,0,6.1,27.49,0.5,0.333,100.0,2,1,0.4757,Estabilizado,Operação Normal
2026-08-22T18:53:11.115751,6052-10,33912,2,TERM. EST. VARGINHA,JD. SETE DE SETEMBRO,5,15:53,2,30.0,2,20.0,21.64,21.17,0.0,10000,3.6,800,2.99,22.29,21.92,0,6.1,23.43,0.5,0.667,75.0,3,1,0.3696,Estabilizado,Operação Normal
2026-08-22T18:53:11.115751,9012-10,1268,1,TERM. LAPA,ITABERABA,5,15:53,1,60.0,1,20.0,21.64,21.17,0.0,10000,3.6,800,1.96,28.58,36.66,0,6.1,16.22,0.5,0.333,100.0,2,1,0.4475,Estabilizado,Operação Normal
2026-08-22T18:53:11.115751,5033-10,1665,1,TERM. SACOMÃ,VL. BRASILINA,5,15:53,1,60.0,1,20.0,21.64,21.17,0.0,10000,3.6,800,3.75,20.83,31.36,0,6.1,28.75,0.5,0.333,100.0,2,1,0.4788,Estabilizado,Operação Normal
2026-08-22T18:53:11.115751,2058-10,259,1,CPTM GUAIANASES,TERM. SÃO MIGUEL,5,15:53,1,60.0,1,20.0,21.64,21.17,0.0,10000,3.6,800,3.58,16.73,26.18,1,6.1,52.56,0.5,0.333,100.0,2,1,0.5384,Estabilizado,Operação Normal
2026-08-22T18:53:11.115751,748A-10,498,1,LAPA,JD. D'ABRIL,5,15:53,1,60.0,1,20.0,21.64,21.17,0.0,10000,3.6,800,2.2,22.58,28.25,0,6.1,17.9,0.5,0.333,100.0,2,1,0.4517,Estabilizado,Operação Normal
2026-08-22T18:53:11.115751,809J-10,34834,2,METRÔ MORUMBI,JD. COLOMBO,5,15:53,1,60.0,1,20.0,21.64,21.17,0.0,10000,3.6,800,2.51,24.44,26.67,0,6.1,20.07,0.5,0.333,100.0,2,1,0.4571,Estabilizado,Operação Normal
2026-08-22T18:53:11.115751,6022-10,1207,1,JD. ÂNGELA,PQ. CEREJEIRA,5,15:53,1,60.0,1,20.0,21.64,21.17,0.0,10000,3.6,800,4.34,19.04,30.37,0,6.1,32.88,0.5,0.333,100.0,2,1,0.4892,Estabilizado,Operação Normal
2026-08-22T18:53:11.115751,9006-10,33642,2,TERM. CACHOEIRINHA,VL. PENTEADO,5,15:53,2,30.0,2,20.0,21.64,21.17,0.0,10000,3.6,800,4.57,16.0,24.9,0,6.1,34.49,0.5,0.667,75.0,3,1,0.3973,Estabilizado,Operação Normal
2026-08-22T18:53:11.115751,6806-10,32800,2,TERM. JOÃO DIAS,JD. NOVO ORIENTE,5,15:53,1,60.0,1,20.0,21.64,21.17,0.0,10000,3.6,800,8.17,10.64,26.72,0,6.1,59.69,0.5,0.333,100.0,2,1,0.5562,Estabilizado,Operação Normal
2026-08-22T18:53:11.115751,6L08-10,1182,1,HOSP. PARELHEIROS,JD. SÃO NICOLAU,5,15:53,1,60.0,1,20.0,21.64,21.17,0.0,10000,3.6,800,3.0,22.5,45.0,0,6.1,23.5,0.5,0.333,100.0,2,1,0.4657,Estabilizado,Operação Normal
2026-08-22T18:53:11.115751,775A-10,473,1,PINHEIROS,JD. ADALGIZA,5,15:53,1,60.0,1,20.0,21.64,21.17,0.0,10000,3.6,800,4.31,16.05,31.1,0,6.1,32.67,0.5,0.333,100.0,2,1,0.4886,Estabilizado,Operação Normal
2026-08-22T18:53:11.115751,9785-10,828,1,METRÔ BARRA FUNDA,VL. TEREZINHA,5,15:53,6,10.0,6,20.0,21.64,21.17,0.0,10000,3.6,800,4.82,15.64,26.64,1,6.1,61.24,0.5,1.0,75.0,9,3,0.4309,Estabilizado,Operação Normal
2026-08-22T18:53:11.115751,809T-10,2246,1,LAPA,COHAB RAPOSO TAVARES,5,15:53,1,60.0,1,20.0,21.64,21.17,0.0,10000,3.6,800,2.78,29.36,29.85,0,6.1,21.96,0.5,0.333,100.0,2,1,0.4618,Estabilizado,Operação Normal
2026-08-22T18:53:11.115751,3021-10,33044,2,TERM. VL PRUDENTE,PQ. BANCÁRIO,5,15:53,1,60.0,1,20.0,21.64,21.17,0.0,10000,3.6,800,2.58,23.52,33.9,0,6.1,20.56,0.5,0.333,100.0,2,1,0.4584,Estabilizado,Operação Normal
2026-08-22T18:53:11.115751,3903-10,34239,2,PENHA,JD. VL. NOVA,5,15:53,1,60.0,1,20.0,21.64,21.17,0.0,10000,3.6,800,2.92,13.96,24.16,0,6.1,22.94,0.5,0.333,100.0,2,1,0.4643,Estabilizado,Operação Normal
2026-08-22T18:53:11.115751,1019-10,2495,1,TERM. PIRITUBA,SOL NASCENTE,5,15:53,1,60.0,1,20.0,21.64,21.17,0.0,10000,3.6,800,1.99,38.42,40.26,0,6.1,16.43,0.5,0.333,100.0,2,1,0.448,Estabilizado,Operação Normal
2026-08-22T18:53:11.115751,6012-10,1204,1,JD. ÂNGELA,PQ. INDEPENDÊNCIA,5,15:53,1,60.0,1,20.0,21.64,21.17,0.0,10000,3.6,800,8.76,5.6,21.5,0,6.1,63.82,0.5,0.333,100.0,2,1,0.5665,Estabilizado,Operação Normal
2026-08-22T18:53:11.115751,4055-10,2447,1,VL. SOLANGE,CPTM GUAIANASES,5,15:53,1,60.0,1,20.0,21.64,21.17,0.0,10000,3.6,800,3.81,19.71,28.98,0,6.1,29.17,0.5,0.333,100.0,2,1,0.4799,Estabilizado,Operação Normal
2026-08-22T18:53:11.115751,4019-10,35292,2,CIRCULAR,METRÔ ITAQUERA ,5,15:53,1,60.0,1,20.0,21.64,21.17,0.0,10000,3.6,800,2.97,31.23,38.28,0,6.1,23.29,0.5,0.333,100.0,2,1,0.4652,Estabilizado,Operação Normal
2026-08-22T18:53:11.115751,978A-10,34137,2,METRÔ BARRA FUNDA,TERM. CACHOEIRINHA,5,15:53,1,60.0,1,20.0,21.64,21.17,0.0,10000,3.6,800,2.29,22.7,29.35,0,6.1,18.53,0.5,0.333,100.0,2,1,0.4533,Estabilizado,Operação Normal
2026-08-22T18:53:11.115751,3032-10,33488,2,CIRCULAR,TERM. VL. CARRÃO,5,15:53,1,60.0,1,20.0,21.64,21.17,0.0,10000,3.6,800,2.21,29.07,37.33,0,6.1,17.97,0.5,0.333,100.0,2,1,0.4519,Estabilizado,Operação Normal
2026-08-22T18:53:11.115751,4037-10,35356,2,CIRCULAR,TERM. VL. CARRÃO,5,15:53,1,60.0,1,20.0,21.64,21.17,0.0,10000,3.6,800,3.23,20.58,34.73,0,6.1,25.11,0.5,0.333,100.0,2,1,0.4697,Estabilizado,Operação Normal
2026-08-22T18:53:11.115751,3139-10,33763,2,PÇA. JOÃO MENDES,JD. VL. FORMOSA,5,15:53,1,60.0,1,20.0,21.64,21.17,0.0,10000,3.6,800,3.41,19.38,31.79,1,6.1,51.37,0.5,0.333,100.0,2,1,0.5354,Estabilizado,Operação Normal
2026-08-22T18:53:11.115751,2451-10,32981,2,TERM. ARICANDUVA,VL. SÃO FRANCISCO,5,15:53,1,60.0,1,20.0,21.64,21.17,0.0,10000,3.6,800,3.06,21.34,29.37,0,6.1,23.92,0.5,0.333,100.0,2,1,0.4668,Estabilizado,Operação Normal
2026-08-22T18:53:11.115751,2060-10,134,1,METRÔ ARTUR ALVIM,TERM. A. E. CARVALHO,5,15:53,2,30.0,2,20.0,21.64,21.17,0.0,10000,3.6,800,2.84,23.42,35.84,0,6.1,22.38,0.5,0.667,75.0,3,1,0.367,Estabilizado,Operação Normal
2026-08-22T18:53:11.115751,4055-10,35215,2,VL. SOLANGE,CPTM GUAIANASES,5,15:53,1,60.0,1,20.0,21.64,21.17,0.0,10000,3.6,800,4.27,19.99,30.75,1,6.1,57.39,0.5,0.333,100.0,2,1,0.5504,Estabilizado,Operação Normal
2026-08-22T18:53:11.115751,8047-41,33178,2,METRÔ VL. MADALENA,JARAGUÁ,5,15:53,1,60.0,1,20.0,21.64,21.17,0.0,10000,3.6,800,2.1,78.36,93.19,0,6.1,17.2,0.5,0.333,100.0,2,1,0.45,Estabilizado,Operação Normal
2026-08-22T18:53:11.115751,211V-10,154,1,PENHA,VL. PARANAGUÁ,5,15:53,2,30.0,2,20.0,21.64,21.17,0.0,10000,3.6,800,2.78,23.06,27.32,0,6.1,21.96,0.5,0.667,75.0,3,1,0.366,Estabilizado,Operação Normal
2026-08-22T18:53:11.115751,5026-10,1635,1,JD. SÃO ROBERTO,CONJ. TEOTÔNIO VILELA,5,15:53,1,60.0,1,20.0,21.64,21.17,0.0,10000,3.6,800,2.9,16.8,25.98,1,6.1,47.8,0.5,0.333,100.0,2,1,0.5264,Estabilizado,Operação Normal
2026-08-22T18:53:11.115751,778J-10,33276,2,METRÔ BARRA FUNDA,JD. ARPOADOR,5,15:53,1,60.0,1,20.0,21.64,21.17,0.0,10000,3.6,800,6.16,15.92,33.75,1,6.1,70.62,0.5,0.333,100.0,2,1,0.5835,Estabilizado,Operação Normal
2026-08-22T18:53:11.115751,2732-10,947,1,VL. REGINA,METRÔ ARTUR ALVIM,5,15:53,1,60.0,1,20.0,21.64,21.17,0.0,10000,3.6,800,2.24,33.46,37.66,0,6.1,18.18,0.5,0.333,100.0,2,1,0.4524,Estabilizado,Operação Normal
2026-08-22T18:53:11.115751,5036-10,34434,2,TERM. SACOMÃ,JD. CELESTE,5,15:53,1,60.0,1,20.0,21.64,21.17,0.0,10000,3.6,800,3.6,22.37,32.11,0,6.1,27.7,0.5,0.333,100.0,2,1,0.4762,Estabilizado,Operação Normal
2026-08-22T18:53:11.115751,1025-10,2303,1,CONEXÃO PETRÔNIO PORTELA,JD. CAROMBÉ,5,15:53,1,60.0,1,20.0,21.64,21.17,0.0,10000,3.6,800,3.22,21.96,30.87,0,6.1,25.04,0.5,0.333,100.0,2,1,0.4696,Estabilizado,Operação Normal
2026-08-22T18:53:11.115751,8075-21,2537,1,TERM. VL. SÔNIA,TERM. CAMPO LIMPO,5,15:53,1,60.0,1,20.0,21.64,21.17,0.0,10000,3.6,800,2.37,25.19,36.09,0,6.1,19.09,0.5,0.333,100.0,2,1,0.4547,Estabilizado,Operação Normal
2026-08-22T18:53:11.115751,701H-10,2558,1,CIRCULAR,HOSPITAL GUARAPIRANGA,5,15:53,1,60.0,1,20.0,21.64,21.17,0.0,10000,3.6,800,3.0,22.5,45.0,0,6.1,23.5,0.5,0.333,100.0,2,1,0.4657,Estabilizado,Operação Normal
2026-08-22T18:53:11.115751,6812-10,1242,1,JD. ANGELA,JD. CAPELA,5,15:53,1,60.0,1,20.0,21.64,21.17,0.0,10000,3.6,800,5.14,16.78,29.81,0,6.1,38.48,0.5,0.333,100.0,2,1,0.5032,Estabilizado,Operação Normal
2026-08-22T18:53:11.115751,2722-31,936,1,JD. VERÔNIA,METRÔ GUILHERMINA/ESPERANÇA,5,15:53,1,60.0,1,20.0,21.64,21.17,0.0,10000,3.6,800,1.85,28.62,35.38,1,6.1,40.45,0.5,0.333,100.0,2,1,0.5081,Estabilizado,Operação Normal
2026-08-22T18:53:11.115751,407M-10,318,1,VL. MONUMENTO,METRÔ VL. MARIANA,5,15:53,1,60.0,1,20.0,21.64,21.17,0.0,10000,3.6,800,2.57,21.53,30.33,0,6.1,20.49,0.5,0.333,100.0,2,1,0.4582,Estabilizado,Operação Normal
2026-08-22T18:53:11.115751,7052-10,1886,1,TERM. CAMPO LIMPO,JD. HELGA,5,15:53,1,60.0,1,20.0,21.64,21.17,0.0,10000,3.6,800,2.61,16.78,32.79,0,6.1,20.77,0.5,0.333,100.0,2,1,0.4589,Estabilizado,Operação Normal
2026-08-22T18:53:11.115751,9162-10,34133,2,TERM. CASA VERDE,VL. PENTEADO,5,15:53,1,60.0,1,20.0,21.64,21.17,0.0,10000,3.6,800,2.7,22.41,28.06,0,6.1,21.4,0.5,0.333,100.0,2,1,0.4604,Estabilizado,Operação Normal
2026-08-22T18:53:11.115751,695Y-42,2632,1,TERM. EST. VARGINHA,TERM. PARELHEIROS,5,15:53,1,60.0,1,20.0,21.64,21.17,0.0,10000,3.6,800,3.0,22.5,45.0,0,6.1,23.5,0.5,0.333,100.0,2,1,0.4657,Estabilizado,Operação Normal
2026-08-22T18:53:11.115751,211V-10,32922,2,PENHA,VL. PARANAGUÁ,5,15:53,1,60.0,1,20.0,21.64,21.17,0.0,10000,3.6,800,2.96,18.13,22.07,0,6.1,23.22,0.5,0.333,100.0,2,1,0.465,Estabilizado,Operação Normal
2026-08-22T18:53:11.115751,1021-10,33601,2,TERM. PIRITUBA,COHAB BRASILÂNDIA,5,15:53,2,30.0,2,20.0,21.64,21.17,0.0,10000,3.6,800,2.35,27.43,35.88,0,6.1,18.95,0.5,0.667,75.0,3,1,0.3584,Estabilizado,Operação Normal
2026-08-22T18:53:11.115751,8050-31,415,1,LAPA,PQ. MORRO DOCE,5,15:53,1,60.0,1,20.0,21.64,21.17,0.0,10000,3.6,800,4.61,35.37,57.95,0,6.1,34.77,0.5,0.333,100.0,2,1,0.4939,Estabilizado,Operação Normal
2026-08-22T18:53:11.115751,8017-10,1261,1,TERM. PIRITUBA,CPTM VL. AURORA,5,15:53,2,30.0,2,20.0,21.64,21.17,0.0,10000,3.6,800,2.91,20.39,33.17,0,6.1,22.87,0.5,0.667,75.0,3,1,0.3682,Estabilizado,Operação Normal
2026-08-22T18:53:11.115751,5701-10,1136,1,TERM. ÁGUA ESPRAIADA,METRÔ CONCEIÇÃO,5,15:53,3,20.0,3,20.0,21.64,21.17,0.0,10000,3.6,800,3.04,13.26,23.7,0,6.1,23.78,0.5,1.0,66.67,4,1,0.3164,Estabilizado,Operação Normal
2026-08-22T18:53:11.115751,1022-10,35378,2,CPTM PERUS,VL. STA. CRUZ,5,15:53,1,60.0,1,20.0,21.64,21.17,0.0,10000,3.6,800,2.12,42.55,43.8,0,6.1,17.34,0.5,0.333,100.0,2,1,0.4503,Estabilizado,Operação Normal
2026-08-22T18:53:11.115751,8010-21,34505,2,SÍTIO BOTUQUARA,CPTM PERUS,5,15:53,1,60.0,1,20.0,21.64,21.17,0.0,10000,3.6,800,2.33,34.72,44.83,0,6.1,18.81,0.5,0.333,100.0,2,1,0.454,Estabilizado,Operação Normal
2026-08-22T18:53:11.115751,307C-10,34882,2,METRÔ ARTUR ALVIM,CONJ. ENCOSTA NORTE,5,15:53,1,60.0,1,20.0,21.64,21.17,0.0,10000,3.6,800,3.47,20.48,23.65,0,6.1,26.79,0.5,0.333,100.0,2,1,0.4739,Estabilizado,Operação Normal
2026-08-22T18:53:11.115751,9717-10,33585,2,METRÔ SANTANA,JD. ALMANARA,5,15:53,3,20.0,3,20.0,21.64,21.17,0.0,10000,3.6,800,2.46,25.7,33.83,1,6.1,44.72,0.5,1.0,66.67,4,1,0.3687,Estabilizado,Operação Normal
2026-08-22T18:53:11.115751,5024-31,33891,2,STO. AMARO,MISSIONÁRIA,5,15:53,1,60.0,1,20.0,21.64,21.17,0.0,10000,3.6,800,2.23,22.2,31.77,1,6.1,43.11,0.5,0.333,100.0,2,1,0.5147,Estabilizado,Operação Normal
2026-08-22T18:53:11.115751,6824-10,32791,2,TERM. CAPELINHA,PQ. FERNANDA,5,15:53,1,60.0,1,20.0,21.64,21.17,0.0,10000,3.6,800,3.9,20.11,28.93,1,6.1,54.8,0.5,0.333,100.0,2,1,0.5439,Estabilizado,Operação Normal
2026-08-22T18:53:11.115751,546J-31,34783,2,STO. AMARO,JD. SELMA,5,15:53,1,60.0,1,20.0,21.64,21.17,0.0,10000,3.6,800,4.62,19.38,33.11,0,6.1,34.84,0.5,0.333,100.0,2,1,0.494,Estabilizado,Operação Normal
2026-08-22T18:53:11.115751,1015-10,2230,1,CHÁC. MARIA TRINDADE,TERM. JD. BRITÂNIA,5,15:53,1,60.0,1,20.0,21.64,21.17,0.0,10000,3.6,800,1.12,91.49,99.14,0,6.1,10.34,0.5,0.333,100.0,2,1,0.4328,Estabilizado,Operação Normal
2026-08-22T18:53:11.115751,607A-10,34907,2,SOCORRO,JD. APURÁ,5,15:53,1,60.0,1,20.0,21.64,21.17,0.0,10000,3.6,800,2.92,28.73,36.32,0,6.1,22.94,0.5,0.333,100.0,2,1,0.4643,Estabilizado,Operação Normal
2026-08-22T18:53:11.115751,606Z-10,35379,2,BALN. MAR PAULISTA,CIRCULAR,5,15:53,1,60.0,1,20.0,21.64,21.17,0.0,10000,3.6,800,3.05,21.92,31.03,0,6.1,23.85,0.5,0.333,100.0,2,1,0.4666,Estabilizado,Operação Normal
2026-08-22T18:53:11.115751,9006-10,874,1,TERM. CACHOEIRINHA,VL. PENTEADO,5,15:53,2,30.0,2,20.0,21.64,21.17,0.0,10000,3.6,800,3.27,19.76,31.39,0,6.1,25.39,0.5,0.667,75.0,3,1,0.3745,Estabilizado,Operação Normal
2026-08-22T18:53:11.115751,5018-31,34629,2,JABAQUARA,SHOP. INTERLAGOS,5,15:53,1,60.0,1,20.0,21.64,21.17,0.0,10000,3.6,800,3.69,15.59,25.66,0,6.1,28.33,0.5,0.333,100.0,2,1,0.4778,Estabilizado,Operação Normal
2026-08-22T18:53:11.115751,1027-10,2689,1,ITABERABA I,TERM JD BRITÂNIA,5,15:53,1,60.0,1,20.0,21.64,21.17,0.0,10000,3.6,800,1.1,91.71,99.44,0,6.1,10.2,0.5,0.333,100.0,2,1,0.4324,Estabilizado,Operação Normal
2026-08-22T18:53:11.115751,8013-41,34779,2,JD. PAINEIRAS,TERM. JD. BRITANIA,5,15:53,1,60.0,1,20.0,21.64,21.17,0.0,10000,3.6,800,2.14,76.54,80.2,0,6.1,17.48,0.5,0.333,100.0,2,1,0.4506,Estabilizado,Operação Normal
2026-08-22T18:53:11.115751,626A-10,35364,2,MAR PAULISTA,CANTINHO DO CÉU,5,15:53,1,60.0,1,20.0,21.64,21.17,0.0,10000,3.6,800,3.0,22.5,45.0,0,6.1,23.5,0.5,0.333,100.0,2,1,0.4657,Estabilizado,Operação Normal
