timestamp_processamento,linha_codigo,linha_id,sentido,letreiro_origem,letreiro_destino,dia_semana,hora_minuto,frota_ativa_real,headway_real_min,frota_planejada,headway_planejado_min,temperatura_c,sensacao_termica_c,chuva_1h_mm,visibilidade_m,vento_velocidade_ms,clima_evento_id,jam_factor,velocidade_via_kmh,velocidade_freeflow_kmh,incidente_critico,iac_gargalo_climatico,gt_gargalo_trafego,hp_horario_pico,ac_aderencia_cronograma,dfi_demanda_frota_ideal,frota_necessaria_estimada,deficit_operacional,go_gargalo_operacional,status_classificacao,acao_recomendada
2026-08-22T18:22:54.281376,6074-10,33929,2,EST. JURUBATUBA,JD. GAIVOTAS,5,15:22,6,10.0,6,20.0,22.08,21.7,0.0,10000,3.6,801,3.0,22.5,45.0,0,6.1,23.5,0.5,1.0,58.33,7,1,0.2948,Estabilizado,Operação Normal
2026-08-22T18:22:54.281376,6062-51,34507,2,TERM. STO. AMARO,JD. CASTRO ALVES,5,15:22,3,20.0,3,20.0,22.08,21.7,0.0,10000,3.6,801,3.0,22.5,45.0,0,6.1,23.5,0.5,1.0,66.67,4,1,0.3157,Estabilizado,Operação Normal
2026-08-22T18:22:54.281376,2032-10,35034,2,METRÔ CARANDIRU,JD. BRASIL,5,15:22,2,30.0,2,20.0,22.08,21.7,0.0,10000,3.6,801,3.0,22.5,45.0,0,6.1,23.5,0.5,0.667,75.0,3,1,0.3698,Estabilizado,Operação Normal
2026-08-22T18:22:54.281376,3021-10,33044,2,TERM. VL PRUDENTE,PQ. BANCÁRIO,5,15:22,2,30.0,2,20.0,22.08,21.7,0.0,10000,3.6,801,3.0,22.5,45.0,0,6.1,23.5,0.5,0.667,75.0,3,1,0.3698,Estabilizado,Operação Normal
2026-08-22T18:22:54.281376,6821-10,32789,2,TERM. CAPELINHA,JD. JANGADEIRO,5,15:22,1,60.0,1,20.0,22.08,21.7,0.0,10000,3.6,801,3.0,22.5,45.0,0,6.1,23.5,0.5,0.333,100.0,2,1,0.4657,Estabilizado,Operação Normal
2026-08-22T18:22:54.281376,3006-10,1865,1,CPTM GUAIANASES,JD. FANGANIELO,5,15:22,3,20.0,3,20.0,22.08,21.7,0.0,10000,3.6,801,3.0,22.5,45.0,0,6.1,23.5,0.5,1.0,66.67,4,1,0.3157,Estabilizado,Operação Normal
2026-08-22T18:22:54.281376,4085-10,34924,2,METRÔ ITAQUERA,COHAB FAZENDA DO CARMO,5,15:22,3,20.0,3,20.0,22.08,21.7,0.0,10000,3.6,801,3.0,22.5,45.0,0,6.1,23.5,0.5,1.0,66.67,4,1,0.3157,Estabilizado,Operação Normal
2026-08-22T18:22:54.281376,6092-10,33945,2,TERM. GRAJAÚ,JD. DAS PEDRAS,5,15:22,4,15.0,4,20.0,22.08,21.7,0.0,10000,3.6,801,3.0,22.5,45.0,0,6.1,23.5,0.5,1.0,62.5,5,1,0.3053,Estabilizado,Operação Normal
2026-08-22T18:22:54.281376,3768-10,33824,2,CPTM JOSÉ BONIFÁCIO,VL. YOLANDA,5,15:22,4,15.0,4,20.0,22.08,21.7,0.0,10000,3.6,801,3.0,22.5,45.0,0,6.1,23.5,0.5,1.0,62.5,5,1,0.3053,Estabilizado,Operação Normal
2026-08-22T18:22:54.281376,3390-10,33506,2,TERM. PQ. D. PEDRO II,SÃO MATEUS,5,15:22,4,15.0,4,20.0,22.08,21.7,0.0,10000,3.6,801,3.0,22.5,45.0,0,6.1,23.5,0.5,1.0,62.5,5,1,0.3053,Estabilizado,Operação Normal
2026-08-22T18:22:54.281376,4310-10,2160,1,TERM. PQ. D. PEDRO II,E.T. ITAQUERA,5,15:22,11,5.5,12,20.0,22.08,21.7,0.0,10000,3.6,801,3.0,22.5,45.0,0,6.1,23.5,0.5,1.0,63.64,14,3,0.3081,Estabilizado,Operação Normal
2026-08-22T18:22:54.281376,3739-10,1039,1,METRÔ ITAQUERA,RECANTO VERDE SOL,5,15:22,3,20.0,3,20.0,22.08,21.7,0.0,10000,3.6,801,3.0,22.5,45.0,0,6.1,23.5,0.5,1.0,66.67,4,1,0.3157,Estabilizado,Operação Normal
2026-08-22T18:22:54.281376,342M-10,747,1,TERM. PENHA,TERM. SÃO MATEUS,5,15:22,13,4.6,14,20.0,22.08,21.7,0.0,10000,3.6,801,3.0,22.5,45.0,0,6.1,23.5,0.5,1.0,65.38,17,4,0.3125,Estabilizado,Operação Normal
2026-08-22T18:22:54.281376,6414-10,360,1,TERM. BANDEIRA,SOCORRO,5,15:22,4,15.0,4,20.0,22.08,21.7,0.0,10000,3.6,801,3.0,22.5,45.0,0,6.1,23.5,0.5,1.0,62.5,5,1,0.3053,Estabilizado,Operação Normal
2026-08-22T18:22:54.281376,607C-10,34745,2,ITAIM BIBI,JD. MIRIAM,5,15:22,7,8.6,7,20.0,22.08,21.7,0.0,10000,3.6,801,3.0,22.5,45.0,0,6.1,23.5,0.5,1.0,64.29,9,2,0.3097,Estabilizado,Operação Normal
2026-08-22T18:22:54.281376,6003-21,2576,1,EST. MENDES/VL. NATAL,TERM. VARGINHA,5,15:22,1,60.0,1,20.0,22.08,21.7,0.0,10000,3.6,801,3.0,22.5,45.0,0,6.1,23.5,0.5,0.333,100.0,2,1,0.4657,Estabilizado,Operação Normal
2026-08-22T18:22:54.281376,3046-10,971,1,METRÔ TATUAPÉ,VL. GUARANI,5,15:22,6,10.0,6,20.0,22.08,21.7,0.0,10000,3.6,801,3.0,22.5,45.0,0,6.1,23.5,0.5,1.0,58.33,7,1,0.2948,Estabilizado,Operação Normal
2026-08-22T18:22:54.281376,373T-10,1091,1,METRÔ BRESSER,JD. ITÁPOLIS,5,15:22,7,8.6,7,20.0,22.08,21.7,0.0,10000,3.6,801,3.0,22.5,45.0,0,6.1,23.5,0.5,1.0,64.29,9,2,0.3097,Estabilizado,Operação Normal
2026-08-22T18:22:54.281376,3053-10,973,1,METRÔ BELÉM,JD. ITÁPOLIS,5,15:22,5,12.0,5,20.0,22.08,21.7,0.0,10000,3.6,801,3.0,22.5,45.0,0,6.1,23.5,0.5,1.0,60.0,6,1,0.299,Estabilizado,Operação Normal
2026-08-22T18:22:54.281376,8528-10,33343,2,PÇA. DO CORREIO,JD. GUARANI,5,15:22,4,15.0,4,20.0,22.08,21.7,0.0,10000,3.6,801,3.0,22.5,45.0,0,6.1,23.5,0.5,1.0,62.5,5,1,0.3053,Estabilizado,Operação Normal
2026-08-22T18:22:54.281376,3791-10,33837,2,METRÔ ARTUR ALVIM,SHOP. ARICANDUVA,5,15:22,4,15.0,4,20.0,22.08,21.7,0.0,10000,3.6,801,3.0,22.5,45.0,0,6.1,23.5,0.5,1.0,62.5,5,1,0.3053,Estabilizado,Operação Normal
2026-08-22T18:22:54.281376,8594-10,33200,2,PÇA. RAMOS DE AZEVEDO,CID. D'ABRIL ,5,15:22,4,15.0,4,20.0,22.08,21.7,0.0,10000,3.6,801,3.0,22.5,45.0,0,6.1,23.5,0.5,1.0,62.5,5,1,0.3053,Estabilizado,Operação Normal
2026-08-22T18:22:54.281376,1741-10,33307,2,METRÔ SANTANA,VL. DIONISIA,5,15:22,3,20.0,3,20.0,22.08,21.7,0.0,10000,3.6,801,3.0,22.5,45.0,0,6.1,23.5,0.5,1.0,66.67,4,1,0.3157,Estabilizado,Operação Normal
2026-08-22T18:22:54.281376,263C-10,33020,2,COHAB II,JD. HELENA,5,15:22,4,15.0,4,20.0,22.08,21.7,0.0,10000,3.6,801,3.0,22.5,45.0,0,6.1,23.5,0.5,1.0,62.5,5,1,0.3053,Estabilizado,Operação Normal
2026-08-22T18:22:54.281376,7049-10,1912,1,TERM. CAMPO LIMPO,PQ. DO LAGO,5,15:22,12,5.0,13,20.0,22.08,21.7,0.0,10000,3.6,801,3.0,22.5,45.0,0,6.1,23.5,0.5,1.0,62.5,15,3,0.3053,Estabilizado,Operação Normal
2026-08-22T18:22:54.281376,3742-10,33810,2,METRÔ ITAQUERA,JD. LARANJEIRA,5,15:22,5,12.0,5,20.0,22.08,21.7,0.0,10000,3.6,801,3.0,22.5,45.0,0,6.1,23.5,0.5,1.0,60.0,6,1,0.299,Estabilizado,Operação Normal
2026-08-22T18:22:54.281376,5391-10,32939,2,LGO. SÃO FRANCISCO,JD. ÂNGELA,5,15:22,11,5.5,12,20.0,22.08,21.7,0.0,10000,3.6,801,3.0,22.5,45.0,0,6.1,23.5,0.5,1.0,63.64,14,3,0.3081,Estabilizado,Operação Normal
2026-08-22T18:22:54.281376,546T-10,33040,2,TERM. STO. AMARO,VL. GUACURI,5,15:22,10,6.0,11,20.0,22.08,21.7,0.0,10000,3.6,801,3.0,22.5,45.0,0,6.1,23.5,0.5,1.0,65.0,13,3,0.3115,Estabilizado,Operação Normal
2026-08-22T18:22:54.281376,2755-10,233,1,METRÔ PENHA,GUAIANASES,5,15:22,5,12.0,5,20.0,22.08,21.7,0.0,10000,3.6,801,3.0,22.5,45.0,0,6.1,23.5,0.5,1.0,60.0,6,1,0.299,Estabilizado,Operação Normal
2026-08-22T18:22:54.281376,748R-10,501,1,METRÔ BARRA FUNDA,JD. JOÃO XXIII,5,15:22,5,12.0,5,20.0,22.08,21.7,0.0,10000,3.6,801,3.0,22.5,45.0,0,6.1,23.5,0.5,1.0,60.0,6,1,0.299,Estabilizado,Operação Normal
2026-08-22T18:22:54.281376,478P-10,33117,2,VL. ROMANA,SACOMÃ,5,15:22,3,20.0,3,20.0,22.08,21.7,0.0,10000,3.6,801,3.0,22.5,45.0,0,6.1,23.5,0.5,1.0,66.67,4,1,0.3157,Estabilizado,Operação Normal
2026-08-22T18:22:54.281376,2765-10,32913,2,METRÔ TATUAPÉ,VL. CISPER,5,15:22,4,15.0,4,20.0,22.08,21.7,0.0,10000,3.6,801,3.0,22.5,45.0,0,6.1,23.5,0.5,1.0,62.5,5,1,0.3053,Estabilizado,Operação Normal
2026-08-22T18:22:54.281376,2703-10,915,1,METRÔ ITAQUERA,JD. ETELVINA,5,15:22,12,5.0,13,20.0,22.08,21.7,0.0,10000,3.6,801,3.0,22.5,45.0,0,6.1,23.5,0.5,1.0,62.5,15,3,0.3053,Estabilizado,Operação Normal
2026-08-22T18:22:54.281376,407P-10,2200,1,METRÔ TATUAPÉ,TERM. CID. TIRADENTES,5,15:22,5,12.0,5,20.0,22.08,21.7,0.0,10000,3.6,801,3.0,22.5,45.0,0,6.1,23.5,0.5,1.0,60.0,6,1,0.299,Estabilizado,Operação Normal
2026-08-22T18:22:54.281376,576C-10,1290,1,TERM. STO. AMARO,METRÔ JABAQUARA,5,15:22,6,10.0,6,20.0,22.08,21.7,0.0,10000,3.6,801,3.0,22.5,45.0,0,6.1,23.5,0.5,1.0,58.33,7,1,0.2948,Estabilizado,Operação Normal
2026-08-22T18:22:54.281376,2523-10,33018,2,TERM. A. E. CARVALHO,VL. PROGRESSO,5,15:22,3,20.0,3,20.0,22.08,21.7,0.0,10000,3.6,801,3.0,22.5,45.0,0,6.1,23.5,0.5,1.0,66.67,4,1,0.3157,Estabilizado,Operação Normal
2026-08-22T18:22:54.281376,7005-10,1998,1,JD. ÂNGELA,JD. VERA CRUZ,5,15:22,4,15.0,4,20.0,22.08,21.7,0.0,10000,3.6,801,3.0,22.5,45.0,0,6.1,23.5,0.5,1.0,62.5,5,1,0.3053,Estabilizado,Operação Normal
2026-08-22T18:22:54.281376,2161-10,33462,2,PÇA. DO CORREIO,PQ. EDU CHAVES,5,15:22,5,12.0,5,20.0,22.08,21.7,0.0,10000,3.6,801,3.0,22.5,45.0,0,6.1,23.5,0.5,1.0,60.0,6,1,0.299,Estabilizado,Operação Normal
2026-08-22T18:22:54.281376,3731-10,1028,1,SHOP. ARICANDUVA,METRÔ VL. MATILDE,5,15:22,8,7.5,8,20.0,22.08,21.7,0.0,10000,3.6,801,3.0,22.5,45.0,0,6.1,23.5,0.5,1.0,62.5,10,2,0.3053,Estabilizado,Operação Normal
2026-08-22T18:22:54.281376,4716-10,33874,2,METRÔ STA. CRUZ,METRÔ TAMANDUATEÍ,5,15:22,4,15.0,4,20.0,22.08,21.7,0.0,10000,3.6,801,3.0,22.5,45.0,0,6.1,23.5,0.5,1.0,62.5,5,1,0.3053,Estabilizado,Operação Normal
2026-08-22T18:22:54.281376,6837-10,6,1,TERM. CAPELINHA,SHOP. PORTAL,5,15:22,6,10.0,6,20.0,22.08,21.7,0.0,10000,3.6,801,3.0,22.5,45.0,0,6.1,23.5,0.5,1.0,58.33,7,1,0.2948,Estabilizado,Operação Normal
2026-08-22T18:22:54.281376,809A-10,2069,1,TERM. PINHEIROS,JD. D'ABRIL,5,15:22,5,12.0,5,20.0,22.08,21.7,0.0,10000,3.6,801,3.0,22.5,45.0,0,6.1,23.5,0.5,1.0,60.0,6,1,0.299,Estabilizado,Operação Normal
2026-08-22T18:22:54.281376,6039-21,35261,2,COHAB JD. SÃO BENTO,TERM. CAPELINHA,5,15:22,3,20.0,3,20.0,22.08,21.7,0.0,10000,3.6,801,3.0,22.5,45.0,0,6.1,23.5,0.5,1.0,66.67,4,1,0.3157,Estabilizado,Operação Normal
2026-08-22T18:22:54.281376,3459-10,402,1,TERM. PQ. D. PEDRO II,ITAIM PAULISTA,5,15:22,32,3.0,35,20.0,22.08,21.7,0.0,10000,3.6,801,3.0,22.5,45.0,0,6.1,23.5,0.5,1.0,64.06,41,9,0.3092,Estabilizado,Operação Normal
2026-08-22T18:22:54.281376,5370-10,1442,1,LGO. SÃO FRANCISCO,TERM. VARGINHA,5,15:22,9,6.7,9,20.0,22.08,21.7,0.0,10000,3.6,801,3.0,22.5,45.0,0,6.1,23.5,0.5,1.0,61.11,11,2,0.3018,Estabilizado,Operação Normal
2026-08-22T18:22:54.281376,6010-10,1202,1,TERM. GUARAPIRANGA,CHÁC. STA. MARIA,5,15:22,4,15.0,4,20.0,22.08,21.7,0.0,10000,3.6,801,3.0,22.5,45.0,0,6.1,23.5,0.5,1.0,62.5,5,1,0.3053,Estabilizado,Operação Normal
2026-08-22T18:22:54.281376,6913-10,34233,2,TERM. BANDEIRA,TERM. VARGINHA,5,15:22,6,10.0,6,20.0,22.08,21.7,0.0,10000,3.6,801,3.0,22.5,45.0,0,6.1,23.5,0.5,1.0,58.33,7,1,0.2948,Estabilizado,Operação Normal
2026-08-22T18:22:54.281376,2032-10,2266,1,METRÔ CARANDIRU,JD. BRASIL,5,15:22,2,30.0,2,20.0,22.08,21.7,0.0,10000,3.6,801,3.0,22.5,45.0,0,6.1,23.5,0.5,0.667,75.0,3,1,0.3698,Estabilizado,Operação Normal
2026-08-22T18:22:54.281376,6823-10,34,1,TERM. CAPELINHA,JD. GUARUJÁ,5,15:22,1,60.0,1,20.0,22.08,21.7,0.0,10000,3.6,801,3.0,22.5,45.0,0,6.1,23.5,0.5,0.333,100.0,2,1,0.4657,Estabilizado,Operação Normal
2026-08-22T18:22:54.281376,6450-10,59,1,TERM. BANDEIRA,TERM. CAPELINHA,5,15:22,6,10.0,6,20.0,22.08,21.7,0.0,10000,3.6,801,3.0,22.5,45.0,0,6.1,23.5,0.5,1.0,58.33,7,1,0.2948,Estabilizado,Operação Normal
2026-08-22T18:22:54.281376,513C-10,2535,1,SÃO MATEUS,VL. CALIFÓRNIA,5,15:22,2,30.0,2,20.0,22.08,21.7,0.0,10000,3.6,801,3.0,22.5,45.0,0,6.1,23.5,0.5,0.667,75.0,3,1,0.3698,Estabilizado,Operação Normal
2026-08-22T18:22:54.281376,5106-10,34048,2,LGO. SÃO FRANCISCO,MAR PAULISTA,5,15:22,5,12.0,5,20.0,22.08,21.7,0.0,10000,3.6,801,3.0,22.5,45.0,0,6.1,23.5,0.5,1.0,60.0,6,1,0.299,Estabilizado,Operação Normal
2026-08-22T18:22:54.281376,971R-10,33382,2,METRÔ SANTANA,CPTM JARAGUÁ,5,15:22,12,5.0,13,20.0,22.08,21.7,0.0,10000,3.6,801,3.0,22.5,45.0,0,6.1,23.5,0.5,1.0,62.5,15,3,0.3053,Estabilizado,Operação Normal
2026-08-22T18:22:54.281376,5105-10,1651,1,TERM. MERCADO,TERM. SACOMÃ,5,15:22,6,10.0,6,20.0,22.08,21.7,0.0,10000,3.6,801,3.0,22.5,45.0,0,6.1,23.5,0.5,1.0,58.33,7,1,0.2948,Estabilizado,Operação Normal
2026-08-22T18:22:54.281376,4012-10,2185,1,TERM. SÃO MATEUS,JD. IGUATEMI,5,15:22,4,15.0,4,20.0,22.08,21.7,0.0,10000,3.6,801,3.0,22.5,45.0,0,6.1,23.5,0.5,1.0,62.5,5,1,0.3053,Estabilizado,Operação Normal
2026-08-22T18:22:54.281376,139A-10,2451,1,LAPA,VL. IÓRIO,5,15:22,1,60.0,1,20.0,22.08,21.7,0.0,10000,3.6,801,3.0,22.5,45.0,0,6.1,23.5,0.5,0.333,100.0,2,1,0.4657,Estabilizado,Operação Normal
2026-08-22T18:22:54.281376,6014-10,188,1,TERM. STO. AMARO,TERM. JD. JACIRA,5,15:22,4,15.0,4,20.0,22.08,21.7,0.0,10000,3.6,801,3.0,22.5,45.0,0,6.1,23.5,0.5,1.0,62.5,5,1,0.3053,Estabilizado,Operação Normal
2026-08-22T18:22:54.281376,1783-10,33412,2,METRÔ SANTANA,CACHOEIRA,5,15:22,6,10.0,6,20.0,22.08,21.7,0.0,10000,3.6,801,3.0,22.5,45.0,0,6.1,23.5,0.5,1.0,58.33,7,1,0.2948,Estabilizado,Operação Normal
2026-08-22T18:22:54.281376,6037-10,33983,2,TERM. CAPELINHA,JD. MITSUTANI,5,15:22,4,15.0,4,20.0,22.08,21.7,0.0,10000,3.6,801,3.0,22.5,45.0,0,6.1,23.5,0.5,1.0,62.5,5,1,0.3053,Estabilizado,Operação Normal
2026-08-22T18:22:54.281376,577T-10,34059,2,METRÔ ANA ROSA,JD. MIRIAM,5,15:22,5,12.0,5,20.0,22.08,21.7,0.0,10000,3.6,801,3.0,22.5,45.0,0,6.1,23.5,0.5,1.0,60.0,6,1,0.299,Estabilizado,Operação Normal
2026-08-22T18:22:54.281376,637P-10,47,1,TERM. PINHEIROS,TERM. STO. AMARO,5,15:22,7,8.6,7,20.0,22.08,21.7,0.0,10000,3.6,801,3.0,22.5,45.0,0,6.1,23.5,0.5,1.0,64.29,9,2,0.3097,Estabilizado,Operação Normal
2026-08-22T18:22:54.281376,637G-10,32869,2,PINHEIROS,GRAJAÚ,5,15:22,6,10.0,6,20.0,22.08,21.7,0.0,10000,3.6,801,3.0,22.5,45.0,0,6.1,23.5,0.5,1.0,58.33,7,1,0.2948,Estabilizado,Operação Normal
2026-08-22T18:22:54.281376,7004-10,34760,2,EST. STO. AMARO/GUIDO CALOI,TERM. JD. JACIRA,5,15:22,10,6.0,11,20.0,22.08,21.7,0.0,10000,3.6,801,3.0,22.5,45.0,0,6.1,23.5,0.5,1.0,65.0,13,3,0.3115,Estabilizado,Operação Normal
2026-08-22T18:22:54.281376,1721-10,33434,2,METRÔ CARANDIRU,VL. SABRINA,5,15:22,3,20.0,3,20.0,22.08,21.7,0.0,10000,3.6,801,3.0,22.5,45.0,0,6.1,23.5,0.5,1.0,66.67,4,1,0.3157,Estabilizado,Operação Normal
2026-08-22T18:22:54.281376,1730-10,33633,2,METRÔ SANTANA,CENTER NORTE,5,15:22,2,30.0,2,20.0,22.08,21.7,0.0,10000,3.6,801,3.0,22.5,45.0,0,6.1,23.5,0.5,0.667,75.0,3,1,0.3698,Estabilizado,Operação Normal
2026-08-22T18:22:54.281376,5759-31,1139,1,METRÔ CONCEIÇÃO,PQ. PRIMAVERA,5,15:22,4,15.0,4,20.0,22.08,21.7,0.0,10000,3.6,801,3.0,22.5,45.0,0,6.1,23.5,0.5,1.0,62.5,5,1,0.3053,Estabilizado,Operação Normal
2026-08-22T18:22:54.281376,7458-10,496,1,TERM. VL. SÔNIA,JD. BOA VISTA,5,15:22,3,20.0,3,20.0,22.08,21.7,0.0,10000,3.6,801,3.0,22.5,45.0,0,6.1,23.5,0.5,1.0,66.67,4,1,0.3157,Estabilizado,Operação Normal
2026-08-22T18:22:54.281376,4030-10,1100,1,SHOP. ARICANDUVA,FAZENDA DA JUTA,5,15:22,5,12.0,5,20.0,22.08,21.7,0.0,10000,3.6,801,3.0,22.5,45.0,0,6.1,23.5,0.5,1.0,60.0,6,1,0.299,Estabilizado,Operação Normal
2026-08-22T18:22:54.281376,1760-10,33325,2,SHOP. CENTER NORTE,COHAB ANTÁRTICA,5,15:22,5,12.0,5,20.0,22.08,21.7,0.0,10000,3.6,801,3.0,22.5,45.0,0,6.1,23.5,0.5,1.0,60.0,6,1,0.299,Estabilizado,Operação Normal
2026-08-22T18:22:54.281376,709P-10,1993,1,TERM. PINHEIROS,EST. STO. AMARO/GUIDO CALOI,5,15:22,2,30.0,2,20.0,22.08,21.7,0.0,10000,3.6,801,3.0,22.5,45.0,0,6.1,23.5,0.5,0.667,75.0,3,1,0.3698,Estabilizado,Operação Normal
2026-08-22T18:22:54.281376,756A-10,33561,2,TERM. ÁGUA ESPRAIADA,JD. PAULO VI,5,15:22,4,15.0,4,20.0,22.08,21.7,0.0,10000,3.6,801,3.0,22.5,45.0,0,6.1,23.5,0.5,1.0,62.5,5,1,0.3053,Estabilizado,Operação Normal
2026-08-22T18:22:54.281376,5757-10,1288,1,METRÔ CONCEIÇÃO,CID. JÚLIA,5,15:22,4,15.0,4,20.0,22.08,21.7,0.0,10000,3.6,801,3.0,22.5,45.0,0,6.1,23.5,0.5,1.0,62.5,5,1,0.3053,Estabilizado,Operação Normal
2026-08-22T18:22:54.281376,178L-10,33328,2,HOSP. DAS CLÍNICAS,LAUZANE PAULISTA,5,15:22,4,15.0,4,20.0,22.08,21.7,0.0,10000,3.6,801,3.0,22.5,45.0,0,6.1,23.5,0.5,1.0,62.5,5,1,0.3053,Estabilizado,Operação Normal
2026-08-22T18:22:54.281376,2756-10,238,1,METRÔ PATRIARCA,GUAIANASES,5,15:22,3,20.0,3,20.0,22.08,21.7,0.0,10000,3.6,801,3.0,22.5,45.0,0,6.1,23.5,0.5,1.0,66.67,4,1,0.3157,Estabilizado,Operação Normal
2026-08-22T18:22:54.281376,2028-10,2263,1,METRÔ TUCURUVI,VL. AYROSA,5,15:22,1,60.0,1,20.0,22.08,21.7,0.0,10000,3.6,801,3.0,22.5,45.0,0,6.1,23.5,0.5,0.333,100.0,2,1,0.4657,Estabilizado,Operação Normal
2026-08-22T18:22:54.281376,3390-10,738,1,TERM. PQ. D. PEDRO II,SÃO MATEUS,5,15:22,5,12.0,5,20.0,22.08,21.7,0.0,10000,3.6,801,3.0,22.5,45.0,0,6.1,23.5,0.5,1.0,60.0,6,1,0.299,Estabilizado,Operação Normal
2026-08-22T18:22:54.281376,172X-10,33629,2,METRÔ TATUAPÉ,PQ. NOVO MUNDO,5,15:22,8,7.5,8,20.0,22.08,21.7,0.0,10000,3.6,801,3.0,22.5,45.0,0,6.1,23.5,0.5,1.0,62.5,10,2,0.3053,Estabilizado,Operação Normal
2026-08-22T18:22:54.281376,312N-10,990,1,SÃO MIGUEL PAULISTA,TERM. CID. TIRADENTES,5,15:22,6,10.0,6,20.0,22.08,21.7,0.0,10000,3.6,801,3.0,22.5,45.0,0,6.1,23.5,0.5,1.0,58.33,7,1,0.2948,Estabilizado,Operação Normal
2026-08-22T18:22:54.281376,3054-10,33743,2,HOSP. SAPOPEMBA,JD. PALANQUE,5,15:22,5,12.0,5,20.0,22.08,21.7,0.0,10000,3.6,801,3.0,22.5,45.0,0,6.1,23.5,0.5,1.0,60.0,6,1,0.299,Estabilizado,Operação Normal
2026-08-22T18:22:54.281376,546J-31,2015,1,STO. AMARO,JD. SELMA,5,15:22,3,20.0,3,20.0,22.08,21.7,0.0,10000,3.6,801,3.0,22.5,45.0,0,6.1,23.5,0.5,1.0,66.67,4,1,0.3157,Estabilizado,Operação Normal
2026-08-22T18:22:54.281376,407L-10,2199,1,METRÔ GUILHERMINA/ESPERANÇA,BARRO BRANCO,5,15:22,10,6.0,11,20.0,22.08,21.7,0.0,10000,3.6,801,3.0,22.5,45.0,0,6.1,23.5,0.5,1.0,65.0,13,3,0.3115,Estabilizado,Operação Normal
2026-08-22T18:22:54.281376,516N-10,33034,2,PÇA. D. GASTÃO,JD. MIRIAM,5,15:22,7,8.6,7,20.0,22.08,21.7,0.0,10000,3.6,801,3.0,22.5,45.0,0,6.1,23.5,0.5,1.0,64.29,9,2,0.3097,Estabilizado,Operação Normal
2026-08-22T18:22:54.281376,2182-10,700,1,PÇA. DO CORREIO,JD. BRASIL,5,15:22,4,15.0,4,20.0,22.08,21.7,0.0,10000,3.6,801,3.0,22.5,45.0,0,6.1,23.5,0.5,1.0,62.5,5,1,0.3053,Estabilizado,Operação Normal
2026-08-22T18:22:54.281376,5032-10,34430,2,TERM. SACOMÃ,VL. ARAPUÁ,5,15:22,4,15.0,4,20.0,22.08,21.7,0.0,10000,3.6,801,3.0,22.5,45.0,0,6.1,23.5,0.5,1.0,62.5,5,1,0.3053,Estabilizado,Operação Normal
2026-08-22T18:22:54.281376,2127-10,33461,2,LIBERDADE,PQ. EDU CHAVES,5,15:22,5,12.0,5,20.0,22.08,21.7,0.0,10000,3.6,801,3.0,22.5,45.0,0,6.1,23.5,0.5,1.0,60.0,6,1,0.299,Estabilizado,Operação Normal
2026-08-22T18:22:54.281376,374M-10,1965,1,METRÔ ITAQUERA,CPTM ERMELINO MATARAZZO,5,15:22,3,20.0,3,20.0,22.08,21.7,0.0,10000,3.6,801,3.0,22.5,45.0,0,6.1,23.5,0.5,1.0,66.67,4,1,0.3157,Estabilizado,Operação Normal
2026-08-22T18:22:54.281376,7052-10,34654,2,TERM. CAMPO LIMPO,JD. HELGA,5,15:22,2,30.0,2,20.0,22.08,21.7,0.0,10000,3.6,801,3.0,22.5,45.0,0,6.1,23.5,0.5,0.667,75.0,3,1,0.3698,Estabilizado,Operação Normal
2026-08-22T18:22:54.281376,6414-10,33128,2,TERM. BANDEIRA,SOCORRO,5,15:22,6,10.0,6,20.0,22.08,21.7,0.0,10000,3.6,801,3.0,22.5,45.0,0,6.1,23.5,0.5,1.0,58.33,7,1,0.2948,Estabilizado,Operação Normal
2026-08-22T18:22:54.281376,263J-10,32987,2,CONJ. JOSÉ BONIFÁCIO,PENHA,5,15:22,4,15.0,4,20.0,22.08,21.7,0.0,10000,3.6,801,3.0,22.5,45.0,0,6.1,23.5,0.5,1.0,62.5,5,1,0.3053,Estabilizado,Operação Normal
2026-08-22T18:22:54.281376,5106-31,34073,2,METRÔ ANA ROSA,JD. UBIRAJARA,5,15:22,8,7.5,8,20.0,22.08,21.7,0.0,10000,3.6,801,3.0,22.5,45.0,0,6.1,23.5,0.5,1.0,62.5,10,2,0.3053,Estabilizado,Operação Normal
2026-08-22T18:22:54.281376,637A-10,185,1,TERM. PINHEIROS,TERM. JD. ÂNGELA,5,15:22,10,6.0,11,20.0,22.08,21.7,0.0,10000,3.6,801,3.0,22.5,45.0,0,6.1,23.5,0.5,1.0,65.0,13,3,0.3115,Estabilizado,Operação Normal
2026-08-22T18:22:54.281376,7012-10,2043,1,TERM. GUARAPIRANGA,PQ. DO LAGO,5,15:22,2,30.0,2,20.0,22.08,21.7,0.0,10000,3.6,801,3.0,22.5,45.0,0,6.1,23.5,0.5,0.667,75.0,3,1,0.3698,Estabilizado,Operação Normal
2026-08-22T18:22:54.281376,6115-10,1185,1,TERM. GRAJAÚ,CANTINHO DO CÉU,5,15:22,4,15.0,4,20.0,22.08,21.7,0.0,10000,3.6,801,3.0,22.5,45.0,0,6.1,23.5,0.5,1.0,62.5,5,1,0.3053,Estabilizado,Operação Normal
2026-08-22T18:22:54.281376,5185-10,1308,1,TERM. PQ. D. PEDRO II,TERM. GUARAPIRANGA,5,15:22,5,12.0,5,20.0,22.08,21.7,0.0,10000,3.6,801,3.0,22.5,45.0,0,6.1,23.5,0.5,1.0,60.0,6,1,0.299,Estabilizado,Operação Normal
2026-08-22T18:22:54.281376,272N-10,33473,2,PQ. D. PEDRO II,PQ. NOVO MUNDO,5,15:22,2,30.0,2,20.0,22.08,21.7,0.0,10000,3.6,801,3.0,22.5,45.0,0,6.1,23.5,0.5,0.667,75.0,3,1,0.3698,Estabilizado,Operação Normal
2026-08-22T18:22:54.281376,707K-10,2503,1,METRÔ JABAQUARA,TERM. GUARAPIRANGA,5,15:22,5,12.0,5,20.0,22.08,21.7,0.0,10000,3.6,801,3.0,22.5,45.0,0,6.1,23.5,0.5,1.0,60.0,6,1,0.299,Estabilizado,Operação Normal
2026-08-22T18:22:54.281376,2707-10,33687,2,METRÔ ITAQUERA,CHABILÂNDIA,5,15:22,7,8.6,7,20.0,22.08,21.7,0.0,10000,3.6,801,3.0,22.5,45.0,0,6.1,23.5,0.5,1.0,64.29,9,2,0.3097,Estabilizado,Operação Normal
2026-08-22T18:22:54.281376,1019-10,35263,2,TERM. PIRITUBA,SOL NASCENTE,5,15:22,3,20.0,3,20.0,22.08,21.7,0.0,10000,3.6,801,3.0,22.5,45.0,0,6.1,23.5,0.5,1.0,66.67,4,1,0.3157,Estabilizado,Operação Normal
2026-08-22T18:22:54.281376,407F-10,2167,1,METRÔ BELÉM,TERM. SÃO MATEUS,5,15:22,3,20.0,3,20.0,22.08,21.7,0.0,10000,3.6,801,3.0,22.5,45.0,0,6.1,23.5,0.5,1.0,66.67,4,1,0.3157,Estabilizado,Operação Normal
2026-08-22T18:22:54.281376,4092-10,34644,2,SETOR IIB,TERM. CID. TIRADENTES,5,15:22,2,30.0,2,20.0,22.08,21.7,0.0,10000,3.6,801,3.0,22.5,45.0,0,6.1,23.5,0.5,0.667,75.0,3,1,0.3698,Estabilizado,Operação Normal
2026-08-22T18:22:54.281376,3762-10,1053,1,METRÔ TATUAPÉ,JD. IVA,5,15:22,4,15.0,4,20.0,22.08,21.7,0.0,10000,3.6,801,3.0,22.5,45.0,0,6.1,23.5,0.5,1.0,62.5,5,1,0.3053,Estabilizado,Operação Normal
2026-08-22T18:22:54.281376,2012-10,2281,1,SHOP.D,VL. MEDEIROS,5,15:22,2,30.0,2,20.0,22.08,21.7,0.0,10000,3.6,801,3.0,22.5,45.0,0,6.1,23.5,0.5,0.667,75.0,3,1,0.3698,Estabilizado,Operação Normal
2026-08-22T18:22:54.281376,9047-10,883,1,LAPA,JD. PAULISTANO,5,15:22,4,15.0,4,20.0,22.08,21.7,0.0,10000,3.6,801,3.0,22.5,45.0,0,6.1,23.5,0.5,1.0,62.5,5,1,0.3053,Estabilizado,Operação Normal
2026-08-22T18:22:54.281376,707A-10,1990,1,METRÔ PÇA. DA ÁRVORE,JD. ÂNGELA,5,15:22,7,8.6,7,20.0,22.08,21.7,0.0,10000,3.6,801,3.0,22.5,45.0,0,6.1,23.5,0.5,1.0,64.29,9,2,0.3097,Estabilizado,Operação Normal
2026-08-22T18:22:54.281376,737A-10,1730,1,TERM. STO. AMARO,TERM. JD. ÂNGELA,5,15:22,4,15.0,4,20.0,22.08,21.7,0.0,10000,3.6,801,3.0,22.5,45.0,0,6.1,23.5,0.5,1.0,62.5,5,1,0.3053,Estabilizado,Operação Normal
2026-08-22T18:22:54.281376,407R-10,34969,2,METRÔ BELÉM,TERM. VL. CARRÃO,5,15:22,2,30.0,2,20.0,22.08,21.7,0.0,10000,3.6,801,3.0,22.5,45.0,0,6.1,23.5,0.5,0.667,75.0,3,1,0.3698,Estabilizado,Operação Normal
2026-08-22T18:22:54.281376,6036-10,1214,1,TERM. CAPELINHA,JD. MACEDÔNIA,5,15:22,4,15.0,4,20.0,22.08,21.7,0.0,10000,3.6,801,3.0,22.5,45.0,0,6.1,23.5,0.5,1.0,62.5,5,1,0.3053,Estabilizado,Operação Normal
2026-08-22T18:22:54.281376,819A-10,33571,2,JD. PRIMAVERA,CPTM VL. AURORA,5,15:22,9,6.7,9,20.0,22.08,21.7,0.0,10000,3.6,801,3.0,22.5,45.0,0,6.1,23.5,0.5,1.0,61.11,11,2,0.3018,Estabilizado,Operação Normal
2026-08-22T18:22:54.281376,4018-10,2191,1,TERM. SÃO MATEUS,METALÚRGICOS,5,15:22,5,12.0,5,20.0,22.08,21.7,0.0,10000,3.6,801,3.0,22.5,45.0,0,6.1,23.5,0.5,1.0,60.0,6,1,0.299,Estabilizado,Operação Normal
2026-08-22T18:22:54.281376,6836-10,32781,2,TERM. JOÃO DIAS,CAPÃO REDONDO,5,15:22,3,20.0,3,20.0,22.08,21.7,0.0,10000,3.6,801,3.0,22.5,45.0,0,6.1,23.5,0.5,1.0,66.67,4,1,0.3157,Estabilizado,Operação Normal
2026-08-22T18:22:54.281376,253F-10,32926,2,TERM. SÃO MATEUS,TERM. A. E. CARVALHO,5,15:22,6,10.0,6,20.0,22.08,21.7,0.0,10000,3.6,801,3.0,22.5,45.0,0,6.1,23.5,0.5,1.0,58.33,7,1,0.2948,Estabilizado,Operação Normal
2026-08-22T18:22:54.281376,9005-10,872,1,TERM. CACHOEIRINHA,JD. PRINCESA,5,15:22,5,12.0,5,20.0,22.08,21.7,0.0,10000,3.6,801,3.0,22.5,45.0,0,6.1,23.5,0.5,1.0,60.0,6,1,0.299,Estabilizado,Operação Normal
2026-08-22T18:22:54.281376,695H-10,1196,1,TERM. STO. AMARO,JD. HERPLIN,5,15:22,4,15.0,4,20.0,22.08,21.7,0.0,10000,3.6,801,3.0,22.5,45.0,0,6.1,23.5,0.5,1.0,62.5,5,1,0.3053,Estabilizado,Operação Normal
2026-08-22T18:22:54.281376,2762-10,144,1,METRÔ TATUAPÉ,ERMELINO MATARAZZO,5,15:22,3,20.0,3,20.0,22.08,21.7,0.0,10000,3.6,801,3.0,22.5,45.0,0,6.1,23.5,0.5,1.0,66.67,4,1,0.3157,Estabilizado,Operação Normal
2026-08-22T18:22:54.281376,4734-10,1109,1,METRÔ SAÚDE,VL. MORAES,5,15:22,6,10.0,6,20.0,22.08,21.7,0.0,10000,3.6,801,3.0,22.5,45.0,0,6.1,23.5,0.5,1.0,58.33,7,1,0.2948,Estabilizado,Operação Normal
2026-08-22T18:22:54.281376,233C-10,155,1,CERET,TERM. A. E. CARVALHO,5,15:22,5,12.0,5,20.0,22.08,21.7,0.0,10000,3.6,801,3.0,22.5,45.0,0,6.1,23.5,0.5,1.0,60.0,6,1,0.299,Estabilizado,Operação Normal
2026-08-22T18:22:54.281376,2766-10,405,1,METRÔ ITAQUERA,JD. CAMARGO VELHO,5,15:22,4,15.0,4,20.0,22.08,21.7,0.0,10000,3.6,801,3.0,22.5,45.0,0,6.1,23.5,0.5,1.0,62.5,5,1,0.3053,Estabilizado,Operação Normal
2026-08-22T18:22:54.281376,271A-51,33471,2,METRÔ SANTANA,CANGAÍBA,5,15:22,3,20.0,3,20.0,22.08,21.7,0.0,10000,3.6,801,3.0,22.5,45.0,0,6.1,23.5,0.5,1.0,66.67,4,1,0.3157,Estabilizado,Operação Normal
2026-08-22T18:22:54.281376,6820-31,1406,1,TERM. CAPELINHA,JD. DAS ROSAS,5,15:22,2,30.0,2,20.0,22.08,21.7,0.0,10000,3.6,801,3.0,22.5,45.0,0,6.1,23.5,0.5,0.667,75.0,3,1,0.3698,Estabilizado,Operação Normal
2026-08-22T18:22:54.281376,3459-10,33170,2,TERM. PQ. D. PEDRO II,ITAIM PAULISTA,5,15:22,8,7.5,8,20.0,22.08,21.7,0.0,10000,3.6,801,3.0,22.5,45.0,0,6.1,23.5,0.5,1.0,62.5,10,2,0.3053,Estabilizado,Operação Normal
2026-08-22T18:22:54.281376,5128-10,1128,1,METRÔ CONCEIÇÃO,JD. APURÁ,5,15:22,7,8.6,7,20.0,22.08,21.7,0.0,10000,3.6,801,3.0,22.5,45.0,0,6.1,23.5,0.5,1.0,64.29,9,2,0.3097,Estabilizado,Operação Normal
2026-08-22T18:22:54.281376,2714-10,33695,2,VL. RUI BARBOSA,METRÔ VL. MATILDE,5,15:22,3,20.0,3,20.0,22.08,21.7,0.0,10000,3.6,801,3.0,22.5,45.0,0,6.1,23.5,0.5,1.0,66.67,4,1,0.3157,Estabilizado,Operação Normal
2026-08-22T18:22:54.281376,3738-10,33806,2,METRÔ ITAQUERA,COHAB JUSCELINO,5,15:22,8,7.5,8,20.0,22.08,21.7,0.0,10000,3.6,801,3.0,22.5,45.0,0,6.1,23.5,0.5,1.0,62.5,10,2,0.3053,Estabilizado,Operação Normal
2026-08-22T18:22:54.281376,2551-10,32909,2,TERM. PQ. D. PEDRO II,TERM. A. E. CARVALHO,5,15:22,7,8.6,7,20.0,22.08,21.7,0.0,10000,3.6,801,3.0,22.5,45.0,0,6.1,23.5,0.5,1.0,64.29,9,2,0.3097,Estabilizado,Operação Normal
2026-08-22T18:22:54.281376,408A-10,766,1,CARDOSO DE ALMEIDA,MACHADO DE ASSIS,5,15:22,3,20.0,3,20.0,22.08,21.7,0.0,10000,3.6,801,3.0,22.5,45.0,0,6.1,23.5,0.5,1.0,66.67,4,1,0.3157,Estabilizado,Operação Normal
2026-08-22T18:22:54.281376,1024-10,35070,2,CONEXÃO PETRÔNIO PORTELA,JD. CAROMBÉ,5,15:22,4,15.0,4,20.0,22.08,21.7,0.0,10000,3.6,801,3.0,22.5,45.0,0,6.1,23.5,0.5,1.0,62.5,5,1,0.3053,Estabilizado,Operação Normal
2026-08-22T18:22:54.281376,513C-31,2536,1,E.T. ITAQUERA,VL. CALIFÓRNIA,5,15:22,2,30.0,2,20.0,22.08,21.7,0.0,10000,3.6,801,3.0,22.5,45.0,0,6.1,23.5,0.5,0.667,75.0,3,1,0.3698,Estabilizado,Operação Normal
2026-08-22T18:22:54.281376,502J-10,34043,2,METRÔ STA. CRUZ,EST. AUTÓDROMO,5,15:22,3,20.0,3,20.0,22.08,21.7,0.0,10000,3.6,801,3.0,22.5,45.0,0,6.1,23.5,0.5,1.0,66.67,4,1,0.3157,Estabilizado,Operação Normal
2026-08-22T18:22:54.281376,8062-10,420,1,LAPA,PQ. SÃO DOMINGOS,5,15:22,1,60.0,1,20.0,22.08,21.7,0.0,10000,3.6,801,3.0,22.5,45.0,0,6.1,23.5,0.5,0.333,100.0,2,1,0.4657,Estabilizado,Operação Normal
2026-08-22T18:22:54.281376,5178-10,33363,2,PÇA. JOÃO MENDES,JD. MIRIAM,5,15:22,5,12.0,5,20.0,22.08,21.7,0.0,10000,3.6,801,3.0,22.5,45.0,0,6.1,23.5,0.5,1.0,60.0,6,1,0.299,Estabilizado,Operação Normal
2026-08-22T18:22:54.281376,513C-10,35303,2,SÃO MATEUS,VL. CALIFÓRNIA,5,15:22,2,30.0,2,20.0,22.08,21.7,0.0,10000,3.6,801,3.0,22.5,45.0,0,6.1,23.5,0.5,0.667,75.0,3,1,0.3698,Estabilizado,Operação Normal
2026-08-22T18:22:54.281376,971X-10,1695,1,METRÔ SANTANA,TERM. CACHOEIRINHA,5,15:22,4,15.0,4,20.0,22.08,21.7,0.0,10000,3.6,801,3.0,22.5,45.0,0,6.1,23.5,0.5,1.0,62.5,5,1,0.3053,Estabilizado,Operação Normal
2026-08-22T18:22:54.281376,2582-10,33142,2,TERM. PQ. D. PEDRO II,VL. NOVA CURUÇÁ,5,15:22,5,12.0,5,20.0,22.08,21.7,0.0,10000,3.6,801,3.0,22.5,45.0,0,6.1,23.5,0.5,1.0,60.0,6,1,0.299,Estabilizado,Operação Normal
2026-08-22T18:22:54.281376,2718-10,931,1,METRÔ PENHA,VL. SÍLVIA,5,15:22,3,20.0,3,20.0,22.08,21.7,0.0,10000,3.6,801,3.0,22.5,45.0,0,6.1,23.5,0.5,1.0,66.67,4,1,0.3157,Estabilizado,Operação Normal
2026-08-22T18:22:54.281376,576C-10,34058,2,TERM. STO. AMARO,METRÔ JABAQUARA,5,15:22,15,4.0,16,20.0,22.08,21.7,0.0,10000,3.6,801,3.0,22.5,45.0,0,6.1,23.5,0.5,1.0,63.33,19,4,0.3073,Estabilizado,Operação Normal
2026-08-22T18:22:54.281376,6L07-10,34313,2,TERM. VARGINHA,JD. STA. FÉ,5,15:22,3,20.0,3,20.0,22.08,21.7,0.0,10000,3.6,801,3.0,22.5,45.0,0,6.1,23.5,0.5,1.0,66.67,4,1,0.3157,Estabilizado,Operação Normal
2026-08-22T18:22:54.281376,5032-10,1662,1,TERM. SACOMÃ,VL. ARAPUÁ,5,15:22,4,15.0,4,20.0,22.08,21.7,0.0,10000,3.6,801,3.0,22.5,45.0,0,6.1,23.5,0.5,1.0,62.5,5,1,0.3053,Estabilizado,Operação Normal
2026-08-22T18:22:54.281376,6840-10,32969,2,TERM. CAPELINHA,TERM. JD. JACIRA,5,15:22,10,6.0,11,20.0,22.08,21.7,0.0,10000,3.6,801,3.0,22.5,45.0,0,6.1,23.5,0.5,1.0,65.0,13,3,0.3115,Estabilizado,Operação Normal
2026-08-22T18:22:54.281376,675P-10,33043,2,METRÔ CONCEIÇÃO,SHOP. SP MARKET,5,15:22,5,12.0,5,20.0,22.08,21.7,0.0,10000,3.6,801,3.0,22.5,45.0,0,6.1,23.5,0.5,1.0,60.0,6,1,0.299,Estabilizado,Operação Normal
2026-08-22T18:22:54.281376,407K-10,34936,2,METRÔ CARRÃO,TERM. SÃO MATEUS,5,15:22,4,15.0,4,20.0,22.08,21.7,0.0,10000,3.6,801,3.0,22.5,45.0,0,6.1,23.5,0.5,1.0,62.5,5,1,0.3053,Estabilizado,Operação Normal
2026-08-22T18:22:54.281376,514T-10,34439,2,CONJ. TEOTÔNIO VILELA,TERM. SACOMÃ,5,15:22,6,10.0,6,20.0,22.08,21.7,0.0,10000,3.6,801,3.0,22.5,45.0,0,6.1,23.5,0.5,1.0,58.33,7,1,0.2948,Estabilizado,Operação Normal
2026-08-22T18:22:54.281376,5105-10,34419,2,TERM. MERCADO,TERM. SACOMÃ,5,15:22,6,10.0,6,20.0,22.08,21.7,0.0,10000,3.6,801,3.0,22.5,45.0,0,6.1,23.5,0.5,1.0,58.33,7,1,0.2948,Estabilizado,Operação Normal
2026-08-22T18:22:54.281376,1206-10,33610,2,CORREIO,PQ. VL. MARIA,5,15:22,5,12.0,5,20.0,22.08,21.7,0.0,10000,3.6,801,3.0,22.5,45.0,0,6.1,23.5,0.5,1.0,60.0,6,1,0.299,Estabilizado,Operação Normal
2026-08-22T18:22:54.281376,5010-10,33882,2,STO. AMARO,JABAQUARA,5,15:22,5,12.0,5,20.0,22.08,21.7,0.0,10000,3.6,801,3.0,22.5,45.0,0,6.1,23.5,0.5,1.0,60.0,6,1,0.299,Estabilizado,Operação Normal
2026-08-22T18:22:54.281376,1758-10,33320,2,METRÔ SANTANA,JD. ANTÁRTICA,5,15:22,5,12.0,5,20.0,22.08,21.7,0.0,10000,3.6,801,3.0,22.5,45.0,0,6.1,23.5,0.5,1.0,60.0,6,1,0.299,Estabilizado,Operação Normal
2026-08-22T18:22:54.281376,2727-10,942,1,CONJ. A. E. CARVALHO,METRÔ ARTUR ALVIM,5,15:22,6,10.0,6,20.0,22.08,21.7,0.0,10000,3.6,801,3.0,22.5,45.0,0,6.1,23.5,0.5,1.0,58.33,7,1,0.2948,Estabilizado,Operação Normal
2026-08-22T18:22:54.281376,6118-10,33956,2,TERM. STO. AMARO,JD. ICARAÍ,5,15:22,3,20.0,3,20.0,22.08,21.7,0.0,10000,3.6,801,3.0,22.5,45.0,0,6.1,23.5,0.5,1.0,66.67,4,1,0.3157,Estabilizado,Operação Normal
2026-08-22T18:22:54.281376,6072-10,34356,2,TERM. VARGINHA,JD. SÃO NICOLAU,5,15:22,12,5.0,13,20.0,22.08,21.7,0.0,10000,3.6,801,3.0,22.5,45.0,0,6.1,23.5,0.5,1.0,62.5,15,3,0.3053,Estabilizado,Operação Normal
2026-08-22T18:22:54.281376,175P-10,33443,2,ANA ROSA,METRÔ SANTANA,5,15:22,8,7.5,8,20.0,22.08,21.7,0.0,10000,3.6,801,3.0,22.5,45.0,0,6.1,23.5,0.5,1.0,62.5,10,2,0.3053,Estabilizado,Operação Normal
2026-08-22T18:22:54.281376,507T-10,34976,2,METRÔ CARRÃO,TERM. SAPOPEMBA,5,15:22,5,12.0,5,20.0,22.08,21.7,0.0,10000,3.6,801,3.0,22.5,45.0,0,6.1,23.5,0.5,1.0,60.0,6,1,0.299,Estabilizado,Operação Normal
2026-08-22T18:22:54.281376,701H-10,2558,1,CIRCULAR,HOSPITAL GUARAPIRANGA,5,15:22,1,60.0,1,20.0,22.08,21.7,0.0,10000,3.6,801,3.0,22.5,45.0,0,6.1,23.5,0.5,0.333,100.0,2,1,0.4657,Estabilizado,Operação Normal
2026-08-22T18:22:54.281376,5012-10,33884,2,JABAQUARA,VL. GUACURI,5,15:22,11,5.5,12,20.0,22.08,21.7,0.0,10000,3.6,801,3.0,22.5,45.0,0,6.1,23.5,0.5,1.0,63.64,14,3,0.3081,Estabilizado,Operação Normal
2026-08-22T18:22:54.281376,7006-51,34765,2,METRÔ CAPÃO REDONDO,JD. HORIZONTE AZUL,5,15:22,3,20.0,3,20.0,22.08,21.7,0.0,10000,3.6,801,3.0,22.5,45.0,0,6.1,23.5,0.5,1.0,66.67,4,1,0.3157,Estabilizado,Operação Normal
2026-08-22T18:22:54.281376,6806-10,32800,2,TERM. JOÃO DIAS,JD. NOVO ORIENTE,5,15:22,3,20.0,3,20.0,22.08,21.7,0.0,10000,3.6,801,3.0,22.5,45.0,0,6.1,23.5,0.5,1.0,66.67,4,1,0.3157,Estabilizado,Operação Normal
2026-08-22T18:22:54.281376,106A-10,33284,2,ITAIM BIBI,METRÔ SANTANA,5,15:22,12,5.0,13,20.0,22.08,21.7,0.0,10000,3.6,801,3.0,22.5,45.0,0,6.1,23.5,0.5,1.0,62.5,15,3,0.3053,Estabilizado,Operação Normal
2026-08-22T18:22:54.281376,8078-10,34848,2,HOSP. CAMPO LIMPO,JD. DAS PALMAS,5,15:22,4,15.0,4,20.0,22.08,21.7,0.0,10000,3.6,801,3.0,22.5,45.0,0,6.1,23.5,0.5,1.0,62.5,5,1,0.3053,Estabilizado,Operação Normal
2026-08-22T18:22:54.281376,178L-10,560,1,HOSP. DAS CLÍNICAS,LAUZANE PAULISTA,5,15:22,5,12.0,5,20.0,22.08,21.7,0.0,10000,3.6,801,3.0,22.5,45.0,0,6.1,23.5,0.5,1.0,60.0,6,1,0.299,Estabilizado,Operação Normal
2026-08-22T18:22:54.281376,856R-10,34196,2,SOCORRO,LAPA,5,15:22,8,7.5,8,20.0,22.08,21.7,0.0,10000,3.6,801,3.0,22.5,45.0,0,6.1,23.5,0.5,1.0,62.5,10,2,0.3053,Estabilizado,Operação Normal
2026-08-22T18:22:54.281376,4313-10,2173,1,TERM. PQ. D. PEDRO II,TERM. CID. TIRADENTES,5,15:22,12,5.0,13,20.0,22.08,21.7,0.0,10000,3.6,801,3.0,22.5,45.0,0,6.1,23.5,0.5,1.0,62.5,15,3,0.3053,Estabilizado,Operação Normal
2026-08-22T18:22:54.281376,2722-31,936,1,JD. VERÔNIA,METRÔ GUILHERMINA/ESPERANÇA,5,15:22,2,30.0,2,20.0,22.08,21.7,0.0,10000,3.6,801,3.0,22.5,45.0,0,6.1,23.5,0.5,0.667,75.0,3,1,0.3698,Estabilizado,Operação Normal
2026-08-22T18:22:54.281376,3051-10,35214,2,TERM. A. E. CARVALHO,ERMELINO MATARAZZO,5,15:22,3,20.0,3,20.0,22.08,21.7,0.0,10000,3.6,801,3.0,22.5,45.0,0,6.1,23.5,0.5,1.0,66.67,4,1,0.3157,Estabilizado,Operação Normal
2026-08-22T18:22:54.281376,856R-10,1428,1,SOCORRO,LAPA,5,15:22,3,20.0,3,20.0,22.08,21.7,0.0,10000,3.6,801,3.0,22.5,45.0,0,6.1,23.5,0.5,1.0,66.67,4,1,0.3157,Estabilizado,Operação Normal
2026-08-22T18:22:54.281376,9011-10,33646,2,TERM. CACHOEIRINHA,CPTM JARAGUÁ,5,15:22,6,10.0,6,20.0,22.08,21.7,0.0,10000,3.6,801,3.0,22.5,45.0,0,6.1,23.5,0.5,1.0,58.33,7,1,0.2948,Estabilizado,Operação Normal
2026-08-22T18:22:54.281376,2363-10,32903,2,TERM. PQ. D. PEDRO II,JD. DANFER,5,15:22,5,12.0,5,20.0,22.08,21.7,0.0,10000,3.6,801,3.0,22.5,45.0,0,6.1,23.5,0.5,1.0,60.0,6,1,0.299,Estabilizado,Operação Normal
2026-08-22T18:22:54.281376,675X-10,111,1,AACD-SERVIDOR,TERM. GRAJAÚ,5,15:22,4,15.0,4,20.0,22.08,21.7,0.0,10000,3.6,801,3.0,22.5,45.0,0,6.1,23.5,0.5,1.0,62.5,5,1,0.3053,Estabilizado,Operação Normal
2026-08-22T18:22:54.281376,7005-51,1999,1,METRÔ CAPÃO REDONDO ,JD. VERA CRUZ,5,15:22,2,30.0,2,20.0,22.08,21.7,0.0,10000,3.6,801,3.0,22.5,45.0,0,6.1,23.5,0.5,0.667,75.0,3,1,0.3698,Estabilizado,Operação Normal
2026-08-22T18:22:54.281376,6042-10,33987,2,STO. AMARO,JD. TRÊS ESTRELAS,5,15:22,2,30.0,2,20.0,22.08,21.7,0.0,10000,3.6,801,3.0,22.5,45.0,0,6.1,23.5,0.5,0.667,75.0,3,1,0.3698,Estabilizado,Operação Normal
2026-08-22T18:22:54.281376,647A-10,1315,1,PINHEIROS,VALO VELHO,5,15:22,5,12.0,5,20.0,22.08,21.7,0.0,10000,3.6,801,3.0,22.5,45.0,0,6.1,23.5,0.5,1.0,60.0,6,1,0.299,Estabilizado,Operação Normal
2026-08-22T18:22:54.281376,3721-41,34461,2,METRÔ ITAQUERA,SHOP. ARICANDUVA,5,15:22,6,10.0,6,20.0,22.08,21.7,0.0,10000,3.6,801,3.0,22.5,45.0,0,6.1,23.5,0.5,1.0,58.33,7,1,0.2948,Estabilizado,Operação Normal
2026-08-22T18:22:54.281376,3032-10,33488,2,CIRCULAR,TERM. VL. CARRÃO,5,15:22,2,30.0,2,20.0,22.08,21.7,0.0,10000,3.6,801,3.0,22.5,45.0,0,6.1,23.5,0.5,0.667,75.0,3,1,0.3698,Estabilizado,Operação Normal
2026-08-22T18:22:54.281376,2031-10,367,1,TERM. A. E. CARVALHO,CID. KEMEL II,5,15:22,2,30.0,2,20.0,22.08,21.7,0.0,10000,3.6,801,3.0,22.5,45.0,0,6.1,23.5,0.5,0.667,75.0,3,1,0.3698,Estabilizado,Operação Normal
2026-08-22T18:22:54.281376,677A-10,1239,1,ITAIM BIBI,TERM. JD. ÂNGELA,5,15:22,6,10.0,6,20.0,22.08,21.7,0.0,10000,3.6,801,3.0,22.5,45.0,0,6.1,23.5,0.5,1.0,58.33,7,1,0.2948,Estabilizado,Operação Normal
2026-08-22T18:22:54.281376,2018-10,33672,2,SÃO MIGUEL,JD. CAMPOS,5,15:22,2,30.0,2,20.0,22.08,21.7,0.0,10000,3.6,801,3.0,22.5,45.0,0,6.1,23.5,0.5,0.667,75.0,3,1,0.3698,Estabilizado,Operação Normal
2026-08-22T18:22:54.281376,414P-10,33873,2,TERM. NORTE METRÔ CARRÃO,VL. INDUSTRIAL,5,15:22,5,12.0,5,20.0,22.08,21.7,0.0,10000,3.6,801,3.0,22.5,45.0,0,6.1,23.5,0.5,1.0,60.0,6,1,0.299,Estabilizado,Operação Normal
2026-08-22T18:22:54.281376,177Y-10,33635,2,PINHEIROS,METRÔ BARRA FUNDA,5,15:22,3,20.0,3,20.0,22.08,21.7,0.0,10000,3.6,801,3.0,22.5,45.0,0,6.1,23.5,0.5,1.0,66.67,4,1,0.3157,Estabilizado,Operação Normal
2026-08-22T18:22:54.281376,5031-10,34514,2,TERM. SACOMÃ,VL. ARAPUÁ,5,15:22,10,6.0,11,20.0,22.08,21.7,0.0,10000,3.6,801,3.0,22.5,45.0,0,6.1,23.5,0.5,1.0,65.0,13,3,0.3115,Estabilizado,Operação Normal
2026-08-22T18:22:54.281376,2523-10,250,1,TERM. A. E. CARVALHO,VL. PROGRESSO,5,15:22,2,30.0,2,20.0,22.08,21.7,0.0,10000,3.6,801,3.0,22.5,45.0,0,6.1,23.5,0.5,0.667,75.0,3,1,0.3698,Estabilizado,Operação Normal
2026-08-22T18:22:54.281376,6035-10,33981,2,STO. AMARO,VL. GILDA,5,15:22,7,8.6,7,20.0,22.08,21.7,0.0,10000,3.6,801,3.0,22.5,45.0,0,6.1,23.5,0.5,1.0,64.29,9,2,0.3097,Estabilizado,Operação Normal
2026-08-22T18:22:54.281376,809L-10,34717,2,LAPA,CAMPO LIMPO,5,15:22,9,6.7,9,20.0,22.08,21.7,0.0,10000,3.6,801,3.0,22.5,45.0,0,6.1,23.5,0.5,1.0,61.11,11,2,0.3018,Estabilizado,Operação Normal
2026-08-22T18:22:54.281376,6056-10,1147,1,TERM. GRAJAÚ,PQ. STA. CECÍLIA,5,15:22,2,30.0,2,20.0,22.08,21.7,0.0,10000,3.6,801,3.0,22.5,45.0,0,6.1,23.5,0.5,0.667,75.0,3,1,0.3698,Estabilizado,Operação Normal
2026-08-22T18:22:54.281376,2722-31,33704,2,JD. VERÔNIA,METRÔ GUILHERMINA/ESPERANÇA,5,15:22,2,30.0,2,20.0,22.08,21.7,0.0,10000,3.6,801,3.0,22.5,45.0,0,6.1,23.5,0.5,0.667,75.0,3,1,0.3698,Estabilizado,Operação Normal
2026-08-22T18:22:54.281376,2076-10,33136,2,TERM. PENHA,JD. DAS OLIVEIRAS,5,15:22,6,10.0,6,20.0,22.08,21.7,0.0,10000,3.6,801,3.0,22.5,45.0,0,6.1,23.5,0.5,1.0,58.33,7,1,0.2948,Estabilizado,Operação Normal
2026-08-22T18:22:54.281376,407N-10,34937,2,METRÔ PENHA,TERM. CID. TIRADENTES,5,15:22,5,12.0,5,20.0,22.08,21.7,0.0,10000,3.6,801,3.0,22.5,45.0,0,6.1,23.5,0.5,1.0,60.0,6,1,0.299,Estabilizado,Operação Normal
2026-08-22T18:22:54.281376,3712-10,33777,2,METRÔ ITAQUERA,JD. SÃO JOÃO,5,15:22,3,20.0,3,20.0,22.08,21.7,0.0,10000,3.6,801,3.0,22.5,45.0,0,6.1,23.5,0.5,1.0,66.67,4,1,0.3157,Estabilizado,Operação Normal
2026-08-22T18:22:54.281376,2712-10,33694,2,SHOP. METRÔ ITAQUERA,JD. SÃO NICOLAU,5,15:22,2,30.0,2,20.0,22.08,21.7,0.0,10000,3.6,801,3.0,22.5,45.0,0,6.1,23.5,0.5,0.667,75.0,3,1,0.3698,Estabilizado,Operação Normal
2026-08-22T18:22:54.281376,5318-10,32813,2,PÇA. DA SÉ,CHÁC. SANTANA,5,15:22,5,12.0,5,20.0,22.08,21.7,0.0,10000,3.6,801,3.0,22.5,45.0,0,6.1,23.5,0.5,1.0,60.0,6,1,0.299,Estabilizado,Operação Normal
2026-08-22T18:22:54.281376,1702-10,33614,2,TIETÊ,JOVA RURAL,5,15:22,9,6.7,9,20.0,22.08,21.7,0.0,10000,3.6,801,3.0,22.5,45.0,0,6.1,23.5,0.5,1.0,61.11,11,2,0.3018,Estabilizado,Operação Normal
2026-08-22T18:22:54.281376,3023-10,960,1,PQ. SÃO RAFAEL,SHOP. ARICANDUVA,5,15:22,5,12.0,5,20.0,22.08,21.7,0.0,10000,3.6,801,3.0,22.5,45.0,0,6.1,23.5,0.5,1.0,60.0,6,1,0.299,Estabilizado,Operação Normal
2026-08-22T18:22:54.281376,8615-10,1339,1,TERM. PQ. D. PEDRO II,PQ. DA LAPA,5,15:22,2,30.0,2,20.0,22.08,21.7,0.0,10000,3.6,801,3.0,22.5,45.0,0,6.1,23.5,0.5,0.667,75.0,3,1,0.3698,Estabilizado,Operação Normal
2026-08-22T18:22:54.281376,6044-10,33989,2,TERM. STO. AMARO,JD. D. JOSÉ,5,15:22,6,10.0,6,20.0,22.08,21.7,0.0,10000,3.6,801,3.0,22.5,45.0,0,6.1,23.5,0.5,1.0,58.33,7,1,0.2948,Estabilizado,Operação Normal
2026-08-22T18:22:54.281376,1016-10,33599,2,SHOP. CENTER NORTE,CEM. DO HORTO,5,15:22,8,7.5,8,20.0,22.08,21.7,0.0,10000,3.6,801,3.0,22.5,45.0,0,6.1,23.5,0.5,1.0,62.5,10,2,0.3053,Estabilizado,Operação Normal
2026-08-22T18:22:54.281376,211L-10,35033,2,LAPA,MANDAQUI,5,15:22,2,30.0,2,20.0,22.08,21.7,0.0,10000,3.6,801,3.0,22.5,45.0,0,6.1,23.5,0.5,0.667,75.0,3,1,0.3698,Estabilizado,Operação Normal
2026-08-22T18:22:54.281376,9653-10,588,1,PÇA. DO CORREIO,PEDRA BRANCA,5,15:22,5,12.0,5,20.0,22.08,21.7,0.0,10000,3.6,801,3.0,22.5,45.0,0,6.1,23.5,0.5,1.0,60.0,6,1,0.299,Estabilizado,Operação Normal
2026-08-22T18:22:54.281376,2731-10,33714,2,METRÔ ITAQUERA,VL. PROGRESSO,5,15:22,3,20.0,3,20.0,22.08,21.7,0.0,10000,3.6,801,3.0,22.5,45.0,0,6.1,23.5,0.5,1.0,66.67,4,1,0.3157,Estabilizado,Operação Normal
2026-08-22T18:22:54.281376,9784-10,827,1,METRÔ BARRA FUNDA,JD. DOS FRANCOS,5,15:22,5,12.0,5,20.0,22.08,21.7,0.0,10000,3.6,801,3.0,22.5,45.0,0,6.1,23.5,0.5,1.0,60.0,6,1,0.299,Estabilizado,Operação Normal
2026-08-22T18:22:54.281376,4002-10,34945,2,TERM. VL. CARRÃO,GUAIANASES,5,15:22,6,10.0,6,20.0,22.08,21.7,0.0,10000,3.6,801,3.0,22.5,45.0,0,6.1,23.5,0.5,1.0,58.33,7,1,0.2948,Estabilizado,Operação Normal
2026-08-22T18:22:54.281376,746C-10,33551,2,STO. AMARO,JD. TABOÃO,5,15:22,5,12.0,5,20.0,22.08,21.7,0.0,10000,3.6,801,3.0,22.5,45.0,0,6.1,23.5,0.5,1.0,60.0,6,1,0.299,Estabilizado,Operação Normal
2026-08-22T18:22:54.281376,6031-10,32860,2,EST. MENDES/VL. NATAL,TERM. GRAJAÚ,5,15:22,3,20.0,3,20.0,22.08,21.7,0.0,10000,3.6,801,3.0,22.5,45.0,0,6.1,23.5,0.5,1.0,66.67,4,1,0.3157,Estabilizado,Operação Normal
2026-08-22T18:22:54.281376,5300-10,354,1,TERM. PQ. D. PEDRO II,TERM. STO. AMARO,5,15:22,6,10.0,6,20.0,22.08,21.7,0.0,10000,3.6,801,3.0,22.5,45.0,0,6.1,23.5,0.5,1.0,58.33,7,1,0.2948,Estabilizado,Operação Normal
2026-08-22T18:22:54.281376,7002-10,33540,2,HOSP. DAS CLÍNICAS,JD. ROSA MARIA,5,15:22,6,10.0,6,20.0,22.08,21.7,0.0,10000,3.6,801,3.0,22.5,45.0,0,6.1,23.5,0.5,1.0,58.33,7,1,0.2948,Estabilizado,Operação Normal
2026-08-22T18:22:54.281376,1738-10,33440,2,METRÔ SANTANA,VL. CONSTANÇA,5,15:22,2,30.0,2,20.0,22.08,21.7,0.0,10000,3.6,801,3.0,22.5,45.0,0,6.1,23.5,0.5,0.667,75.0,3,1,0.3698,Estabilizado,Operação Normal
2026-08-22T18:22:54.281376,3686-10,32934,2,TERM. PQ. D. PEDRO II,JD. SÃO PAULO,5,15:22,6,10.0,6,20.0,22.08,21.7,0.0,10000,3.6,801,3.0,22.5,45.0,0,6.1,23.5,0.5,1.0,58.33,7,1,0.2948,Estabilizado,Operação Normal
2026-08-22T18:22:54.281376,677V-10,32880,2,TERM. GRAJAÚ,JD. ALPINO,5,15:22,5,12.0,5,20.0,22.08,21.7,0.0,10000,3.6,801,3.0,22.5,45.0,0,6.1,23.5,0.5,1.0,60.0,6,1,0.299,Estabilizado,Operação Normal
2026-08-22T18:22:54.281376,1743-10,33311,2,SHOP. D,JD. PERY ALTO,5,15:22,5,12.0,5,20.0,22.08,21.7,0.0,10000,3.6,801,3.0,22.5,45.0,0,6.1,23.5,0.5,1.0,60.0,6,1,0.299,Estabilizado,Operação Normal
2026-08-22T18:22:54.281376,172N-10,664,1,METRÔ BELÉM,SHOP. CENTER NORTE,5,15:22,4,15.0,4,20.0,22.08,21.7,0.0,10000,3.6,801,3.0,22.5,45.0,0,6.1,23.5,0.5,1.0,62.5,5,1,0.3053,Estabilizado,Operação Normal
2026-08-22T18:22:54.281376,2590-10,33680,2,PQ. D. PEDRO II,UNIÃO DE VL. NOVA,5,15:22,5,12.0,5,20.0,22.08,21.7,0.0,10000,3.6,801,3.0,22.5,45.0,0,6.1,23.5,0.5,1.0,60.0,6,1,0.299,Estabilizado,Operação Normal
2026-08-22T18:22:54.281376,208V-10,32975,2,TERM. PQ. D. PEDRO II,TERM. A. E. CARVALHO,5,15:22,13,4.6,14,20.0,22.08,21.7,0.0,10000,3.6,801,3.0,22.5,45.0,0,6.1,23.5,0.5,1.0,65.38,17,4,0.3125,Estabilizado,Operação Normal
2026-08-22T18:22:54.281376,475M-10,343,1,TERM. AMARAL GURGEL,JD. DA SAÚDE,5,15:22,2,30.0,2,20.0,22.08,21.7,0.0,10000,3.6,801,3.0,22.5,45.0,0,6.1,23.5,0.5,0.667,75.0,3,1,0.3698,Estabilizado,Operação Normal
2026-08-22T18:22:54.281376,6358-10,1294,1,TERM. BANDEIRA,JD. LUSO,5,15:22,4,15.0,4,20.0,22.08,21.7,0.0,10000,3.6,801,3.0,22.5,45.0,0,6.1,23.5,0.5,1.0,62.5,5,1,0.3053,Estabilizado,Operação Normal
2026-08-22T18:22:54.281376,709M-10,2462,1,TERM. PINHEIROS,TERM. STO. AMARO,5,15:22,4,15.0,4,20.0,22.08,21.7,0.0,10000,3.6,801,3.0,22.5,45.0,0,6.1,23.5,0.5,1.0,62.5,5,1,0.3053,Estabilizado,Operação Normal
2026-08-22T18:22:54.281376,407E-10,2215,1,METRÔ CARRÃO,JD. STO. ANDRÉ,5,15:22,3,20.0,3,20.0,22.08,21.7,0.0,10000,3.6,801,3.0,22.5,45.0,0,6.1,23.5,0.5,1.0,66.67,4,1,0.3157,Estabilizado,Operação Normal
2026-08-22T18:22:54.281376,7049-10,34680,2,TERM. CAMPO LIMPO,PQ. DO LAGO,5,15:22,1,60.0,1,20.0,22.08,21.7,0.0,10000,3.6,801,3.0,22.5,45.0,0,6.1,23.5,0.5,0.333,100.0,2,1,0.4657,Estabilizado,Operação Normal
2026-08-22T18:22:54.281376,6093-10,34353,2,TERM. GRAJAÚ,VARGEM GRANDE,5,15:22,7,8.6,7,20.0,22.08,21.7,0.0,10000,3.6,801,3.0,22.5,45.0,0,6.1,23.5,0.5,1.0,64.29,9,2,0.3097,Estabilizado,Operação Normal
2026-08-22T18:22:54.281376,172R-10,33627,2,METRÔ BELÉM,JAÇANÃ,5,15:22,7,8.6,7,20.0,22.08,21.7,0.0,10000,3.6,801,3.0,22.5,45.0,0,6.1,23.5,0.5,1.0,64.29,9,2,0.3097,Estabilizado,Operação Normal
2026-08-22T18:22:54.281376,5108-10,1675,1,TERM. PQ. D. PEDRO II,JD. CELESTE,5,15:22,7,8.6,7,20.0,22.08,21.7,0.0,10000,3.6,801,3.0,22.5,45.0,0,6.1,23.5,0.5,1.0,64.29,9,2,0.3097,Estabilizado,Operação Normal
2026-08-22T18:22:54.281376,938P-10,33656,2,METRÔ BARRA FUNDA,JD. TEREZA,5,15:22,6,10.0,6,20.0,22.08,21.7,0.0,10000,3.6,801,3.0,22.5,45.0,0,6.1,23.5,0.5,1.0,58.33,7,1,0.2948,Estabilizado,Operação Normal
2026-08-22T18:22:54.281376,675P-10,275,1,METRÔ CONCEIÇÃO,SHOP. SP MARKET,5,15:22,5,12.0,5,20.0,22.08,21.7,0.0,10000,3.6,801,3.0,22.5,45.0,0,6.1,23.5,0.5,1.0,60.0,6,1,0.299,Estabilizado,Operação Normal
2026-08-22T18:22:54.281376,8622-10,438,1,PÇA. RAMOS DE AZEVEDO,MORRO DOCE,5,15:22,5,12.0,5,20.0,22.08,21.7,0.0,10000,3.6,801,3.0,22.5,45.0,0,6.1,23.5,0.5,1.0,60.0,6,1,0.299,Estabilizado,Operação Normal
2026-08-22T18:22:54.281376,3729-10,33794,2,METRÔ CARRÃO,SHOP. ARICANDUVA,5,15:22,5,12.0,5,20.0,22.08,21.7,0.0,10000,3.6,801,3.0,22.5,45.0,0,6.1,23.5,0.5,1.0,60.0,6,1,0.299,Estabilizado,Operação Normal
2026-08-22T18:22:54.281376,807A-10,34668,2,TERM. STO. AMARO,TERM. CAMPO LIMPO,5,15:22,5,12.0,5,20.0,22.08,21.7,0.0,10000,3.6,801,3.0,22.5,45.0,0,6.1,23.5,0.5,1.0,60.0,6,1,0.299,Estabilizado,Operação Normal
2026-08-22T18:22:54.281376,573H-10,34398,2,METRÔ BRESSER,HOSP. SAPOPEMBA,5,15:22,7,8.6,7,20.0,22.08,21.7,0.0,10000,3.6,801,3.0,22.5,45.0,0,6.1,23.5,0.5,1.0,64.29,9,2,0.3097,Estabilizado,Operação Normal
2026-08-22T18:22:54.281376,1017-10,34909,2,CONEXÃO VL. IÓRIO,PERUS,5,15:22,11,5.5,12,20.0,22.08,21.7,0.0,10000,3.6,801,3.0,22.5,45.0,0,6.1,23.5,0.5,1.0,63.64,14,3,0.3081,Estabilizado,Operação Normal
2026-08-22T18:22:54.281376,2104-10,35023,2,TERM. PQ. D. PEDRO II,METRÔ SANTANA,5,15:22,5,12.0,5,20.0,22.08,21.7,0.0,10000,3.6,801,3.0,22.5,45.0,0,6.1,23.5,0.5,1.0,60.0,6,1,0.299,Estabilizado,Operação Normal
2026-08-22T18:22:54.281376,2059-10,33028,2,CPTM GUAIANASES,SÃO MIGUEL,5,15:22,6,10.0,6,20.0,22.08,21.7,0.0,10000,3.6,801,3.0,22.5,45.0,0,6.1,23.5,0.5,1.0,58.33,7,1,0.2948,Estabilizado,Operação Normal
2026-08-22T18:22:54.281376,1742-10,33310,2,METRÔ SANTANA,JD. ANTÁRTICA,5,15:22,4,15.0,4,20.0,22.08,21.7,0.0,10000,3.6,801,3.0,22.5,45.0,0,6.1,23.5,0.5,1.0,62.5,5,1,0.3053,Estabilizado,Operação Normal
2026-08-22T18:22:54.281376,4313-10,34941,2,TERM. PQ. D. PEDRO II,TERM. CID. TIRADENTES,5,15:22,7,8.6,7,20.0,22.08,21.7,0.0,10000,3.6,801,3.0,22.5,45.0,0,6.1,23.5,0.5,1.0,64.29,9,2,0.3097,Estabilizado,Operação Normal
2026-08-22T18:22:54.281376,675M-10,32876,2,METRÔ JABAQUARA,CENTRO SESC,5,15:22,8,7.5,8,20.0,22.08,21.7,0.0,10000,3.6,801,3.0,22.5,45.0,0,6.1,23.5,0.5,1.0,62.5,10,2,0.3053,Estabilizado,Operação Normal
2026-08-22T18:22:54.281376,407J-10,34966,2,METRÔ TATUAPÉ,JD. SOARES,5,15:22,11,5.5,12,20.0,22.08,21.7,0.0,10000,3.6,801,3.0,22.5,45.0,0,6.1,23.5,0.5,1.0,63.64,14,3,0.3081,Estabilizado,Operação Normal
2026-08-22T18:22:54.281376,6063-10,1152,1,TERM. EST. VARGINHA,JD. VARGINHA,5,15:22,4,15.0,4,20.0,22.08,21.7,0.0,10000,3.6,801,3.0,22.5,45.0,0,6.1,23.5,0.5,1.0,62.5,5,1,0.3053,Estabilizado,Operação Normal
2026-08-22T18:22:54.281376,6057-10,33916,2,TERM. GRAJAÚ,VL. NATAL,5,15:22,2,30.0,2,20.0,22.08,21.7,0.0,10000,3.6,801,3.0,22.5,45.0,0,6.1,23.5,0.5,0.667,75.0,3,1,0.3698,Estabilizado,Operação Normal
2026-08-22T18:22:54.281376,2002-10,711,1,TERM. BANDEIRA,TERM. PQ. D. PEDRO II,5,15:22,5,12.0,5,20.0,22.08,21.7,0.0,10000,3.6,801,3.0,22.5,45.0,0,6.1,23.5,0.5,1.0,60.0,6,1,0.299,Estabilizado,Operação Normal
2026-08-22T18:22:54.281376,311C-10,33077,2,BOM RETIRO,PQ. SÃO LUCAS,5,15:22,3,20.0,3,20.0,22.08,21.7,0.0,10000,3.6,801,3.0,22.5,45.0,0,6.1,23.5,0.5,1.0,66.67,4,1,0.3157,Estabilizado,Operação Normal
2026-08-22T18:22:54.281376,3069-10,984,1,TERM. SÃO MATEUS,JD. RECANTO VERDE SOL,5,15:22,4,15.0,4,20.0,22.08,21.7,0.0,10000,3.6,801,3.0,22.5,45.0,0,6.1,23.5,0.5,1.0,62.5,5,1,0.3053,Estabilizado,Operação Normal
2026-08-22T18:22:54.281376,8605-10,1917,1,TERM. BANDEIRA,TERM. CAMPO LIMPO,5,15:22,4,15.0,4,20.0,22.08,21.7,0.0,10000,3.6,801,3.0,22.5,45.0,0,6.1,23.5,0.5,1.0,62.5,5,1,0.3053,Estabilizado,Operação Normal
2026-08-22T18:22:54.281376,1726-10,34171,2,METRÔ SANTANA,CEM. PQ. DOS PINHEIROS,5,15:22,8,7.5,8,20.0,22.08,21.7,0.0,10000,3.6,801,3.0,22.5,45.0,0,6.1,23.5,0.5,1.0,62.5,10,2,0.3053,Estabilizado,Operação Normal
2026-08-22T18:22:54.281376,179X-10,680,1,METRÔ BARRA FUNDA,JD. FONTÁLIS,5,15:22,10,6.0,11,20.0,22.08,21.7,0.0,10000,3.6,801,3.0,22.5,45.0,0,6.1,23.5,0.5,1.0,65.0,13,3,0.3115,Estabilizado,Operação Normal
2026-08-22T18:22:54.281376,7050-10,1884,1,TERM. CAMPO LIMPO,JD. DAS ROSAS,5,15:22,5,12.0,5,20.0,22.08,21.7,0.0,10000,3.6,801,3.0,22.5,45.0,0,6.1,23.5,0.5,1.0,60.0,6,1,0.299,Estabilizado,Operação Normal
2026-08-22T18:22:54.281376,6016-41,34474,2,TERM. GRAJAÚ,JD. PORTO VELHO,5,15:22,5,12.0,5,20.0,22.08,21.7,0.0,10000,3.6,801,3.0,22.5,45.0,0,6.1,23.5,0.5,1.0,60.0,6,1,0.299,Estabilizado,Operação Normal
2026-08-22T18:22:54.281376,2723-10,937,1,METRÔ ITAQUERA,UNIÃO DE VL. NOVA,5,15:22,5,12.0,5,20.0,22.08,21.7,0.0,10000,3.6,801,3.0,22.5,45.0,0,6.1,23.5,0.5,1.0,60.0,6,1,0.299,Estabilizado,Operação Normal
2026-08-22T18:22:54.281376,6412-10,770,1,PAULISTA,PARAISÓPOLIS,5,15:22,5,12.0,5,20.0,22.08,21.7,0.0,10000,3.6,801,3.0,22.5,45.0,0,6.1,23.5,0.5,1.0,60.0,6,1,0.299,Estabilizado,Operação Normal
2026-08-22T18:22:54.281376,6028-10,33979,2,TERM. STO. AMARO,RIVIERA,5,15:22,4,15.0,4,20.0,22.08,21.7,0.0,10000,3.6,801,3.0,22.5,45.0,0,6.1,23.5,0.5,1.0,62.5,5,1,0.3053,Estabilizado,Operação Normal
2026-08-22T18:22:54.281376,8022-10,2085,1,CID. UNIVERSITÁRIA,METRÔ BUTANTÃ,5,15:22,2,30.0,2,20.0,22.08,21.7,0.0,10000,3.6,801,3.0,22.5,45.0,0,6.1,23.5,0.5,0.667,75.0,3,1,0.3698,Estabilizado,Operação Normal
2026-08-22T18:22:54.281376,6058-10,1149,1,TERM. EST. VARGINHA,JD. NORONHA,5,15:22,5,12.0,5,20.0,22.08,21.7,0.0,10000,3.6,801,3.0,22.5,45.0,0,6.1,23.5,0.5,1.0,60.0,6,1,0.299,Estabilizado,Operação Normal
2026-08-22T18:22:54.281376,847P-10,423,1,VL. OLÍMPIA,TERM. PIRITUBA,5,15:22,5,12.0,5,20.0,22.08,21.7,0.0,10000,3.6,801,3.0,22.5,45.0,0,6.1,23.5,0.5,1.0,60.0,6,1,0.299,Estabilizado,Operação Normal
2026-08-22T18:22:54.281376,3539-10,33516,2,METRÔ BRESSER,CID. TIRADENTES,5,15:22,7,8.6,7,20.0,22.08,21.7,0.0,10000,3.6,801,3.0,22.5,45.0,0,6.1,23.5,0.5,1.0,64.29,9,2,0.3097,Estabilizado,Operação Normal
2026-08-22T18:22:54.281376,5611-10,598,1,PÇA. JOÃO MENDES,ELDORADO,5,15:22,4,15.0,4,20.0,22.08,21.7,0.0,10000,3.6,801,3.0,22.5,45.0,0,6.1,23.5,0.5,1.0,62.5,5,1,0.3053,Estabilizado,Operação Normal
2026-08-22T18:22:54.281376,177H-21,631,1,PINHEIROS,METRÔ SANTANA,5,15:22,3,20.0,3,20.0,22.08,21.7,0.0,10000,3.6,801,3.0,22.5,45.0,0,6.1,23.5,0.5,1.0,66.67,4,1,0.3157,Estabilizado,Operação Normal
2026-08-22T18:22:54.281376,5164-21,1616,1,PQ. IBIRAPUERA,CID. LEONOR,5,15:22,7,8.6,7,20.0,22.08,21.7,0.0,10000,3.6,801,3.0,22.5,45.0,0,6.1,23.5,0.5,1.0,64.29,9,2,0.3097,Estabilizado,Operação Normal
2026-08-22T18:22:54.281376,3773-10,33827,2,METRÔ CARRÃO,RES. STA. BÁRBARA,5,15:22,5,12.0,5,20.0,22.08,21.7,0.0,10000,3.6,801,3.0,22.5,45.0,0,6.1,23.5,0.5,1.0,60.0,6,1,0.299,Estabilizado,Operação Normal
2026-08-22T18:22:54.281376,647A-10,34083,2,PINHEIROS,VALO VELHO,5,15:22,6,10.0,6,20.0,22.08,21.7,0.0,10000,3.6,801,3.0,22.5,45.0,0,6.1,23.5,0.5,1.0,58.33,7,1,0.2948,Estabilizado,Operação Normal
2026-08-22T18:22:54.281376,2004-10,33660,2,CPTM GUAIANASES,JD. NSA. SRA. DO CAMINHO,5,15:22,5,12.0,5,20.0,22.08,21.7,0.0,10000,3.6,801,3.0,22.5,45.0,0,6.1,23.5,0.5,1.0,60.0,6,1,0.299,Estabilizado,Operação Normal
2026-08-22T18:22:54.281376,6063-41,1773,1,TERM. EST. VARGINHA,JD. NOVO MARILDA,5,15:22,4,15.0,4,20.0,22.08,21.7,0.0,10000,3.6,801,3.0,22.5,45.0,0,6.1,23.5,0.5,1.0,62.5,5,1,0.3053,Estabilizado,Operação Normal
2026-08-22T18:22:54.281376,8000-1,35274,2,PÇA. RAMOS DE AZEVEDO,TERM. LAPA,5,15:22,2,30.0,2,20.0,22.08,21.7,0.0,10000,3.6,801,3.0,22.5,45.0,0,6.1,23.5,0.5,0.667,75.0,3,1,0.3698,Estabilizado,Operação Normal
2026-08-22T18:22:54.281376,407G-10,34964,2,METRÔ CARRÃO,JD. NOVA VITÓRIA,5,15:22,9,6.7,9,20.0,22.08,21.7,0.0,10000,3.6,801,3.0,22.5,45.0,0,6.1,23.5,0.5,1.0,61.11,11,2,0.3018,Estabilizado,Operação Normal
2026-08-22T18:22:54.281376,3746-10,283,1,METRÔ BELÉM,JD. IMPERADOR,5,15:22,10,6.0,11,20.0,22.08,21.7,0.0,10000,3.6,801,3.0,22.5,45.0,0,6.1,23.5,0.5,1.0,65.0,13,3,0.3115,Estabilizado,Operação Normal
2026-08-22T18:22:54.281376,2721-10,934,1,METRÔ ITAQUERA,JD. NAZARÉ,5,15:22,4,15.0,4,20.0,22.08,21.7,0.0,10000,3.6,801,3.0,22.5,45.0,0,6.1,23.5,0.5,1.0,62.5,5,1,0.3053,Estabilizado,Operação Normal
2026-08-22T18:22:54.281376,546L-10,1285,1,TERM. STO. AMARO,JD. LUSO,5,15:22,4,15.0,4,20.0,22.08,21.7,0.0,10000,3.6,801,3.0,22.5,45.0,0,6.1,23.5,0.5,1.0,62.5,5,1,0.3053,Estabilizado,Operação Normal
2026-08-22T18:22:54.281376,7016-10,34886,2,TERM. STO. AMARO,JD. ÂNGELA,5,15:22,5,12.0,5,20.0,22.08,21.7,0.0,10000,3.6,801,3.0,22.5,45.0,0,6.1,23.5,0.5,1.0,60.0,6,1,0.299,Estabilizado,Operação Normal
2026-08-22T18:22:54.281376,407L-10,34967,2,METRÔ GUILHERMINA/ESPERANÇA,BARRO BRANCO,5,15:22,9,6.7,9,20.0,22.08,21.7,0.0,10000,3.6,801,3.0,22.5,45.0,0,6.1,23.5,0.5,1.0,61.11,11,2,0.3018,Estabilizado,Operação Normal
2026-08-22T18:22:54.281376,775N-10,33242,2,METRÔ VL. MADALENA,RIO PEQUENO,5,15:22,4,15.0,4,20.0,22.08,21.7,0.0,10000,3.6,801,3.0,22.5,45.0,0,6.1,23.5,0.5,1.0,62.5,5,1,0.3053,Estabilizado,Operação Normal
2026-08-22T18:22:54.281376,908T-10,2116,1,BUTANTÃ,TERM. PQ. D. PEDRO II,5,15:22,3,20.0,3,20.0,22.08,21.7,0.0,10000,3.6,801,3.0,22.5,45.0,0,6.1,23.5,0.5,1.0,66.67,4,1,0.3157,Estabilizado,Operação Normal
2026-08-22T18:22:54.281376,930P-10,2115,1,TERM. PINHEIROS,TERM. PQ. D. PEDRO II,5,15:22,5,12.0,5,20.0,22.08,21.7,0.0,10000,3.6,801,3.0,22.5,45.0,0,6.1,23.5,0.5,1.0,60.0,6,1,0.299,Estabilizado,Operação Normal
2026-08-22T18:22:54.281376,271A-10,702,1,METRÔ SANTANA,TERM. PENHA,5,15:22,3,20.0,3,20.0,22.08,21.7,0.0,10000,3.6,801,3.0,22.5,45.0,0,6.1,23.5,0.5,1.0,66.67,4,1,0.3157,Estabilizado,Operação Normal
2026-08-22T18:22:54.281376,8542-21,34129,2,TERM. LAPA,BRASILÂNDIA,5,15:22,3,20.0,3,20.0,22.08,21.7,0.0,10000,3.6,801,3.0,22.5,45.0,0,6.1,23.5,0.5,1.0,66.67,4,1,0.3157,Estabilizado,Operação Normal
2026-08-22T18:22:54.281376,9181-10,33653,2,LAPA,VL. TEREZINHA,5,15:22,9,6.7,9,20.0,22.08,21.7,0.0,10000,3.6,801,3.0,22.5,45.0,0,6.1,23.5,0.5,1.0,61.11,11,2,0.3018,Estabilizado,Operação Normal
2026-08-22T18:22:54.281376,2100-10,713,1,PÇA. DA SÉ,TERM. VL. CARRÃO,5,15:22,6,10.0,6,20.0,22.08,21.7,0.0,10000,3.6,801,3.0,22.5,45.0,0,6.1,23.5,0.5,1.0,58.33,7,1,0.2948,Estabilizado,Operação Normal
2026-08-22T18:22:54.281376,342C-10,33770,2,PENHA,JD. MARÍLIA,5,15:22,3,20.0,3,20.0,22.08,21.7,0.0,10000,3.6,801,3.0,22.5,45.0,0,6.1,23.5,0.5,1.0,66.67,4,1,0.3157,Estabilizado,Operação Normal
2026-08-22T18:22:54.281376,6006-10,175,1,SHOP. INTERLAGOS,JD. HERCULANO,5,15:22,7,8.6,7,20.0,22.08,21.7,0.0,10000,3.6,801,3.0,22.5,45.0,0,6.1,23.5,0.5,1.0,64.29,9,2,0.3097,Estabilizado,Operação Normal
2026-08-22T18:22:54.281376,8707-10,34832,2,TERM. PRINC. ISABEL,RIO PEQUENO,5,15:22,5,12.0,5,20.0,22.08,21.7,0.0,10000,3.6,801,3.0,22.5,45.0,0,6.1,23.5,0.5,1.0,60.0,6,1,0.299,Estabilizado,Operação Normal
2026-08-22T18:22:54.281376,364A-10,34014,2,SHOP. ARICANDUVA,HOSP. IPIRANGA,5,15:22,6,10.0,6,20.0,22.08,21.7,0.0,10000,3.6,801,3.0,22.5,45.0,0,6.1,23.5,0.5,1.0,58.33,7,1,0.2948,Estabilizado,Operação Normal
2026-08-22T18:22:54.281376,1720-21,34705,2,METRÔ TUCURUVI,VILA SABRINA,5,15:22,3,20.0,3,20.0,22.08,21.7,0.0,10000,3.6,801,3.0,22.5,45.0,0,6.1,23.5,0.5,1.0,66.67,4,1,0.3157,Estabilizado,Operação Normal
2026-08-22T18:22:54.281376,175P-10,675,1,ANA ROSA,METRÔ SANTANA,5,15:22,4,15.0,4,20.0,22.08,21.7,0.0,10000,3.6,801,3.0,22.5,45.0,0,6.1,23.5,0.5,1.0,62.5,5,1,0.3053,Estabilizado,Operação Normal
2026-08-22T18:22:54.281376,5127-10,33895,2,EST. JURUBATUBA,VL. GUACURI,5,15:22,10,6.0,11,20.0,22.08,21.7,0.0,10000,3.6,801,3.0,22.5,45.0,0,6.1,23.5,0.5,1.0,65.0,13,3,0.3115,Estabilizado,Operação Normal
2026-08-22T18:22:54.281376,6016-10,32852,2,TERM. GRAJAÚ,JD. NORONHA,5,15:22,3,20.0,3,20.0,22.08,21.7,0.0,10000,3.6,801,3.0,22.5,45.0,0,6.1,23.5,0.5,1.0,66.67,4,1,0.3157,Estabilizado,Operação Normal
2026-08-22T18:22:54.281376,273V-10,32999,2,METRÔ PENHA,PARADA XV DE NOVEMBRO,5,15:22,3,20.0,3,20.0,22.08,21.7,0.0,10000,3.6,801,3.0,22.5,45.0,0,6.1,23.5,0.5,1.0,66.67,4,1,0.3157,Estabilizado,Operação Normal
2026-08-22T18:22:54.281376,9020-10,34202,2,TERM. PIRITUBA,VL. MIRANTE,5,15:22,3,20.0,3,20.0,22.08,21.7,0.0,10000,3.6,801,3.0,22.5,45.0,0,6.1,23.5,0.5,1.0,66.67,4,1,0.3157,Estabilizado,Operação Normal
2026-08-22T18:22:54.281376,6058-10,33917,2,TERM. EST. VARGINHA,JD. NORONHA,5,15:22,3,20.0,3,20.0,22.08,21.7,0.0,10000,3.6,801,3.0,22.5,45.0,0,6.1,23.5,0.5,1.0,66.67,4,1,0.3157,Estabilizado,Operação Normal
2026-08-22T18:22:54.281376,2009-10,33666,2,CPTM GUAIANASES,JD. ROBRU,5,15:22,5,12.0,5,20.0,22.08,21.7,0.0,10000,3.6,801,3.0,22.5,45.0,0,6.1,23.5,0.5,1.0,60.0,6,1,0.299,Estabilizado,Operação Normal
2026-08-22T18:22:54.281376,2780-10,399,1,METRÔ ITAQUERA,JD. CAMARGO NOVO,5,15:22,5,12.0,5,20.0,22.08,21.7,0.0,10000,3.6,801,3.0,22.5,45.0,0,6.1,23.5,0.5,1.0,60.0,6,1,0.299,Estabilizado,Operação Normal
2026-08-22T18:22:54.281376,8022-10,34853,2,CID. UNIVERSITÁRIA,METRÔ BUTANTÃ,5,15:22,2,30.0,2,20.0,22.08,21.7,0.0,10000,3.6,801,3.0,22.5,45.0,0,6.1,23.5,0.5,0.667,75.0,3,1,0.3698,Estabilizado,Operação Normal
2026-08-22T18:22:54.281376,2006-10,33663,2,CPTM ITAIM PAULISTA,CID. KEMEL I,5,15:22,6,10.0,6,20.0,22.08,21.7,0.0,10000,3.6,801,3.0,22.5,45.0,0,6.1,23.5,0.5,1.0,58.33,7,1,0.2948,Estabilizado,Operação Normal
2026-08-22T18:22:54.281376,6823-10,32802,2,TERM. CAPELINHA,JD. GUARUJÁ,5,15:22,2,30.0,2,20.0,22.08,21.7,0.0,10000,3.6,801,3.0,22.5,45.0,0,6.1,23.5,0.5,0.667,75.0,3,1,0.3698,Estabilizado,Operação Normal
2026-08-22T18:22:54.281376,775F-31,35256,2,PQ. DO POVO,JD. DAS PALMAS,5,15:22,3,20.0,3,20.0,22.08,21.7,0.0,10000,3.6,801,3.0,22.5,45.0,0,6.1,23.5,0.5,1.0,66.67,4,1,0.3157,Estabilizado,Operação Normal
2026-08-22T18:22:54.281376,5103-10,34414,2,MOEMA,TERM. SACOMÃ,5,15:22,2,30.0,2,20.0,22.08,21.7,0.0,10000,3.6,801,3.0,22.5,45.0,0,6.1,23.5,0.5,0.667,75.0,3,1,0.3698,Estabilizado,Operação Normal
2026-08-22T18:22:54.281376,524M-10,1631,1,SHOP. ARICANDUVA,MASCARENHAS DE MORAIS,5,15:22,6,10.0,6,20.0,22.08,21.7,0.0,10000,3.6,801,3.0,22.5,45.0,0,6.1,23.5,0.5,1.0,58.33,7,1,0.2948,Estabilizado,Operação Normal
2026-08-22T18:22:54.281376,756A-10,793,1,TERM. ÁGUA ESPRAIADA,JD. PAULO VI,5,15:22,4,15.0,4,20.0,22.08,21.7,0.0,10000,3.6,801,3.0,22.5,45.0,0,6.1,23.5,0.5,1.0,62.5,5,1,0.3053,Estabilizado,Operação Normal
2026-08-22T18:22:54.281376,4315-10,34943,2,TERM. PQ. D. PEDRO II,TERM. VL. CARRÃO,5,15:22,3,20.0,3,20.0,22.08,21.7,0.0,10000,3.6,801,3.0,22.5,45.0,0,6.1,23.5,0.5,1.0,66.67,4,1,0.3157,Estabilizado,Operação Normal
2026-08-22T18:22:54.281376,3001-10,34418,2,TERM. SÃO MIGUEL,ITAIM PAULISTA,5,15:22,2,30.0,2,20.0,22.08,21.7,0.0,10000,3.6,801,3.0,22.5,45.0,0,6.1,23.5,0.5,0.667,75.0,3,1,0.3698,Estabilizado,Operação Normal
2026-08-22T18:22:54.281376,9004-10,33639,2,TERM. CACHOEIRINHA,JD. ELISA MARIA,5,15:22,6,10.0,6,20.0,22.08,21.7,0.0,10000,3.6,801,3.0,22.5,45.0,0,6.1,23.5,0.5,1.0,58.33,7,1,0.2948,Estabilizado,Operação Normal
2026-08-22T18:22:54.281376,9501-10,462,1,LGO. DO PAISSANDU,TERM. CACHOEIRINHA,5,15:22,4,15.0,4,20.0,22.08,21.7,0.0,10000,3.6,801,3.0,22.5,45.0,0,6.1,23.5,0.5,1.0,62.5,5,1,0.3053,Estabilizado,Operação Normal
2026-08-22T18:22:54.281376,9785-10,828,1,METRÔ BARRA FUNDA,VL. TEREZINHA,5,15:22,2,30.0,2,20.0,22.08,21.7,0.0,10000,3.6,801,3.0,22.5,45.0,0,6.1,23.5,0.5,0.667,75.0,3,1,0.3698,Estabilizado,Operação Normal
2026-08-22T18:22:54.281376,3006-10,34633,2,CPTM GUAIANASES,JD. FANGANIELO,5,15:22,3,20.0,3,20.0,22.08,21.7,0.0,10000,3.6,801,3.0,22.5,45.0,0,6.1,23.5,0.5,1.0,66.67,4,1,0.3157,Estabilizado,Operação Normal
2026-08-22T18:22:54.281376,6045-10,33990,2,STO. AMARO,VALO VELHO,5,15:22,5,12.0,5,20.0,22.08,21.7,0.0,10000,3.6,801,3.0,22.5,45.0,0,6.1,23.5,0.5,1.0,60.0,6,1,0.299,Estabilizado,Operação Normal
2026-08-22T18:22:54.281376,8008-10,1258,1,TERM. PIRITUBA,HAB. TURÍSTICA,5,15:22,2,30.0,2,20.0,22.08,21.7,0.0,10000,3.6,801,3.0,22.5,45.0,0,6.1,23.5,0.5,0.667,75.0,3,1,0.3698,Estabilizado,Operação Normal
2026-08-22T18:22:54.281376,407F-10,34935,2,METRÔ BELÉM,TERM. SÃO MATEUS,5,15:22,4,15.0,4,20.0,22.08,21.7,0.0,10000,3.6,801,3.0,22.5,45.0,0,6.1,23.5,0.5,1.0,62.5,5,1,0.3053,Estabilizado,Operação Normal
2026-08-22T18:22:54.281376,848L-10,33576,2,TERM. PIRITUBA,RECANTO DOS HUMILDES,5,15:22,4,15.0,4,20.0,22.08,21.7,0.0,10000,3.6,801,3.0,22.5,45.0,0,6.1,23.5,0.5,1.0,62.5,5,1,0.3053,Estabilizado,Operação Normal
2026-08-22T18:22:54.281376,8040-10,33174,2,TERM. LAPA,SOL NASCENTE,5,15:22,3,20.0,3,20.0,22.08,21.7,0.0,10000,3.6,801,3.0,22.5,45.0,0,6.1,23.5,0.5,1.0,66.67,4,1,0.3157,Estabilizado,Operação Normal
2026-08-22T18:22:54.281376,550P-10,2687,1,METRÔ BRÁS,TERM. VL. PRUDENTE,5,15:22,4,15.0,4,20.0,22.08,21.7,0.0,10000,3.6,801,3.0,22.5,45.0,0,6.1,23.5,0.5,1.0,62.5,5,1,0.3053,Estabilizado,Operação Normal
2026-08-22T18:22:54.281376,2726-10,33708,2,METRÔ PENHA,LIMOEIRO,5,15:22,4,15.0,4,20.0,22.08,21.7,0.0,10000,3.6,801,3.0,22.5,45.0,0,6.1,23.5,0.5,1.0,62.5,5,1,0.3053,Estabilizado,Operação Normal
2026-08-22T18:22:54.281376,407J-10,2198,1,METRÔ TATUAPÉ,JD. SOARES,5,15:22,8,7.5,8,20.0,22.08,21.7,0.0,10000,3.6,801,3.0,22.5,45.0,0,6.1,23.5,0.5,1.0,62.5,10,2,0.3053,Estabilizado,Operação Normal
2026-08-22T18:22:54.281376,3766-10,1055,1,METRÔ ITAQUERA,COHAB II,5,15:22,6,10.0,6,20.0,22.08,21.7,0.0,10000,3.6,801,3.0,22.5,45.0,0,6.1,23.5,0.5,1.0,58.33,7,1,0.2948,Estabilizado,Operação Normal
2026-08-22T18:22:54.281376,746K-10,787,1,CAMPO BELO,PARAISÓPOLIS,5,15:22,4,15.0,4,20.0,22.08,21.7,0.0,10000,3.6,801,3.0,22.5,45.0,0,6.1,23.5,0.5,1.0,62.5,5,1,0.3053,Estabilizado,Operação Normal
2026-08-22T18:22:54.281376,2026-10,2269,1,PQ. NOVO MUNDO,JAÇANÃ,5,15:22,2,30.0,2,20.0,22.08,21.7,0.0,10000,3.6,801,3.0,22.5,45.0,0,6.1,23.5,0.5,0.667,75.0,3,1,0.3698,Estabilizado,Operação Normal
2026-08-22T18:22:54.281376,5129-10,1281,1,TERM. GUARAPIRANGA,JD. MIRIAM,5,15:22,5,12.0,5,20.0,22.08,21.7,0.0,10000,3.6,801,3.0,22.5,45.0,0,6.1,23.5,0.5,1.0,60.0,6,1,0.299,Estabilizado,Operação Normal
2026-08-22T18:22:54.281376,3738-10,1038,1,METRÔ ITAQUERA,COHAB JUSCELINO,5,15:22,5,12.0,5,20.0,22.08,21.7,0.0,10000,3.6,801,3.0,22.5,45.0,0,6.1,23.5,0.5,1.0,60.0,6,1,0.299,Estabilizado,Operação Normal
2026-08-22T18:22:54.281376,675X-10,32879,2,AACD-SERVIDOR,TERM. GRAJAÚ,5,15:22,4,15.0,4,20.0,22.08,21.7,0.0,10000,3.6,801,3.0,22.5,45.0,0,6.1,23.5,0.5,1.0,62.5,5,1,0.3053,Estabilizado,Operação Normal
2026-08-22T18:22:54.281376,6052-10,1144,1,TERM. EST. VARGINHA,JD. SETE DE SETEMBRO,5,15:22,4,15.0,4,20.0,22.08,21.7,0.0,10000,3.6,801,3.0,22.5,45.0,0,6.1,23.5,0.5,1.0,62.5,5,1,0.3053,Estabilizado,Operação Normal
2026-08-22T18:22:54.281376,8024-10,2075,1,BUTANTÃ,JD. JAQUELINE,5,15:22,3,20.0,3,20.0,22.08,21.7,0.0,10000,3.6,801,3.0,22.5,45.0,0,6.1,23.5,0.5,1.0,66.67,4,1,0.3157,Estabilizado,Operação Normal
2026-08-22T18:22:54.281376,5107-10,1659,1,PÇA. DO CORREIO,TERM. SACOMÃ,5,15:22,3,20.0,3,20.0,22.08,21.7,0.0,10000,3.6,801,3.0,22.5,45.0,0,6.1,23.5,0.5,1.0,66.67,4,1,0.3157,Estabilizado,Operação Normal
2026-08-22T18:22:54.281376,4018-10,34959,2,TERM. SÃO MATEUS,METALÚRGICOS,5,15:22,4,15.0,4,20.0,22.08,21.7,0.0,10000,3.6,801,3.0,22.5,45.0,0,6.1,23.5,0.5,1.0,62.5,5,1,0.3053,Estabilizado,Operação Normal
2026-08-22T18:22:54.281376,978T-10,33657,2,METRÔ BARRA FUNDA,JD. GUARANI,5,15:22,12,5.0,13,20.0,22.08,21.7,0.0,10000,3.6,801,3.0,22.5,45.0,0,6.1,23.5,0.5,1.0,62.5,15,3,0.3053,Estabilizado,Operação Normal
2026-08-22T18:22:54.281376,2202-10,33678,2,CPTM GUAIANASES,JD. DAS OLIVEIRAS,5,15:22,6,10.0,6,20.0,22.08,21.7,0.0,10000,3.6,801,3.0,22.5,45.0,0,6.1,23.5,0.5,1.0,58.33,7,1,0.2948,Estabilizado,Operação Normal
2026-08-22T18:22:54.281376,575C-10,34454,2,VL. MATIAS,TERM. VL. PRUDENTE,5,15:22,2,30.0,2,20.0,22.08,21.7,0.0,10000,3.6,801,3.0,22.5,45.0,0,6.1,23.5,0.5,0.667,75.0,3,1,0.3698,Estabilizado,Operação Normal
2026-08-22T18:22:54.281376,3026-10,962,1,CPTM GUAIANASES,VL. IOLANDA II,5,15:22,5,12.0,5,20.0,22.08,21.7,0.0,10000,3.6,801,3.0,22.5,45.0,0,6.1,23.5,0.5,1.0,60.0,6,1,0.299,Estabilizado,Operação Normal
2026-08-22T18:22:54.281376,477A-10,346,1,TERM. PINHEIROS,SACOMÃ,5,15:22,4,15.0,4,20.0,22.08,21.7,0.0,10000,3.6,801,3.0,22.5,45.0,0,6.1,23.5,0.5,1.0,62.5,5,1,0.3053,Estabilizado,Operação Normal
2026-08-22T18:22:54.281376,809H-10,35013,2,LAPA,JD. BOA VISTA,5,15:22,3,20.0,3,20.0,22.08,21.7,0.0,10000,3.6,801,3.0,22.5,45.0,0,6.1,23.5,0.5,1.0,66.67,4,1,0.3157,Estabilizado,Operação Normal
2026-08-22T18:22:54.281376,1720-10,33631,2,CANTAREIRA,JD. GUANCÃ,5,15:22,7,8.6,7,20.0,22.08,21.7,0.0,10000,3.6,801,3.0,22.5,45.0,0,6.1,23.5,0.5,1.0,64.29,9,2,0.3097,Estabilizado,Operação Normal
2026-08-22T18:22:54.281376,6818-10,32796,2,TERM. CAPELINHA,JD. VALE DAS VIRTUDES,5,15:22,1,60.0,1,20.0,22.08,21.7,0.0,10000,3.6,801,3.0,22.5,45.0,0,6.1,23.5,0.5,0.333,100.0,2,1,0.4657,Estabilizado,Operação Normal
2026-08-22T18:22:54.281376,407N-10,2169,1,METRÔ PENHA,TERM. CID. TIRADENTES,5,15:22,7,8.6,7,20.0,22.08,21.7,0.0,10000,3.6,801,3.0,22.5,45.0,0,6.1,23.5,0.5,1.0,64.29,9,2,0.3097,Estabilizado,Operação Normal
2026-08-22T18:22:54.281376,9004-10,871,1,TERM. CACHOEIRINHA,JD. ELISA MARIA,5,15:22,12,5.0,13,20.0,22.08,21.7,0.0,10000,3.6,801,3.0,22.5,45.0,0,6.1,23.5,0.5,1.0,62.5,15,3,0.3053,Estabilizado,Operação Normal
2026-08-22T18:22:54.281376,2290-10,33486,2,TERM. PQ. D. PEDRO II,TERM. SÃO MATEUS,5,15:22,19,3.2,20,20.0,22.08,21.7,0.0,10000,3.6,801,3.0,22.5,45.0,0,6.1,23.5,0.5,1.0,60.53,23,4,0.3003,Estabilizado,Operação Normal
2026-08-22T18:22:54.281376,4015-10,34956,2,TERM. SÃO MATEUS,PQ. SÃO RAFAEL,5,15:22,1,60.0,1,20.0,22.08,21.7,0.0,10000,3.6,801,3.0,22.5,45.0,0,6.1,23.5,0.5,0.333,100.0,2,1,0.4657,Estabilizado,Operação Normal
2026-08-22T18:22:54.281376,1177-10,129,1,LUZ,TERM. A. E. CARVALHO,5,15:22,6,10.0,6,20.0,22.08,21.7,0.0,10000,3.6,801,3.0,22.5,45.0,0,6.1,23.5,0.5,1.0,58.33,7,1,0.2948,Estabilizado,Operação Normal
2026-08-22T18:22:54.281376,957T-10,464,1,VL. OLÍMPIA,COHAB TAIPAS,5,15:22,2,30.0,2,20.0,22.08,21.7,0.0,10000,3.6,801,3.0,22.5,45.0,0,6.1,23.5,0.5,0.667,75.0,3,1,0.3698,Estabilizado,Operação Normal
2026-08-22T18:22:54.281376,478P-10,349,1,VL. ROMANA,SACOMÃ,5,15:22,3,20.0,3,20.0,22.08,21.7,0.0,10000,3.6,801,3.0,22.5,45.0,0,6.1,23.5,0.5,1.0,66.67,4,1,0.3157,Estabilizado,Operação Normal
2026-08-22T18:22:54.281376,5144-10,1627,1,TERM. PRINC. ISABEL,TERM. SAPOPEMBA,5,15:22,4,15.0,4,20.0,22.08,21.7,0.0,10000,3.6,801,3.0,22.5,45.0,0,6.1,23.5,0.5,1.0,62.5,5,1,0.3053,Estabilizado,Operação Normal
2026-08-22T18:22:54.281376,888P-10,454,1,COHAB TAIPAS,PERUS,5,15:22,5,12.0,5,20.0,22.08,21.7,0.0,10000,3.6,801,3.0,22.5,45.0,0,6.1,23.5,0.5,1.0,60.0,6,1,0.299,Estabilizado,Operação Normal
2026-08-22T18:22:54.281376,6000-10,1140,1,TERM. STO. AMARO,TERM. PARELHEIROS,5,15:22,10,6.0,11,20.0,22.08,21.7,0.0,10000,3.6,801,3.0,22.5,45.0,0,6.1,23.5,0.5,1.0,65.0,13,3,0.3115,Estabilizado,Operação Normal
2026-08-22T18:22:54.281376,2017-10,903,1,SÃO MIGUEL,JD. ROBRU,5,15:22,2,30.0,2,20.0,22.08,21.7,0.0,10000,3.6,801,3.0,22.5,45.0,0,6.1,23.5,0.5,0.667,75.0,3,1,0.3698,Estabilizado,Operação Normal
2026-08-22T18:22:54.281376,745M-10,33550,2,SHOP. SP MARKET,CAMPO LIMPO,5,15:22,10,6.0,11,20.0,22.08,21.7,0.0,10000,3.6,801,3.0,22.5,45.0,0,6.1,23.5,0.5,1.0,65.0,13,3,0.3115,Estabilizado,Operação Normal
2026-08-22T18:22:54.281376,3736-10,33804,2,METRÔ ARTUR ALVIM,JD. NSA. SRA. DO CARMO,5,15:22,5,12.0,5,20.0,22.08,21.7,0.0,10000,3.6,801,3.0,22.5,45.0,0,6.1,23.5,0.5,1.0,60.0,6,1,0.299,Estabilizado,Operação Normal
2026-08-22T18:22:54.281376,707A-10,34758,2,METRÔ PÇA. DA ÁRVORE,JD. ÂNGELA,5,15:22,7,8.6,7,20.0,22.08,21.7,0.0,10000,3.6,801,3.0,22.5,45.0,0,6.1,23.5,0.5,1.0,64.29,9,2,0.3097,Estabilizado,Operação Normal
2026-08-22T18:22:54.281376,574J-10,34453,2,TERM. VL. CARRÃO,METRÔ CONCEIÇÃO,5,15:22,10,6.0,11,20.0,22.08,21.7,0.0,10000,3.6,801,3.0,22.5,45.0,0,6.1,23.5,0.5,1.0,65.0,13,3,0.3115,Estabilizado,Operação Normal
2026-08-22T18:22:54.281376,121G-10,33459,2,METRÔ TUCURUVI,PQ. NOVO MUNDO,5,15:22,2,30.0,2,20.0,22.08,21.7,0.0,10000,3.6,801,3.0,22.5,45.0,0,6.1,23.5,0.5,0.667,75.0,3,1,0.3698,Estabilizado,Operação Normal
2026-08-22T18:22:54.281376,857R-10,1892,1,ACLIMAÇÃO,TERM. CAMPO LIMPO,5,15:22,3,20.0,3,20.0,22.08,21.7,0.0,10000,3.6,801,3.0,22.5,45.0,0,6.1,23.5,0.5,1.0,66.67,4,1,0.3157,Estabilizado,Operação Normal
2026-08-22T18:22:54.281376,7006-51,1997,1,METRÔ CAPÃO REDONDO,JD. HORIZONTE AZUL,5,15:22,5,12.0,5,20.0,22.08,21.7,0.0,10000,3.6,801,3.0,22.5,45.0,0,6.1,23.5,0.5,1.0,60.0,6,1,0.299,Estabilizado,Operação Normal
2026-08-22T18:22:54.281376,2031-10,33135,2,TERM. A. E. CARVALHO,CID. KEMEL II,5,15:22,5,12.0,5,20.0,22.08,21.7,0.0,10000,3.6,801,3.0,22.5,45.0,0,6.1,23.5,0.5,1.0,60.0,6,1,0.299,Estabilizado,Operação Normal
2026-08-22T18:22:54.281376,4086-10,2250,1,CIRCULAR,TERM. CID. TIRADENTES,5,15:22,1,60.0,1,20.0,22.08,21.7,0.0,10000,3.6,801,3.0,22.5,45.0,0,6.1,23.5,0.5,0.333,100.0,2,1,0.4657,Estabilizado,Operação Normal
2026-08-22T18:22:54.281376,695V-10,8,1,METRÔ ANA ROSA,TERM. CAPELINHA,5,15:22,3,20.0,3,20.0,22.08,21.7,0.0,10000,3.6,801,3.0,22.5,45.0,0,6.1,23.5,0.5,1.0,66.67,4,1,0.3157,Estabilizado,Operação Normal
2026-08-22T18:22:54.281376,8016-10,34114,2,TERM. PIRITUBA,JD. RINCÃO,5,15:22,5,12.0,5,20.0,22.08,21.7,0.0,10000,3.6,801,3.0,22.5,45.0,0,6.1,23.5,0.5,1.0,60.0,6,1,0.299,Estabilizado,Operação Normal
2026-08-22T18:22:54.281376,9011-21,34536,2,CITY JARAGUÁ,CPTM JARAGUÁ,5,15:22,5,12.0,5,20.0,22.08,21.7,0.0,10000,3.6,801,3.0,22.5,45.0,0,6.1,23.5,0.5,1.0,60.0,6,1,0.299,Estabilizado,Operação Normal
2026-08-22T18:22:54.281376,702U-22,35349,2,TERM. PQ. D. PEDRO II,METRÔ BUTANTÃ,5,15:22,1,60.0,1,20.0,22.08,21.7,0.0,10000,3.6,801,3.0,22.5,45.0,0,6.1,23.5,0.5,0.333,100.0,2,1,0.4657,Estabilizado,Operação Normal
2026-08-22T18:22:54.281376,9188-10,33577,2,LAPA,CAPELA DA LAGOA ,5,15:22,3,20.0,3,20.0,22.08,21.7,0.0,10000,3.6,801,3.0,22.5,45.0,0,6.1,23.5,0.5,1.0,66.67,4,1,0.3157,Estabilizado,Operação Normal
2026-08-22T18:22:54.281376,5154-10,33121,2,TERM. PRINC. ISABEL,TERM. STO. AMARO,5,15:22,7,8.6,7,20.0,22.08,21.7,0.0,10000,3.6,801,3.0,22.5,45.0,0,6.1,23.5,0.5,1.0,64.29,9,2,0.3097,Estabilizado,Operação Normal
2026-08-22T18:22:54.281376,4021-10,35316,2,VL. CHUCA,METRÔ ITAQUERA,5,15:22,4,15.0,4,20.0,22.08,21.7,0.0,10000,3.6,801,3.0,22.5,45.0,0,6.1,23.5,0.5,1.0,62.5,5,1,0.3053,Estabilizado,Operação Normal
2026-08-22T18:22:54.281376,4008-10,34950,2,TERM. VL. CARRÃO,JD. CIBELE,5,15:22,5,12.0,5,20.0,22.08,21.7,0.0,10000,3.6,801,3.0,22.5,45.0,0,6.1,23.5,0.5,1.0,60.0,6,1,0.299,Estabilizado,Operação Normal
2026-08-22T18:22:54.281376,3046-10,33739,2,METRÔ TATUAPÉ,VL. GUARANI,5,15:22,4,15.0,4,20.0,22.08,21.7,0.0,10000,3.6,801,3.0,22.5,45.0,0,6.1,23.5,0.5,1.0,62.5,5,1,0.3053,Estabilizado,Operação Normal
2026-08-22T18:22:54.281376,809N-10,2244,1,LAPA,VL. DALVA,5,15:22,1,60.0,1,20.0,22.08,21.7,0.0,10000,3.6,801,3.0,22.5,45.0,0,6.1,23.5,0.5,0.333,100.0,2,1,0.4657,Estabilizado,Operação Normal
2026-08-22T18:22:54.281376,475M-10,33111,2,TERM. AMARAL GURGEL,JD. DA SAÚDE,5,15:22,2,30.0,2,20.0,22.08,21.7,0.0,10000,3.6,801,3.0,22.5,45.0,0,6.1,23.5,0.5,0.667,75.0,3,1,0.3698,Estabilizado,Operação Normal
2026-08-22T18:22:54.281376,1785-10,34584,2,METRÔ SANTANA,VL. AURORA,5,15:22,2,30.0,2,20.0,22.08,21.7,0.0,10000,3.6,801,3.0,22.5,45.0,0,6.1,23.5,0.5,0.667,75.0,3,1,0.3698,Estabilizado,Operação Normal
2026-08-22T18:22:54.281376,3785-10,33831,2,METRÔ ITAQUERA,COHAB BARRO BRANCO,5,15:22,3,20.0,3,20.0,22.08,21.7,0.0,10000,3.6,801,3.0,22.5,45.0,0,6.1,23.5,0.5,1.0,66.67,4,1,0.3157,Estabilizado,Operação Normal
2026-08-22T18:22:54.281376,209P-10,34984,2,TERM. PINHEIROS,CACHOEIRINHA,5,15:22,7,8.6,7,20.0,22.08,21.7,0.0,10000,3.6,801,3.0,22.5,45.0,0,6.1,23.5,0.5,1.0,64.29,9,2,0.3097,Estabilizado,Operação Normal
2026-08-22T18:22:54.281376,312N-10,33758,2,SÃO MIGUEL PAULISTA,TERM. CID. TIRADENTES,5,15:22,6,10.0,6,20.0,22.08,21.7,0.0,10000,3.6,801,3.0,22.5,45.0,0,6.1,23.5,0.5,1.0,58.33,7,1,0.2948,Estabilizado,Operação Normal
2026-08-22T18:22:54.281376,4025-10,33863,2,METRÔ TATUAPÉ,VL. ALPINA,5,15:22,12,5.0,13,20.0,22.08,21.7,0.0,10000,3.6,801,3.0,22.5,45.0,0,6.1,23.5,0.5,1.0,62.5,15,3,0.3053,Estabilizado,Operação Normal
2026-08-22T18:22:54.281376,2720-10,933,1,METRÔ GUILHERMINA/ESPERANÇA,JD. BELÉM,5,15:22,4,15.0,4,20.0,22.08,21.7,0.0,10000,3.6,801,3.0,22.5,45.0,0,6.1,23.5,0.5,1.0,62.5,5,1,0.3053,Estabilizado,Operação Normal
2026-08-22T18:22:54.281376,7021-10,34757,2,TERM. JOÃO DIAS,JD. MARACÁ,5,15:22,2,30.0,2,20.0,22.08,21.7,0.0,10000,3.6,801,3.0,22.5,45.0,0,6.1,23.5,0.5,0.667,75.0,3,1,0.3698,Estabilizado,Operação Normal
2026-08-22T18:22:54.281376,3414-10,33514,2,TERM. PQ. D. PEDRO II,VL. DALILA,5,15:22,4,15.0,4,20.0,22.08,21.7,0.0,10000,3.6,801,3.0,22.5,45.0,0,6.1,23.5,0.5,1.0,62.5,5,1,0.3053,Estabilizado,Operação Normal
2026-08-22T18:22:54.281376,6013-10,32954,2,TERM. STO. AMARO,JD. NAKAMURA,5,15:22,3,20.0,3,20.0,22.08,21.7,0.0,10000,3.6,801,3.0,22.5,45.0,0,6.1,23.5,0.5,1.0,66.67,4,1,0.3157,Estabilizado,Operação Normal
2026-08-22T18:22:54.281376,9354-10,33476,2,PÇA. DO CORREIO,TERM. CACHOEIRINHA,5,15:22,5,12.0,5,20.0,22.08,21.7,0.0,10000,3.6,801,3.0,22.5,45.0,0,6.1,23.5,0.5,1.0,60.0,6,1,0.299,Estabilizado,Operação Normal
2026-08-22T18:22:54.281376,148P-10,33302,2,METRÔ BARRA FUNDA,PEDRA BRANCA,5,15:22,6,10.0,6,20.0,22.08,21.7,0.0,10000,3.6,801,3.0,22.5,45.0,0,6.1,23.5,0.5,1.0,58.33,7,1,0.2948,Estabilizado,Operação Normal
2026-08-22T18:22:54.281376,5630-10,32846,2,METRÔ BRÁS,TERM. GRAJAÚ,5,15:22,7,8.6,7,20.0,22.08,21.7,0.0,10000,3.6,801,3.0,22.5,45.0,0,6.1,23.5,0.5,1.0,64.29,9,2,0.3097,Estabilizado,Operação Normal
2026-08-22T18:22:54.281376,8705-10,34840,2,ANHANGABAÚ,SHOP. CONTINENTAL,5,15:22,6,10.0,6,20.0,22.08,21.7,0.0,10000,3.6,801,3.0,22.5,45.0,0,6.1,23.5,0.5,1.0,58.33,7,1,0.2948,Estabilizado,Operação Normal
2026-08-22T18:22:54.281376,6078-10,33934,2,SHOP. INTERLAGOS,CANTINHO DO CÉU,5,15:22,9,6.7,9,20.0,22.08,21.7,0.0,10000,3.6,801,3.0,22.5,45.0,0,6.1,23.5,0.5,1.0,61.11,11,2,0.3018,Estabilizado,Operação Normal
2026-08-22T18:22:54.281376,8047-41,410,1,METRÔ VL. MADALENA,JARAGUÁ,5,15:22,1,60.0,1,20.0,22.08,21.7,0.0,10000,3.6,801,3.0,22.5,45.0,0,6.1,23.5,0.5,0.333,100.0,2,1,0.4657,Estabilizado,Operação Normal
2026-08-22T18:22:54.281376,107T-10,33389,2,TERM. PINHEIROS,METRÔ TUCURUVI,5,15:22,5,12.0,5,20.0,22.08,21.7,0.0,10000,3.6,801,3.0,22.5,45.0,0,6.1,23.5,0.5,1.0,60.0,6,1,0.299,Estabilizado,Operação Normal
2026-08-22T18:22:54.281376,6048-10,32824,2,STO. AMARO,CAPÃO REDONDO,5,15:22,2,30.0,2,20.0,22.08,21.7,0.0,10000,3.6,801,3.0,22.5,45.0,0,6.1,23.5,0.5,0.667,75.0,3,1,0.3698,Estabilizado,Operação Normal
2026-08-22T18:22:54.281376,4732-10,33070,2,METRÔ SAÚDE,VL. LIVIERO,5,15:22,1,60.0,1,20.0,22.08,21.7,0.0,10000,3.6,801,3.0,22.5,45.0,0,6.1,23.5,0.5,0.333,100.0,2,1,0.4657,Estabilizado,Operação Normal
2026-08-22T18:22:54.281376,6063-42,2002,1,TERM. EST. VARGINHA,CHÁC. STO. AMARO,5,15:22,4,15.0,4,20.0,22.08,21.7,0.0,10000,3.6,801,3.0,22.5,45.0,0,6.1,23.5,0.5,1.0,62.5,5,1,0.3053,Estabilizado,Operação Normal
2026-08-22T18:22:54.281376,4003-10,34927,2,E.T. ITAQUERA,INÁCIO MONTEIRO,5,15:22,4,15.0,4,20.0,22.08,21.7,0.0,10000,3.6,801,3.0,22.5,45.0,0,6.1,23.5,0.5,1.0,62.5,5,1,0.3053,Estabilizado,Operação Normal
2026-08-22T18:22:54.281376,9090-10,33652,2,TERM. CASA VERDE,PQ. TIETÊ,5,15:22,2,30.0,2,20.0,22.08,21.7,0.0,10000,3.6,801,3.0,22.5,45.0,0,6.1,23.5,0.5,0.667,75.0,3,1,0.3698,Estabilizado,Operação Normal
2026-08-22T18:22:54.281376,8029-10,35308,2,TERM. MORUMBI,SHOP. PORTAL,5,15:22,3,20.0,3,20.0,22.08,21.7,0.0,10000,3.6,801,3.0,22.5,45.0,0,6.1,23.5,0.5,1.0,66.67,4,1,0.3157,Estabilizado,Operação Normal
2026-08-22T18:22:54.281376,3099-10,1079,1,JD. DA CONQUISTA,HOSP. SÃO MATEUS,5,15:22,8,7.5,8,20.0,22.08,21.7,0.0,10000,3.6,801,3.0,22.5,45.0,0,6.1,23.5,0.5,1.0,62.5,10,2,0.3053,Estabilizado,Operação Normal
2026-08-22T18:22:54.281376,6L04-10,33948,2,TERM. PARELHEIROS,JD. ORIENTAL/FONTES,5,15:22,3,20.0,3,20.0,22.08,21.7,0.0,10000,3.6,801,3.0,22.5,45.0,0,6.1,23.5,0.5,1.0,66.67,4,1,0.3157,Estabilizado,Operação Normal
2026-08-22T18:22:54.281376,208M-10,35246,2,TERM. PINHEIROS,METRÔ SANTANA,5,15:22,7,8.6,7,20.0,22.08,21.7,0.0,10000,3.6,801,3.0,22.5,45.0,0,6.1,23.5,0.5,1.0,64.29,9,2,0.3097,Estabilizado,Operação Normal
2026-08-22T18:22:54.281376,5652-22,35284,2,PQ. IBIRAPUERA,JD. IV CENTENÁRIO,5,15:22,5,12.0,5,20.0,22.08,21.7,0.0,10000,3.6,801,3.0,22.5,45.0,0,6.1,23.5,0.5,1.0,60.0,6,1,0.299,Estabilizado,Operação Normal
2026-08-22T18:22:54.281376,172U-10,860,1,MOOCA,CEM. PQ. DOS PINHEIROS,5,15:22,10,6.0,11,20.0,22.08,21.7,0.0,10000,3.6,801,3.0,22.5,45.0,0,6.1,23.5,0.5,1.0,65.0,13,3,0.3115,Estabilizado,Operação Normal
2026-08-22T18:22:54.281376,107T-10,621,1,TERM. PINHEIROS,METRÔ TUCURUVI,5,15:22,6,10.0,6,20.0,22.08,21.7,0.0,10000,3.6,801,3.0,22.5,45.0,0,6.1,23.5,0.5,1.0,58.33,7,1,0.2948,Estabilizado,Operação Normal
2026-08-22T18:22:54.281376,172U-10,33628,2,MOOCA,CEM. PQ. DOS PINHEIROS,5,15:22,10,6.0,11,20.0,22.08,21.7,0.0,10000,3.6,801,3.0,22.5,45.0,0,6.1,23.5,0.5,1.0,65.0,13,3,0.3115,Estabilizado,Operação Normal
2026-08-22T18:22:54.281376,273N-10,33158,2,METRÔ VL. MATILDE,CID. KEMEL II,5,15:22,6,10.0,6,20.0,22.08,21.7,0.0,10000,3.6,801,3.0,22.5,45.0,0,6.1,23.5,0.5,1.0,58.33,7,1,0.2948,Estabilizado,Operação Normal
2026-08-22T18:22:54.281376,1759-10,33321,2,METRÔ SANTANA,JD. PERY,5,15:22,5,12.0,5,20.0,22.08,21.7,0.0,10000,3.6,801,3.0,22.5,45.0,0,6.1,23.5,0.5,1.0,60.0,6,1,0.299,Estabilizado,Operação Normal
2026-08-22T18:22:54.281376,6813-10,33,1,TERM. CAPELINHA,JD. LÍDIA,5,15:22,1,60.0,1,20.0,22.08,21.7,0.0,10000,3.6,801,3.0,22.5,45.0,0,6.1,23.5,0.5,0.333,100.0,2,1,0.4657,Estabilizado,Operação Normal
2026-08-22T18:22:54.281376,778R-10,509,1,TERM. PRINC. ISABEL,COHAB RAPOSO TAVARES,5,15:22,5,12.0,5,20.0,22.08,21.7,0.0,10000,3.6,801,3.0,22.5,45.0,0,6.1,23.5,0.5,1.0,60.0,6,1,0.299,Estabilizado,Operação Normal
2026-08-22T18:22:54.281376,3063-10,253,1,TERM. SÃO MATEUS,GUAIANASES,5,15:22,4,15.0,4,20.0,22.08,21.7,0.0,10000,3.6,801,3.0,22.5,45.0,0,6.1,23.5,0.5,1.0,62.5,5,1,0.3053,Estabilizado,Operação Normal
2026-08-22T18:22:54.281376,5111-10,48,1,TERM. PQ. D. PEDRO II,TERM. STO. AMARO,5,15:22,4,15.0,4,20.0,22.08,21.7,0.0,10000,3.6,801,3.0,22.5,45.0,0,6.1,23.5,0.5,1.0,62.5,5,1,0.3053,Estabilizado,Operação Normal
2026-08-22T18:22:54.281376,6015-10,1205,1,JD. ÂNGELA,VL. CALÚ,5,15:22,4,15.0,4,20.0,22.08,21.7,0.0,10000,3.6,801,3.0,22.5,45.0,0,6.1,23.5,0.5,1.0,62.5,5,1,0.3053,Estabilizado,Operação Normal
2026-08-22T18:22:54.281376,6835-31,1407,1,TERM. CAPELINHA,VALO VELHO,5,15:22,2,30.0,2,20.0,22.08,21.7,0.0,10000,3.6,801,3.0,22.5,45.0,0,6.1,23.5,0.5,0.667,75.0,3,1,0.3698,Estabilizado,Operação Normal
2026-08-22T18:22:54.281376,875H-10,34108,2,METRÔ VL. MARIANA,TERM. LAPA,5,15:22,4,15.0,4,20.0,22.08,21.7,0.0,10000,3.6,801,3.0,22.5,45.0,0,6.1,23.5,0.5,1.0,62.5,5,1,0.3053,Estabilizado,Operação Normal
2026-08-22T18:22:54.281376,7011-31,34722,2,JD. ÂNGELA,JD. DOS REIS,5,15:22,2,30.0,2,20.0,22.08,21.7,0.0,10000,3.6,801,3.0,22.5,45.0,0,6.1,23.5,0.5,0.667,75.0,3,1,0.3698,Estabilizado,Operação Normal
2026-08-22T18:22:54.281376,2766-10,33173,2,METRÔ ITAQUERA,JD. CAMARGO VELHO,5,15:22,8,7.5,8,20.0,22.08,21.7,0.0,10000,3.6,801,3.0,22.5,45.0,0,6.1,23.5,0.5,1.0,62.5,10,2,0.3053,Estabilizado,Operação Normal
2026-08-22T18:22:54.281376,372U-10,1016,1,METRÔ TATUAPÉ,VL. STA. ISABEL,5,15:22,6,10.0,6,20.0,22.08,21.7,0.0,10000,3.6,801,3.0,22.5,45.0,0,6.1,23.5,0.5,1.0,58.33,7,1,0.2948,Estabilizado,Operação Normal
2026-08-22T18:22:54.281376,3739-10,33807,2,METRÔ ITAQUERA,RECANTO VERDE SOL,5,15:22,9,6.7,9,20.0,22.08,21.7,0.0,10000,3.6,801,3.0,22.5,45.0,0,6.1,23.5,0.5,1.0,61.11,11,2,0.3018,Estabilizado,Operação Normal
2026-08-22T18:22:54.281376,807M-10,34684,2,SHOP. MORUMBI,TERM. CAMPO LIMPO,5,15:22,9,6.7,9,20.0,22.08,21.7,0.0,10000,3.6,801,3.0,22.5,45.0,0,6.1,23.5,0.5,1.0,61.11,11,2,0.3018,Estabilizado,Operação Normal
2026-08-22T18:22:54.281376,719R-10,469,1,METRÔ BARRA FUNDA,RIO PEQUENO,5,15:22,6,10.0,6,20.0,22.08,21.7,0.0,10000,3.6,801,3.0,22.5,45.0,0,6.1,23.5,0.5,1.0,58.33,7,1,0.2948,Estabilizado,Operação Normal
2026-08-22T18:22:54.281376,675I-10,32836,2,METRÔ SÃO JUDAS,TERM. JOÃO DIAS,5,15:22,4,15.0,4,20.0,22.08,21.7,0.0,10000,3.6,801,3.0,22.5,45.0,0,6.1,23.5,0.5,1.0,62.5,5,1,0.3053,Estabilizado,Operação Normal
2026-08-22T18:22:54.281376,1705-10,33617,2,METRÔ TUCURUVI,JD. SÃO JOÃO,5,15:22,8,7.5,8,20.0,22.08,21.7,0.0,10000,3.6,801,3.0,22.5,45.0,0,6.1,23.5,0.5,1.0,62.5,10,2,0.3053,Estabilizado,Operação Normal
2026-08-22T18:22:54.281376,546L-10,34053,2,TERM. STO. AMARO,JD. LUSO,5,15:22,4,15.0,4,20.0,22.08,21.7,0.0,10000,3.6,801,3.0,22.5,45.0,0,6.1,23.5,0.5,1.0,62.5,5,1,0.3053,Estabilizado,Operação Normal
2026-08-22T18:22:54.281376,6073-10,33928,2,TERM. VARGINHA,JD. STA. TEREZINHA,5,15:22,7,8.6,7,20.0,22.08,21.7,0.0,10000,3.6,801,3.0,22.5,45.0,0,6.1,23.5,0.5,1.0,64.29,9,2,0.3097,Estabilizado,Operação Normal
2026-08-22T18:22:54.281376,1738-10,672,1,METRÔ SANTANA,VL. CONSTANÇA,5,15:22,3,20.0,3,20.0,22.08,21.7,0.0,10000,3.6,801,3.0,22.5,45.0,0,6.1,23.5,0.5,1.0,66.67,4,1,0.3157,Estabilizado,Operação Normal
2026-08-22T18:22:54.281376,6091-10,33943,2,TERM. STO. AMARO,VARGEM GRANDE,5,15:22,11,5.5,12,20.0,22.08,21.7,0.0,10000,3.6,801,3.0,22.5,45.0,0,6.1,23.5,0.5,1.0,63.64,14,3,0.3081,Estabilizado,Operação Normal
2026-08-22T18:22:54.281376,7023-10,34920,2,TERM. STO. AMARO,JD. NAKAMURA,5,15:22,4,15.0,4,20.0,22.08,21.7,0.0,10000,3.6,801,3.0,22.5,45.0,0,6.1,23.5,0.5,1.0,62.5,5,1,0.3053,Estabilizado,Operação Normal
2026-08-22T18:22:54.281376,148L-10,531,1,LAPA,COHAB ANTÁRTICA,5,15:22,8,7.5,8,20.0,22.08,21.7,0.0,10000,3.6,801,3.0,22.5,45.0,0,6.1,23.5,0.5,1.0,62.5,10,2,0.3053,Estabilizado,Operação Normal
2026-08-22T18:22:54.281376,7017-10,2502,1,TERM. GUARAPIRANGA,JD. GUARUJÁ,5,15:22,1,60.0,1,20.0,22.08,21.7,0.0,10000,3.6,801,3.0,22.5,45.0,0,6.1,23.5,0.5,0.333,100.0,2,1,0.4657,Estabilizado,Operação Normal
2026-08-22T18:22:54.281376,5110-10,2209,1,TERM. MERCADO,TERM. SÃO MATEUS,5,15:22,7,8.6,7,20.0,22.08,21.7,0.0,10000,3.6,801,3.0,22.5,45.0,0,6.1,23.5,0.5,1.0,64.29,9,2,0.3097,Estabilizado,Operação Normal
2026-08-22T18:22:54.281376,3734-10,33802,2,METRÔ ARTUR ALVIM,CID. LIDER,5,15:22,3,20.0,3,20.0,22.08,21.7,0.0,10000,3.6,801,3.0,22.5,45.0,0,6.1,23.5,0.5,1.0,66.67,4,1,0.3157,Estabilizado,Operação Normal
2026-08-22T18:22:54.281376,675R-10,32877,2,METRÔ JABAQUARA,GRAJAÚ,5,15:22,5,12.0,5,20.0,22.08,21.7,0.0,10000,3.6,801,3.0,22.5,45.0,0,6.1,23.5,0.5,1.0,60.0,6,1,0.299,Estabilizado,Operação Normal
2026-08-22T18:22:54.281376,2710-10,33692,2,BURGO PAULISTA,METRÔ PATRIARCA,5,15:22,2,30.0,2,20.0,22.08,21.7,0.0,10000,3.6,801,3.0,22.5,45.0,0,6.1,23.5,0.5,0.667,75.0,3,1,0.3698,Estabilizado,Operação Normal
2026-08-22T18:22:54.281376,8018-10,34838,2,METRÔ MORUMBI,VL. SÔNIA,5,15:22,3,20.0,3,20.0,22.08,21.7,0.0,10000,3.6,801,3.0,22.5,45.0,0,6.1,23.5,0.5,1.0,66.67,4,1,0.3157,Estabilizado,Operação Normal
2026-08-22T18:22:54.281376,4008-10,2182,1,TERM. VL. CARRÃO,JD. CIBELE,5,15:22,2,30.0,2,20.0,22.08,21.7,0.0,10000,3.6,801,3.0,22.5,45.0,0,6.1,23.5,0.5,0.667,75.0,3,1,0.3698,Estabilizado,Operação Normal
2026-08-22T18:22:54.281376,278A-10,706,1,PENHA  ,METRÔ SANTANA,5,15:22,3,20.0,3,20.0,22.08,21.7,0.0,10000,3.6,801,3.0,22.5,45.0,0,6.1,23.5,0.5,1.0,66.67,4,1,0.3157,Estabilizado,Operação Normal
2026-08-22T18:22:54.281376,6063-10,33920,2,TERM. EST. VARGINHA,JD. VARGINHA,5,15:22,5,12.0,5,20.0,22.08,21.7,0.0,10000,3.6,801,3.0,22.5,45.0,0,6.1,23.5,0.5,1.0,60.0,6,1,0.299,Estabilizado,Operação Normal
2026-08-22T18:22:54.281376,574W-10,34397,2,METRÔ BELÉM,JD. WALKIRIA,5,15:22,9,6.7,9,20.0,22.08,21.7,0.0,10000,3.6,801,3.0,22.5,45.0,0,6.1,23.5,0.5,1.0,61.11,11,2,0.3018,Estabilizado,Operação Normal
2026-08-22T18:22:54.281376,3731-10,33796,2,SHOP. ARICANDUVA,METRÔ VL. MATILDE,5,15:22,4,15.0,4,20.0,22.08,21.7,0.0,10000,3.6,801,3.0,22.5,45.0,0,6.1,23.5,0.5,1.0,62.5,5,1,0.3053,Estabilizado,Operação Normal
2026-08-22T18:22:54.281376,172K-10,857,1,METRÔ TATUAPÉ,JD. TREMEMBÉ,5,15:22,4,15.0,4,20.0,22.08,21.7,0.0,10000,3.6,801,3.0,22.5,45.0,0,6.1,23.5,0.5,1.0,62.5,5,1,0.3053,Estabilizado,Operação Normal
2026-08-22T18:22:54.281376,2123-10,692,1,LIBERDADE,VL. MEDEIROS,5,15:22,2,30.0,2,20.0,22.08,21.7,0.0,10000,3.6,801,3.0,22.5,45.0,0,6.1,23.5,0.5,0.667,75.0,3,1,0.3698,Estabilizado,Operação Normal
2026-08-22T18:22:54.281376,7017-10,35270,2,TERM. GUARAPIRANGA,JD. GUARUJÁ,5,15:22,5,12.0,5,20.0,22.08,21.7,0.0,10000,3.6,801,3.0,22.5,45.0,0,6.1,23.5,0.5,1.0,60.0,6,1,0.299,Estabilizado,Operação Normal
2026-08-22T18:22:54.281376,271A-51,703,1,METRÔ SANTANA,CANGAÍBA,5,15:22,2,30.0,2,20.0,22.08,21.7,0.0,10000,3.6,801,3.0,22.5,45.0,0,6.1,23.5,0.5,0.667,75.0,3,1,0.3698,Estabilizado,Operação Normal
2026-08-22T18:22:54.281376,5630-10,78,1,METRÔ BRÁS,TERM. GRAJAÚ,5,15:22,8,7.5,8,20.0,22.08,21.7,0.0,10000,3.6,801,3.0,22.5,45.0,0,6.1,23.5,0.5,1.0,62.5,10,2,0.3053,Estabilizado,Operação Normal
2026-08-22T18:22:54.281376,2725-10,939,1,JD. SÃO CARLOS,METRÔ ARTUR ALVIM,5,15:22,6,10.0,6,20.0,22.08,21.7,0.0,10000,3.6,801,3.0,22.5,45.0,0,6.1,23.5,0.5,1.0,58.33,7,1,0.2948,Estabilizado,Operação Normal
2026-08-22T18:22:54.281376,1780-10,869,1,METRÔ PARADA INGLESA,JD. HEBRON,5,15:22,2,30.0,2,20.0,22.08,21.7,0.0,10000,3.6,801,3.0,22.5,45.0,0,6.1,23.5,0.5,0.667,75.0,3,1,0.3698,Estabilizado,Operação Normal
2026-08-22T18:22:54.281376,233C-10,32923,2,CERET,TERM. A. E. CARVALHO,5,15:22,3,20.0,3,20.0,22.08,21.7,0.0,10000,3.6,801,3.0,22.5,45.0,0,6.1,23.5,0.5,1.0,66.67,4,1,0.3157,Estabilizado,Operação Normal
2026-08-22T18:22:54.281376,5035-10,1668,1,TERM. SACOMÃ,VL. ARAPUÁ,5,15:22,4,15.0,4,20.0,22.08,21.7,0.0,10000,3.6,801,3.0,22.5,45.0,0,6.1,23.5,0.5,1.0,62.5,5,1,0.3053,Estabilizado,Operação Normal
2026-08-22T18:22:54.281376,8700-10,34645,2,PÇA. RAMOS DE AZEVEDO,TERM. CAMPO LIMPO,5,15:22,12,5.0,13,20.0,22.08,21.7,0.0,10000,3.6,801,3.0,22.5,45.0,0,6.1,23.5,0.5,1.0,62.5,15,3,0.3053,Estabilizado,Operação Normal
2026-08-22T18:22:54.281376,407I-10,34990,2,METRÔ BRESSER,CONJ. MANOEL DA NÓBREGA,5,15:22,3,20.0,3,20.0,22.08,21.7,0.0,10000,3.6,801,3.0,22.5,45.0,0,6.1,23.5,0.5,1.0,66.67,4,1,0.3157,Estabilizado,Operação Normal
2026-08-22T18:22:54.281376,514T-10,1671,1,CONJ. TEOTÔNIO VILELA,TERM. SACOMÃ,5,15:22,7,8.6,7,20.0,22.08,21.7,0.0,10000,3.6,801,3.0,22.5,45.0,0,6.1,23.5,0.5,1.0,64.29,9,2,0.3097,Estabilizado,Operação Normal
2026-08-22T18:22:54.281376,342M-10,33515,2,TERM. PENHA,TERM. SÃO MATEUS,5,15:22,14,4.3,15,20.0,22.08,21.7,0.0,10000,3.6,801,3.0,22.5,45.0,0,6.1,23.5,0.5,1.0,64.29,18,4,0.3097,Estabilizado,Operação Normal
2026-08-22T18:22:54.281376,7050-10,34652,2,TERM. CAMPO LIMPO,JD. DAS ROSAS,5,15:22,3,20.0,3,20.0,22.08,21.7,0.0,10000,3.6,801,3.0,22.5,45.0,0,6.1,23.5,0.5,1.0,66.67,4,1,0.3157,Estabilizado,Operação Normal
2026-08-22T18:22:54.281376,4115-10,322,1,PÇA. DA REPÚBLICA,SHOP. PLAZA SUL,5,15:22,1,60.0,1,20.0,22.08,21.7,0.0,10000,3.6,801,3.0,22.5,45.0,0,6.1,23.5,0.5,0.333,100.0,2,1,0.4657,Estabilizado,Operação Normal
2026-08-22T18:22:54.281376,6475-10,1317,1,TERM. BANDEIRA,JD. VAZ DE LIMA,5,15:22,5,12.0,5,20.0,22.08,21.7,0.0,10000,3.6,801,3.0,22.5,45.0,0,6.1,23.5,0.5,1.0,60.0,6,1,0.299,Estabilizado,Operação Normal
2026-08-22T18:22:54.281376,1705-10,849,1,METRÔ TUCURUVI,JD. SÃO JOÃO,5,15:22,7,8.6,7,20.0,22.08,21.7,0.0,10000,3.6,801,3.0,22.5,45.0,0,6.1,23.5,0.5,1.0,64.29,9,2,0.3097,Estabilizado,Operação Normal
2026-08-22T18:22:54.281376,5175-10,593,1,PÇA. DA SÉ,BALN. SÃO FRANCISCO,5,15:22,7,8.6,7,20.0,22.08,21.7,0.0,10000,3.6,801,3.0,22.5,45.0,0,6.1,23.5,0.5,1.0,64.29,9,2,0.3097,Estabilizado,Operação Normal
2026-08-22T18:22:54.281376,211V-10,154,1,PENHA,VL. PARANAGUÁ,5,15:22,2,30.0,2,20.0,22.08,21.7,0.0,10000,3.6,801,3.0,22.5,45.0,0,6.1,23.5,0.5,0.667,75.0,3,1,0.3698,Estabilizado,Operação Normal
2026-08-22T18:22:54.281376,273X-10,33160,2,METRÔ ARTUR ALVIM,JD. DAS OLIVEIRAS,5,15:22,7,8.6,7,20.0,22.08,21.7,0.0,10000,3.6,801,3.0,22.5,45.0,0,6.1,23.5,0.5,1.0,64.29,9,2,0.3097,Estabilizado,Operação Normal
2026-08-22T18:22:54.281376,5028-10,34402,2,METRÔ ALTO DO IPIRANGA,CONJ. HAB. HELIÓPOLIS,5,15:22,2,30.0,2,20.0,22.08,21.7,0.0,10000,3.6,801,3.0,22.5,45.0,0,6.1,23.5,0.5,0.667,75.0,3,1,0.3698,Estabilizado,Operação Normal
2026-08-22T18:22:54.281376,8215-10,574,1,PÇA. DO CORREIO,JD. PAULISTANO,5,15:22,3,20.0,3,20.0,22.08,21.7,0.0,10000,3.6,801,3.0,22.5,45.0,0,6.1,23.5,0.5,1.0,66.67,4,1,0.3157,Estabilizado,Operação Normal
2026-08-22T18:22:54.281376,9162-10,34133,2,TERM. CASA VERDE,VL. PENTEADO,5,15:22,2,30.0,2,20.0,22.08,21.7,0.0,10000,3.6,801,3.0,22.5,45.0,0,6.1,23.5,0.5,0.667,75.0,3,1,0.3698,Estabilizado,Operação Normal
2026-08-22T18:22:54.281376,4032-10,1102,1,OBJETIVO UNIP,VL. DAS MERCÊS,5,15:22,1,60.0,1,20.0,22.08,21.7,0.0,10000,3.6,801,3.0,22.5,45.0,0,6.1,23.5,0.5,0.333,100.0,2,1,0.4657,Estabilizado,Operação Normal
2026-08-22T18:22:54.281376,4222-10,288,1,MOOCA,PQ. STA. MADALENA,5,15:22,2,30.0,2,20.0,22.08,21.7,0.0,10000,3.6,801,3.0,22.5,45.0,0,6.1,23.5,0.5,0.667,75.0,3,1,0.3698,Estabilizado,Operação Normal
2026-08-22T18:22:54.281376,675K-10,198,1,METRÔ STA. CRUZ,TERM. JD. ÂNGELA,5,15:22,13,4.6,14,20.0,22.08,21.7,0.0,10000,3.6,801,3.0,22.5,45.0,0,6.1,23.5,0.5,1.0,65.38,17,4,0.3125,Estabilizado,Operação Normal
2026-08-22T18:22:54.281376,1742-10,542,1,METRÔ SANTANA,JD. ANTÁRTICA,5,15:22,1,60.0,1,20.0,22.08,21.7,0.0,10000,3.6,801,3.0,22.5,45.0,0,6.1,23.5,0.5,0.333,100.0,2,1,0.4657,Estabilizado,Operação Normal
2026-08-22T18:22:54.281376,178T-10,33333,2,CEASA,METRÔ SANTANA,5,15:22,4,15.0,4,20.0,22.08,21.7,0.0,10000,3.6,801,3.0,22.5,45.0,0,6.1,23.5,0.5,1.0,62.5,5,1,0.3053,Estabilizado,Operação Normal
2026-08-22T18:22:54.281376,6027-10,90,1,TERM. STO. AMARO,JD. GRAUNA,5,15:22,3,20.0,3,20.0,22.08,21.7,0.0,10000,3.6,801,3.0,22.5,45.0,0,6.1,23.5,0.5,1.0,66.67,4,1,0.3157,Estabilizado,Operação Normal
2026-08-22T18:22:54.281376,574J-10,1685,1,TERM. VL. CARRÃO,METRÔ CONCEIÇÃO,5,15:22,4,15.0,4,20.0,22.08,21.7,0.0,10000,3.6,801,3.0,22.5,45.0,0,6.1,23.5,0.5,1.0,62.5,5,1,0.3053,Estabilizado,Operação Normal
2026-08-22T18:22:54.281376,175T-10,33391,2,METRÔ JABAQUARA,METRÔ SANTANA,5,15:22,6,10.0,6,20.0,22.08,21.7,0.0,10000,3.6,801,3.0,22.5,45.0,0,6.1,23.5,0.5,1.0,58.33,7,1,0.2948,Estabilizado,Operação Normal
2026-08-22T18:22:54.281376,3712-10,1009,1,METRÔ ITAQUERA,JD. SÃO JOÃO,5,15:22,5,12.0,5,20.0,22.08,21.7,0.0,10000,3.6,801,3.0,22.5,45.0,0,6.1,23.5,0.5,1.0,60.0,6,1,0.299,Estabilizado,Operação Normal
2026-08-22T18:22:54.281376,3539-10,748,1,METRÔ BRESSER,CID. TIRADENTES,5,15:22,9,6.7,9,20.0,22.08,21.7,0.0,10000,3.6,801,3.0,22.5,45.0,0,6.1,23.5,0.5,1.0,61.11,11,2,0.3018,Estabilizado,Operação Normal
2026-08-22T18:22:54.281376,172P-10,858,1,METRÔ BELÉM,VL. ZILDA,5,15:22,7,8.6,7,20.0,22.08,21.7,0.0,10000,3.6,801,3.0,22.5,45.0,0,6.1,23.5,0.5,1.0,64.29,9,2,0.3097,Estabilizado,Operação Normal
2026-08-22T18:22:54.281376,4726-10,34448,2,METRÔ TATUAPÉ,MOOCA,5,15:22,3,20.0,3,20.0,22.08,21.7,0.0,10000,3.6,801,3.0,22.5,45.0,0,6.1,23.5,0.5,1.0,66.67,4,1,0.3157,Estabilizado,Operação Normal
2026-08-22T18:22:54.281376,8400-10,1265,1,PÇA. RAMOS DE AZEVEDO,TERM. PIRITUBA,5,15:22,6,10.0,6,20.0,22.08,21.7,0.0,10000,3.6,801,3.0,22.5,45.0,0,6.1,23.5,0.5,1.0,58.33,7,1,0.2948,Estabilizado,Operação Normal
2026-08-22T18:22:54.281376,8050-10,412,1,LAPA,PQ. MORRO DOCE,5,15:22,2,30.0,2,20.0,22.08,21.7,0.0,10000,3.6,801,3.0,22.5,45.0,0,6.1,23.5,0.5,0.667,75.0,3,1,0.3698,Estabilizado,Operação Normal
2026-08-22T18:22:54.281376,1709-10,851,1,METRÔ TUCURUVI,JD. JOANA D'ARC,5,15:22,6,10.0,6,20.0,22.08,21.7,0.0,10000,3.6,801,3.0,22.5,45.0,0,6.1,23.5,0.5,1.0,58.33,7,1,0.2948,Estabilizado,Operação Normal
2026-08-22T18:22:54.281376,403A-10,34960,2,TERM. PENHA,CPTM JOSÉ BONIFÁCIO,5,15:22,4,15.0,4,20.0,22.08,21.7,0.0,10000,3.6,801,3.0,22.5,45.0,0,6.1,23.5,0.5,1.0,62.5,5,1,0.3053,Estabilizado,Operação Normal
2026-08-22T18:22:54.281376,6450-10,32827,2,TERM. BANDEIRA,TERM. CAPELINHA,5,15:22,9,6.7,9,20.0,22.08,21.7,0.0,10000,3.6,801,3.0,22.5,45.0,0,6.1,23.5,0.5,1.0,61.11,11,2,0.3018,Estabilizado,Operação Normal
2026-08-22T18:22:54.281376,971M-10,33380,2,METRÔ SANTANA,VL. PENTEADO,5,15:22,6,10.0,6,20.0,22.08,21.7,0.0,10000,3.6,801,3.0,22.5,45.0,0,6.1,23.5,0.5,1.0,58.33,7,1,0.2948,Estabilizado,Operação Normal
2026-08-22T18:22:54.281376,8013-10,33568,2,LAPA,TERM. JD. BRITANIA,5,15:22,8,7.5,8,20.0,22.08,21.7,0.0,10000,3.6,801,3.0,22.5,45.0,0,6.1,23.5,0.5,1.0,62.5,10,2,0.3053,Estabilizado,Operação Normal
2026-08-22T18:22:54.281376,6056-10,33915,2,TERM. GRAJAÚ,PQ. STA. CECÍLIA,5,15:22,6,10.0,6,20.0,22.08,21.7,0.0,10000,3.6,801,3.0,22.5,45.0,0,6.1,23.5,0.5,1.0,58.33,7,1,0.2948,Estabilizado,Operação Normal
2026-08-22T18:22:54.281376,407H-10,2197,1,METRÔ ITAQUERA,JD. SÃO FRANCISCO,5,15:22,5,12.0,5,20.0,22.08,21.7,0.0,10000,3.6,801,3.0,22.5,45.0,0,6.1,23.5,0.5,1.0,60.0,6,1,0.299,Estabilizado,Operação Normal
2026-08-22T18:22:54.281376,573T-10,1632,1,METRÔ CARRÃO,TERM. SAPOPEMBA,5,15:22,5,12.0,5,20.0,22.08,21.7,0.0,10000,3.6,801,3.0,22.5,45.0,0,6.1,23.5,0.5,1.0,60.0,6,1,0.299,Estabilizado,Operação Normal
2026-08-22T18:22:54.281376,273G-10,32991,2,METRÔ ARTUR ALVIM,JD. HELENA,5,15:22,5,12.0,5,20.0,22.08,21.7,0.0,10000,3.6,801,3.0,22.5,45.0,0,6.1,23.5,0.5,1.0,60.0,6,1,0.299,Estabilizado,Operação Normal
2026-08-22T18:22:54.281376,374V-10,1647,1,METRÔ ITAQUERA,JD. SANTANA,5,15:22,3,20.0,3,20.0,22.08,21.7,0.0,10000,3.6,801,3.0,22.5,45.0,0,6.1,23.5,0.5,1.0,66.67,4,1,0.3157,Estabilizado,Operação Normal
2026-08-22T18:22:54.281376,5632-10,81,1,LGO. SÃO FRANCISCO,VL. SÃO JOSÉ,5,15:22,3,20.0,3,20.0,22.08,21.7,0.0,10000,3.6,801,3.0,22.5,45.0,0,6.1,23.5,0.5,1.0,66.67,4,1,0.3157,Estabilizado,Operação Normal
2026-08-22T18:22:54.281376,4007-10,2181,1,TERM. VL. CARRÃO,COHAB JUSCELINO,5,15:22,5,12.0,5,20.0,22.08,21.7,0.0,10000,3.6,801,3.0,22.5,45.0,0,6.1,23.5,0.5,1.0,60.0,6,1,0.299,Estabilizado,Operação Normal
2026-08-22T18:22:54.281376,1788-10,33421,2,METRÔ SANTANA,JD. FONTÁLIS,5,15:22,4,15.0,4,20.0,22.08,21.7,0.0,10000,3.6,801,3.0,22.5,45.0,0,6.1,23.5,0.5,1.0,62.5,5,1,0.3053,Estabilizado,Operação Normal
2026-08-22T18:22:54.281376,6036-10,33982,2,TERM. CAPELINHA,JD. MACEDÔNIA,5,15:22,7,8.6,7,20.0,22.08,21.7,0.0,10000,3.6,801,3.0,22.5,45.0,0,6.1,23.5,0.5,1.0,64.29,9,2,0.3097,Estabilizado,Operação Normal
2026-08-22T18:22:54.281376,2732-10,947,1,VL. REGINA,METRÔ ARTUR ALVIM,5,15:22,3,20.0,3,20.0,22.08,21.7,0.0,10000,3.6,801,3.0,22.5,45.0,0,6.1,23.5,0.5,1.0,66.67,4,1,0.3157,Estabilizado,Operação Normal
2026-08-22T18:22:54.281376,3766-10,33823,2,METRÔ ITAQUERA,COHAB II,5,15:22,8,7.5,8,20.0,22.08,21.7,0.0,10000,3.6,801,3.0,22.5,45.0,0,6.1,23.5,0.5,1.0,62.5,10,2,0.3053,Estabilizado,Operação Normal
2026-08-22T18:22:54.281376,5759-10,1138,1,METRÔ CONCEIÇÃO,PQ. PRIMAVERA,5,15:22,3,20.0,3,20.0,22.08,21.7,0.0,10000,3.6,801,3.0,22.5,45.0,0,6.1,23.5,0.5,1.0,66.67,4,1,0.3157,Estabilizado,Operação Normal
2026-08-22T18:22:54.281376,1745-10,33314,2,SHOP. CENTER NORTE,VL.NOVA CACHOEIRINHA,5,15:22,3,20.0,3,20.0,22.08,21.7,0.0,10000,3.6,801,3.0,22.5,45.0,0,6.1,23.5,0.5,1.0,66.67,4,1,0.3157,Estabilizado,Operação Normal
2026-08-22T18:22:54.281376,3789-10,33835,2,METRÔ ITAQUERA,CID. TIRADENTES,5,15:22,5,12.0,5,20.0,22.08,21.7,0.0,10000,3.6,801,3.0,22.5,45.0,0,6.1,23.5,0.5,1.0,60.0,6,1,0.299,Estabilizado,Operação Normal
2026-08-22T18:22:54.281376,5752-10,1287,1,METRÔ CONCEIÇÃO,VL. MISSIONÁRIA,5,15:22,5,12.0,5,20.0,22.08,21.7,0.0,10000,3.6,801,3.0,22.5,45.0,0,6.1,23.5,0.5,1.0,60.0,6,1,0.299,Estabilizado,Operação Normal
2026-08-22T18:22:54.281376,3751-10,1047,1,METRÔ ITAQUERA,COHAB PRESTES MAIA,5,15:22,5,12.0,5,20.0,22.08,21.7,0.0,10000,3.6,801,3.0,22.5,45.0,0,6.1,23.5,0.5,1.0,60.0,6,1,0.299,Estabilizado,Operação Normal
2026-08-22T18:22:54.281376,4052-10,2145,1,METRÔ ITAQUERA,CPTM GUAIANASES,5,15:22,3,20.0,3,20.0,22.08,21.7,0.0,10000,3.6,801,3.0,22.5,45.0,0,6.1,23.5,0.5,1.0,66.67,4,1,0.3157,Estabilizado,Operação Normal
2026-08-22T18:22:54.281376,8013-10,800,1,LAPA,TERM. JD. BRITANIA,5,15:22,5,12.0,5,20.0,22.08,21.7,0.0,10000,3.6,801,3.0,22.5,45.0,0,6.1,23.5,0.5,1.0,60.0,6,1,0.299,Estabilizado,Operação Normal
2026-08-22T18:22:54.281376,9653-10,33356,2,PÇA. DO CORREIO,PEDRA BRANCA,5,15:22,4,15.0,4,20.0,22.08,21.7,0.0,10000,3.6,801,3.0,22.5,45.0,0,6.1,23.5,0.5,1.0,62.5,5,1,0.3053,Estabilizado,Operação Normal
2026-08-22T18:22:54.281376,675M-10,108,1,METRÔ JABAQUARA,CENTRO SESC,5,15:22,4,15.0,4,20.0,22.08,21.7,0.0,10000,3.6,801,3.0,22.5,45.0,0,6.1,23.5,0.5,1.0,62.5,5,1,0.3053,Estabilizado,Operação Normal
2026-08-22T18:22:54.281376,2007-10,33664,2,CPTM ITAIM PAULISTA,CID. KEMEL II,5,15:22,4,15.0,4,20.0,22.08,21.7,0.0,10000,3.6,801,3.0,22.5,45.0,0,6.1,23.5,0.5,1.0,62.5,5,1,0.3053,Estabilizado,Operação Normal
2026-08-22T18:22:54.281376,172P-10,33626,2,METRÔ BELÉM,VL. ZILDA,5,15:22,10,6.0,11,20.0,22.08,21.7,0.0,10000,3.6,801,3.0,22.5,45.0,0,6.1,23.5,0.5,1.0,65.0,13,3,0.3115,Estabilizado,Operação Normal
2026-08-22T18:22:54.281376,4709-10,333,1,METRÔ VL. MARIANA,JD. SÃO SAVÉRIO,5,15:22,5,12.0,5,20.0,22.08,21.7,0.0,10000,3.6,801,3.0,22.5,45.0,0,6.1,23.5,0.5,1.0,60.0,6,1,0.299,Estabilizado,Operação Normal
2026-08-22T18:22:54.281376,9188-10,809,1,LAPA,CAPELA DA LAGOA ,5,15:22,6,10.0,6,20.0,22.08,21.7,0.0,10000,3.6,801,3.0,22.5,45.0,0,6.1,23.5,0.5,1.0,58.33,7,1,0.2948,Estabilizado,Operação Normal
2026-08-22T18:22:54.281376,3778-10,33830,2,METRÔ CARRÃO,JD. STA. TEREZINHA,5,15:22,6,10.0,6,20.0,22.08,21.7,0.0,10000,3.6,801,3.0,22.5,45.0,0,6.1,23.5,0.5,1.0,58.33,7,1,0.2948,Estabilizado,Operação Normal
2026-08-22T18:22:54.281376,6500-10,46,1,TERM. BANDEIRA,TERM. STO. AMARO,5,15:22,6,10.0,6,20.0,22.08,21.7,0.0,10000,3.6,801,3.0,22.5,45.0,0,6.1,23.5,0.5,1.0,58.33,7,1,0.2948,Estabilizado,Operação Normal
2026-08-22T18:22:54.281376,6063-41,34541,2,TERM. EST. VARGINHA,JD. NOVO MARILDA,5,15:22,6,10.0,6,20.0,22.08,21.7,0.0,10000,3.6,801,3.0,22.5,45.0,0,6.1,23.5,0.5,1.0,58.33,7,1,0.2948,Estabilizado,Operação Normal
2026-08-22T18:22:54.281376,3761-10,33819,2,METRÔ CARRÃO,3A. DIVISÃO,5,15:22,5,12.0,5,20.0,22.08,21.7,0.0,10000,3.6,801,3.0,22.5,45.0,0,6.1,23.5,0.5,1.0,60.0,6,1,0.299,Estabilizado,Operação Normal
2026-08-22T18:22:54.281376,6115-10,33953,2,TERM. GRAJAÚ,CANTINHO DO CÉU,5,15:22,3,20.0,3,20.0,22.08,21.7,0.0,10000,3.6,801,3.0,22.5,45.0,0,6.1,23.5,0.5,1.0,66.67,4,1,0.3157,Estabilizado,Operação Normal
2026-08-22T18:22:54.281376,178Y-10,868,1,METRÔ JD. SÃO PAULO,VL. AMÉLIA,5,15:22,5,12.0,5,20.0,22.08,21.7,0.0,10000,3.6,801,3.0,22.5,45.0,0,6.1,23.5,0.5,1.0,60.0,6,1,0.299,Estabilizado,Operação Normal
2026-08-22T18:22:54.281376,4029-10,1099,1,TERM. VL PRUDENTE,SÃO MATEUS,5,15:22,3,20.0,3,20.0,22.08,21.7,0.0,10000,3.6,801,3.0,22.5,45.0,0,6.1,23.5,0.5,1.0,66.67,4,1,0.3157,Estabilizado,Operação Normal
2026-08-22T18:22:54.281376,4310-10,34928,2,TERM. PQ. D. PEDRO II,E.T. ITAQUERA,5,15:22,5,12.0,5,20.0,22.08,21.7,0.0,10000,3.6,801,3.0,22.5,45.0,0,6.1,23.5,0.5,1.0,60.0,6,1,0.299,Estabilizado,Operação Normal
2026-08-22T18:22:54.281376,6291-10,33126,2,TERM. BANDEIRA,INOCOOP CAMPO LIMPO,5,15:22,5,12.0,5,20.0,22.08,21.7,0.0,10000,3.6,801,3.0,22.5,45.0,0,6.1,23.5,0.5,1.0,60.0,6,1,0.299,Estabilizado,Operação Normal
2026-08-22T18:22:54.281376,2711-10,33693,2,METRÔ PATRIARCA,PONTE RASA,5,15:22,2,30.0,2,20.0,22.08,21.7,0.0,10000,3.6,801,3.0,22.5,45.0,0,6.1,23.5,0.5,0.667,75.0,3,1,0.3698,Estabilizado,Operação Normal
2026-08-22T18:22:54.281376,3743-10,33811,2,METRÔ ITAQUERA,SÃO MATEUS,5,15:22,4,15.0,4,20.0,22.08,21.7,0.0,10000,3.6,801,3.0,22.5,45.0,0,6.1,23.5,0.5,1.0,62.5,5,1,0.3053,Estabilizado,Operação Normal
2026-08-22T18:22:54.281376,5164-41,1617,1,METRÔ CONCEIÇÃO,VL. GUARANI,5,15:22,6,10.0,6,20.0,22.08,21.7,0.0,10000,3.6,801,3.0,22.5,45.0,0,6.1,23.5,0.5,1.0,58.33,7,1,0.2948,Estabilizado,Operação Normal
2026-08-22T18:22:54.281376,189L-10,35218,2,LAPA,CONEXÃO VL. IÓRIO,5,15:22,2,30.0,2,20.0,22.08,21.7,0.0,10000,3.6,801,3.0,22.5,45.0,0,6.1,23.5,0.5,0.667,75.0,3,1,0.3698,Estabilizado,Operação Normal
2026-08-22T18:22:54.281376,6L01-10,1171,1,TERM. VARGINHA,MARSILAC,5,15:22,2,30.0,2,20.0,22.08,21.7,0.0,10000,3.6,801,3.0,22.5,45.0,0,6.1,23.5,0.5,0.667,75.0,3,1,0.3698,Estabilizado,Operação Normal
2026-08-22T18:22:54.281376,3031-10,33735,2,METRÔ ITAQUERA,JD. ALTO PAULISTANO,5,15:22,4,15.0,4,20.0,22.08,21.7,0.0,10000,3.6,801,3.0,22.5,45.0,0,6.1,23.5,0.5,1.0,62.5,5,1,0.3053,Estabilizado,Operação Normal
2026-08-22T18:22:54.281376,4056-10,35005,2,TERM. SÃO MATEUS,PQ. BOA ESPERANÇA,5,15:22,4,15.0,4,20.0,22.08,21.7,0.0,10000,3.6,801,3.0,22.5,45.0,0,6.1,23.5,0.5,1.0,62.5,5,1,0.3053,Estabilizado,Operação Normal
2026-08-22T18:22:54.281376,695V-10,32776,2,METRÔ ANA ROSA,TERM. CAPELINHA,5,15:22,3,20.0,3,20.0,22.08,21.7,0.0,10000,3.6,801,3.0,22.5,45.0,0,6.1,23.5,0.5,1.0,66.67,4,1,0.3157,Estabilizado,Operação Normal
2026-08-22T18:22:54.281376,5705-10,1657,1,METRÔ VERGUEIRO,TERM. SACOMÃ,5,15:22,3,20.0,3,20.0,22.08,21.7,0.0,10000,3.6,801,3.0,22.5,45.0,0,6.1,23.5,0.5,1.0,66.67,4,1,0.3157,Estabilizado,Operação Normal
2026-08-22T18:22:54.281376,4033-10,1103,1,NOVA CONQUISTA,JD. GUAIRACÁ,5,15:22,8,7.5,8,20.0,22.08,21.7,0.0,10000,3.6,801,3.0,22.5,45.0,0,6.1,23.5,0.5,1.0,62.5,10,2,0.3053,Estabilizado,Operação Normal
2026-08-22T18:22:54.281376,9301-10,33226,2,PÇA. DO CORREIO,TERM. CASA VERDE,5,15:22,2,30.0,2,20.0,22.08,21.7,0.0,10000,3.6,801,3.0,22.5,45.0,0,6.1,23.5,0.5,0.667,75.0,3,1,0.3698,Estabilizado,Operação Normal
2026-08-22T18:22:54.281376,4006-10,2180,1,CIRCULAR,JD. NOVA VITÓRIA,5,15:22,1,60.0,1,20.0,22.08,21.7,0.0,10000,3.6,801,3.0,22.5,45.0,0,6.1,23.5,0.5,0.333,100.0,2,1,0.4657,Estabilizado,Operação Normal
2026-08-22T18:22:54.281376,3064-10,980,1,CPTM GUAIANASES,CID. TIRADENTES,5,15:22,7,8.6,7,20.0,22.08,21.7,0.0,10000,3.6,801,3.0,22.5,45.0,0,6.1,23.5,0.5,1.0,64.29,9,2,0.3097,Estabilizado,Operação Normal
2026-08-22T18:22:54.281376,4718-10,33104,2,METRÔ STA. CRUZ,JD. CELESTE,5,15:22,1,60.0,1,20.0,22.08,21.7,0.0,10000,3.6,801,3.0,22.5,45.0,0,6.1,23.5,0.5,0.333,100.0,2,1,0.4657,Estabilizado,Operação Normal
2026-08-22T18:22:54.281376,2704-10,33684,2,METRÔ ITAQUERA,JD. ROBRU,5,15:22,7,8.6,7,20.0,22.08,21.7,0.0,10000,3.6,801,3.0,22.5,45.0,0,6.1,23.5,0.5,1.0,64.29,9,2,0.3097,Estabilizado,Operação Normal
2026-08-22T18:22:54.281376,2708-10,921,1,METRÔ ITAQUERA,JD. LAJEADO,5,15:22,5,12.0,5,20.0,22.08,21.7,0.0,10000,3.6,801,3.0,22.5,45.0,0,6.1,23.5,0.5,1.0,60.0,6,1,0.299,Estabilizado,Operação Normal
2026-08-22T18:22:54.281376,2025-10,35035,2,SANTANA,VL. NOVA GALVÃO,5,15:22,4,15.0,4,20.0,22.08,21.7,0.0,10000,3.6,801,3.0,22.5,45.0,0,6.1,23.5,0.5,1.0,62.5,5,1,0.3053,Estabilizado,Operação Normal
2026-08-22T18:22:54.281376,6L10-41,34773,2,TERM. VARGINHA,MESSIÂNICA,5,15:22,4,15.0,4,20.0,22.08,21.7,0.0,10000,3.6,801,3.0,22.5,45.0,0,6.1,23.5,0.5,1.0,62.5,5,1,0.3053,Estabilizado,Operação Normal
2026-08-22T18:22:54.281376,178A-10,33326,2,LAPA,METRÔ SANTANA,5,15:22,2,30.0,2,20.0,22.08,21.7,0.0,10000,3.6,801,3.0,22.5,45.0,0,6.1,23.5,0.5,0.667,75.0,3,1,0.3698,Estabilizado,Operação Normal
2026-08-22T18:22:54.281376,2100-10,33481,2,PÇA. DA SÉ,TERM. VL. CARRÃO,5,15:22,7,8.6,7,20.0,22.08,21.7,0.0,10000,3.6,801,3.0,22.5,45.0,0,6.1,23.5,0.5,1.0,64.29,9,2,0.3097,Estabilizado,Operação Normal
2026-08-22T18:22:54.281376,4092-10,1876,1,SETOR IIB,TERM. CID. TIRADENTES,5,15:22,1,60.0,1,20.0,22.08,21.7,0.0,10000,3.6,801,3.0,22.5,45.0,0,6.1,23.5,0.5,0.333,100.0,2,1,0.4657,Estabilizado,Operação Normal
2026-08-22T18:22:54.281376,857P-10,34694,2,PARAÍSO,TERM. CAMPO LIMPO,5,15:22,6,10.0,6,20.0,22.08,21.7,0.0,10000,3.6,801,3.0,22.5,45.0,0,6.1,23.5,0.5,1.0,58.33,7,1,0.2948,Estabilizado,Operação Normal
2026-08-22T18:22:54.281376,5119-10,32769,2,LGO. SÃO FRANCISCO,TERM. CAPELINHA,5,15:22,8,7.5,8,20.0,22.08,21.7,0.0,10000,3.6,801,3.0,22.5,45.0,0,6.1,23.5,0.5,1.0,62.5,10,2,0.3053,Estabilizado,Operação Normal
2026-08-22T18:22:54.281376,971C-10,571,1,METRÔ SANTANA,COHAB BRASILÂNDIA,5,15:22,7,8.6,7,20.0,22.08,21.7,0.0,10000,3.6,801,3.0,22.5,45.0,0,6.1,23.5,0.5,1.0,64.29,9,2,0.3097,Estabilizado,Operação Normal
2026-08-22T18:22:54.281376,2582-10,374,1,TERM. PQ. D. PEDRO II,VL. NOVA CURUÇÁ,5,15:22,7,8.6,7,20.0,22.08,21.7,0.0,10000,3.6,801,3.0,22.5,45.0,0,6.1,23.5,0.5,1.0,64.29,9,2,0.3097,Estabilizado,Operação Normal
2026-08-22T18:22:54.281376,2435-10,32978,2,TERM. ARICANDUVA,JD. COIMBRA,5,15:22,3,20.0,3,20.0,22.08,21.7,0.0,10000,3.6,801,3.0,22.5,45.0,0,6.1,23.5,0.5,1.0,66.67,4,1,0.3157,Estabilizado,Operação Normal
2026-08-22T18:22:54.281376,607C-10,1977,1,ITAIM BIBI,JD. MIRIAM,5,15:22,5,12.0,5,20.0,22.08,21.7,0.0,10000,3.6,801,3.0,22.5,45.0,0,6.1,23.5,0.5,1.0,60.0,6,1,0.299,Estabilizado,Operação Normal
2026-08-22T18:22:54.281376,9784-10,33595,2,METRÔ BARRA FUNDA,JD. DOS FRANCOS,5,15:22,7,8.6,7,20.0,22.08,21.7,0.0,10000,3.6,801,3.0,22.5,45.0,0,6.1,23.5,0.5,1.0,64.29,9,2,0.3097,Estabilizado,Operação Normal
2026-08-22T18:22:54.281376,4286-10,33094,2,TERM. VL PRUDENTE,VL. INDUSTRIAL,5,15:22,2,30.0,2,20.0,22.08,21.7,0.0,10000,3.6,801,3.0,22.5,45.0,0,6.1,23.5,0.5,0.667,75.0,3,1,0.3698,Estabilizado,Operação Normal
2026-08-22T18:22:54.281376,5791-21,2463,1,METRÔ JABAQUARA,ELDORADO,5,15:22,3,20.0,3,20.0,22.08,21.7,0.0,10000,3.6,801,3.0,22.5,45.0,0,6.1,23.5,0.5,1.0,66.67,4,1,0.3157,Estabilizado,Operação Normal
2026-08-22T18:22:54.281376,3754-10,33817,2,METRÔ ITAQUERA,INÁCIO MONTEIRO,5,15:22,6,10.0,6,20.0,22.08,21.7,0.0,10000,3.6,801,3.0,22.5,45.0,0,6.1,23.5,0.5,1.0,58.33,7,1,0.2948,Estabilizado,Operação Normal
2026-08-22T18:22:54.281376,695Y-10,1198,1,METRÔ VL. MARIANA,TERM. PARELHEIROS,5,15:22,7,8.6,7,20.0,22.08,21.7,0.0,10000,3.6,801,3.0,22.5,45.0,0,6.1,23.5,0.5,1.0,64.29,9,2,0.3097,Estabilizado,Operação Normal
2026-08-22T18:22:54.281376,4024-10,34926,2,E.T. ITAQUERA,COHAB FAZENDA DO CARMO,5,15:22,4,15.0,4,20.0,22.08,21.7,0.0,10000,3.6,801,3.0,22.5,45.0,0,6.1,23.5,0.5,1.0,62.5,5,1,0.3053,Estabilizado,Operação Normal
2026-08-22T18:22:54.281376,5106-31,1305,1,METRÔ ANA ROSA,JD. UBIRAJARA,5,15:22,5,12.0,5,20.0,22.08,21.7,0.0,10000,3.6,801,3.0,22.5,45.0,0,6.1,23.5,0.5,1.0,60.0,6,1,0.299,Estabilizado,Operação Normal
2026-08-22T18:22:54.281376,6338-10,34061,2,PQ. IBIRAPUERA,JD. MIRIAM,5,15:22,3,20.0,3,20.0,22.08,21.7,0.0,10000,3.6,801,3.0,22.5,45.0,0,6.1,23.5,0.5,1.0,66.67,4,1,0.3157,Estabilizado,Operação Normal
2026-08-22T18:22:54.281376,6063-43,2480,1,TERM. EST. VARGINHA,VL. DA PAZ,5,15:22,1,60.0,1,20.0,22.08,21.7,0.0,10000,3.6,801,3.0,22.5,45.0,0,6.1,23.5,0.5,0.333,100.0,2,1,0.4657,Estabilizado,Operação Normal
2026-08-22T18:22:54.281376,211V-10,32922,2,PENHA,VL. PARANAGUÁ,5,15:22,1,60.0,1,20.0,22.08,21.7,0.0,10000,3.6,801,3.0,22.5,45.0,0,6.1,23.5,0.5,0.333,100.0,2,1,0.4657,Estabilizado,Operação Normal
2026-08-22T18:22:54.281376,175T-10,623,1,METRÔ JABAQUARA,METRÔ SANTANA,5,15:22,6,10.0,6,20.0,22.08,21.7,0.0,10000,3.6,801,3.0,22.5,45.0,0,6.1,23.5,0.5,1.0,58.33,7,1,0.2948,Estabilizado,Operação Normal
2026-08-22T18:22:54.281376,5123-10,1125,1,HOSP. SÃO PAULO,JD. MIRIAM,5,15:22,3,20.0,3,20.0,22.08,21.7,0.0,10000,3.6,801,3.0,22.5,45.0,0,6.1,23.5,0.5,1.0,66.67,4,1,0.3157,Estabilizado,Operação Normal
2026-08-22T18:22:54.281376,1018-10,832,1,METRÔ SANTANA,VL. ROSA,5,15:22,2,30.0,2,20.0,22.08,21.7,0.0,10000,3.6,801,3.0,22.5,45.0,0,6.1,23.5,0.5,0.667,75.0,3,1,0.3698,Estabilizado,Operação Normal
2026-08-22T18:22:54.281376,513L-10,34423,2,PQ. BELÉM,TERM. SACOMÃ,5,15:22,2,30.0,2,20.0,22.08,21.7,0.0,10000,3.6,801,3.0,22.5,45.0,0,6.1,23.5,0.5,0.667,75.0,3,1,0.3698,Estabilizado,Operação Normal
2026-08-22T18:22:54.281376,209P-1,35069,2,TERM. PINHEIROS,CACHOEIRINHA,5,15:22,3,20.0,3,20.0,22.08,21.7,0.0,10000,3.6,801,3.0,22.5,45.0,0,6.1,23.5,0.5,1.0,66.67,4,1,0.3157,Estabilizado,Operação Normal
2026-08-22T18:22:54.281376,3762-10,33821,2,METRÔ TATUAPÉ,JD. IVA,5,15:22,6,10.0,6,20.0,22.08,21.7,0.0,10000,3.6,801,3.0,22.5,45.0,0,6.1,23.5,0.5,1.0,58.33,7,1,0.2948,Estabilizado,Operação Normal
2026-08-22T18:22:54.281376,6010-10,33970,2,TERM. GUARAPIRANGA,CHÁC. STA. MARIA,5,15:22,5,12.0,5,20.0,22.08,21.7,0.0,10000,3.6,801,3.0,22.5,45.0,0,6.1,23.5,0.5,1.0,60.0,6,1,0.299,Estabilizado,Operação Normal
2026-08-22T18:22:54.281376,857A-10,1925,1,METRÔ STA. CRUZ,TERM. CAMPO LIMPO,5,15:22,5,12.0,5,20.0,22.08,21.7,0.0,10000,3.6,801,3.0,22.5,45.0,0,6.1,23.5,0.5,1.0,60.0,6,1,0.299,Estabilizado,Operação Normal
2026-08-22T18:22:54.281376,6080-10,33936,2,SHOP. INTERLAGOS,JD. LUCÉLIA,5,15:22,4,15.0,4,20.0,22.08,21.7,0.0,10000,3.6,801,3.0,22.5,45.0,0,6.1,23.5,0.5,1.0,62.5,5,1,0.3053,Estabilizado,Operação Normal
2026-08-22T18:22:54.281376,648P-10,32834,2,TERM. PINHEIROS,TERM. CAPELINHA,5,15:22,4,15.0,4,20.0,22.08,21.7,0.0,10000,3.6,801,3.0,22.5,45.0,0,6.1,23.5,0.5,1.0,62.5,5,1,0.3053,Estabilizado,Operação Normal
2026-08-22T18:22:54.281376,5141-10,34393,2,PÇA. DO CORREIO,TERM. SAPOPEMBA,5,15:22,4,15.0,4,20.0,22.08,21.7,0.0,10000,3.6,801,3.0,22.5,45.0,0,6.1,23.5,0.5,1.0,62.5,5,1,0.3053,Estabilizado,Operação Normal
2026-08-22T18:22:54.281376,573T-10,34400,2,METRÔ CARRÃO,TERM. SAPOPEMBA,5,15:22,8,7.5,8,20.0,22.08,21.7,0.0,10000,3.6,801,3.0,22.5,45.0,0,6.1,23.5,0.5,1.0,62.5,10,2,0.3053,Estabilizado,Operação Normal
2026-08-22T18:22:54.281376,2731-10,946,1,METRÔ ITAQUERA,VL. PROGRESSO,5,15:22,3,20.0,3,20.0,22.08,21.7,0.0,10000,3.6,801,3.0,22.5,45.0,0,6.1,23.5,0.5,1.0,66.67,4,1,0.3157,Estabilizado,Operação Normal
2026-08-22T18:22:54.281376,4734-10,33877,2,METRÔ SAÚDE,VL. MORAES,5,15:22,6,10.0,6,20.0,22.08,21.7,0.0,10000,3.6,801,3.0,22.5,45.0,0,6.1,23.5,0.5,1.0,58.33,7,1,0.2948,Estabilizado,Operação Normal
2026-08-22T18:22:54.281376,3718-10,1013,1,NOVA AMERICA,METRÔ ARTUR ALVIM,5,15:22,6,10.0,6,20.0,22.08,21.7,0.0,10000,3.6,801,3.0,22.5,45.0,0,6.1,23.5,0.5,1.0,58.33,7,1,0.2948,Estabilizado,Operação Normal
2026-08-22T18:22:54.281376,971V-10,619,1,SHOP. CENTER NORTE,JD. VISTA ALEGRE,5,15:22,5,12.0,5,20.0,22.08,21.7,0.0,10000,3.6,801,3.0,22.5,45.0,0,6.1,23.5,0.5,1.0,60.0,6,1,0.299,Estabilizado,Operação Normal
2026-08-22T18:22:54.281376,6013-10,186,1,TERM. STO. AMARO,JD. NAKAMURA,5,15:22,3,20.0,3,20.0,22.08,21.7,0.0,10000,3.6,801,3.0,22.5,45.0,0,6.1,23.5,0.5,1.0,66.67,4,1,0.3157,Estabilizado,Operação Normal
2026-08-22T18:22:54.281376,414P-10,1105,1,TERM. NORTE METRÔ CARRÃO,VL. INDUSTRIAL,5,15:22,5,12.0,5,20.0,22.08,21.7,0.0,10000,3.6,801,3.0,22.5,45.0,0,6.1,23.5,0.5,1.0,60.0,6,1,0.299,Estabilizado,Operação Normal
2026-08-22T18:22:54.281376,5300-10,33122,2,TERM. PQ. D. PEDRO II,TERM. STO. AMARO,5,15:22,6,10.0,6,20.0,22.08,21.7,0.0,10000,3.6,801,3.0,22.5,45.0,0,6.1,23.5,0.5,1.0,58.33,7,1,0.2948,Estabilizado,Operação Normal
2026-08-22T18:22:54.281376,574C-10,1639,1,DIV. DE SÃO CAETANO,SÃO MATEUS,5,15:22,3,20.0,3,20.0,22.08,21.7,0.0,10000,3.6,801,3.0,22.5,45.0,0,6.1,23.5,0.5,1.0,66.67,4,1,0.3157,Estabilizado,Operação Normal
2026-08-22T18:22:54.281376,2722-10,935,1,METRÔ GUILHERMINA/ESPERANÇA,JD. VERONIA,5,15:22,1,60.0,1,20.0,22.08,21.7,0.0,10000,3.6,801,3.0,22.5,45.0,0,6.1,23.5,0.5,0.333,100.0,2,1,0.4657,Estabilizado,Operação Normal
2026-08-22T18:22:54.281376,1720-10,863,1,CANTAREIRA,JD. GUANCÃ,5,15:22,8,7.5,8,20.0,22.08,21.7,0.0,10000,3.6,801,3.0,22.5,45.0,0,6.1,23.5,0.5,1.0,62.5,10,2,0.3053,Estabilizado,Operação Normal
2026-08-22T18:22:54.281376,5022-10,1120,1,JABAQUARA,VL. STA. MARGARIDA,5,15:22,1,60.0,1,20.0,22.08,21.7,0.0,10000,3.6,801,3.0,22.5,45.0,0,6.1,23.5,0.5,0.333,100.0,2,1,0.4657,Estabilizado,Operação Normal
2026-08-22T18:22:54.281376,1772-10,635,1,METRÔ TUCURUVI,RECANTO VERDE,5,15:22,3,20.0,3,20.0,22.08,21.7,0.0,10000,3.6,801,3.0,22.5,45.0,0,6.1,23.5,0.5,1.0,66.67,4,1,0.3157,Estabilizado,Operação Normal
2026-08-22T18:22:54.281376,273L-10,224,1,METRÔ ARTUR ALVIM,CPTM JOSÉ BONIFÁCIO,5,15:22,1,60.0,1,20.0,22.08,21.7,0.0,10000,3.6,801,3.0,22.5,45.0,0,6.1,23.5,0.5,0.333,100.0,2,1,0.4657,Estabilizado,Operação Normal
2026-08-22T18:22:54.281376,5025-10,34332,2,METRÔ TAMANDUATEÍ,JD. GUAIRACÁ,5,15:22,3,20.0,3,20.0,22.08,21.7,0.0,10000,3.6,801,3.0,22.5,45.0,0,6.1,23.5,0.5,1.0,66.67,4,1,0.3157,Estabilizado,Operação Normal
2026-08-22T18:22:54.281376,4037-10,2588,1,CIRCULAR,TERM. VL. CARRÃO,5,15:22,3,20.0,3,20.0,22.08,21.7,0.0,10000,3.6,801,3.0,22.5,45.0,0,6.1,23.5,0.5,1.0,66.67,4,1,0.3157,Estabilizado,Operação Normal
2026-08-22T18:22:54.281376,2666-10,33146,2,TERM. PQ. D. PEDRO II,JD. CAMARGO VELHO,5,15:22,11,5.5,12,20.0,22.08,21.7,0.0,10000,3.6,801,3.0,22.5,45.0,0,6.1,23.5,0.5,1.0,63.64,14,3,0.3081,Estabilizado,Operação Normal
2026-08-22T18:22:54.281376,8026-10,2083,1,TERM. VL. SÔNIA,JD. INGÁ,5,15:22,2,30.0,2,20.0,22.08,21.7,0.0,10000,3.6,801,3.0,22.5,45.0,0,6.1,23.5,0.5,0.667,75.0,3,1,0.3698,Estabilizado,Operação Normal
2026-08-22T18:22:54.281376,875A-10,609,1,PERDIZES,AEROPORTO,5,15:22,4,15.0,4,20.0,22.08,21.7,0.0,10000,3.6,801,3.0,22.5,45.0,0,6.1,23.5,0.5,1.0,62.5,5,1,0.3053,Estabilizado,Operação Normal
2026-08-22T18:22:54.281376,6035-21,1795,1,TERM. GUARAPIRANGA,VL. GILDA,5,15:22,4,15.0,4,20.0,22.08,21.7,0.0,10000,3.6,801,3.0,22.5,45.0,0,6.1,23.5,0.5,1.0,62.5,5,1,0.3053,Estabilizado,Operação Normal
2026-08-22T18:22:54.281376,6057-10,1148,1,TERM. GRAJAÚ,VL. NATAL,5,15:22,5,12.0,5,20.0,22.08,21.7,0.0,10000,3.6,801,3.0,22.5,45.0,0,6.1,23.5,0.5,1.0,60.0,6,1,0.299,Estabilizado,Operação Normal
2026-08-22T18:22:54.281376,971T-10,618,1,METRÔ SANTANA,VL. STA. MARIA,5,15:22,2,30.0,2,20.0,22.08,21.7,0.0,10000,3.6,801,3.0,22.5,45.0,0,6.1,23.5,0.5,0.667,75.0,3,1,0.3698,Estabilizado,Operação Normal
2026-08-22T18:22:54.281376,209P-1,2301,1,TERM. PINHEIROS,CACHOEIRINHA,5,15:22,2,30.0,2,20.0,22.08,21.7,0.0,10000,3.6,801,3.0,22.5,45.0,0,6.1,23.5,0.5,0.667,75.0,3,1,0.3698,Estabilizado,Operação Normal
2026-08-22T18:22:54.281376,477U-10,306,1,METRÔ VL. MARIANA,HELIÓPOLIS,5,15:22,2,30.0,2,20.0,22.08,21.7,0.0,10000,3.6,801,3.0,22.5,45.0,0,6.1,23.5,0.5,0.667,75.0,3,1,0.3698,Estabilizado,Operação Normal
2026-08-22T18:22:54.281376,6003-10,1472,1,TERM. VARGINHA,TERM. GRAJAÚ,5,15:22,2,30.0,2,20.0,22.08,21.7,0.0,10000,3.6,801,3.0,22.5,45.0,0,6.1,23.5,0.5,0.667,75.0,3,1,0.3698,Estabilizado,Operação Normal
2026-08-22T18:22:54.281376,7055-10,34656,2,TERM. CAMPO LIMPO,JD. GUARUJÁ,5,15:22,5,12.0,5,20.0,22.08,21.7,0.0,10000,3.6,801,3.0,22.5,45.0,0,6.1,23.5,0.5,1.0,60.0,6,1,0.299,Estabilizado,Operação Normal
2026-08-22T18:22:54.281376,6L01-10,33939,2,TERM. VARGINHA,MARSILAC,5,15:22,9,6.7,9,20.0,22.08,21.7,0.0,10000,3.6,801,3.0,22.5,45.0,0,6.1,23.5,0.5,1.0,61.11,11,2,0.3018,Estabilizado,Operação Normal
2026-08-22T18:22:54.281376,695X-10,34209,2,METRÔ JABAQUARA,TERM. VARGINHA,5,15:22,9,6.7,9,20.0,22.08,21.7,0.0,10000,3.6,801,3.0,22.5,45.0,0,6.1,23.5,0.5,1.0,61.11,11,2,0.3018,Estabilizado,Operação Normal
2026-08-22T18:22:54.281376,6022-10,33975,2,JD. ÂNGELA,PQ. CEREJEIRA,5,15:22,3,20.0,3,20.0,22.08,21.7,0.0,10000,3.6,801,3.0,22.5,45.0,0,6.1,23.5,0.5,1.0,66.67,4,1,0.3157,Estabilizado,Operação Normal
2026-08-22T18:22:54.281376,8199-10,33575,2,CEM. VL. NOVA CACHOEIRINHA,PIRITUBA,5,15:22,6,10.0,6,20.0,22.08,21.7,0.0,10000,3.6,801,3.0,22.5,45.0,0,6.1,23.5,0.5,1.0,58.33,7,1,0.2948,Estabilizado,Operação Normal
2026-08-22T18:22:54.281376,9011-21,1768,1,CITY JARAGUÁ,CPTM JARAGUÁ,5,15:22,5,12.0,5,20.0,22.08,21.7,0.0,10000,3.6,801,3.0,22.5,45.0,0,6.1,23.5,0.5,1.0,60.0,6,1,0.299,Estabilizado,Operação Normal
2026-08-22T18:22:54.281376,637P-10,32815,2,TERM. PINHEIROS,TERM. STO. AMARO,5,15:22,7,8.6,7,20.0,22.08,21.7,0.0,10000,3.6,801,3.0,22.5,45.0,0,6.1,23.5,0.5,1.0,64.29,9,2,0.3097,Estabilizado,Operação Normal
2026-08-22T18:22:54.281376,7051-10,1885,1,TERM. CAMPO LIMPO,JD. ROSANA,5,15:22,1,60.0,1,20.0,22.08,21.7,0.0,10000,3.6,801,3.0,22.5,45.0,0,6.1,23.5,0.5,0.333,100.0,2,1,0.4657,Estabilizado,Operação Normal
2026-08-22T18:22:54.281376,8100-10,34030,2,TERM. LAPA,TERM. PIRITUBA,5,15:22,3,20.0,3,20.0,22.08,21.7,0.0,10000,3.6,801,3.0,22.5,45.0,0,6.1,23.5,0.5,1.0,66.67,4,1,0.3157,Estabilizado,Operação Normal
2026-08-22T18:22:54.281376,118Y-10,33609,2,LAPA,LAUZANE PAULISTA,5,15:22,6,10.0,6,20.0,22.08,21.7,0.0,10000,3.6,801,3.0,22.5,45.0,0,6.1,23.5,0.5,1.0,58.33,7,1,0.2948,Estabilizado,Operação Normal
2026-08-22T18:22:54.281376,7062-31,34682,2,TERM. CAMPO LIMPO,INOCOOP CAMPO LIMPO,5,15:22,2,30.0,2,20.0,22.08,21.7,0.0,10000,3.6,801,3.0,22.5,45.0,0,6.1,23.5,0.5,0.667,75.0,3,1,0.3698,Estabilizado,Operação Normal
2026-08-22T18:22:54.281376,373T-10,33859,2,METRÔ BRESSER,JD. ITÁPOLIS,5,15:22,7,8.6,7,20.0,22.08,21.7,0.0,10000,3.6,801,3.0,22.5,45.0,0,6.1,23.5,0.5,1.0,64.29,9,2,0.3097,Estabilizado,Operação Normal
2026-08-22T18:22:54.281376,2770-10,33011,2,METRÔ VL. MATILDE,CPTM JOSÉ BONIFÁCIO,5,15:22,4,15.0,4,20.0,22.08,21.7,0.0,10000,3.6,801,3.0,22.5,45.0,0,6.1,23.5,0.5,1.0,62.5,5,1,0.3053,Estabilizado,Operação Normal
2026-08-22T18:22:54.281376,2019-10,905,1,SHOP. PENHA,PQ. PAINEIRAS,5,15:22,3,20.0,3,20.0,22.08,21.7,0.0,10000,3.6,801,3.0,22.5,45.0,0,6.1,23.5,0.5,1.0,66.67,4,1,0.3157,Estabilizado,Operação Normal
2026-08-22T18:22:54.281376,5142-10,34394,2,TERM. PQ. D. PEDRO II,TERM. SAPOPEMBA,5,15:22,6,10.0,6,20.0,22.08,21.7,0.0,10000,3.6,801,3.0,22.5,45.0,0,6.1,23.5,0.5,1.0,58.33,7,1,0.2948,Estabilizado,Operação Normal
2026-08-22T18:22:54.281376,9032-10,880,1,TERM. CACHOEIRINHA,JD. DAMASCENO,5,15:22,5,12.0,5,20.0,22.08,21.7,0.0,10000,3.6,801,3.0,22.5,45.0,0,6.1,23.5,0.5,1.0,60.0,6,1,0.299,Estabilizado,Operação Normal
2026-08-22T18:22:54.281376,513C-31,35304,2,E.T. ITAQUERA,VL. CALIFÓRNIA,5,15:22,3,20.0,3,20.0,22.08,21.7,0.0,10000,3.6,801,3.0,22.5,45.0,0,6.1,23.5,0.5,1.0,66.67,4,1,0.3157,Estabilizado,Operação Normal
2026-08-22T18:22:54.281376,8500-10,1267,1,METRÔ BARRA FUNDA,TERM. PIRITUBA,5,15:22,3,20.0,3,20.0,22.08,21.7,0.0,10000,3.6,801,3.0,22.5,45.0,0,6.1,23.5,0.5,1.0,66.67,4,1,0.3157,Estabilizado,Operação Normal
2026-08-22T18:22:54.281376,8062-10,33188,2,LAPA,PQ. SÃO DOMINGOS,5,15:22,1,60.0,1,20.0,22.08,21.7,0.0,10000,3.6,801,3.0,22.5,45.0,0,6.1,23.5,0.5,0.333,100.0,2,1,0.4657,Estabilizado,Operação Normal
2026-08-22T18:22:54.281376,677V-10,112,1,TERM. GRAJAÚ,JD. ALPINO,5,15:22,1,60.0,1,20.0,22.08,21.7,0.0,10000,3.6,801,3.0,22.5,45.0,0,6.1,23.5,0.5,0.333,100.0,2,1,0.4657,Estabilizado,Operação Normal
2026-08-22T18:22:54.281376,2718-10,33699,2,METRÔ PENHA,VL. SÍLVIA,5,15:22,3,20.0,3,20.0,22.08,21.7,0.0,10000,3.6,801,3.0,22.5,45.0,0,6.1,23.5,0.5,1.0,66.67,4,1,0.3157,Estabilizado,Operação Normal
2026-08-22T18:22:54.281376,4288-10,33058,2,TERM. PQ. D. PEDRO II,PQ. STA. MADALENA,5,15:22,3,20.0,3,20.0,22.08,21.7,0.0,10000,3.6,801,3.0,22.5,45.0,0,6.1,23.5,0.5,1.0,66.67,4,1,0.3157,Estabilizado,Operação Normal
2026-08-22T18:22:54.281376,702U-22,2581,1,TERM. PQ. D. PEDRO II,METRÔ BUTANTÃ,5,15:22,5,12.0,5,20.0,22.08,21.7,0.0,10000,3.6,801,3.0,22.5,45.0,0,6.1,23.5,0.5,1.0,60.0,6,1,0.299,Estabilizado,Operação Normal
2026-08-22T18:22:54.281376,4051-10,2144,1,CPTM GUAIANASES,JD. SÃO PAULO,5,15:22,4,15.0,4,20.0,22.08,21.7,0.0,10000,3.6,801,3.0,22.5,45.0,0,6.1,23.5,0.5,1.0,62.5,5,1,0.3053,Estabilizado,Operação Normal
2026-08-22T18:22:54.281376,736I-10,781,1,STO. AMARO,JD. INGÁ,5,15:22,4,15.0,4,20.0,22.08,21.7,0.0,10000,3.6,801,3.0,22.5,45.0,0,6.1,23.5,0.5,1.0,62.5,5,1,0.3053,Estabilizado,Operação Normal
2026-08-22T18:22:54.281376,524M-10,34399,2,SHOP. ARICANDUVA,MASCARENHAS DE MORAIS,5,15:22,4,15.0,4,20.0,22.08,21.7,0.0,10000,3.6,801,3.0,22.5,45.0,0,6.1,23.5,0.5,1.0,62.5,5,1,0.3053,Estabilizado,Operação Normal
2026-08-22T18:22:54.281376,5318-10,45,1,PÇA. DA SÉ,CHÁC. SANTANA,5,15:22,4,15.0,4,20.0,22.08,21.7,0.0,10000,3.6,801,3.0,22.5,45.0,0,6.1,23.5,0.5,1.0,62.5,5,1,0.3053,Estabilizado,Operação Normal
2026-08-22T18:22:54.281376,574R-10,1623,1,METRÔ BELÉM,TERM. SAPOPEMBA,5,15:22,3,20.0,3,20.0,22.08,21.7,0.0,10000,3.6,801,3.0,22.5,45.0,0,6.1,23.5,0.5,1.0,66.67,4,1,0.3157,Estabilizado,Operação Normal
2026-08-22T18:22:54.281376,6L02-10,33946,2,TERM. PARELHEIROS,JD. EUCALIPTOS,5,15:22,1,60.0,1,20.0,22.08,21.7,0.0,10000,3.6,801,3.0,22.5,45.0,0,6.1,23.5,0.5,0.333,100.0,2,1,0.4657,Estabilizado,Operação Normal
2026-08-22T18:22:54.281376,6970-10,34273,2,TERM. STO. AMARO,TERM. GRAJAÚ,5,15:22,3,20.0,3,20.0,22.08,21.7,0.0,10000,3.6,801,3.0,22.5,45.0,0,6.1,23.5,0.5,1.0,66.67,4,1,0.3157,Estabilizado,Operação Normal
2026-08-22T18:22:54.281376,8605-10,34685,2,TERM. BANDEIRA,TERM. CAMPO LIMPO,5,15:22,5,12.0,5,20.0,22.08,21.7,0.0,10000,3.6,801,3.0,22.5,45.0,0,6.1,23.5,0.5,1.0,60.0,6,1,0.299,Estabilizado,Operação Normal
2026-08-22T18:22:54.281376,857R-10,34660,2,ACLIMAÇÃO,TERM. CAMPO LIMPO,5,15:22,6,10.0,6,20.0,22.08,21.7,0.0,10000,3.6,801,3.0,22.5,45.0,0,6.1,23.5,0.5,1.0,58.33,7,1,0.2948,Estabilizado,Operação Normal
2026-08-22T18:22:54.281376,6063-43,35248,2,TERM. EST. VARGINHA,VL. DA PAZ,5,15:22,2,30.0,2,20.0,22.08,21.7,0.0,10000,3.6,801,3.0,22.5,45.0,0,6.1,23.5,0.5,0.667,75.0,3,1,0.3698,Estabilizado,Operação Normal
2026-08-22T18:22:54.281376,2722-10,33703,2,METRÔ GUILHERMINA/ESPERANÇA,JD. VERONIA,5,15:22,4,15.0,4,20.0,22.08,21.7,0.0,10000,3.6,801,3.0,22.5,45.0,0,6.1,23.5,0.5,1.0,62.5,5,1,0.3053,Estabilizado,Operação Normal
2026-08-22T18:22:54.281376,5164-41,34385,2,METRÔ CONCEIÇÃO,VL. GUARANI,5,15:22,2,30.0,2,20.0,22.08,21.7,0.0,10000,3.6,801,3.0,22.5,45.0,0,6.1,23.5,0.5,0.667,75.0,3,1,0.3698,Estabilizado,Operação Normal
2026-08-22T18:22:54.281376,2023-10,35028,2,METRÔ TUCURUVI,CACHOEIRA,5,15:22,3,20.0,3,20.0,22.08,21.7,0.0,10000,3.6,801,3.0,22.5,45.0,0,6.1,23.5,0.5,1.0,66.67,4,1,0.3157,Estabilizado,Operação Normal
2026-08-22T18:22:54.281376,6200-10,355,1,TERM. BANDEIRA,TERM. STO. AMARO,5,15:22,11,5.5,12,20.0,22.08,21.7,0.0,10000,3.6,801,3.0,22.5,45.0,0,6.1,23.5,0.5,1.0,63.64,14,3,0.3081,Estabilizado,Operação Normal
2026-08-22T18:22:54.281376,6048-10,56,1,STO. AMARO,CAPÃO REDONDO,5,15:22,2,30.0,2,20.0,22.08,21.7,0.0,10000,3.6,801,3.0,22.5,45.0,0,6.1,23.5,0.5,0.667,75.0,3,1,0.3698,Estabilizado,Operação Normal
2026-08-22T18:22:54.281376,4004-10,34946,2,BARRO BRANCO,TERM. CID. TIRADENTES,5,15:22,3,20.0,3,20.0,22.08,21.7,0.0,10000,3.6,801,3.0,22.5,45.0,0,6.1,23.5,0.5,1.0,66.67,4,1,0.3157,Estabilizado,Operação Normal
2026-08-22T18:22:54.281376,627M-10,35365,2,TERM. STO. AMARO,MAR PAULISTA,5,15:22,3,20.0,3,20.0,22.08,21.7,0.0,10000,3.6,801,3.0,22.5,45.0,0,6.1,23.5,0.5,1.0,66.67,4,1,0.3157,Estabilizado,Operação Normal
2026-08-22T18:22:54.281376,2007-10,896,1,CPTM ITAIM PAULISTA,CID. KEMEL II,5,15:22,6,10.0,6,20.0,22.08,21.7,0.0,10000,3.6,801,3.0,22.5,45.0,0,6.1,23.5,0.5,1.0,58.33,7,1,0.2948,Estabilizado,Operação Normal
2026-08-22T18:22:54.281376,875H-10,1340,1,METRÔ VL. MARIANA,TERM. LAPA,5,15:22,1,60.0,1,20.0,22.08,21.7,0.0,10000,3.6,801,3.0,22.5,45.0,0,6.1,23.5,0.5,0.333,100.0,2,1,0.4657,Estabilizado,Operação Normal
2026-08-22T18:22:54.281376,607A-10,2139,1,SOCORRO,JD. APURÁ,5,15:22,5,12.0,5,20.0,22.08,21.7,0.0,10000,3.6,801,3.0,22.5,45.0,0,6.1,23.5,0.5,1.0,60.0,6,1,0.299,Estabilizado,Operação Normal
2026-08-22T18:22:54.281376,8542-21,1361,1,TERM. LAPA,BRASILÂNDIA,5,15:22,4,15.0,4,20.0,22.08,21.7,0.0,10000,3.6,801,3.0,22.5,45.0,0,6.1,23.5,0.5,1.0,62.5,5,1,0.3053,Estabilizado,Operação Normal
2026-08-22T18:22:54.281376,273D-10,32990,2,METRÔ ARTUR ALVIM,PQ. D. JOÃO NERY,5,15:22,4,15.0,4,20.0,22.08,21.7,0.0,10000,3.6,801,3.0,22.5,45.0,0,6.1,23.5,0.5,1.0,62.5,5,1,0.3053,Estabilizado,Operação Normal
2026-08-22T18:22:54.281376,8020-10,1726,1,SHOP. MORUMBI,BUTANTÃ,5,15:22,1,60.0,1,20.0,22.08,21.7,0.0,10000,3.6,801,3.0,22.5,45.0,0,6.1,23.5,0.5,0.333,100.0,2,1,0.4657,Estabilizado,Operação Normal
2026-08-22T18:22:54.281376,971D-10,33477,2,SHOP. CENTER NORTE,JD. DAMASCENO,5,15:22,7,8.6,7,20.0,22.08,21.7,0.0,10000,3.6,801,3.0,22.5,45.0,0,6.1,23.5,0.5,1.0,64.29,9,2,0.3097,Estabilizado,Operação Normal
2026-08-22T18:22:54.281376,2004-10,892,1,CPTM GUAIANASES,JD. NSA. SRA. DO CAMINHO,5,15:22,3,20.0,3,20.0,22.08,21.7,0.0,10000,3.6,801,3.0,22.5,45.0,0,6.1,23.5,0.5,1.0,66.67,4,1,0.3157,Estabilizado,Operação Normal
2026-08-22T18:22:54.281376,6016-41,1706,1,TERM. GRAJAÚ,JD. PORTO VELHO,5,15:22,1,60.0,1,20.0,22.08,21.7,0.0,10000,3.6,801,3.0,22.5,45.0,0,6.1,23.5,0.5,0.333,100.0,2,1,0.4657,Estabilizado,Operação Normal
2026-08-22T18:22:54.281376,2770-10,243,1,METRÔ VL. MATILDE,CPTM JOSÉ BONIFÁCIO,5,15:22,3,20.0,3,20.0,22.08,21.7,0.0,10000,3.6,801,3.0,22.5,45.0,0,6.1,23.5,0.5,1.0,66.67,4,1,0.3157,Estabilizado,Operação Normal
2026-08-22T18:22:54.281376,524L-10,1715,1,METRÔ TATUAPÉ,PQ. SÃO LUCAS,5,15:22,3,20.0,3,20.0,22.08,21.7,0.0,10000,3.6,801,3.0,22.5,45.0,0,6.1,23.5,0.5,1.0,66.67,4,1,0.3157,Estabilizado,Operação Normal
2026-08-22T18:22:54.281376,577T-10,1291,1,METRÔ ANA ROSA,JD. MIRIAM,5,15:22,5,12.0,5,20.0,22.08,21.7,0.0,10000,3.6,801,3.0,22.5,45.0,0,6.1,23.5,0.5,1.0,60.0,6,1,0.299,Estabilizado,Operação Normal
2026-08-22T18:22:54.281376,971R-10,614,1,METRÔ SANTANA,CPTM JARAGUÁ,5,15:22,13,4.6,14,20.0,22.08,21.7,0.0,10000,3.6,801,3.0,22.5,45.0,0,6.1,23.5,0.5,1.0,65.38,17,4,0.3125,Estabilizado,Operação Normal
2026-08-22T18:22:54.281376,8015-10,1345,1,TERM. PIRITUBA,CEM. DE PERUS,5,15:22,6,10.0,6,20.0,22.08,21.7,0.0,10000,3.6,801,3.0,22.5,45.0,0,6.1,23.5,0.5,1.0,58.33,7,1,0.2948,Estabilizado,Operação Normal
2026-08-22T18:22:54.281376,807J-10,2058,1,SHOP. MORUMBI,TERM. CAMPO LIMPO,5,15:22,3,20.0,3,20.0,22.08,21.7,0.0,10000,3.6,801,3.0,22.5,45.0,0,6.1,23.5,0.5,1.0,66.67,4,1,0.3157,Estabilizado,Operação Normal
2026-08-22T18:22:54.281376,4314-10,2174,1,TERM. PQ. D. PEDRO II,INÁCIO MONTEIRO,5,15:22,3,20.0,3,20.0,22.08,21.7,0.0,10000,3.6,801,3.0,22.5,45.0,0,6.1,23.5,0.5,1.0,66.67,4,1,0.3157,Estabilizado,Operação Normal
2026-08-22T18:22:54.281376,2583-10,375,1,TERM. ARICANDUVA,VL. CURUÇÁ,5,15:22,2,30.0,2,20.0,22.08,21.7,0.0,10000,3.6,801,3.0,22.5,45.0,0,6.1,23.5,0.5,0.667,75.0,3,1,0.3698,Estabilizado,Operação Normal
2026-08-22T18:22:54.281376,1771-10,33402,2,METRÔ SANTANA,JD. FONTÁLIS,5,15:22,4,15.0,4,20.0,22.08,21.7,0.0,10000,3.6,801,3.0,22.5,45.0,0,6.1,23.5,0.5,1.0,62.5,5,1,0.3053,Estabilizado,Operação Normal
2026-08-22T18:22:54.281376,3725-10,1022,1,VL. DALILA,METRÔ VL. MATILDE,5,15:22,2,30.0,2,20.0,22.08,21.7,0.0,10000,3.6,801,3.0,22.5,45.0,0,6.1,23.5,0.5,0.667,75.0,3,1,0.3698,Estabilizado,Operação Normal
2026-08-22T18:22:54.281376,6021-10,177,1,JD. NOVA ERA,TERM. VARGINHA,5,15:22,6,10.0,6,20.0,22.08,21.7,0.0,10000,3.6,801,3.0,22.5,45.0,0,6.1,23.5,0.5,1.0,58.33,7,1,0.2948,Estabilizado,Operação Normal
2026-08-22T18:22:54.281376,6080-10,1168,1,SHOP. INTERLAGOS,JD. LUCÉLIA,5,15:22,4,15.0,4,20.0,22.08,21.7,0.0,10000,3.6,801,3.0,22.5,45.0,0,6.1,23.5,0.5,1.0,62.5,5,1,0.3053,Estabilizado,Operação Normal
2026-08-22T18:22:54.281376,675G-10,32874,2,METRÔ JABAQUARA,PQ. RES. COCAIA,5,15:22,5,12.0,5,20.0,22.08,21.7,0.0,10000,3.6,801,3.0,22.5,45.0,0,6.1,23.5,0.5,1.0,60.0,6,1,0.299,Estabilizado,Operação Normal
2026-08-22T18:22:54.281376,5614-21,35232,2,PQ. IBIRAPUERA,ELDORADO,5,15:22,3,20.0,3,20.0,22.08,21.7,0.0,10000,3.6,801,3.0,22.5,45.0,0,6.1,23.5,0.5,1.0,66.67,4,1,0.3157,Estabilizado,Operação Normal
2026-08-22T18:22:54.281376,6007-10,176,1,TERM. STO. AMARO,TERM. CAPELINHA,5,15:22,5,12.0,5,20.0,22.08,21.7,0.0,10000,3.6,801,3.0,22.5,45.0,0,6.1,23.5,0.5,1.0,60.0,6,1,0.299,Estabilizado,Operação Normal
2026-08-22T18:22:54.281376,8610-10,34831,2,TERM. BANDEIRA,JD. PAULO VI,5,15:22,4,15.0,4,20.0,22.08,21.7,0.0,10000,3.6,801,3.0,22.5,45.0,0,6.1,23.5,0.5,1.0,62.5,5,1,0.3053,Estabilizado,Operação Normal
2026-08-22T18:22:54.281376,8594-10,432,1,PÇA. RAMOS DE AZEVEDO,CID. D'ABRIL ,5,15:22,5,12.0,5,20.0,22.08,21.7,0.0,10000,3.6,801,3.0,22.5,45.0,0,6.1,23.5,0.5,1.0,60.0,6,1,0.299,Estabilizado,Operação Normal
2026-08-22T18:22:54.281376,8040-10,406,1,TERM. LAPA,SOL NASCENTE,5,15:22,3,20.0,3,20.0,22.08,21.7,0.0,10000,3.6,801,3.0,22.5,45.0,0,6.1,23.5,0.5,1.0,66.67,4,1,0.3157,Estabilizado,Operação Normal
2026-08-22T18:22:54.281376,6116-10,33954,2,TERM. GRAJAÚ,JD. PRAINHA,5,15:22,3,20.0,3,20.0,22.08,21.7,0.0,10000,3.6,801,3.0,22.5,45.0,0,6.1,23.5,0.5,1.0,66.67,4,1,0.3157,Estabilizado,Operação Normal
2026-08-22T18:22:54.281376,311C-10,309,1,BOM RETIRO,PQ. SÃO LUCAS,5,15:22,4,15.0,4,20.0,22.08,21.7,0.0,10000,3.6,801,3.0,22.5,45.0,0,6.1,23.5,0.5,1.0,62.5,5,1,0.3053,Estabilizado,Operação Normal
2026-08-22T18:22:54.281376,2016-10,33670,2,SÃO MIGUEL,JD. DAS OLIVEIRAS,5,15:22,4,15.0,4,20.0,22.08,21.7,0.0,10000,3.6,801,3.0,22.5,45.0,0,6.1,23.5,0.5,1.0,62.5,5,1,0.3053,Estabilizado,Operação Normal
2026-08-22T18:22:54.281376,7011-31,1954,1,JD. ÂNGELA,JD. DOS REIS,5,15:22,2,30.0,2,20.0,22.08,21.7,0.0,10000,3.6,801,3.0,22.5,45.0,0,6.1,23.5,0.5,0.667,75.0,3,1,0.3698,Estabilizado,Operação Normal
2026-08-22T18:22:54.281376,857C-10,1901,1,METRÔ CONCEIÇÃO,TERM. CAMPO LIMPO,5,15:22,4,15.0,4,20.0,22.08,21.7,0.0,10000,3.6,801,3.0,22.5,45.0,0,6.1,23.5,0.5,1.0,62.5,5,1,0.3053,Estabilizado,Operação Normal
2026-08-22T18:22:54.281376,2709-10,922,1,VL. UNIÃO,METRÔ PATRIARCA,5,15:22,4,15.0,4,20.0,22.08,21.7,0.0,10000,3.6,801,3.0,22.5,45.0,0,6.1,23.5,0.5,1.0,62.5,5,1,0.3053,Estabilizado,Operação Normal
2026-08-22T18:22:54.281376,4725-10,33106,2,SHOP. IBIRAPUERA,VL. BRASILINA,5,15:22,3,20.0,3,20.0,22.08,21.7,0.0,10000,3.6,801,3.0,22.5,45.0,0,6.1,23.5,0.5,1.0,66.67,4,1,0.3157,Estabilizado,Operação Normal
2026-08-22T18:22:54.281376,6091-10,1175,1,TERM. STO. AMARO,VARGEM GRANDE,5,15:22,5,12.0,5,20.0,22.08,21.7,0.0,10000,3.6,801,3.0,22.5,45.0,0,6.1,23.5,0.5,1.0,60.0,6,1,0.299,Estabilizado,Operação Normal
2026-08-22T18:22:54.281376,4093-10,2448,1,TERM. CID. TIRADENTES,CID. TIRADENTES,5,15:22,3,20.0,3,20.0,22.08,21.7,0.0,10000,3.6,801,3.0,22.5,45.0,0,6.1,23.5,0.5,1.0,66.67,4,1,0.3157,Estabilizado,Operação Normal
2026-08-22T18:22:54.281376,9008-10,875,1,TERM. CACHOEIRINHA,PQ. DE TAIPAS,5,15:22,7,8.6,7,20.0,22.08,21.7,0.0,10000,3.6,801,3.0,22.5,45.0,0,6.1,23.5,0.5,1.0,64.29,9,2,0.3097,Estabilizado,Operação Normal
2026-08-22T18:22:54.281376,8024-10,34843,2,BUTANTÃ,JD. JAQUELINE,5,15:22,2,30.0,2,20.0,22.08,21.7,0.0,10000,3.6,801,3.0,22.5,45.0,0,6.1,23.5,0.5,0.667,75.0,3,1,0.3698,Estabilizado,Operação Normal
2026-08-22T18:22:54.281376,519M-10,2211,1,MUSEU DO IPIRANGA,SÃO MATEUS,5,15:22,3,20.0,3,20.0,22.08,21.7,0.0,10000,3.6,801,3.0,22.5,45.0,0,6.1,23.5,0.5,1.0,66.67,4,1,0.3157,Estabilizado,Operação Normal
2026-08-22T18:22:54.281376,7023-10,2152,1,TERM. STO. AMARO,JD. NAKAMURA,5,15:22,4,15.0,4,20.0,22.08,21.7,0.0,10000,3.6,801,3.0,22.5,45.0,0,6.1,23.5,0.5,1.0,62.5,5,1,0.3053,Estabilizado,Operação Normal
2026-08-22T18:22:54.281376,2088-10,33140,2,TERM. A. E. CARVALHO,CONJ. ENCOSTA NORTE,5,15:22,5,12.0,5,20.0,22.08,21.7,0.0,10000,3.6,801,3.0,22.5,45.0,0,6.1,23.5,0.5,1.0,60.0,6,1,0.299,Estabilizado,Operação Normal
2026-08-22T18:22:54.281376,1782-10,33411,2,METRÔ SANTANA,VL. NOVA GALVÃO,5,15:22,5,12.0,5,20.0,22.08,21.7,0.0,10000,3.6,801,3.0,22.5,45.0,0,6.1,23.5,0.5,1.0,60.0,6,1,0.299,Estabilizado,Operação Normal
2026-08-22T18:22:54.281376,8705-10,2072,1,ANHANGABAÚ,SHOP. CONTINENTAL,5,15:22,4,15.0,4,20.0,22.08,21.7,0.0,10000,3.6,801,3.0,22.5,45.0,0,6.1,23.5,0.5,1.0,62.5,5,1,0.3053,Estabilizado,Operação Normal
2026-08-22T18:22:54.281376,5154-10,353,1,TERM. PRINC. ISABEL,TERM. STO. AMARO,5,15:22,4,15.0,4,20.0,22.08,21.7,0.0,10000,3.6,801,3.0,22.5,45.0,0,6.1,23.5,0.5,1.0,62.5,5,1,0.3053,Estabilizado,Operação Normal
2026-08-22T18:22:54.281376,2721-10,33702,2,METRÔ ITAQUERA,JD. NAZARÉ,5,15:22,7,8.6,7,20.0,22.08,21.7,0.0,10000,3.6,801,3.0,22.5,45.0,0,6.1,23.5,0.5,1.0,64.29,9,2,0.3097,Estabilizado,Operação Normal
2026-08-22T18:22:54.281376,2735-10,34689,2,METRÔ PENHA,JD. KERALUX,5,15:22,3,20.0,3,20.0,22.08,21.7,0.0,10000,3.6,801,3.0,22.5,45.0,0,6.1,23.5,0.5,1.0,66.67,4,1,0.3157,Estabilizado,Operação Normal
2026-08-22T18:22:54.281376,407R-10,2201,1,METRÔ BELÉM,TERM. VL. CARRÃO,5,15:22,3,20.0,3,20.0,22.08,21.7,0.0,10000,3.6,801,3.0,22.5,45.0,0,6.1,23.5,0.5,1.0,66.67,4,1,0.3157,Estabilizado,Operação Normal
2026-08-22T18:22:54.281376,675K-10,32966,2,METRÔ STA. CRUZ,TERM. JD. ÂNGELA,5,15:22,10,6.0,11,20.0,22.08,21.7,0.0,10000,3.6,801,3.0,22.5,45.0,0,6.1,23.5,0.5,1.0,65.0,13,3,0.3115,Estabilizado,Operação Normal
2026-08-22T18:22:54.281376,637V-10,104,1,TERM. STO. AMARO,PQ. AMÉRICA,5,15:22,4,15.0,4,20.0,22.08,21.7,0.0,10000,3.6,801,3.0,22.5,45.0,0,6.1,23.5,0.5,1.0,62.5,5,1,0.3053,Estabilizado,Operação Normal
2026-08-22T18:22:54.281376,4027-10,1097,1,JD. STO. ANDRÉ,HOSP. SÃO MATEUS,5,15:22,7,8.6,7,20.0,22.08,21.7,0.0,10000,3.6,801,3.0,22.5,45.0,0,6.1,23.5,0.5,1.0,64.29,9,2,0.3097,Estabilizado,Operação Normal
2026-08-22T18:22:54.281376,5791-21,35231,2,METRÔ JABAQUARA,ELDORADO,5,15:22,6,10.0,6,20.0,22.08,21.7,0.0,10000,3.6,801,3.0,22.5,45.0,0,6.1,23.5,0.5,1.0,58.33,7,1,0.2948,Estabilizado,Operação Normal
2026-08-22T18:22:54.281376,8000-10,1273,1,PÇA. RAMOS DE AZEVEDO,TERM. LAPA,5,15:22,2,30.0,2,20.0,22.08,21.7,0.0,10000,3.6,801,3.0,22.5,45.0,0,6.1,23.5,0.5,0.667,75.0,3,1,0.3698,Estabilizado,Operação Normal
2026-08-22T18:22:54.281376,9789-10,33597,2,METRÔ BARRA FUNDA,JD. PAULISTANO,5,15:22,5,12.0,5,20.0,22.08,21.7,0.0,10000,3.6,801,3.0,22.5,45.0,0,6.1,23.5,0.5,1.0,60.0,6,1,0.299,Estabilizado,Operação Normal
2026-08-22T18:22:54.281376,3785-10,1063,1,METRÔ ITAQUERA,COHAB BARRO BRANCO,5,15:22,5,12.0,5,20.0,22.08,21.7,0.0,10000,3.6,801,3.0,22.5,45.0,0,6.1,23.5,0.5,1.0,60.0,6,1,0.299,Estabilizado,Operação Normal
2026-08-22T18:22:54.281376,3746-31,2097,1,METRÔ BELÉM,JD. IMPERADOR,5,15:22,2,30.0,2,20.0,22.08,21.7,0.0,10000,3.6,801,3.0,22.5,45.0,0,6.1,23.5,0.5,0.667,75.0,3,1,0.3698,Estabilizado,Operação Normal
2026-08-22T18:22:54.281376,8065-10,33189,2,LAPA,HAB. TURÍSTICA,5,15:22,1,60.0,1,20.0,22.08,21.7,0.0,10000,3.6,801,3.0,22.5,45.0,0,6.1,23.5,0.5,0.333,100.0,2,1,0.4657,Estabilizado,Operação Normal
2026-08-22T18:22:54.281376,4708-10,332,1,METRÔ VL. MARIANA,JD. CLÍMAX,5,15:22,1,60.0,1,20.0,22.08,21.7,0.0,10000,3.6,801,3.0,22.5,45.0,0,6.1,23.5,0.5,0.333,100.0,2,1,0.4657,Estabilizado,Operação Normal
2026-08-22T18:22:54.281376,6726-10,1193,1,JD. GAIVOTAS   ,TERM. GRAJAÚ,5,15:22,8,7.5,8,20.0,22.08,21.7,0.0,10000,3.6,801,3.0,22.5,45.0,0,6.1,23.5,0.5,1.0,62.5,10,2,0.3053,Estabilizado,Operação Normal
2026-08-22T18:22:54.281376,695T-1,2619,1,METRÔ VL. MARIANA,TERM. CAPELINHA,5,15:22,4,15.0,4,20.0,22.08,21.7,0.0,10000,3.6,801,3.0,22.5,45.0,0,6.1,23.5,0.5,1.0,62.5,5,1,0.3053,Estabilizado,Operação Normal
2026-08-22T18:22:54.281376,5025-10,1564,1,METRÔ TAMANDUATEÍ,JD. GUAIRACÁ,5,15:22,1,60.0,1,20.0,22.08,21.7,0.0,10000,3.6,801,3.0,22.5,45.0,0,6.1,23.5,0.5,0.333,100.0,2,1,0.4657,Estabilizado,Operação Normal
2026-08-22T18:22:54.281376,364A-10,1246,1,SHOP. ARICANDUVA,HOSP. IPIRANGA,5,15:22,6,10.0,6,20.0,22.08,21.7,0.0,10000,3.6,801,3.0,22.5,45.0,0,6.1,23.5,0.5,1.0,58.33,7,1,0.2948,Estabilizado,Operação Normal
2026-08-22T18:22:54.281376,9050-10,34856,2,ITAIM BIBI,TERM. LAPA,5,15:22,1,60.0,1,20.0,22.08,21.7,0.0,10000,3.6,801,3.0,22.5,45.0,0,6.1,23.5,0.5,0.333,100.0,2,1,0.4657,Estabilizado,Operação Normal
2026-08-22T18:22:54.281376,177H-21,33399,2,PINHEIROS,METRÔ SANTANA,5,15:22,3,20.0,3,20.0,22.08,21.7,0.0,10000,3.6,801,3.0,22.5,45.0,0,6.1,23.5,0.5,1.0,66.67,4,1,0.3157,Estabilizado,Operação Normal
2026-08-22T18:22:54.281376,719P-10,34140,2,TERM. PRINC. ISABEL,TERM. PINHEIROS,5,15:22,3,20.0,3,20.0,22.08,21.7,0.0,10000,3.6,801,3.0,22.5,45.0,0,6.1,23.5,0.5,1.0,66.67,4,1,0.3157,Estabilizado,Operação Normal
2026-08-22T18:22:54.281376,8622-10,33206,2,PÇA. RAMOS DE AZEVEDO,MORRO DOCE,5,15:22,4,15.0,4,20.0,22.08,21.7,0.0,10000,3.6,801,3.0,22.5,45.0,0,6.1,23.5,0.5,1.0,62.5,5,1,0.3053,Estabilizado,Operação Normal
2026-08-22T18:22:54.281376,351F-10,33455,2,TERM. VL. CARRÃO,JAÇANÃ,5,15:22,5,12.0,5,20.0,22.08,21.7,0.0,10000,3.6,801,3.0,22.5,45.0,0,6.1,23.5,0.5,1.0,60.0,6,1,0.299,Estabilizado,Operação Normal
2026-08-22T18:22:54.281376,3112-10,33848,2,METRÔ BELÉM,VL. INDUSTRIAL,5,15:22,7,8.6,7,20.0,22.08,21.7,0.0,10000,3.6,801,3.0,22.5,45.0,0,6.1,23.5,0.5,1.0,64.29,9,2,0.3097,Estabilizado,Operação Normal
2026-08-22T18:22:54.281376,8548-10,33346,2,TERM. LAPA,PARADA DE TAIPAS,5,15:22,2,30.0,2,20.0,22.08,21.7,0.0,10000,3.6,801,3.0,22.5,45.0,0,6.1,23.5,0.5,0.667,75.0,3,1,0.3698,Estabilizado,Operação Normal
2026-08-22T18:22:54.281376,7053-10,1887,1,TERM. CAMPO LIMPO,JD. MACEDÔNIA,5,15:22,2,30.0,2,20.0,22.08,21.7,0.0,10000,3.6,801,3.0,22.5,45.0,0,6.1,23.5,0.5,0.667,75.0,3,1,0.3698,Estabilizado,Operação Normal
2026-08-22T18:22:54.281376,4036-10,35329,2,TERM. VL. CARRÃO,METRÔ ITAQUERA,5,15:22,2,30.0,2,20.0,22.08,21.7,0.0,10000,3.6,801,3.0,22.5,45.0,0,6.1,23.5,0.5,0.667,75.0,3,1,0.3698,Estabilizado,Operação Normal
2026-08-22T18:22:54.281376,3141-10,734,1,TERM. PQ. D. PEDRO II,SÃO MATEUS,5,15:22,5,12.0,5,20.0,22.08,21.7,0.0,10000,3.6,801,3.0,22.5,45.0,0,6.1,23.5,0.5,1.0,60.0,6,1,0.299,Estabilizado,Operação Normal
2026-08-22T18:22:54.281376,2105-10,35015,2,LGO. DA CONCÓRDIA,JD. FILHOS DA TERRA,5,15:22,4,15.0,4,20.0,22.08,21.7,0.0,10000,3.6,801,3.0,22.5,45.0,0,6.1,23.5,0.5,1.0,62.5,5,1,0.3053,Estabilizado,Operação Normal
2026-08-22T18:22:54.281376,2552-10,142,1,TERM. PQ. D. PEDRO II,VL. MARA,5,15:22,4,15.0,4,20.0,22.08,21.7,0.0,10000,3.6,801,3.0,22.5,45.0,0,6.1,23.5,0.5,1.0,62.5,5,1,0.3053,Estabilizado,Operação Normal
2026-08-22T18:22:54.281376,179X-10,33448,2,METRÔ BARRA FUNDA,JD. FONTÁLIS,5,15:22,7,8.6,7,20.0,22.08,21.7,0.0,10000,3.6,801,3.0,22.5,45.0,0,6.1,23.5,0.5,1.0,64.29,9,2,0.3097,Estabilizado,Operação Normal
2026-08-22T18:22:54.281376,263J-10,219,1,CONJ. JOSÉ BONIFÁCIO,PENHA,5,15:22,4,15.0,4,20.0,22.08,21.7,0.0,10000,3.6,801,3.0,22.5,45.0,0,6.1,23.5,0.5,1.0,62.5,5,1,0.3053,Estabilizado,Operação Normal
2026-08-22T18:22:54.281376,174M-10,673,1,MUSEU DO IPIRANGA,VL. SABRINA,5,15:22,6,10.0,6,20.0,22.08,21.7,0.0,10000,3.6,801,3.0,22.5,45.0,0,6.1,23.5,0.5,1.0,58.33,7,1,0.2948,Estabilizado,Operação Normal
2026-08-22T18:22:54.281376,3795-10,1073,1,METRÔ ITAQUERA,JD. SÃO CARLOS,5,15:22,2,30.0,2,20.0,22.08,21.7,0.0,10000,3.6,801,3.0,22.5,45.0,0,6.1,23.5,0.5,0.667,75.0,3,1,0.3698,Estabilizado,Operação Normal
2026-08-22T18:22:54.281376,4113-10,33536,2,PÇA. DA REPÚBLICA,GENTIL DE MOURA,5,15:22,6,10.0,6,20.0,22.08,21.7,0.0,10000,3.6,801,3.0,22.5,45.0,0,6.1,23.5,0.5,1.0,58.33,7,1,0.2948,Estabilizado,Operação Normal
2026-08-22T18:22:54.281376,3787-10,34380,2,METRÔ ITAQUERA,CID. TIRADENTES,5,15:22,5,12.0,5,20.0,22.08,21.7,0.0,10000,3.6,801,3.0,22.5,45.0,0,6.1,23.5,0.5,1.0,60.0,6,1,0.299,Estabilizado,Operação Normal
2026-08-22T18:22:54.281376,6078-10,1166,1,SHOP. INTERLAGOS,CANTINHO DO CÉU,5,15:22,3,20.0,3,20.0,22.08,21.7,0.0,10000,3.6,801,3.0,22.5,45.0,0,6.1,23.5,0.5,1.0,66.67,4,1,0.3157,Estabilizado,Operação Normal
2026-08-22T18:22:54.281376,8007-10,34025,2,TERM. PIRITUBA,HAB. TURÍSTICA,5,15:22,1,60.0,1,20.0,22.08,21.7,0.0,10000,3.6,801,3.0,22.5,45.0,0,6.1,23.5,0.5,0.333,100.0,2,1,0.4657,Estabilizado,Operação Normal
2026-08-22T18:22:54.281376,8700-10,1877,1,PÇA. RAMOS DE AZEVEDO,TERM. CAMPO LIMPO,5,15:22,8,7.5,8,20.0,22.08,21.7,0.0,10000,3.6,801,3.0,22.5,45.0,0,6.1,23.5,0.5,1.0,62.5,10,2,0.3053,Estabilizado,Operação Normal
2026-08-22T18:22:54.281376,199D-10,34903,2,TERM. PINHEIROS,CONEXÃO VL. IÓRIO,5,15:22,3,20.0,3,20.0,22.08,21.7,0.0,10000,3.6,801,3.0,22.5,45.0,0,6.1,23.5,0.5,1.0,66.67,4,1,0.3157,Estabilizado,Operação Normal
2026-08-22T18:22:54.281376,9002-10,870,1,TERM. CACHOEIRINHA,JD. PERY ALTO,5,15:22,2,30.0,2,20.0,22.08,21.7,0.0,10000,3.6,801,3.0,22.5,45.0,0,6.1,23.5,0.5,0.667,75.0,3,1,0.3698,Estabilizado,Operação Normal
2026-08-22T18:22:54.281376,847P-42,1424,1,VL. OLÍMPIA,BRASILÂNDIA,5,15:22,2,30.0,2,20.0,22.08,21.7,0.0,10000,3.6,801,3.0,22.5,45.0,0,6.1,23.5,0.5,0.667,75.0,3,1,0.3698,Estabilizado,Operação Normal
2026-08-22T18:22:54.281376,352A-10,164,1,TERM. SÃO MATEUS,JD. HELENA,5,15:22,4,15.0,4,20.0,22.08,21.7,0.0,10000,3.6,801,3.0,22.5,45.0,0,6.1,23.5,0.5,1.0,62.5,5,1,0.3053,Estabilizado,Operação Normal
2026-08-22T18:22:54.281376,1743-10,543,1,SHOP. D,JD. PERY ALTO,5,15:22,4,15.0,4,20.0,22.08,21.7,0.0,10000,3.6,801,3.0,22.5,45.0,0,6.1,23.5,0.5,1.0,62.5,5,1,0.3053,Estabilizado,Operação Normal
2026-08-22T18:22:54.281376,3729-10,1026,1,METRÔ CARRÃO,SHOP. ARICANDUVA,5,15:22,7,8.6,7,20.0,22.08,21.7,0.0,10000,3.6,801,3.0,22.5,45.0,0,6.1,23.5,0.5,1.0,64.29,9,2,0.3097,Estabilizado,Operação Normal
2026-08-22T18:22:54.281376,2013-10,33667,2,CACHOEIRINHA,COHAB ANTÁRTICA,5,15:22,9,6.7,9,20.0,22.08,21.7,0.0,10000,3.6,801,3.0,22.5,45.0,0,6.1,23.5,0.5,1.0,61.11,11,2,0.3018,Estabilizado,Operação Normal
2026-08-22T18:22:54.281376,8016-10,1346,1,TERM. PIRITUBA,JD. RINCÃO,5,15:22,4,15.0,4,20.0,22.08,21.7,0.0,10000,3.6,801,3.0,22.5,45.0,0,6.1,23.5,0.5,1.0,62.5,5,1,0.3053,Estabilizado,Operação Normal
2026-08-22T18:22:54.281376,938V-10,813,1,METRÔ BARRA FUNDA,JD. VISTA ALEGRE,5,15:22,7,8.6,7,20.0,22.08,21.7,0.0,10000,3.6,801,3.0,22.5,45.0,0,6.1,23.5,0.5,1.0,64.29,9,2,0.3097,Estabilizado,Operação Normal
2026-08-22T18:22:54.281376,8078-10,2080,1,HOSP. CAMPO LIMPO,JD. DAS PALMAS,5,15:22,2,30.0,2,20.0,22.08,21.7,0.0,10000,3.6,801,3.0,22.5,45.0,0,6.1,23.5,0.5,0.667,75.0,3,1,0.3698,Estabilizado,Operação Normal
2026-08-22T18:22:54.281376,407H-10,34965,2,METRÔ ITAQUERA,JD. SÃO FRANCISCO,5,15:22,9,6.7,9,20.0,22.08,21.7,0.0,10000,3.6,801,3.0,22.5,45.0,0,6.1,23.5,0.5,1.0,61.11,11,2,0.3018,Estabilizado,Operação Normal
2026-08-22T18:22:54.281376,5290-10,597,1,TERM. PQ. D. PEDRO II,DIV. DIADEMA,5,15:22,6,10.0,6,20.0,22.08,21.7,0.0,10000,3.6,801,3.0,22.5,45.0,0,6.1,23.5,0.5,1.0,58.33,7,1,0.2948,Estabilizado,Operação Normal
2026-08-22T18:22:54.281376,6051-10,33911,2,TERM. EST. VARGINHA,JD. ITAJAÍ,5,15:22,2,30.0,2,20.0,22.08,21.7,0.0,10000,3.6,801,3.0,22.5,45.0,0,6.1,23.5,0.5,0.667,75.0,3,1,0.3698,Estabilizado,Operação Normal
2026-08-22T18:22:54.281376,5362-10,70,1,PÇA. DA SÉ,PQ. RES. COCAIA,5,15:22,9,6.7,9,20.0,22.08,21.7,0.0,10000,3.6,801,3.0,22.5,45.0,0,6.1,23.5,0.5,1.0,61.11,11,2,0.3018,Estabilizado,Operação Normal
2026-08-22T18:22:54.281376,5757-51,34744,2,METRÔ CONCEIÇÃO,PEDREIRA,5,15:22,8,7.5,8,20.0,22.08,21.7,0.0,10000,3.6,801,3.0,22.5,45.0,0,6.1,23.5,0.5,1.0,62.5,10,2,0.3053,Estabilizado,Operação Normal
2026-08-22T18:22:54.281376,3763-10,33822,2,METRÔ TATUAPÉ,TERM. VL. CARRÃO,5,15:22,6,10.0,6,20.0,22.08,21.7,0.0,10000,3.6,801,3.0,22.5,45.0,0,6.1,23.5,0.5,1.0,58.33,7,1,0.2948,Estabilizado,Operação Normal
2026-08-22T18:22:54.281376,5110-10,34977,2,TERM. MERCADO,TERM. SÃO MATEUS,5,15:22,5,12.0,5,20.0,22.08,21.7,0.0,10000,3.6,801,3.0,22.5,45.0,0,6.1,23.5,0.5,1.0,60.0,6,1,0.299,Estabilizado,Operação Normal
2026-08-22T18:22:54.281376,3025-10,33729,2,CPTM GUAIANASES,SÍTIO CONCEIÇÃO,5,15:22,5,12.0,5,20.0,22.08,21.7,0.0,10000,3.6,801,3.0,22.5,45.0,0,6.1,23.5,0.5,1.0,60.0,6,1,0.299,Estabilizado,Operação Normal
2026-08-22T18:22:54.281376,129F-10,2304,1,METRÔ BARRA FUNDA,CONEXÃO PETRÔNIO PORTELA,5,15:22,3,20.0,3,20.0,22.08,21.7,0.0,10000,3.6,801,3.0,22.5,45.0,0,6.1,23.5,0.5,1.0,66.67,4,1,0.3157,Estabilizado,Operação Normal
2026-08-22T18:22:54.281376,373L-10,33795,2,METRÔ ITAQUERA,JD. LIMOEIRO,5,15:22,5,12.0,5,20.0,22.08,21.7,0.0,10000,3.6,801,3.0,22.5,45.0,0,6.1,23.5,0.5,1.0,60.0,6,1,0.299,Estabilizado,Operação Normal
2026-08-22T18:22:54.281376,372F-10,1015,1,METRÔ BRESSER,UNIV. SÃO JUDAS TADEU,5,15:22,2,30.0,2,20.0,22.08,21.7,0.0,10000,3.6,801,3.0,22.5,45.0,0,6.1,23.5,0.5,0.667,75.0,3,1,0.3698,Estabilizado,Operação Normal
2026-08-22T18:22:54.281376,1778-10,34557,2,METRÔ SANTANA,JD. CABUÇU,5,15:22,2,30.0,2,20.0,22.08,21.7,0.0,10000,3.6,801,3.0,22.5,45.0,0,6.1,23.5,0.5,0.667,75.0,3,1,0.3698,Estabilizado,Operação Normal
2026-08-22T18:22:54.281376,971A-10,33426,2,SHOP. D,JD. PRIMAVERA,5,15:22,3,20.0,3,20.0,22.08,21.7,0.0,10000,3.6,801,3.0,22.5,45.0,0,6.1,23.5,0.5,1.0,66.67,4,1,0.3157,Estabilizado,Operação Normal
2026-08-22T18:22:54.281376,2290-10,718,1,TERM. PQ. D. PEDRO II,TERM. SÃO MATEUS,5,15:22,12,5.0,13,20.0,22.08,21.7,0.0,10000,3.6,801,3.0,22.5,45.0,0,6.1,23.5,0.5,1.0,62.5,15,3,0.3053,Estabilizado,Operação Normal
2026-08-22T18:22:54.281376,546A-31,33900,2,STO. AMARO,JD. APURÁ,5,15:22,3,20.0,3,20.0,22.08,21.7,0.0,10000,3.6,801,3.0,22.5,45.0,0,6.1,23.5,0.5,1.0,66.67,4,1,0.3157,Estabilizado,Operação Normal
2026-08-22T18:22:54.281376,6505-10,1450,1,TERM. BANDEIRA,TERM. GUARAPIRANGA,5,15:22,5,12.0,5,20.0,22.08,21.7,0.0,10000,3.6,801,3.0,22.5,45.0,0,6.1,23.5,0.5,1.0,60.0,6,1,0.299,Estabilizado,Operação Normal
2026-08-22T18:22:54.281376,5036-10,1666,1,TERM. SACOMÃ,JD. CELESTE,5,15:22,1,60.0,1,20.0,22.08,21.7,0.0,10000,3.6,801,3.0,22.5,45.0,0,6.1,23.5,0.5,0.333,100.0,2,1,0.4657,Estabilizado,Operação Normal
2026-08-22T18:22:54.281376,7545-10,33272,2,PÇA. RAMOS DE AZEVEDO,JD. JOÃO XXIII,5,15:22,7,8.6,7,20.0,22.08,21.7,0.0,10000,3.6,801,3.0,22.5,45.0,0,6.1,23.5,0.5,1.0,64.29,9,2,0.3097,Estabilizado,Operação Normal
2026-08-22T18:22:54.281376,5194-21,34863,2,AEROPORTO,JD. APURÁ,5,15:22,3,20.0,3,20.0,22.08,21.7,0.0,10000,3.6,801,3.0,22.5,45.0,0,6.1,23.5,0.5,1.0,66.67,4,1,0.3157,Estabilizado,Operação Normal
2026-08-22T18:22:54.281376,6110-10,33952,2,AEROPORTO,CONJ. HAB. PALMARES,5,15:22,7,8.6,7,20.0,22.08,21.7,0.0,10000,3.6,801,3.0,22.5,45.0,0,6.1,23.5,0.5,1.0,64.29,9,2,0.3097,Estabilizado,Operação Normal
2026-08-22T18:22:54.281376,775A-10,473,1,PINHEIROS,JD. ADALGIZA,5,15:22,3,20.0,3,20.0,22.08,21.7,0.0,10000,3.6,801,3.0,22.5,45.0,0,6.1,23.5,0.5,1.0,66.67,4,1,0.3157,Estabilizado,Operação Normal
2026-08-22T18:22:54.281376,2060-10,32902,2,METRÔ ARTUR ALVIM,TERM. A. E. CARVALHO,5,15:22,3,20.0,3,20.0,22.08,21.7,0.0,10000,3.6,801,3.0,22.5,45.0,0,6.1,23.5,0.5,1.0,66.67,4,1,0.3157,Estabilizado,Operação Normal
2026-08-22T18:22:54.281376,5611-10,33366,2,PÇA. JOÃO MENDES,ELDORADO,5,15:22,5,12.0,5,20.0,22.08,21.7,0.0,10000,3.6,801,3.0,22.5,45.0,0,6.1,23.5,0.5,1.0,60.0,6,1,0.299,Estabilizado,Operação Normal
2026-08-22T18:22:54.281376,5018-31,34629,2,JABAQUARA,SHOP. INTERLAGOS,5,15:22,2,30.0,2,20.0,22.08,21.7,0.0,10000,3.6,801,3.0,22.5,45.0,0,6.1,23.5,0.5,0.667,75.0,3,1,0.3698,Estabilizado,Operação Normal
2026-08-22T18:22:54.281376,8007-10,1257,1,TERM. PIRITUBA,HAB. TURÍSTICA,5,15:22,1,60.0,1,20.0,22.08,21.7,0.0,10000,3.6,801,3.0,22.5,45.0,0,6.1,23.5,0.5,0.333,100.0,2,1,0.4657,Estabilizado,Operação Normal
2026-08-22T18:22:54.281376,5013-10,1117,1,STO. AMARO,JD. LUSO,5,15:22,5,12.0,5,20.0,22.08,21.7,0.0,10000,3.6,801,3.0,22.5,45.0,0,6.1,23.5,0.5,1.0,60.0,6,1,0.299,Estabilizado,Operação Normal
2026-08-22T18:22:54.281376,297A-10,34901,2,METRÔ BARRA FUNDA,VL. SANTA MARIA,5,15:22,2,30.0,2,20.0,22.08,21.7,0.0,10000,3.6,801,3.0,22.5,45.0,0,6.1,23.5,0.5,0.667,75.0,3,1,0.3698,Estabilizado,Operação Normal
2026-08-22T18:22:54.281376,148L-10,33299,2,LAPA,COHAB ANTÁRTICA,5,15:22,10,6.0,11,20.0,22.08,21.7,0.0,10000,3.6,801,3.0,22.5,45.0,0,6.1,23.5,0.5,1.0,65.0,13,3,0.3115,Estabilizado,Operação Normal
2026-08-22T18:22:54.281376,5129-41,34742,2,STO. AMARO,JD. MIRIAM,5,15:22,3,20.0,3,20.0,22.08,21.7,0.0,10000,3.6,801,3.0,22.5,45.0,0,6.1,23.5,0.5,1.0,66.67,4,1,0.3157,Estabilizado,Operação Normal
2026-08-22T18:22:54.281376,1775-10,33406,2,SHOP. CENTER NORTE,VL. ALBERTINA,5,15:22,2,30.0,2,20.0,22.08,21.7,0.0,10000,3.6,801,3.0,22.5,45.0,0,6.1,23.5,0.5,0.667,75.0,3,1,0.3698,Estabilizado,Operação Normal
2026-08-22T18:22:54.281376,129F-10,35072,2,METRÔ BARRA FUNDA,CONEXÃO PETRÔNIO PORTELA,5,15:22,3,20.0,3,20.0,22.08,21.7,0.0,10000,3.6,801,3.0,22.5,45.0,0,6.1,23.5,0.5,1.0,66.67,4,1,0.3157,Estabilizado,Operação Normal
2026-08-22T18:22:54.281376,6047-10,1224,1,STO. AMARO,JD. LÍDIA,5,15:22,1,60.0,1,20.0,22.08,21.7,0.0,10000,3.6,801,3.0,22.5,45.0,0,6.1,23.5,0.5,0.333,100.0,2,1,0.4657,Estabilizado,Operação Normal
2026-08-22T18:22:54.281376,118C-10,33287,2,TERM. AMARAL GURGEL,JD. PERY ALTO,5,15:22,6,10.0,6,20.0,22.08,21.7,0.0,10000,3.6,801,3.0,22.5,45.0,0,6.1,23.5,0.5,1.0,58.33,7,1,0.2948,Estabilizado,Operação Normal
2026-08-22T18:22:54.281376,2363-10,135,1,TERM. PQ. D. PEDRO II,JD. DANFER,5,15:22,3,20.0,3,20.0,22.08,21.7,0.0,10000,3.6,801,3.0,22.5,45.0,0,6.1,23.5,0.5,1.0,66.67,4,1,0.3157,Estabilizado,Operação Normal
2026-08-22T18:22:54.281376,2740-10,34560,2,METRÔ SANTANA,PEDRA BRANCA,5,15:22,3,20.0,3,20.0,22.08,21.7,0.0,10000,3.6,801,3.0,22.5,45.0,0,6.1,23.5,0.5,1.0,66.67,4,1,0.3157,Estabilizado,Operação Normal
2026-08-22T18:22:54.281376,271P-10,33472,2,PÇA DO CORREIO,CANGAÍBA,5,15:22,3,20.0,3,20.0,22.08,21.7,0.0,10000,3.6,801,3.0,22.5,45.0,0,6.1,23.5,0.5,1.0,66.67,4,1,0.3157,Estabilizado,Operação Normal
2026-08-22T18:22:54.281376,2203-10,33679,2,SHOP. PENHA,BURGO PAULISTA,5,15:22,3,20.0,3,20.0,22.08,21.7,0.0,10000,3.6,801,3.0,22.5,45.0,0,6.1,23.5,0.5,1.0,66.67,4,1,0.3157,Estabilizado,Operação Normal
2026-08-22T18:22:54.281376,9011-10,878,1,TERM. CACHOEIRINHA,CPTM JARAGUÁ,5,15:22,9,6.7,9,20.0,22.08,21.7,0.0,10000,3.6,801,3.0,22.5,45.0,0,6.1,23.5,0.5,1.0,61.11,11,2,0.3018,Estabilizado,Operação Normal
2026-08-22T18:22:54.281376,475R-10,344,1,TERM. PQ. D. PEDRO II,JD. SÃO SAVÉRIO,5,15:22,6,10.0,6,20.0,22.08,21.7,0.0,10000,3.6,801,3.0,22.5,45.0,0,6.1,23.5,0.5,1.0,58.33,7,1,0.2948,Estabilizado,Operação Normal
2026-08-22T18:22:54.281376,8700-1,35276,2,PÇA. RAMOS DE AZEVEDO,TERM. CAMPO LIMPO,5,15:22,3,20.0,3,20.0,22.08,21.7,0.0,10000,3.6,801,3.0,22.5,45.0,0,6.1,23.5,0.5,1.0,66.67,4,1,0.3157,Estabilizado,Operação Normal
2026-08-22T18:22:54.281376,4004-10,2178,1,BARRO BRANCO,TERM. CID. TIRADENTES,5,15:22,1,60.0,1,20.0,22.08,21.7,0.0,10000,3.6,801,3.0,22.5,45.0,0,6.1,23.5,0.5,0.333,100.0,2,1,0.4657,Estabilizado,Operação Normal
2026-08-22T18:22:54.281376,6L11-10,33935,2,TERM. GRAJAÚ,ILHA DO BORORÉ,5,15:22,4,15.0,4,20.0,22.08,21.7,0.0,10000,3.6,801,3.0,22.5,45.0,0,6.1,23.5,0.5,1.0,62.5,5,1,0.3053,Estabilizado,Operação Normal
2026-08-22T18:22:54.281376,6074-10,1161,1,EST. JURUBATUBA,JD. GAIVOTAS,5,15:22,4,15.0,4,20.0,22.08,21.7,0.0,10000,3.6,801,3.0,22.5,45.0,0,6.1,23.5,0.5,1.0,62.5,5,1,0.3053,Estabilizado,Operação Normal
2026-08-22T18:22:54.281376,476G-41,33880,2,METRÔ ANA ROSA,VL. INDUSTRIAL,5,15:22,3,20.0,3,20.0,22.08,21.7,0.0,10000,3.6,801,3.0,22.5,45.0,0,6.1,23.5,0.5,1.0,66.67,4,1,0.3157,Estabilizado,Operação Normal
2026-08-22T18:22:54.281376,971M-10,612,1,METRÔ SANTANA,VL. PENTEADO,5,15:22,5,12.0,5,20.0,22.08,21.7,0.0,10000,3.6,801,3.0,22.5,45.0,0,6.1,23.5,0.5,1.0,60.0,6,1,0.299,Estabilizado,Operação Normal
2026-08-22T18:22:54.281376,5011-10,1115,1,STO. AMARO,ELDORADO,5,15:22,4,15.0,4,20.0,22.08,21.7,0.0,10000,3.6,801,3.0,22.5,45.0,0,6.1,23.5,0.5,1.0,62.5,5,1,0.3053,Estabilizado,Operação Normal
2026-08-22T18:22:54.281376,4031-10,1101,1,METRÔ TAMANDUATEÍ,PQ. STA. MADALENA,5,15:22,6,10.0,6,20.0,22.08,21.7,0.0,10000,3.6,801,3.0,22.5,45.0,0,6.1,23.5,0.5,1.0,58.33,7,1,0.2948,Estabilizado,Operação Normal
2026-08-22T18:22:54.281376,3301-10,34386,2,TERM. PQ. D. PEDRO II,TERM. SÃO MIGUEL,5,15:22,6,10.0,6,20.0,22.08,21.7,0.0,10000,3.6,801,3.0,22.5,45.0,0,6.1,23.5,0.5,1.0,58.33,7,1,0.2948,Estabilizado,Operação Normal
2026-08-22T18:22:54.281376,6007-10,32944,2,TERM. STO. AMARO,TERM. CAPELINHA,5,15:22,3,20.0,3,20.0,22.08,21.7,0.0,10000,3.6,801,3.0,22.5,45.0,0,6.1,23.5,0.5,1.0,66.67,4,1,0.3157,Estabilizado,Operação Normal
2026-08-22T18:22:54.281376,273L-10,32992,2,METRÔ ARTUR ALVIM,CPTM JOSÉ BONIFÁCIO,5,15:22,3,20.0,3,20.0,22.08,21.7,0.0,10000,3.6,801,3.0,22.5,45.0,0,6.1,23.5,0.5,1.0,66.67,4,1,0.3157,Estabilizado,Operação Normal
2026-08-22T18:22:54.281376,172J-10,33624,2,TATUAPÉ,JD. BRASIL,5,15:22,4,15.0,4,20.0,22.08,21.7,0.0,10000,3.6,801,3.0,22.5,45.0,0,6.1,23.5,0.5,1.0,62.5,5,1,0.3053,Estabilizado,Operação Normal
2026-08-22T18:22:54.281376,3796-10,1074,1,METRÔ ITAQUERA,GLEBA DO PESSEGO,5,15:22,3,20.0,3,20.0,22.08,21.7,0.0,10000,3.6,801,3.0,22.5,45.0,0,6.1,23.5,0.5,1.0,66.67,4,1,0.3157,Estabilizado,Operação Normal
2026-08-22T18:22:54.281376,476G-41,1112,1,METRÔ ANA ROSA,VL. INDUSTRIAL,5,15:22,3,20.0,3,20.0,22.08,21.7,0.0,10000,3.6,801,3.0,22.5,45.0,0,6.1,23.5,0.5,1.0,66.67,4,1,0.3157,Estabilizado,Operação Normal
2026-08-22T18:22:54.281376,701A-10,689,1,METRÔ VL. MADALENA,PQ. EDU CHAVES,5,15:22,6,10.0,6,20.0,22.08,21.7,0.0,10000,3.6,801,3.0,22.5,45.0,0,6.1,23.5,0.5,1.0,58.33,7,1,0.2948,Estabilizado,Operação Normal
2026-08-22T18:22:54.281376,874C-10,33245,2,METRÔ - TRIANON - MASP ,PQ. CONTINENTAL,5,15:22,2,30.0,2,20.0,22.08,21.7,0.0,10000,3.6,801,3.0,22.5,45.0,0,6.1,23.5,0.5,0.667,75.0,3,1,0.3698,Estabilizado,Operação Normal
2026-08-22T18:22:54.281376,5010-10,1114,1,STO. AMARO,JABAQUARA,5,15:22,3,20.0,3,20.0,22.08,21.7,0.0,10000,3.6,801,3.0,22.5,45.0,0,6.1,23.5,0.5,1.0,66.67,4,1,0.3157,Estabilizado,Operação Normal
2026-08-22T18:22:54.281376,2724-10,33706,2,CONJ. ARAUCÁRIA,METRÔ ARTUR ALVIM,5,15:22,5,12.0,5,20.0,22.08,21.7,0.0,10000,3.6,801,3.0,22.5,45.0,0,6.1,23.5,0.5,1.0,60.0,6,1,0.299,Estabilizado,Operação Normal
2026-08-22T18:22:54.281376,7903-10,33280,2,PÇA. RAMOS DE AZEVEDO,JD. JOÃO XXIII/EDUC.,5,15:22,6,10.0,6,20.0,22.08,21.7,0.0,10000,3.6,801,3.0,22.5,45.0,0,6.1,23.5,0.5,1.0,58.33,7,1,0.2948,Estabilizado,Operação Normal
2026-08-22T18:22:54.281376,4005-10,2179,1,BARRO BRANCO,TERM. CID. TIRADENTES,5,15:22,2,30.0,2,20.0,22.08,21.7,0.0,10000,3.6,801,3.0,22.5,45.0,0,6.1,23.5,0.5,0.667,75.0,3,1,0.3698,Estabilizado,Operação Normal
2026-08-22T18:22:54.281376,6200-10,33123,2,TERM. BANDEIRA,TERM. STO. AMARO,5,15:22,9,6.7,9,20.0,22.08,21.7,0.0,10000,3.6,801,3.0,22.5,45.0,0,6.1,23.5,0.5,1.0,61.11,11,2,0.3018,Estabilizado,Operação Normal
2026-08-22T18:22:54.281376,8010-10,33566,2,LAPA,PERUS,5,15:22,10,6.0,11,20.0,22.08,21.7,0.0,10000,3.6,801,3.0,22.5,45.0,0,6.1,23.5,0.5,1.0,65.0,13,3,0.3115,Estabilizado,Operação Normal
2026-08-22T18:22:54.281376,128Y-10,843,1,LAPA,JD. PERY ALTO,5,15:22,4,15.0,4,20.0,22.08,21.7,0.0,10000,3.6,801,3.0,22.5,45.0,0,6.1,23.5,0.5,1.0,62.5,5,1,0.3053,Estabilizado,Operação Normal
2026-08-22T18:22:54.281376,3903-10,34239,2,PENHA,JD. VL. NOVA,5,15:22,2,30.0,2,20.0,22.08,21.7,0.0,10000,3.6,801,3.0,22.5,45.0,0,6.1,23.5,0.5,0.667,75.0,3,1,0.3698,Estabilizado,Operação Normal
2026-08-22T18:22:54.281376,6837-10,32774,2,TERM. CAPELINHA,SHOP. PORTAL,5,15:22,4,15.0,4,20.0,22.08,21.7,0.0,10000,3.6,801,3.0,22.5,45.0,0,6.1,23.5,0.5,1.0,62.5,5,1,0.3053,Estabilizado,Operação Normal
2026-08-22T18:22:54.281376,1757-10,33316,2,METRÔ SANTANA ,CONJ. DOS BANCÁRIOS,5,15:22,3,20.0,3,20.0,22.08,21.7,0.0,10000,3.6,801,3.0,22.5,45.0,0,6.1,23.5,0.5,1.0,66.67,4,1,0.3157,Estabilizado,Operação Normal
2026-08-22T18:22:54.281376,1782-10,643,1,METRÔ SANTANA,VL. NOVA GALVÃO,5,15:22,1,60.0,1,20.0,22.08,21.7,0.0,10000,3.6,801,3.0,22.5,45.0,0,6.1,23.5,0.5,0.333,100.0,2,1,0.4657,Estabilizado,Operação Normal
2026-08-22T18:22:54.281376,2719-10,33700,2,METRÔ VL. MATILDE,ERMELINO MATARAZZO,5,15:22,4,15.0,4,20.0,22.08,21.7,0.0,10000,3.6,801,3.0,22.5,45.0,0,6.1,23.5,0.5,1.0,62.5,5,1,0.3053,Estabilizado,Operação Normal
2026-08-22T18:22:54.281376,4732-31,2127,1,METRÔ SAÚDE,VL. LIVIERO,5,15:22,6,10.0,6,20.0,22.08,21.7,0.0,10000,3.6,801,3.0,22.5,45.0,0,6.1,23.5,0.5,1.0,58.33,7,1,0.2948,Estabilizado,Operação Normal
2026-08-22T18:22:54.281376,3737-10,33805,2,SHOP.ARICANDUVA,METRÔ GUILHERMINA/ESPERANÇA,5,15:22,3,20.0,3,20.0,22.08,21.7,0.0,10000,3.6,801,3.0,22.5,45.0,0,6.1,23.5,0.5,1.0,66.67,4,1,0.3157,Estabilizado,Operação Normal
2026-08-22T18:22:54.281376,4222-10,33056,2,MOOCA,PQ. STA. MADALENA,5,15:22,2,30.0,2,20.0,22.08,21.7,0.0,10000,3.6,801,3.0,22.5,45.0,0,6.1,23.5,0.5,0.667,75.0,3,1,0.3698,Estabilizado,Operação Normal
2026-08-22T18:22:54.281376,714C-10,33255,2,PAULISTA,COHAB EDUCANDÁRIO,5,15:22,1,60.0,1,20.0,22.08,21.7,0.0,10000,3.6,801,3.0,22.5,45.0,0,6.1,23.5,0.5,0.333,100.0,2,1,0.4657,Estabilizado,Operação Normal
2026-08-22T18:22:54.281376,407E-10,34983,2,METRÔ CARRÃO,JD. STO. ANDRÉ,5,15:22,7,8.6,7,20.0,22.08,21.7,0.0,10000,3.6,801,3.0,22.5,45.0,0,6.1,23.5,0.5,1.0,64.29,9,2,0.3097,Estabilizado,Operação Normal
2026-08-22T18:22:54.281376,1764-10,33393,2,METRÔ SANTANA,JD. CORISCO,5,15:22,5,12.0,5,20.0,22.08,21.7,0.0,10000,3.6,801,3.0,22.5,45.0,0,6.1,23.5,0.5,1.0,60.0,6,1,0.299,Estabilizado,Operação Normal
2026-08-22T18:22:54.281376,7005-51,34767,2,METRÔ CAPÃO REDONDO ,JD. VERA CRUZ,5,15:22,4,15.0,4,20.0,22.08,21.7,0.0,10000,3.6,801,3.0,22.5,45.0,0,6.1,23.5,0.5,1.0,62.5,5,1,0.3053,Estabilizado,Operação Normal
2026-08-22T18:22:54.281376,675G-10,106,1,METRÔ JABAQUARA,PQ. RES. COCAIA,5,15:22,4,15.0,4,20.0,22.08,21.7,0.0,10000,3.6,801,3.0,22.5,45.0,0,6.1,23.5,0.5,1.0,62.5,5,1,0.3053,Estabilizado,Operação Normal
2026-08-22T18:22:54.281376,508L-10,32885,2,ACLIMAÇÃO,TERM. PRINC. ISABEL,5,15:22,1,60.0,1,20.0,22.08,21.7,0.0,10000,3.6,801,3.0,22.5,45.0,0,6.1,23.5,0.5,0.333,100.0,2,1,0.4657,Estabilizado,Operação Normal
2026-08-22T18:22:54.281376,6049-10,1309,1,STO. AMARO,VALO VELHO,5,15:22,4,15.0,4,20.0,22.08,21.7,0.0,10000,3.6,801,3.0,22.5,45.0,0,6.1,23.5,0.5,1.0,62.5,5,1,0.3053,Estabilizado,Operação Normal
2026-08-22T18:22:54.281376,3721-41,1693,1,METRÔ ITAQUERA,SHOP. ARICANDUVA,5,15:22,3,20.0,3,20.0,22.08,21.7,0.0,10000,3.6,801,3.0,22.5,45.0,0,6.1,23.5,0.5,1.0,66.67,4,1,0.3157,Estabilizado,Operação Normal
2026-08-22T18:22:54.281376,2080-10,371,1,TERM. ARICANDUVA,CID. KEMEL,5,15:22,3,20.0,3,20.0,22.08,21.7,0.0,10000,3.6,801,3.0,22.5,45.0,0,6.1,23.5,0.5,1.0,66.67,4,1,0.3157,Estabilizado,Operação Normal
2026-08-22T18:22:54.281376,407A-10,34962,2,LGO. DA CONCÓRDIA,PQ. SAVOY,5,15:22,5,12.0,5,20.0,22.08,21.7,0.0,10000,3.6,801,3.0,22.5,45.0,0,6.1,23.5,0.5,1.0,60.0,6,1,0.299,Estabilizado,Operação Normal
2026-08-22T18:22:54.281376,6006-10,32943,2,SHOP. INTERLAGOS,JD. HERCULANO,5,15:22,2,30.0,2,20.0,22.08,21.7,0.0,10000,3.6,801,3.0,22.5,45.0,0,6.1,23.5,0.5,0.667,75.0,3,1,0.3698,Estabilizado,Operação Normal
2026-08-22T18:22:54.281376,695D-10,32882,2,METRÔ JABAQUARA,JD. STA. BARBARA,5,15:22,6,10.0,6,20.0,22.08,21.7,0.0,10000,3.6,801,3.0,22.5,45.0,0,6.1,23.5,0.5,1.0,58.33,7,1,0.2948,Estabilizado,Operação Normal
2026-08-22T18:22:54.281376,7006-10,34763,2,JD. ÂNGELA,JD. HORIZONTE AZUL,5,15:22,6,10.0,6,20.0,22.08,21.7,0.0,10000,3.6,801,3.0,22.5,45.0,0,6.1,23.5,0.5,1.0,58.33,7,1,0.2948,Estabilizado,Operação Normal
2026-08-22T18:22:54.281376,6082-10,35446,2,CONEXÃO TERMINAIS,CONEXÃO TERMINAIS,5,15:22,4,15.0,4,20.0,22.08,21.7,0.0,10000,3.6,801,3.0,22.5,45.0,0,6.1,23.5,0.5,1.0,62.5,5,1,0.3053,Estabilizado,Operação Normal
2026-08-22T18:22:54.281376,7053-10,34655,2,TERM. CAMPO LIMPO,JD. MACEDÔNIA,5,15:22,3,20.0,3,20.0,22.08,21.7,0.0,10000,3.6,801,3.0,22.5,45.0,0,6.1,23.5,0.5,1.0,66.67,4,1,0.3157,Estabilizado,Operação Normal
2026-08-22T18:22:54.281376,809P-10,1891,1,TERM. PINHEIROS,TERM. CAMPO LIMPO,5,15:22,5,12.0,5,20.0,22.08,21.7,0.0,10000,3.6,801,3.0,22.5,45.0,0,6.1,23.5,0.5,1.0,60.0,6,1,0.299,Estabilizado,Operação Normal
2026-08-22T18:22:54.281376,4035-10,2560,1,METRÔ ITAQUERA,GUAIANASES,5,15:22,1,60.0,1,20.0,22.08,21.7,0.0,10000,3.6,801,3.0,22.5,45.0,0,6.1,23.5,0.5,0.333,100.0,2,1,0.4657,Estabilizado,Operação Normal
2026-08-22T18:22:54.281376,576M-10,604,1,PINHEIROS,VL. CLARA,5,15:22,4,15.0,4,20.0,22.08,21.7,0.0,10000,3.6,801,3.0,22.5,45.0,0,6.1,23.5,0.5,1.0,62.5,5,1,0.3053,Estabilizado,Operação Normal
2026-08-22T18:22:54.281376,1701-21,35244,2,METRÔ TUCURUVI,JOVA RURAL,5,15:22,2,30.0,2,20.0,22.08,21.7,0.0,10000,3.6,801,3.0,22.5,45.0,0,6.1,23.5,0.5,0.667,75.0,3,1,0.3698,Estabilizado,Operação Normal
2026-08-22T18:22:54.281376,7009-10,34719,2,JD. ÂNGELA,JD. SÃO LOURENÇO,5,15:22,1,60.0,1,20.0,22.08,21.7,0.0,10000,3.6,801,3.0,22.5,45.0,0,6.1,23.5,0.5,0.333,100.0,2,1,0.4657,Estabilizado,Operação Normal
2026-08-22T18:22:54.281376,874T-10,307,1,LAPA,IPIRANGA,5,15:22,3,20.0,3,20.0,22.08,21.7,0.0,10000,3.6,801,3.0,22.5,45.0,0,6.1,23.5,0.5,1.0,66.67,4,1,0.3157,Estabilizado,Operação Normal
2026-08-22T18:22:54.281376,2435-10,210,1,TERM. ARICANDUVA,JD. COIMBRA,5,15:22,2,30.0,2,20.0,22.08,21.7,0.0,10000,3.6,801,3.0,22.5,45.0,0,6.1,23.5,0.5,0.667,75.0,3,1,0.3698,Estabilizado,Operação Normal
2026-08-22T18:22:54.281376,775P-10,33275,2,METRÔ ANA ROSA,JD. GUARAÚ,5,15:22,3,20.0,3,20.0,22.08,21.7,0.0,10000,3.6,801,3.0,22.5,45.0,0,6.1,23.5,0.5,1.0,66.67,4,1,0.3157,Estabilizado,Operação Normal
2026-08-22T18:22:54.281376,848L-10,808,1,TERM. PIRITUBA,RECANTO DOS HUMILDES,5,15:22,3,20.0,3,20.0,22.08,21.7,0.0,10000,3.6,801,3.0,22.5,45.0,0,6.1,23.5,0.5,1.0,66.67,4,1,0.3157,Estabilizado,Operação Normal
2026-08-22T18:22:54.281376,1772-10,33403,2,METRÔ TUCURUVI,RECANTO VERDE,5,15:22,3,20.0,3,20.0,22.08,21.7,0.0,10000,3.6,801,3.0,22.5,45.0,0,6.1,23.5,0.5,1.0,66.67,4,1,0.3157,Estabilizado,Operação Normal
2026-08-22T18:22:54.281376,1702-10,846,1,TIETÊ,JOVA RURAL,5,15:22,6,10.0,6,20.0,22.08,21.7,0.0,10000,3.6,801,3.0,22.5,45.0,0,6.1,23.5,0.5,1.0,58.33,7,1,0.2948,Estabilizado,Operação Normal
2026-08-22T18:22:54.281376,2008-10,33665,2,CPTM ITAIM PAULISTA,JD. NSA. SRA. DO CAMINHO,5,15:22,4,15.0,4,20.0,22.08,21.7,0.0,10000,3.6,801,3.0,22.5,45.0,0,6.1,23.5,0.5,1.0,62.5,5,1,0.3053,Estabilizado,Operação Normal
2026-08-22T18:22:54.281376,271M-10,33452,2,METRÔ SANTANA,PQ. NOVO MUNDO,5,15:22,1,60.0,1,20.0,22.08,21.7,0.0,10000,3.6,801,3.0,22.5,45.0,0,6.1,23.5,0.5,0.333,100.0,2,1,0.4657,Estabilizado,Operação Normal
2026-08-22T18:22:54.281376,2772-10,33166,2,METRÔ PENHA,JD. NAZARÉ,5,15:22,3,20.0,3,20.0,22.08,21.7,0.0,10000,3.6,801,3.0,22.5,45.0,0,6.1,23.5,0.5,1.0,66.67,4,1,0.3157,Estabilizado,Operação Normal
2026-08-22T18:22:54.281376,372F-10,33783,2,METRÔ BRESSER,UNIV. SÃO JUDAS TADEU,5,15:22,2,30.0,2,20.0,22.08,21.7,0.0,10000,3.6,801,3.0,22.5,45.0,0,6.1,23.5,0.5,0.667,75.0,3,1,0.3698,Estabilizado,Operação Normal
2026-08-22T18:22:54.281376,6073-10,1160,1,TERM. VARGINHA,JD. STA. TEREZINHA,5,15:22,2,30.0,2,20.0,22.08,21.7,0.0,10000,3.6,801,3.0,22.5,45.0,0,6.1,23.5,0.5,0.667,75.0,3,1,0.3698,Estabilizado,Operação Normal
2026-08-22T18:22:54.281376,1025-10,2303,1,CONEXÃO PETRÔNIO PORTELA,JD. CAROMBÉ,5,15:22,2,30.0,2,20.0,22.08,21.7,0.0,10000,3.6,801,3.0,22.5,45.0,0,6.1,23.5,0.5,0.667,75.0,3,1,0.3698,Estabilizado,Operação Normal
2026-08-22T18:22:54.281376,8600-10,1432,1,LGO. DO PAISSANDU,TERM. PIRITUBA,5,15:22,2,30.0,2,20.0,22.08,21.7,0.0,10000,3.6,801,3.0,22.5,45.0,0,6.1,23.5,0.5,0.667,75.0,3,1,0.3698,Estabilizado,Operação Normal
2026-08-22T18:22:54.281376,809D-10,34836,2,TERM. PINHEIROS,COHAB EDUCANDÁRIO,5,15:22,3,20.0,3,20.0,22.08,21.7,0.0,10000,3.6,801,3.0,22.5,45.0,0,6.1,23.5,0.5,1.0,66.67,4,1,0.3157,Estabilizado,Operação Normal
2026-08-22T18:22:54.281376,128Y-10,33611,2,LAPA,JD. PERY ALTO,5,15:22,6,10.0,6,20.0,22.08,21.7,0.0,10000,3.6,801,3.0,22.5,45.0,0,6.1,23.5,0.5,1.0,58.33,7,1,0.2948,Estabilizado,Operação Normal
2026-08-22T18:22:54.281376,3051-10,2446,1,TERM. A. E. CARVALHO,ERMELINO MATARAZZO,5,15:22,4,15.0,4,20.0,22.08,21.7,0.0,10000,3.6,801,3.0,22.5,45.0,0,6.1,23.5,0.5,1.0,62.5,5,1,0.3053,Estabilizado,Operação Normal
2026-08-22T18:22:54.281376,6970-10,1505,1,TERM. STO. AMARO,TERM. GRAJAÚ,5,15:22,4,15.0,4,20.0,22.08,21.7,0.0,10000,3.6,801,3.0,22.5,45.0,0,6.1,23.5,0.5,1.0,62.5,5,1,0.3053,Estabilizado,Operação Normal
2026-08-22T18:22:54.281376,2020-10,2262,1,METRÔ TUCURUVI,HORTO FLORESTAL,5,15:22,2,30.0,2,20.0,22.08,21.7,0.0,10000,3.6,801,3.0,22.5,45.0,0,6.1,23.5,0.5,0.667,75.0,3,1,0.3698,Estabilizado,Operação Normal
2026-08-22T18:22:54.281376,546A-31,1132,1,STO. AMARO,JD. APURÁ,5,15:22,3,20.0,3,20.0,22.08,21.7,0.0,10000,3.6,801,3.0,22.5,45.0,0,6.1,23.5,0.5,1.0,66.67,4,1,0.3157,Estabilizado,Operação Normal
2026-08-22T18:22:54.281376,4027-41,2309,1,SÃO MATEUS,MORRO DO CRUZEIRO,5,15:22,1,60.0,1,20.0,22.08,21.7,0.0,10000,3.6,801,3.0,22.5,45.0,0,6.1,23.5,0.5,0.333,100.0,2,1,0.4657,Estabilizado,Operação Normal
2026-08-22T18:22:54.281376,2010-10,2104,1,SHOP. D,PQ. EDU CHAVES,5,15:22,4,15.0,4,20.0,22.08,21.7,0.0,10000,3.6,801,3.0,22.5,45.0,0,6.1,23.5,0.5,1.0,62.5,5,1,0.3053,Estabilizado,Operação Normal
2026-08-22T18:22:54.281376,273J-10,33157,2,METRÔ PENHA,JD. ROMANO,5,15:22,6,10.0,6,20.0,22.08,21.7,0.0,10000,3.6,801,3.0,22.5,45.0,0,6.1,23.5,0.5,1.0,58.33,7,1,0.2948,Estabilizado,Operação Normal
2026-08-22T18:22:54.281376,477P-10,33116,2,RIO PEQUENO,IPIRANGA,5,15:22,5,12.0,5,20.0,22.08,21.7,0.0,10000,3.6,801,3.0,22.5,45.0,0,6.1,23.5,0.5,1.0,60.0,6,1,0.299,Estabilizado,Operação Normal
2026-08-22T18:22:54.281376,8677-10,33211,2,LGO. DO PAISSANDÚ,JD. LÍBANO,5,15:22,3,20.0,3,20.0,22.08,21.7,0.0,10000,3.6,801,3.0,22.5,45.0,0,6.1,23.5,0.5,1.0,66.67,4,1,0.3157,Estabilizado,Operação Normal
2026-08-22T18:22:54.281376,9002-10,33638,2,TERM. CACHOEIRINHA,JD. PERY ALTO,5,15:22,4,15.0,4,20.0,22.08,21.7,0.0,10000,3.6,801,3.0,22.5,45.0,0,6.1,23.5,0.5,1.0,62.5,5,1,0.3053,Estabilizado,Operação Normal
2026-08-22T18:22:54.281376,875C-1,35278,2,METRÔ STA. CRUZ,TERM. LAPA,5,15:22,2,30.0,2,20.0,22.08,21.7,0.0,10000,3.6,801,3.0,22.5,45.0,0,6.1,23.5,0.5,0.667,75.0,3,1,0.3698,Estabilizado,Operação Normal
2026-08-22T18:22:54.281376,1701-10,33613,2,METRÔ SANTANA,JOVA RURAL,5,15:22,4,15.0,4,20.0,22.08,21.7,0.0,10000,3.6,801,3.0,22.5,45.0,0,6.1,23.5,0.5,1.0,62.5,5,1,0.3053,Estabilizado,Operação Normal
2026-08-22T18:22:54.281376,746C-10,783,1,STO. AMARO,JD. TABOÃO,5,15:22,5,12.0,5,20.0,22.08,21.7,0.0,10000,3.6,801,3.0,22.5,45.0,0,6.1,23.5,0.5,1.0,60.0,6,1,0.299,Estabilizado,Operação Normal
2026-08-22T18:22:54.281376,6053-10,1145,1,TERM. GRAJAÚ,JD. ELLUS,5,15:22,3,20.0,3,20.0,22.08,21.7,0.0,10000,3.6,801,3.0,22.5,45.0,0,6.1,23.5,0.5,1.0,66.67,4,1,0.3157,Estabilizado,Operação Normal
2026-08-22T18:22:54.281376,546J-31,34783,2,STO. AMARO,JD. SELMA,5,15:22,4,15.0,4,20.0,22.08,21.7,0.0,10000,3.6,801,3.0,22.5,45.0,0,6.1,23.5,0.5,1.0,62.5,5,1,0.3053,Estabilizado,Operação Normal
2026-08-22T18:22:54.281376,1767-10,33396,2,METRÔ TUCURUVI,PQ. EDU CHAVES,5,15:22,3,20.0,3,20.0,22.08,21.7,0.0,10000,3.6,801,3.0,22.5,45.0,0,6.1,23.5,0.5,1.0,66.67,4,1,0.3157,Estabilizado,Operação Normal
2026-08-22T18:22:54.281376,8047-10,408,1,LAPA,JARAGUÁ,5,15:22,3,20.0,3,20.0,22.08,21.7,0.0,10000,3.6,801,3.0,22.5,45.0,0,6.1,23.5,0.5,1.0,66.67,4,1,0.3157,Estabilizado,Operação Normal
2026-08-22T18:22:54.281376,9019-10,34201,2,TERM. PIRITUBA,JD. PAULISTANO,5,15:22,5,12.0,5,20.0,22.08,21.7,0.0,10000,3.6,801,3.0,22.5,45.0,0,6.1,23.5,0.5,1.0,60.0,6,1,0.299,Estabilizado,Operação Normal
2026-08-22T18:22:54.281376,2725-10,33707,2,JD. SÃO CARLOS,METRÔ ARTUR ALVIM,5,15:22,3,20.0,3,20.0,22.08,21.7,0.0,10000,3.6,801,3.0,22.5,45.0,0,6.1,23.5,0.5,1.0,66.67,4,1,0.3157,Estabilizado,Operação Normal
2026-08-22T18:22:54.281376,709M-10,35230,2,TERM. PINHEIROS,TERM. STO. AMARO,5,15:22,4,15.0,4,20.0,22.08,21.7,0.0,10000,3.6,801,3.0,22.5,45.0,0,6.1,23.5,0.5,1.0,62.5,5,1,0.3053,Estabilizado,Operação Normal
2026-08-22T18:22:54.281376,607M-10,2036,1,TERM. ÁGUA ESPRAIADA,TERM. GRAJAÚ,5,15:22,5,12.0,5,20.0,22.08,21.7,0.0,10000,3.6,801,3.0,22.5,45.0,0,6.1,23.5,0.5,1.0,60.0,6,1,0.299,Estabilizado,Operação Normal
2026-08-22T18:22:54.281376,2013-10,899,1,CACHOEIRINHA,COHAB ANTÁRTICA,5,15:22,5,12.0,5,20.0,22.08,21.7,0.0,10000,3.6,801,3.0,22.5,45.0,0,6.1,23.5,0.5,1.0,60.0,6,1,0.299,Estabilizado,Operação Normal
2026-08-22T18:22:54.281376,273G-10,223,1,METRÔ ARTUR ALVIM,JD. HELENA,5,15:22,4,15.0,4,20.0,22.08,21.7,0.0,10000,3.6,801,3.0,22.5,45.0,0,6.1,23.5,0.5,1.0,62.5,5,1,0.3053,Estabilizado,Operação Normal
2026-08-22T18:22:54.281376,5034-31,1664,1,VL. LIVIERO,TERM. SACOMÃ,5,15:22,1,60.0,1,20.0,22.08,21.7,0.0,10000,3.6,801,3.0,22.5,45.0,0,6.1,23.5,0.5,0.333,100.0,2,1,0.4657,Estabilizado,Operação Normal
2026-08-22T18:22:54.281376,6071-10,33924,2,TERM. STO. AMARO,JD. ORION,5,15:22,4,15.0,4,20.0,22.08,21.7,0.0,10000,3.6,801,3.0,22.5,45.0,0,6.1,23.5,0.5,1.0,62.5,5,1,0.3053,Estabilizado,Operação Normal
2026-08-22T18:22:54.281376,877T-10,34149,2,METRÔ PARAÍSO,VL. ANASTÁCIO,5,15:22,3,20.0,3,20.0,22.08,21.7,0.0,10000,3.6,801,3.0,22.5,45.0,0,6.1,23.5,0.5,1.0,66.67,4,1,0.3157,Estabilizado,Operação Normal
2026-08-22T18:22:54.281376,6026-10,32855,2,TERM. STO. AMARO,JD. ICARAÍ,5,15:22,5,12.0,5,20.0,22.08,21.7,0.0,10000,3.6,801,3.0,22.5,45.0,0,6.1,23.5,0.5,1.0,60.0,6,1,0.299,Estabilizado,Operação Normal
2026-08-22T18:22:54.281376,807P-10,34867,2,STO. AMARO,PARAISÓPOLIS,5,15:22,3,20.0,3,20.0,22.08,21.7,0.0,10000,3.6,801,3.0,22.5,45.0,0,6.1,23.5,0.5,1.0,66.67,4,1,0.3157,Estabilizado,Operação Normal
2026-08-22T18:22:54.281376,119C-10,33429,2,TERM. PRINC. ISABEL,PQ. EDU CHAVES,5,15:22,4,15.0,4,20.0,22.08,21.7,0.0,10000,3.6,801,3.0,22.5,45.0,0,6.1,23.5,0.5,1.0,62.5,5,1,0.3053,Estabilizado,Operação Normal
2026-08-22T18:22:54.281376,2733-10,33716,2,METRÔ ITAQUERA,PQ. GUARANI,5,15:22,3,20.0,3,20.0,22.08,21.7,0.0,10000,3.6,801,3.0,22.5,45.0,0,6.1,23.5,0.5,1.0,66.67,4,1,0.3157,Estabilizado,Operação Normal
2026-08-22T18:22:54.281376,6L04-10,1180,1,TERM. PARELHEIROS,JD. ORIENTAL/FONTES,5,15:22,2,30.0,2,20.0,22.08,21.7,0.0,10000,3.6,801,3.0,22.5,45.0,0,6.1,23.5,0.5,0.667,75.0,3,1,0.3698,Estabilizado,Operação Normal
2026-08-22T18:22:54.281376,5362-10,32838,2,PÇA. DA SÉ,PQ. RES. COCAIA,5,15:22,5,12.0,5,20.0,22.08,21.7,0.0,10000,3.6,801,3.0,22.5,45.0,0,6.1,23.5,0.5,1.0,60.0,6,1,0.299,Estabilizado,Operação Normal
2026-08-22T18:22:54.281376,6028-10,1211,1,TERM. STO. AMARO,RIVIERA,5,15:22,3,20.0,3,20.0,22.08,21.7,0.0,10000,3.6,801,3.0,22.5,45.0,0,6.1,23.5,0.5,1.0,66.67,4,1,0.3157,Estabilizado,Operação Normal
2026-08-22T18:22:54.281376,5652-22,2516,1,PQ. IBIRAPUERA,JD. IV CENTENÁRIO,5,15:22,4,15.0,4,20.0,22.08,21.7,0.0,10000,3.6,801,3.0,22.5,45.0,0,6.1,23.5,0.5,1.0,62.5,5,1,0.3053,Estabilizado,Operação Normal
2026-08-22T18:22:54.281376,5317-10,69,1,PÇA. DO CORREIO,SESC/ORION,5,15:22,5,12.0,5,20.0,22.08,21.7,0.0,10000,3.6,801,3.0,22.5,45.0,0,6.1,23.5,0.5,1.0,60.0,6,1,0.299,Estabilizado,Operação Normal
2026-08-22T18:22:54.281376,6062-10,33919,2,JD. CASTRO ALVES,TERM. GRAJAÚ,5,15:22,1,60.0,1,20.0,22.08,21.7,0.0,10000,3.6,801,3.0,22.5,45.0,0,6.1,23.5,0.5,0.333,100.0,2,1,0.4657,Estabilizado,Operação Normal
2026-08-22T18:22:54.281376,1178-10,32900,2,PÇA. DO CORREIO,SÃO MIGUEL,5,15:22,8,7.5,8,20.0,22.08,21.7,0.0,10000,3.6,801,3.0,22.5,45.0,0,6.1,23.5,0.5,1.0,62.5,10,2,0.3053,Estabilizado,Operação Normal
2026-08-22T18:22:54.281376,374V-10,34415,2,METRÔ ITAQUERA,JD. SANTANA,5,15:22,3,20.0,3,20.0,22.08,21.7,0.0,10000,3.6,801,3.0,22.5,45.0,0,6.1,23.5,0.5,1.0,66.67,4,1,0.3157,Estabilizado,Operação Normal
2026-08-22T18:22:54.281376,6358-10,34062,2,TERM. BANDEIRA,JD. LUSO,5,15:22,4,15.0,4,20.0,22.08,21.7,0.0,10000,3.6,801,3.0,22.5,45.0,0,6.1,23.5,0.5,1.0,62.5,5,1,0.3053,Estabilizado,Operação Normal
2026-08-22T18:22:54.281376,6960-10,34211,2,TERM. STO. AMARO,TERM. VARGINHA,5,15:22,5,12.0,5,20.0,22.08,21.7,0.0,10000,3.6,801,3.0,22.5,45.0,0,6.1,23.5,0.5,1.0,60.0,6,1,0.299,Estabilizado,Operação Normal
2026-08-22T18:22:54.281376,3161-10,1084,1,TERM. PQ. D. PEDRO II,JD. COLORADO,5,15:22,3,20.0,3,20.0,22.08,21.7,0.0,10000,3.6,801,3.0,22.5,45.0,0,6.1,23.5,0.5,1.0,66.67,4,1,0.3157,Estabilizado,Operação Normal
2026-08-22T18:22:54.281376,106A-10,516,1,ITAIM BIBI,METRÔ SANTANA,5,15:22,8,7.5,8,20.0,22.08,21.7,0.0,10000,3.6,801,3.0,22.5,45.0,0,6.1,23.5,0.5,1.0,62.5,10,2,0.3053,Estabilizado,Operação Normal
2026-08-22T18:22:54.281376,5034-31,34432,2,VL. LIVIERO,TERM. SACOMÃ,5,15:22,2,30.0,2,20.0,22.08,21.7,0.0,10000,3.6,801,3.0,22.5,45.0,0,6.1,23.5,0.5,0.667,75.0,3,1,0.3698,Estabilizado,Operação Normal
2026-08-22T18:22:54.281376,7281-10,34102,2,PÇA. RAMOS DE AZEVEDO,LAPA,5,15:22,2,30.0,2,20.0,22.08,21.7,0.0,10000,3.6,801,3.0,22.5,45.0,0,6.1,23.5,0.5,0.667,75.0,3,1,0.3698,Estabilizado,Operação Normal
2026-08-22T18:22:54.281376,4053-10,34914,2,CPTM GUAIANASES,GUAIANASES,5,15:22,2,30.0,2,20.0,22.08,21.7,0.0,10000,3.6,801,3.0,22.5,45.0,0,6.1,23.5,0.5,0.667,75.0,3,1,0.3698,Estabilizado,Operação Normal
2026-08-22T18:22:54.281376,875C-10,33246,2,METRÔ STA. CRUZ,TERM. LAPA,5,15:22,5,12.0,5,20.0,22.08,21.7,0.0,10000,3.6,801,3.0,22.5,45.0,0,6.1,23.5,0.5,1.0,60.0,6,1,0.299,Estabilizado,Operação Normal
2026-08-22T18:22:54.281376,847J-10,1342,1,JAGUARÉ,CITY JARAGUÁ,5,15:22,2,30.0,2,20.0,22.08,21.7,0.0,10000,3.6,801,3.0,22.5,45.0,0,6.1,23.5,0.5,0.667,75.0,3,1,0.3698,Estabilizado,Operação Normal
2026-08-22T18:22:54.281376,746R-10,33558,2,STO. AMARO,REAL PQ.,5,15:22,7,8.6,7,20.0,22.08,21.7,0.0,10000,3.6,801,3.0,22.5,45.0,0,6.1,23.5,0.5,1.0,64.29,9,2,0.3097,Estabilizado,Operação Normal
2026-08-22T18:22:54.281376,6913-10,1465,1,TERM. BANDEIRA,TERM. VARGINHA,5,15:22,10,6.0,11,20.0,22.08,21.7,0.0,10000,3.6,801,3.0,22.5,45.0,0,6.1,23.5,0.5,1.0,65.0,13,3,0.3115,Estabilizado,Operação Normal
2026-08-22T18:22:54.281376,6258-10,1232,1,TERM. STO. AMARO,JD. SÃO FRANCISCO,5,15:22,2,30.0,2,20.0,22.08,21.7,0.0,10000,3.6,801,3.0,22.5,45.0,0,6.1,23.5,0.5,0.667,75.0,3,1,0.3698,Estabilizado,Operação Normal
2026-08-22T18:22:54.281376,978L-10,466,1,TERM. PRINC. ISABEL,TERM. CACHOEIRINHA,5,15:22,2,30.0,2,20.0,22.08,21.7,0.0,10000,3.6,801,3.0,22.5,45.0,0,6.1,23.5,0.5,0.667,75.0,3,1,0.3698,Estabilizado,Operação Normal
2026-08-22T18:22:54.281376,4735-10,33878,2,JD. VERA CRUZ,SÃO MATEUS  ,5,15:22,1,60.0,1,20.0,22.08,21.7,0.0,10000,3.6,801,3.0,22.5,45.0,0,6.1,23.5,0.5,0.333,100.0,2,1,0.4657,Estabilizado,Operação Normal
2026-08-22T18:22:54.281376,3741-10,1041,1,METRÔ ITAQUERA,CPTM D. BOSCO,5,15:22,4,15.0,4,20.0,22.08,21.7,0.0,10000,3.6,801,3.0,22.5,45.0,0,6.1,23.5,0.5,1.0,62.5,5,1,0.3053,Estabilizado,Operação Normal
2026-08-22T18:22:54.281376,6055-10,1146,1,SHOP. INTERLAGOS,EST. MENDES/VL. NATAL,5,15:22,2,30.0,2,20.0,22.08,21.7,0.0,10000,3.6,801,3.0,22.5,45.0,0,6.1,23.5,0.5,0.667,75.0,3,1,0.3698,Estabilizado,Operação Normal
2026-08-22T18:22:54.281376,7006-10,1995,1,JD. ÂNGELA,JD. HORIZONTE AZUL,5,15:22,3,20.0,3,20.0,22.08,21.7,0.0,10000,3.6,801,3.0,22.5,45.0,0,6.1,23.5,0.5,1.0,66.67,4,1,0.3157,Estabilizado,Operação Normal
2026-08-22T18:22:54.281376,4716-10,1106,1,METRÔ STA. CRUZ,METRÔ TAMANDUATEÍ,5,15:22,3,20.0,3,20.0,22.08,21.7,0.0,10000,3.6,801,3.0,22.5,45.0,0,6.1,23.5,0.5,1.0,66.67,4,1,0.3157,Estabilizado,Operação Normal
2026-08-22T18:22:54.281376,6061-10,33918,2,TERM. GRAJAÚ,JD. MARILDA,5,15:22,2,30.0,2,20.0,22.08,21.7,0.0,10000,3.6,801,3.0,22.5,45.0,0,6.1,23.5,0.5,0.667,75.0,3,1,0.3698,Estabilizado,Operação Normal
2026-08-22T18:22:54.281376,4013-10,34954,2,TERM. SÃO MATEUS,JD. STO. ANDRÉ,5,15:22,4,15.0,4,20.0,22.08,21.7,0.0,10000,3.6,801,3.0,22.5,45.0,0,6.1,23.5,0.5,1.0,62.5,5,1,0.3053,Estabilizado,Operação Normal
2026-08-22T18:22:54.281376,715M-10,33258,2,LGO. DA PÓLVORA,JD. MARIA LUIZA,5,15:22,4,15.0,4,20.0,22.08,21.7,0.0,10000,3.6,801,3.0,22.5,45.0,0,6.1,23.5,0.5,1.0,62.5,5,1,0.3053,Estabilizado,Operação Normal
2026-08-22T18:22:54.281376,9191-10,33578,2,BOM RETIRO,JD. ELISA MARIA,5,15:22,9,6.7,9,20.0,22.08,21.7,0.0,10000,3.6,801,3.0,22.5,45.0,0,6.1,23.5,0.5,1.0,61.11,11,2,0.3018,Estabilizado,Operação Normal
2026-08-22T18:22:54.281376,748A-41,499,1,LAPA,JD. PERI PERI,5,15:22,2,30.0,2,20.0,22.08,21.7,0.0,10000,3.6,801,3.0,22.5,45.0,0,6.1,23.5,0.5,0.667,75.0,3,1,0.3698,Estabilizado,Operação Normal
2026-08-22T18:22:54.281376,807P-10,2099,1,STO. AMARO,PARAISÓPOLIS,5,15:22,3,20.0,3,20.0,22.08,21.7,0.0,10000,3.6,801,3.0,22.5,45.0,0,6.1,23.5,0.5,1.0,66.67,4,1,0.3157,Estabilizado,Operação Normal
2026-08-22T18:22:54.281376,877T-10,1381,1,METRÔ PARAÍSO,VL. ANASTÁCIO,5,15:22,2,30.0,2,20.0,22.08,21.7,0.0,10000,3.6,801,3.0,22.5,45.0,0,6.1,23.5,0.5,0.667,75.0,3,1,0.3698,Estabilizado,Operação Normal
2026-08-22T18:22:54.281376,7053-22,1896,1,TERM. CAMPO LIMPO,JD. MARIA SAMPAIO,5,15:22,4,15.0,4,20.0,22.08,21.7,0.0,10000,3.6,801,3.0,22.5,45.0,0,6.1,23.5,0.5,1.0,62.5,5,1,0.3053,Estabilizado,Operação Normal
2026-08-22T18:22:54.281376,695T-1,35387,2,METRÔ VL. MARIANA,TERM. CAPELINHA,5,15:22,4,15.0,4,20.0,22.08,21.7,0.0,10000,3.6,801,3.0,22.5,45.0,0,6.1,23.5,0.5,1.0,62.5,5,1,0.3053,Estabilizado,Operação Normal
2026-08-22T18:22:54.281376,2678-10,33151,2,TERM. PQ. D. PEDRO II,OLIVEIRINHA,5,15:22,9,6.7,9,20.0,22.08,21.7,0.0,10000,3.6,801,3.0,22.5,45.0,0,6.1,23.5,0.5,1.0,61.11,11,2,0.3018,Estabilizado,Operação Normal
2026-08-22T18:22:54.281376,4006-10,34948,2,CIRCULAR,JD. NOVA VITÓRIA,5,15:22,2,30.0,2,20.0,22.08,21.7,0.0,10000,3.6,801,3.0,22.5,45.0,0,6.1,23.5,0.5,0.667,75.0,3,1,0.3698,Estabilizado,Operação Normal
2026-08-22T18:22:54.281376,3139-10,995,1,PÇA. JOÃO MENDES,JD. VL. FORMOSA,5,15:22,1,60.0,1,20.0,22.08,21.7,0.0,10000,3.6,801,3.0,22.5,45.0,0,6.1,23.5,0.5,0.333,100.0,2,1,0.4657,Estabilizado,Operação Normal
2026-08-22T18:22:54.281376,1709-10,33619,2,METRÔ TUCURUVI,JD. JOANA D'ARC,5,15:22,6,10.0,6,20.0,22.08,21.7,0.0,10000,3.6,801,3.0,22.5,45.0,0,6.1,23.5,0.5,1.0,58.33,7,1,0.2948,Estabilizado,Operação Normal
2026-08-22T18:22:54.281376,778J-10,33276,2,METRÔ BARRA FUNDA,JD. ARPOADOR,5,15:22,2,30.0,2,20.0,22.08,21.7,0.0,10000,3.6,801,3.0,22.5,45.0,0,6.1,23.5,0.5,0.667,75.0,3,1,0.3698,Estabilizado,Operação Normal
2026-08-22T18:22:54.281376,2026-10,35037,2,PQ. NOVO MUNDO,JAÇANÃ,5,15:22,2,30.0,2,20.0,22.08,21.7,0.0,10000,3.6,801,3.0,22.5,45.0,0,6.1,23.5,0.5,0.667,75.0,3,1,0.3698,Estabilizado,Operação Normal
2026-08-22T18:22:54.281376,8075-21,2537,1,TERM. VL. SÔNIA,TERM. CAMPO LIMPO,5,15:22,1,60.0,1,20.0,22.08,21.7,0.0,10000,3.6,801,3.0,22.5,45.0,0,6.1,23.5,0.5,0.333,100.0,2,1,0.4657,Estabilizado,Operação Normal
2026-08-22T18:22:54.281376,2076-10,368,1,TERM. PENHA,JD. DAS OLIVEIRAS,5,15:22,4,15.0,4,20.0,22.08,21.7,0.0,10000,3.6,801,3.0,22.5,45.0,0,6.1,23.5,0.5,1.0,62.5,5,1,0.3053,Estabilizado,Operação Normal
2026-08-22T18:22:54.281376,9300-10,116,1,TERM. PQ. D. PEDRO II,TERM. CASA VERDE,5,15:22,3,20.0,3,20.0,22.08,21.7,0.0,10000,3.6,801,3.0,22.5,45.0,0,6.1,23.5,0.5,1.0,66.67,4,1,0.3157,Estabilizado,Operação Normal
2026-08-22T18:22:54.281376,2705-10,33685,2,METRÔ ITAQUERA,JD. FANGANIELO,5,15:22,3,20.0,3,20.0,22.08,21.7,0.0,10000,3.6,801,3.0,22.5,45.0,0,6.1,23.5,0.5,1.0,66.67,4,1,0.3157,Estabilizado,Operação Normal
2026-08-22T18:22:54.281376,9015-10,34037,2,TERM. PIRITUBA,VL. ZATT,5,15:22,4,15.0,4,20.0,22.08,21.7,0.0,10000,3.6,801,3.0,22.5,45.0,0,6.1,23.5,0.5,1.0,62.5,5,1,0.3053,Estabilizado,Operação Normal
2026-08-22T18:22:54.281376,3160-10,32893,2,TERM. PQ. D. PEDRO II,TERM. VL. PRUDENTE,5,15:22,2,30.0,2,20.0,22.08,21.7,0.0,10000,3.6,801,3.0,22.5,45.0,0,6.1,23.5,0.5,0.667,75.0,3,1,0.3698,Estabilizado,Operação Normal
2026-08-22T18:22:54.281376,875A-10,33377,2,PERDIZES,AEROPORTO,5,15:22,6,10.0,6,20.0,22.08,21.7,0.0,10000,3.6,801,3.0,22.5,45.0,0,6.1,23.5,0.5,1.0,58.33,7,1,0.2948,Estabilizado,Operação Normal
2026-08-22T18:22:54.281376,7063-10,1899,1,TERM. CAMPO LIMPO,JD. MACEDÔNIA,5,15:22,1,60.0,1,20.0,22.08,21.7,0.0,10000,3.6,801,3.0,22.5,45.0,0,6.1,23.5,0.5,0.333,100.0,2,1,0.4657,Estabilizado,Operação Normal
2026-08-22T18:22:54.281376,3026-10,33730,2,CPTM GUAIANASES,VL. IOLANDA II,5,15:22,7,8.6,7,20.0,22.08,21.7,0.0,10000,3.6,801,3.0,22.5,45.0,0,6.1,23.5,0.5,1.0,64.29,9,2,0.3097,Estabilizado,Operação Normal
2026-08-22T18:22:54.281376,736I-10,33549,2,STO. AMARO,JD. INGÁ,5,15:22,3,20.0,3,20.0,22.08,21.7,0.0,10000,3.6,801,3.0,22.5,45.0,0,6.1,23.5,0.5,1.0,66.67,4,1,0.3157,Estabilizado,Operação Normal
2026-08-22T18:22:54.281376,6820-31,34174,2,TERM. CAPELINHA,JD. DAS ROSAS,5,15:22,2,30.0,2,20.0,22.08,21.7,0.0,10000,3.6,801,3.0,22.5,45.0,0,6.1,23.5,0.5,0.667,75.0,3,1,0.3698,Estabilizado,Operação Normal
2026-08-22T18:22:54.281376,4025-10,1095,1,METRÔ TATUAPÉ,VL. ALPINA,5,15:22,13,4.6,14,20.0,22.08,21.7,0.0,10000,3.6,801,3.0,22.5,45.0,0,6.1,23.5,0.5,1.0,65.38,17,4,0.3125,Estabilizado,Operação Normal
2026-08-22T18:22:54.281376,695H-10,33964,2,TERM. STO. AMARO,JD. HERPLIN,5,15:22,6,10.0,6,20.0,22.08,21.7,0.0,10000,3.6,801,3.0,22.5,45.0,0,6.1,23.5,0.5,1.0,58.33,7,1,0.2948,Estabilizado,Operação Normal
2026-08-22T18:22:54.281376,701A-10,33457,2,METRÔ VL. MADALENA,PQ. EDU CHAVES,5,15:22,6,10.0,6,20.0,22.08,21.7,0.0,10000,3.6,801,3.0,22.5,45.0,0,6.1,23.5,0.5,1.0,58.33,7,1,0.2948,Estabilizado,Operação Normal
2026-08-22T18:22:54.281376,746P-10,788,1,STO. AMARO,PARAISÓPOLIS,5,15:22,3,20.0,3,20.0,22.08,21.7,0.0,10000,3.6,801,3.0,22.5,45.0,0,6.1,23.5,0.5,1.0,66.67,4,1,0.3157,Estabilizado,Operação Normal
2026-08-22T18:22:54.281376,7022-10,34852,2,TERM. STO. AMARO,JD. CAIÇARA,5,15:22,3,20.0,3,20.0,22.08,21.7,0.0,10000,3.6,801,3.0,22.5,45.0,0,6.1,23.5,0.5,1.0,66.67,4,1,0.3157,Estabilizado,Operação Normal
2026-08-22T18:22:54.281376,408A-10,33534,2,CARDOSO DE ALMEIDA,MACHADO DE ASSIS,5,15:22,2,30.0,2,20.0,22.08,21.7,0.0,10000,3.6,801,3.0,22.5,45.0,0,6.1,23.5,0.5,0.667,75.0,3,1,0.3698,Estabilizado,Operação Normal
2026-08-22T18:22:54.281376,3160-10,125,1,TERM. PQ. D. PEDRO II,TERM. VL. PRUDENTE,5,15:22,6,10.0,6,20.0,22.08,21.7,0.0,10000,3.6,801,3.0,22.5,45.0,0,6.1,23.5,0.5,1.0,58.33,7,1,0.2948,Estabilizado,Operação Normal
2026-08-22T18:22:54.281376,509M-10,34045,2,TERM. PRINC. ISABEL,JD. MIRIAM,5,15:22,4,15.0,4,20.0,22.08,21.7,0.0,10000,3.6,801,3.0,22.5,45.0,0,6.1,23.5,0.5,1.0,62.5,5,1,0.3053,Estabilizado,Operação Normal
2026-08-22T18:22:54.281376,7004-22,35401,2,JD ÂNGELA,VL DO SOL,5,15:22,4,15.0,4,20.0,22.08,21.7,0.0,10000,3.6,801,3.0,22.5,45.0,0,6.1,23.5,0.5,1.0,62.5,5,1,0.3053,Estabilizado,Operação Normal
2026-08-22T18:22:54.281376,847P-10,33191,2,VL. OLÍMPIA,TERM. PIRITUBA,5,15:22,6,10.0,6,20.0,22.08,21.7,0.0,10000,3.6,801,3.0,22.5,45.0,0,6.1,23.5,0.5,1.0,58.33,7,1,0.2948,Estabilizado,Operação Normal
2026-08-22T18:22:54.281376,775F-10,796,1,HOSP. DAS CLÍNICAS,JD. DAS PALMAS,5,15:22,4,15.0,4,20.0,22.08,21.7,0.0,10000,3.6,801,3.0,22.5,45.0,0,6.1,23.5,0.5,1.0,62.5,5,1,0.3053,Estabilizado,Operação Normal
2026-08-22T18:22:54.281376,9020-10,1434,1,TERM. PIRITUBA,VL. MIRANTE,5,15:22,1,60.0,1,20.0,22.08,21.7,0.0,10000,3.6,801,3.0,22.5,45.0,0,6.1,23.5,0.5,0.333,100.0,2,1,0.4657,Estabilizado,Operação Normal
2026-08-22T18:22:54.281376,2703-10,33683,2,METRÔ ITAQUERA,JD. ETELVINA,5,15:22,4,15.0,4,20.0,22.08,21.7,0.0,10000,3.6,801,3.0,22.5,45.0,0,6.1,23.5,0.5,1.0,62.5,5,1,0.3053,Estabilizado,Operação Normal
2026-08-22T18:22:54.281376,5175-10,33361,2,PÇA. DA SÉ,BALN. SÃO FRANCISCO,5,15:22,19,3.2,20,20.0,22.08,21.7,0.0,10000,3.6,801,3.0,22.5,45.0,0,6.1,23.5,0.5,1.0,60.53,23,4,0.3003,Estabilizado,Operação Normal
2026-08-22T18:22:54.281376,7062-41,35039,2,HORTO DO YPÊ,METRÔ CAMPO LIMPO,5,15:22,2,30.0,2,20.0,22.08,21.7,0.0,10000,3.6,801,3.0,22.5,45.0,0,6.1,23.5,0.5,0.667,75.0,3,1,0.3698,Estabilizado,Operação Normal
2026-08-22T18:22:54.281376,189L-10,2450,1,LAPA,CONEXÃO VL. IÓRIO,5,15:22,3,20.0,3,20.0,22.08,21.7,0.0,10000,3.6,801,3.0,22.5,45.0,0,6.1,23.5,0.5,1.0,66.67,4,1,0.3157,Estabilizado,Operação Normal
2026-08-22T18:22:54.281376,8545-10,34132,2,METRÔ BARRA FUNDA,PENTEADO,5,15:22,2,30.0,2,20.0,22.08,21.7,0.0,10000,3.6,801,3.0,22.5,45.0,0,6.1,23.5,0.5,0.667,75.0,3,1,0.3698,Estabilizado,Operação Normal
2026-08-22T18:22:54.281376,1722-10,33632,2,METRÔ TUCURUVI,JD. MARINA,5,15:22,8,7.5,8,20.0,22.08,21.7,0.0,10000,3.6,801,3.0,22.5,45.0,0,6.1,23.5,0.5,1.0,62.5,10,2,0.3053,Estabilizado,Operação Normal
2026-08-22T18:22:54.281376,1788-10,653,1,METRÔ SANTANA,JD. FONTÁLIS,5,15:22,2,30.0,2,20.0,22.08,21.7,0.0,10000,3.6,801,3.0,22.5,45.0,0,6.1,23.5,0.5,0.667,75.0,3,1,0.3698,Estabilizado,Operação Normal
2026-08-22T18:22:54.281376,3002-10,34576,2,SÃO MIGUEL,JD. MABEL,5,15:22,5,12.0,5,20.0,22.08,21.7,0.0,10000,3.6,801,3.0,22.5,45.0,0,6.1,23.5,0.5,1.0,60.0,6,1,0.299,Estabilizado,Operação Normal
2026-08-22T18:22:54.281376,4031-10,33869,2,METRÔ TAMANDUATEÍ,PQ. STA. MADALENA,5,15:22,3,20.0,3,20.0,22.08,21.7,0.0,10000,3.6,801,3.0,22.5,45.0,0,6.1,23.5,0.5,1.0,66.67,4,1,0.3157,Estabilizado,Operação Normal
2026-08-22T18:22:54.281376,809H-10,2245,1,LAPA,JD. BOA VISTA,5,15:22,4,15.0,4,20.0,22.08,21.7,0.0,10000,3.6,801,3.0,22.5,45.0,0,6.1,23.5,0.5,1.0,62.5,5,1,0.3053,Estabilizado,Operação Normal
2026-08-22T18:22:54.281376,7040-10,776,1,PINHEIROS,PARAISÓPOLIS,5,15:22,3,20.0,3,20.0,22.08,21.7,0.0,10000,3.6,801,3.0,22.5,45.0,0,6.1,23.5,0.5,1.0,66.67,4,1,0.3157,Estabilizado,Operação Normal
2026-08-22T18:22:54.281376,1177-10,32897,2,LUZ,TERM. A. E. CARVALHO,5,15:22,5,12.0,5,20.0,22.08,21.7,0.0,10000,3.6,801,3.0,22.5,45.0,0,6.1,23.5,0.5,1.0,60.0,6,1,0.299,Estabilizado,Operação Normal
2026-08-22T18:22:54.281376,8043-10,33175,2,LAPA,HAB. TURÍSTICA,5,15:22,2,30.0,2,20.0,22.08,21.7,0.0,10000,3.6,801,3.0,22.5,45.0,0,6.1,23.5,0.5,0.667,75.0,3,1,0.3698,Estabilizado,Operação Normal
2026-08-22T18:22:54.281376,4093-10,35216,2,TERM. CID. TIRADENTES,CID. TIRADENTES,5,15:22,3,20.0,3,20.0,22.08,21.7,0.0,10000,3.6,801,3.0,22.5,45.0,0,6.1,23.5,0.5,1.0,66.67,4,1,0.3157,Estabilizado,Operação Normal
2026-08-22T18:22:54.281376,N737-11,35186,2,PQ. DO LAGO,TERM. JD. ÂNGELA,5,15:22,1,60.0,1,20.0,22.08,21.7,0.0,10000,3.6,801,3.0,22.5,45.0,0,6.1,23.5,0.5,0.333,100.0,2,1,0.4657,Estabilizado,Operação Normal
2026-08-22T18:22:54.281376,2733-10,948,1,METRÔ ITAQUERA,PQ. GUARANI,5,15:22,4,15.0,4,20.0,22.08,21.7,0.0,10000,3.6,801,3.0,22.5,45.0,0,6.1,23.5,0.5,1.0,62.5,5,1,0.3053,Estabilizado,Operação Normal
2026-08-22T18:22:54.281376,1787-10,650,1,METRÔ SANTANA,VL. MARIETA,5,15:22,2,30.0,2,20.0,22.08,21.7,0.0,10000,3.6,801,3.0,22.5,45.0,0,6.1,23.5,0.5,0.667,75.0,3,1,0.3698,Estabilizado,Operação Normal
2026-08-22T18:22:54.281376,4742-10,33110,2,METRÔ SÃO JUDAS,JD. CLÍMAX,5,15:22,2,30.0,2,20.0,22.08,21.7,0.0,10000,3.6,801,3.0,22.5,45.0,0,6.1,23.5,0.5,0.667,75.0,3,1,0.3698,Estabilizado,Operação Normal
2026-08-22T18:22:54.281376,627J-10,34824,2,METRÔ SÃO JUDAS,JD. MIRIAM,5,15:22,5,12.0,5,20.0,22.08,21.7,0.0,10000,3.6,801,3.0,22.5,45.0,0,6.1,23.5,0.5,1.0,60.0,6,1,0.299,Estabilizado,Operação Normal
2026-08-22T18:22:54.281376,9090-10,884,1,TERM. CASA VERDE,PQ. TIETÊ,5,15:22,6,10.0,6,20.0,22.08,21.7,0.0,10000,3.6,801,3.0,22.5,45.0,0,6.1,23.5,0.5,1.0,58.33,7,1,0.2948,Estabilizado,Operação Normal
2026-08-22T18:22:54.281376,5103-10,1646,1,MOEMA,TERM. SACOMÃ,5,15:22,3,20.0,3,20.0,22.08,21.7,0.0,10000,3.6,801,3.0,22.5,45.0,0,6.1,23.5,0.5,1.0,66.67,4,1,0.3157,Estabilizado,Operação Normal
2026-08-22T18:22:54.281376,172N-10,33432,2,METRÔ BELÉM,SHOP. CENTER NORTE,5,15:22,4,15.0,4,20.0,22.08,21.7,0.0,10000,3.6,801,3.0,22.5,45.0,0,6.1,23.5,0.5,1.0,62.5,5,1,0.3053,Estabilizado,Operação Normal
2026-08-22T18:22:54.281376,6816-10,32794,2,TERM. CAPELINHA,JD. MITSUTANI,5,15:22,2,30.0,2,20.0,22.08,21.7,0.0,10000,3.6,801,3.0,22.5,45.0,0,6.1,23.5,0.5,0.667,75.0,3,1,0.3698,Estabilizado,Operação Normal
2026-08-22T18:22:54.281376,2767-10,33009,2,METRÔ TATUAPÉ,CID. PEDRO JOSÉ NUNES,5,15:22,3,20.0,3,20.0,22.08,21.7,0.0,10000,3.6,801,3.0,22.5,45.0,0,6.1,23.5,0.5,1.0,66.67,4,1,0.3157,Estabilizado,Operação Normal
2026-08-22T18:22:54.281376,771P-10,506,1,TERM. PINHEIROS,JD. JOÃO XXIII,5,15:22,2,30.0,2,20.0,22.08,21.7,0.0,10000,3.6,801,3.0,22.5,45.0,0,6.1,23.5,0.5,0.667,75.0,3,1,0.3698,Estabilizado,Operação Normal
2026-08-22T18:22:54.281376,675R-10,109,1,METRÔ JABAQUARA,GRAJAÚ,5,15:22,2,30.0,2,20.0,22.08,21.7,0.0,10000,3.6,801,3.0,22.5,45.0,0,6.1,23.5,0.5,0.667,75.0,3,1,0.3698,Estabilizado,Operação Normal
2026-08-22T18:22:54.281376,6063-42,34770,2,TERM. EST. VARGINHA,CHÁC. STO. AMARO,5,15:22,3,20.0,3,20.0,22.08,21.7,0.0,10000,3.6,801,3.0,22.5,45.0,0,6.1,23.5,0.5,1.0,66.67,4,1,0.3157,Estabilizado,Operação Normal
2026-08-22T18:22:54.281376,6041-10,33986,2,STO. AMARO,JD. JANGADEIRO,5,15:22,4,15.0,4,20.0,22.08,21.7,0.0,10000,3.6,801,3.0,22.5,45.0,0,6.1,23.5,0.5,1.0,62.5,5,1,0.3053,Estabilizado,Operação Normal
2026-08-22T18:22:54.281376,1745-10,546,1,SHOP. CENTER NORTE,VL.NOVA CACHOEIRINHA,5,15:22,4,15.0,4,20.0,22.08,21.7,0.0,10000,3.6,801,3.0,22.5,45.0,0,6.1,23.5,0.5,1.0,62.5,5,1,0.3053,Estabilizado,Operação Normal
2026-08-22T18:22:54.281376,1775-10,638,1,SHOP. CENTER NORTE,VL. ALBERTINA,5,15:22,2,30.0,2,20.0,22.08,21.7,0.0,10000,3.6,801,3.0,22.5,45.0,0,6.1,23.5,0.5,0.667,75.0,3,1,0.3698,Estabilizado,Operação Normal
2026-08-22T18:22:54.281376,9191-10,810,1,BOM RETIRO,JD. ELISA MARIA,5,15:22,9,6.7,9,20.0,22.08,21.7,0.0,10000,3.6,801,3.0,22.5,45.0,0,6.1,23.5,0.5,1.0,61.11,11,2,0.3018,Estabilizado,Operação Normal
2026-08-22T18:22:54.281376,6820-10,32787,2,TERM. CAPELINHA,JD. DAS ROSAS,5,15:22,3,20.0,3,20.0,22.08,21.7,0.0,10000,3.6,801,3.0,22.5,45.0,0,6.1,23.5,0.5,1.0,66.67,4,1,0.3157,Estabilizado,Operação Normal
2026-08-22T18:22:54.281376,5030-10,34437,2,TERM. SACOMÃ,JD. MARIA ESTELA,5,15:22,2,30.0,2,20.0,22.08,21.7,0.0,10000,3.6,801,3.0,22.5,45.0,0,6.1,23.5,0.5,0.667,75.0,3,1,0.3698,Estabilizado,Operação Normal
2026-08-22T18:22:54.281376,6069-10,33922,2,TERM. STO. AMARO,JD. SÃO BERNARDO,5,15:22,2,30.0,2,20.0,22.08,21.7,0.0,10000,3.6,801,3.0,22.5,45.0,0,6.1,23.5,0.5,0.667,75.0,3,1,0.3698,Estabilizado,Operação Normal
2026-08-22T18:22:54.281376,118Y-10,841,1,LAPA,LAUZANE PAULISTA,5,15:22,4,15.0,4,20.0,22.08,21.7,0.0,10000,3.6,801,3.0,22.5,45.0,0,6.1,23.5,0.5,1.0,62.5,5,1,0.3053,Estabilizado,Operação Normal
2026-08-22T18:22:54.281376,6008-10,33968,2,EST. STO. AMARO/GUIDO CALOI,JD. PLANALTO,5,15:22,4,15.0,4,20.0,22.08,21.7,0.0,10000,3.6,801,3.0,22.5,45.0,0,6.1,23.5,0.5,1.0,62.5,5,1,0.3053,Estabilizado,Operação Normal
2026-08-22T18:22:54.281376,6012-10,1204,1,JD. ÂNGELA,PQ. INDEPENDÊNCIA,5,15:22,2,30.0,2,20.0,22.08,21.7,0.0,10000,3.6,801,3.0,22.5,45.0,0,6.1,23.5,0.5,0.667,75.0,3,1,0.3698,Estabilizado,Operação Normal
2026-08-22T18:22:54.281376,6L08-10,1182,1,HOSP. PARELHEIROS,JD. SÃO NICOLAU,5,15:22,2,30.0,2,20.0,22.08,21.7,0.0,10000,3.6,801,3.0,22.5,45.0,0,6.1,23.5,0.5,0.667,75.0,3,1,0.3698,Estabilizado,Operação Normal
2026-08-22T18:22:54.281376,5370-10,34210,2,LGO. SÃO FRANCISCO,TERM. VARGINHA,5,15:22,6,10.0,6,20.0,22.08,21.7,0.0,10000,3.6,801,3.0,22.5,45.0,0,6.1,23.5,0.5,1.0,58.33,7,1,0.2948,Estabilizado,Operação Normal
2026-08-22T18:22:54.281376,1703-10,33615,2,SHOP. CENTER NORTE,JD. FONTÁLIS,5,15:22,2,30.0,2,20.0,22.08,21.7,0.0,10000,3.6,801,3.0,22.5,45.0,0,6.1,23.5,0.5,0.667,75.0,3,1,0.3698,Estabilizado,Operação Normal
2026-08-22T18:22:54.281376,2730-10,33713,2,METRÔ ARTUR ALVIM,VL. JACUI,5,15:22,6,10.0,6,20.0,22.08,21.7,0.0,10000,3.6,801,3.0,22.5,45.0,0,6.1,23.5,0.5,1.0,58.33,7,1,0.2948,Estabilizado,Operação Normal
2026-08-22T18:22:54.281376,373L-10,1027,1,METRÔ ITAQUERA,JD. LIMOEIRO,5,15:22,3,20.0,3,20.0,22.08,21.7,0.0,10000,3.6,801,3.0,22.5,45.0,0,6.1,23.5,0.5,1.0,66.67,4,1,0.3157,Estabilizado,Operação Normal
2026-08-22T18:22:54.281376,5119-10,1,1,LGO. SÃO FRANCISCO,TERM. CAPELINHA,5,15:22,6,10.0,6,20.0,22.08,21.7,0.0,10000,3.6,801,3.0,22.5,45.0,0,6.1,23.5,0.5,1.0,58.33,7,1,0.2948,Estabilizado,Operação Normal
2026-08-22T18:22:54.281376,2626-10,376,1,TERM. PQ. D. PEDRO II,JD. NAZARÉ,5,15:22,3,20.0,3,20.0,22.08,21.7,0.0,10000,3.6,801,3.0,22.5,45.0,0,6.1,23.5,0.5,1.0,66.67,4,1,0.3157,Estabilizado,Operação Normal
2026-08-22T18:22:54.281376,172R-10,859,1,METRÔ BELÉM,JAÇANÃ,5,15:22,6,10.0,6,20.0,22.08,21.7,0.0,10000,3.6,801,3.0,22.5,45.0,0,6.1,23.5,0.5,1.0,58.33,7,1,0.2948,Estabilizado,Operação Normal
2026-08-22T18:22:54.281376,208V-10,207,1,TERM. PQ. D. PEDRO II,TERM. A. E. CARVALHO,5,15:22,9,6.7,9,20.0,22.08,21.7,0.0,10000,3.6,801,3.0,22.5,45.0,0,6.1,23.5,0.5,1.0,61.11,11,2,0.3018,Estabilizado,Operação Normal
2026-08-22T18:22:54.281376,7040-10,33544,2,PINHEIROS,PARAISÓPOLIS,5,15:22,4,15.0,4,20.0,22.08,21.7,0.0,10000,3.6,801,3.0,22.5,45.0,0,6.1,23.5,0.5,1.0,62.5,5,1,0.3053,Estabilizado,Operação Normal
2026-08-22T18:22:54.281376,6052-10,33912,2,TERM. EST. VARGINHA,JD. SETE DE SETEMBRO,5,15:22,2,30.0,2,20.0,22.08,21.7,0.0,10000,3.6,801,3.0,22.5,45.0,0,6.1,23.5,0.5,0.667,75.0,3,1,0.3698,Estabilizado,Operação Normal
2026-08-22T18:22:54.281376,2727-10,33710,2,CONJ. A. E. CARVALHO,METRÔ ARTUR ALVIM,5,15:22,5,12.0,5,20.0,22.08,21.7,0.0,10000,3.6,801,3.0,22.5,45.0,0,6.1,23.5,0.5,1.0,60.0,6,1,0.299,Estabilizado,Operação Normal
2026-08-22T18:22:54.281376,3064-10,33748,2,CPTM GUAIANASES,CID. TIRADENTES,5,15:22,5,12.0,5,20.0,22.08,21.7,0.0,10000,3.6,801,3.0,22.5,45.0,0,6.1,23.5,0.5,1.0,60.0,6,1,0.299,Estabilizado,Operação Normal
2026-08-22T18:22:54.281376,573A-10,34405,2,VL. ALPINA,METRÔ BRESSER,5,15:22,5,12.0,5,20.0,22.08,21.7,0.0,10000,3.6,801,3.0,22.5,45.0,0,6.1,23.5,0.5,1.0,60.0,6,1,0.299,Estabilizado,Operação Normal
2026-08-22T18:22:54.281376,971T-10,33386,2,METRÔ SANTANA,VL. STA. MARIA,5,15:22,2,30.0,2,20.0,22.08,21.7,0.0,10000,3.6,801,3.0,22.5,45.0,0,6.1,23.5,0.5,0.667,75.0,3,1,0.3698,Estabilizado,Operação Normal
2026-08-22T18:22:54.281376,174M-10,33441,2,MUSEU DO IPIRANGA,VL. SABRINA,5,15:22,4,15.0,4,20.0,22.08,21.7,0.0,10000,3.6,801,3.0,22.5,45.0,0,6.1,23.5,0.5,1.0,62.5,5,1,0.3053,Estabilizado,Operação Normal
2026-08-22T18:22:54.281376,7267-10,34195,2,PÇA. RAMOS DE AZEVEDO,APIACÁS,5,15:22,2,30.0,2,20.0,22.08,21.7,0.0,10000,3.6,801,3.0,22.5,45.0,0,6.1,23.5,0.5,0.667,75.0,3,1,0.3698,Estabilizado,Operação Normal
2026-08-22T18:22:54.281376,5164-10,34051,2,PQ. IBIRAPUERA,VL. STA. CATARINA,5,15:22,8,7.5,8,20.0,22.08,21.7,0.0,10000,3.6,801,3.0,22.5,45.0,0,6.1,23.5,0.5,1.0,62.5,10,2,0.3053,Estabilizado,Operação Normal
2026-08-22T18:22:54.281376,2730-10,945,1,METRÔ ARTUR ALVIM,VL. JACUI,5,15:22,4,15.0,4,20.0,22.08,21.7,0.0,10000,3.6,801,3.0,22.5,45.0,0,6.1,23.5,0.5,1.0,62.5,5,1,0.3053,Estabilizado,Operação Normal
2026-08-22T18:22:54.281376,6291-10,358,1,TERM. BANDEIRA,INOCOOP CAMPO LIMPO,5,15:22,7,8.6,7,20.0,22.08,21.7,0.0,10000,3.6,801,3.0,22.5,45.0,0,6.1,23.5,0.5,1.0,64.29,9,2,0.3097,Estabilizado,Operação Normal
2026-08-22T18:22:54.281376,576M-10,33372,2,PINHEIROS,VL. CLARA,5,15:22,4,15.0,4,20.0,22.08,21.7,0.0,10000,3.6,801,3.0,22.5,45.0,0,6.1,23.5,0.5,1.0,62.5,5,1,0.3053,Estabilizado,Operação Normal
2026-08-22T18:22:54.281376,6019-10,1490,1,JD. ALFREDO,TERM. GUARAPIRANGA,5,15:22,4,15.0,4,20.0,22.08,21.7,0.0,10000,3.6,801,3.0,22.5,45.0,0,6.1,23.5,0.5,1.0,62.5,5,1,0.3053,Estabilizado,Operação Normal
2026-08-22T18:22:54.281376,5106-10,1280,1,LGO. SÃO FRANCISCO,MAR PAULISTA,5,15:22,6,10.0,6,20.0,22.08,21.7,0.0,10000,3.6,801,3.0,22.5,45.0,0,6.1,23.5,0.5,1.0,58.33,7,1,0.2948,Estabilizado,Operação Normal
2026-08-22T18:22:54.281376,2715-10,33696,2,METRÔ PATRIARCA,VL. SÍLVIA,5,15:22,3,20.0,3,20.0,22.08,21.7,0.0,10000,3.6,801,3.0,22.5,45.0,0,6.1,23.5,0.5,1.0,66.67,4,1,0.3157,Estabilizado,Operação Normal
2026-08-22T18:22:54.281376,709P-10,34761,2,TERM. PINHEIROS,EST. STO. AMARO/GUIDO CALOI,5,15:22,6,10.0,6,20.0,22.08,21.7,0.0,10000,3.6,801,3.0,22.5,45.0,0,6.1,23.5,0.5,1.0,58.33,7,1,0.2948,Estabilizado,Operação Normal
2026-08-22T18:22:54.281376,1732-10,33439,2,TERM. AMARAL GURGEL,VL. SABRINA,5,15:22,4,15.0,4,20.0,22.08,21.7,0.0,10000,3.6,801,3.0,22.5,45.0,0,6.1,23.5,0.5,1.0,62.5,5,1,0.3053,Estabilizado,Operação Normal
2026-08-22T18:22:54.281376,6076-41,1986,1,TERM. STO. AMARO,JD. SATÉLITE II,5,15:22,1,60.0,1,20.0,22.08,21.7,0.0,10000,3.6,801,3.0,22.5,45.0,0,6.1,23.5,0.5,0.333,100.0,2,1,0.4657,Estabilizado,Operação Normal
2026-08-22T18:22:54.281376,817C-10,34105,2,HOSP. DAS CLÍNICAS,LAPA,5,15:22,3,20.0,3,20.0,22.08,21.7,0.0,10000,3.6,801,3.0,22.5,45.0,0,6.1,23.5,0.5,1.0,66.67,4,1,0.3157,Estabilizado,Operação Normal
2026-08-22T18:22:54.281376,2011-10,34904,2,METRÔ SANTANA,VL. SABRINA,5,15:22,4,15.0,4,20.0,22.08,21.7,0.0,10000,3.6,801,3.0,22.5,45.0,0,6.1,23.5,0.5,1.0,62.5,5,1,0.3053,Estabilizado,Operação Normal
2026-08-22T18:22:54.281376,5034-10,1663,1,TERM. SACOMÃ,VL. LIVIERO,5,15:22,2,30.0,2,20.0,22.08,21.7,0.0,10000,3.6,801,3.0,22.5,45.0,0,6.1,23.5,0.5,0.667,75.0,3,1,0.3698,Estabilizado,Operação Normal
2026-08-22T18:22:54.281376,1726-10,1403,1,METRÔ SANTANA,CEM. PQ. DOS PINHEIROS,5,15:22,3,20.0,3,20.0,22.08,21.7,0.0,10000,3.6,801,3.0,22.5,45.0,0,6.1,23.5,0.5,1.0,66.67,4,1,0.3157,Estabilizado,Operação Normal
2026-08-22T18:22:54.281376,2590-10,912,1,PQ. D. PEDRO II,UNIÃO DE VL. NOVA,5,15:22,7,8.6,7,20.0,22.08,21.7,0.0,10000,3.6,801,3.0,22.5,45.0,0,6.1,23.5,0.5,1.0,64.29,9,2,0.3097,Estabilizado,Operação Normal
2026-08-22T18:22:54.281376,4085-10,2156,1,METRÔ ITAQUERA,COHAB FAZENDA DO CARMO,5,15:22,5,12.0,5,20.0,22.08,21.7,0.0,10000,3.6,801,3.0,22.5,45.0,0,6.1,23.5,0.5,1.0,60.0,6,1,0.299,Estabilizado,Operação Normal
2026-08-22T18:22:54.281376,1178-10,132,1,PÇA. DO CORREIO,SÃO MIGUEL,5,15:22,7,8.6,7,20.0,22.08,21.7,0.0,10000,3.6,801,3.0,22.5,45.0,0,6.1,23.5,0.5,1.0,64.29,9,2,0.3097,Estabilizado,Operação Normal
2026-08-22T18:22:54.281376,3787-10,1612,1,METRÔ ITAQUERA,CID. TIRADENTES,5,15:22,6,10.0,6,20.0,22.08,21.7,0.0,10000,3.6,801,3.0,22.5,45.0,0,6.1,23.5,0.5,1.0,58.33,7,1,0.2948,Estabilizado,Operação Normal
2026-08-22T18:22:54.281376,4027-10,33865,2,JD. STO. ANDRÉ,HOSP. SÃO MATEUS,5,15:22,4,15.0,4,20.0,22.08,21.7,0.0,10000,3.6,801,3.0,22.5,45.0,0,6.1,23.5,0.5,1.0,62.5,5,1,0.3053,Estabilizado,Operação Normal
2026-08-22T18:22:54.281376,2014-10,33668,2,METRÔ BARRA FUNDA,JD. PERY ALTO,5,15:22,11,5.5,12,20.0,22.08,21.7,0.0,10000,3.6,801,3.0,22.5,45.0,0,6.1,23.5,0.5,1.0,63.64,14,3,0.3081,Estabilizado,Operação Normal
2026-08-22T18:22:54.281376,3725-10,33790,2,VL. DALILA,METRÔ VL. MATILDE,5,15:22,3,20.0,3,20.0,22.08,21.7,0.0,10000,3.6,801,3.0,22.5,45.0,0,6.1,23.5,0.5,1.0,66.67,4,1,0.3157,Estabilizado,Operação Normal
2026-08-22T18:22:54.281376,2626-10,33144,2,TERM. PQ. D. PEDRO II,JD. NAZARÉ,5,15:22,8,7.5,8,20.0,22.08,21.7,0.0,10000,3.6,801,3.0,22.5,45.0,0,6.1,23.5,0.5,1.0,62.5,10,2,0.3053,Estabilizado,Operação Normal
2026-08-22T18:22:54.281376,2058-10,33027,2,CPTM GUAIANASES,TERM. SÃO MIGUEL,5,15:22,1,60.0,1,20.0,22.08,21.7,0.0,10000,3.6,801,3.0,22.5,45.0,0,6.1,23.5,0.5,0.333,100.0,2,1,0.4657,Estabilizado,Operação Normal
2026-08-22T18:22:54.281376,2734-10,34528,2,METRÔ ITAQUERA,JD. CAMPOS,5,15:22,2,30.0,2,20.0,22.08,21.7,0.0,10000,3.6,801,3.0,22.5,45.0,0,6.1,23.5,0.5,0.667,75.0,3,1,0.3698,Estabilizado,Operação Normal
2026-08-22T18:22:54.281376,805L-10,32892,2,ACLIMAÇÃO,TERM. PRINC. ISABEL,5,15:22,2,30.0,2,20.0,22.08,21.7,0.0,10000,3.6,801,3.0,22.5,45.0,0,6.1,23.5,0.5,0.667,75.0,3,1,0.3698,Estabilizado,Operação Normal
2026-08-22T18:22:54.281376,775F-10,33564,2,HOSP. DAS CLÍNICAS,JD. DAS PALMAS,5,15:22,4,15.0,4,20.0,22.08,21.7,0.0,10000,3.6,801,3.0,22.5,45.0,0,6.1,23.5,0.5,1.0,62.5,5,1,0.3053,Estabilizado,Operação Normal
2026-08-22T18:22:54.281376,516N-10,266,1,PÇA. D. GASTÃO,JD. MIRIAM,5,15:22,3,20.0,3,20.0,22.08,21.7,0.0,10000,3.6,801,3.0,22.5,45.0,0,6.1,23.5,0.5,1.0,66.67,4,1,0.3157,Estabilizado,Operação Normal
2026-08-22T18:22:54.281376,3112-10,1080,1,METRÔ BELÉM,VL. INDUSTRIAL,5,15:22,3,20.0,3,20.0,22.08,21.7,0.0,10000,3.6,801,3.0,22.5,45.0,0,6.1,23.5,0.5,1.0,66.67,4,1,0.3157,Estabilizado,Operação Normal
2026-08-22T18:22:54.281376,7282-10,471,1,PÇA. RAMOS DE AZEVEDO,PQ. CONTINENTAL,5,15:22,1,60.0,1,20.0,22.08,21.7,0.0,10000,3.6,801,3.0,22.5,45.0,0,6.1,23.5,0.5,0.333,100.0,2,1,0.4657,Estabilizado,Operação Normal
2026-08-22T18:22:54.281376,9181-10,885,1,LAPA,VL. TEREZINHA,5,15:22,5,12.0,5,20.0,22.08,21.7,0.0,10000,3.6,801,3.0,22.5,45.0,0,6.1,23.5,0.5,1.0,60.0,6,1,0.299,Estabilizado,Operação Normal
2026-08-22T18:22:54.281376,476G-21,2671,1,IPIRANGA,JD. ELBA,5,15:22,3,20.0,3,20.0,22.08,21.7,0.0,10000,3.6,801,3.0,22.5,45.0,0,6.1,23.5,0.5,1.0,66.67,4,1,0.3157,Estabilizado,Operação Normal
2026-08-22T18:22:54.281376,5106-21,34740,2,TERM. ÁGUA ESPRAIADA,JD. SELMA,5,15:22,6,10.0,6,20.0,22.08,21.7,0.0,10000,3.6,801,3.0,22.5,45.0,0,6.1,23.5,0.5,1.0,58.33,7,1,0.2948,Estabilizado,Operação Normal
2026-08-22T18:22:54.281376,3008-10,35283,2,CPTM ITAIM PAULISTA,JD. MIRIAM,5,15:22,4,15.0,4,20.0,22.08,21.7,0.0,10000,3.6,801,3.0,22.5,45.0,0,6.1,23.5,0.5,1.0,62.5,5,1,0.3053,Estabilizado,Operação Normal
2026-08-22T18:22:54.281376,874C-10,477,1,METRÔ - TRIANON - MASP ,PQ. CONTINENTAL,5,15:22,3,20.0,3,20.0,22.08,21.7,0.0,10000,3.6,801,3.0,22.5,45.0,0,6.1,23.5,0.5,1.0,66.67,4,1,0.3157,Estabilizado,Operação Normal
2026-08-22T18:22:54.281376,3010-10,2543,1,TERM. A. E. CARVALHO,CEM. DA SAUDADE,5,15:22,2,30.0,2,20.0,22.08,21.7,0.0,10000,3.6,801,3.0,22.5,45.0,0,6.1,23.5,0.5,0.667,75.0,3,1,0.3698,Estabilizado,Operação Normal
2026-08-22T18:22:54.281376,4011-10,2184,1,TERM. SÃO MATEUS,JD. LIMOEIRO,5,15:22,3,20.0,3,20.0,22.08,21.7,0.0,10000,3.6,801,3.0,22.5,45.0,0,6.1,23.5,0.5,1.0,66.67,4,1,0.3157,Estabilizado,Operação Normal
2026-08-22T18:22:54.281376,4706-10,33067,2,METRÔ VL. MARIANA,JD. MARIA ESTELA II,5,15:22,2,30.0,2,20.0,22.08,21.7,0.0,10000,3.6,801,3.0,22.5,45.0,0,6.1,23.5,0.5,0.667,75.0,3,1,0.3698,Estabilizado,Operação Normal
2026-08-22T18:22:54.281376,5024-10,1122,1,STO. AMARO,MISSIONÁRIA,5,15:22,3,20.0,3,20.0,22.08,21.7,0.0,10000,3.6,801,3.0,22.5,45.0,0,6.1,23.5,0.5,1.0,66.67,4,1,0.3157,Estabilizado,Operação Normal
2026-08-22T18:22:54.281376,6505-10,34218,2,TERM. BANDEIRA,TERM. GUARAPIRANGA,5,15:22,3,20.0,3,20.0,22.08,21.7,0.0,10000,3.6,801,3.0,22.5,45.0,0,6.1,23.5,0.5,1.0,66.67,4,1,0.3157,Estabilizado,Operação Normal
2026-08-22T18:22:54.281376,6804-10,30,1,TERM. JOÃO DIAS,JD. INGÁ,5,15:22,3,20.0,3,20.0,22.08,21.7,0.0,10000,3.6,801,3.0,22.5,45.0,0,6.1,23.5,0.5,1.0,66.67,4,1,0.3157,Estabilizado,Operação Normal
2026-08-22T18:22:54.281376,748A-10,498,1,LAPA,JD. D'ABRIL,5,15:22,2,30.0,2,20.0,22.08,21.7,0.0,10000,3.6,801,3.0,22.5,45.0,0,6.1,23.5,0.5,0.667,75.0,3,1,0.3698,Estabilizado,Operação Normal
2026-08-22T18:22:54.281376,5012-10,1116,1,JABAQUARA,VL. GUACURI,5,15:22,9,6.7,9,20.0,22.08,21.7,0.0,10000,3.6,801,3.0,22.5,45.0,0,6.1,23.5,0.5,1.0,61.11,11,2,0.3018,Estabilizado,Operação Normal
2026-08-22T18:22:54.281376,N301-11,35103,2,TERM. PQ. D. PEDRO II,TERM. A. E. CARVALHO,5,15:22,1,60.0,1,20.0,22.08,21.7,0.0,10000,3.6,801,3.0,22.5,45.0,0,6.1,23.5,0.5,0.333,100.0,2,1,0.4657,Estabilizado,Operação Normal
2026-08-22T18:22:54.281376,6812-10,1242,1,JD. ANGELA,JD. CAPELA,5,15:22,2,30.0,2,20.0,22.08,21.7,0.0,10000,3.6,801,3.0,22.5,45.0,0,6.1,23.5,0.5,0.667,75.0,3,1,0.3698,Estabilizado,Operação Normal
2026-08-22T18:22:54.281376,2720-10,33701,2,METRÔ GUILHERMINA/ESPERANÇA,JD. BELÉM,5,15:22,3,20.0,3,20.0,22.08,21.7,0.0,10000,3.6,801,3.0,22.5,45.0,0,6.1,23.5,0.5,1.0,66.67,4,1,0.3157,Estabilizado,Operação Normal
2026-08-22T18:22:54.281376,5034-10,34431,2,TERM. SACOMÃ,VL. LIVIERO,5,15:22,4,15.0,4,20.0,22.08,21.7,0.0,10000,3.6,801,3.0,22.5,45.0,0,6.1,23.5,0.5,1.0,62.5,5,1,0.3053,Estabilizado,Operação Normal
2026-08-22T18:22:54.281376,172Y-10,33630,2,METRÔ BELÉM,VL. CONSTANÇA,5,15:22,3,20.0,3,20.0,22.08,21.7,0.0,10000,3.6,801,3.0,22.5,45.0,0,6.1,23.5,0.5,1.0,66.67,4,1,0.3157,Estabilizado,Operação Normal
2026-08-22T18:22:54.281376,8028-10,35300,2,METRÔ MORUMBI,PARAISÓPOLIS,5,15:22,3,20.0,3,20.0,22.08,21.7,0.0,10000,3.6,801,3.0,22.5,45.0,0,6.1,23.5,0.5,1.0,66.67,4,1,0.3157,Estabilizado,Operação Normal
2026-08-22T18:22:54.281376,5013-10,33885,2,STO. AMARO,JD. LUSO,5,15:22,9,6.7,9,20.0,22.08,21.7,0.0,10000,3.6,801,3.0,22.5,45.0,0,6.1,23.5,0.5,1.0,61.11,11,2,0.3018,Estabilizado,Operação Normal
2026-08-22T18:22:54.281376,7001-10,1722,1,JD. ÂNGELA,VL. GILDA,5,15:22,2,30.0,2,20.0,22.08,21.7,0.0,10000,3.6,801,3.0,22.5,45.0,0,6.1,23.5,0.5,0.667,75.0,3,1,0.3698,Estabilizado,Operação Normal
2026-08-22T18:22:54.281376,3063-10,33021,2,TERM. SÃO MATEUS,GUAIANASES,5,15:22,2,30.0,2,20.0,22.08,21.7,0.0,10000,3.6,801,3.0,22.5,45.0,0,6.1,23.5,0.5,0.667,75.0,3,1,0.3698,Estabilizado,Operação Normal
2026-08-22T18:22:54.281376,637G-10,101,1,PINHEIROS,GRAJAÚ,5,15:22,6,10.0,6,20.0,22.08,21.7,0.0,10000,3.6,801,3.0,22.5,45.0,0,6.1,23.5,0.5,1.0,58.33,7,1,0.2948,Estabilizado,Operação Normal
2026-08-22T18:22:54.281376,2058-10,259,1,CPTM GUAIANASES,TERM. SÃO MIGUEL,5,15:22,2,30.0,2,20.0,22.08,21.7,0.0,10000,3.6,801,3.0,22.5,45.0,0,6.1,23.5,0.5,0.667,75.0,3,1,0.3698,Estabilizado,Operação Normal
2026-08-22T18:22:54.281376,8014-10,801,1,PERUS,MORRO DOCE,5,15:22,4,15.0,4,20.0,22.08,21.7,0.0,10000,3.6,801,3.0,22.5,45.0,0,6.1,23.5,0.5,1.0,62.5,5,1,0.3053,Estabilizado,Operação Normal
2026-08-22T18:22:54.281376,695D-10,114,1,METRÔ JABAQUARA,JD. STA. BARBARA,5,15:22,4,15.0,4,20.0,22.08,21.7,0.0,10000,3.6,801,3.0,22.5,45.0,0,6.1,23.5,0.5,1.0,62.5,5,1,0.3053,Estabilizado,Operação Normal
2026-08-22T18:22:54.281376,272N-10,705,1,PQ. D. PEDRO II,PQ. NOVO MUNDO,5,15:22,1,60.0,1,20.0,22.08,21.7,0.0,10000,3.6,801,3.0,22.5,45.0,0,6.1,23.5,0.5,0.333,100.0,2,1,0.4657,Estabilizado,Operação Normal
2026-08-22T18:22:54.281376,4210-10,2170,1,TERM. PQ. D. PEDRO II,TERM. CID. TIRADENTES,5,15:22,6,10.0,6,20.0,22.08,21.7,0.0,10000,3.6,801,3.0,22.5,45.0,0,6.1,23.5,0.5,1.0,58.33,7,1,0.2948,Estabilizado,Operação Normal
2026-08-22T18:22:54.281376,5290-10,33365,2,TERM. PQ. D. PEDRO II,DIV. DIADEMA,5,15:22,5,12.0,5,20.0,22.08,21.7,0.0,10000,3.6,801,3.0,22.5,45.0,0,6.1,23.5,0.5,1.0,60.0,6,1,0.299,Estabilizado,Operação Normal
2026-08-22T18:22:54.281376,6805-31,1788,1,TERM. JOÃO DIAS,TERM. CAPELINHA,5,15:22,2,30.0,2,20.0,22.08,21.7,0.0,10000,3.6,801,3.0,22.5,45.0,0,6.1,23.5,0.5,0.667,75.0,3,1,0.3698,Estabilizado,Operação Normal
2026-08-22T18:22:54.281376,2728-10,33711,2,METRÔ PENHA,JD. DO CASTELO,5,15:22,4,15.0,4,20.0,22.08,21.7,0.0,10000,3.6,801,3.0,22.5,45.0,0,6.1,23.5,0.5,1.0,62.5,5,1,0.3053,Estabilizado,Operação Normal
2026-08-22T18:22:54.281376,3098-31,34607,2,JD. ELIZABETH,SÃO MATEUS,5,15:22,1,60.0,1,20.0,22.08,21.7,0.0,10000,3.6,801,3.0,22.5,45.0,0,6.1,23.5,0.5,0.333,100.0,2,1,0.4657,Estabilizado,Operação Normal
2026-08-22T18:22:54.281376,172K-10,33625,2,METRÔ TATUAPÉ,JD. TREMEMBÉ,5,15:22,12,5.0,13,20.0,22.08,21.7,0.0,10000,3.6,801,3.0,22.5,45.0,0,6.1,23.5,0.5,1.0,62.5,15,3,0.3053,Estabilizado,Operação Normal
2026-08-22T18:22:54.281376,3712-51,2505,1,METRÔ ITAQUERA,VL. COSMOPOLITA,5,15:22,3,20.0,3,20.0,22.08,21.7,0.0,10000,3.6,801,3.0,22.5,45.0,0,6.1,23.5,0.5,1.0,66.67,4,1,0.3157,Estabilizado,Operação Normal
2026-08-22T18:22:54.281376,3756-10,33818,2,METRÔ ITAQUERA ,BARRO BRANCO,5,15:22,4,15.0,4,20.0,22.08,21.7,0.0,10000,3.6,801,3.0,22.5,45.0,0,6.1,23.5,0.5,1.0,62.5,5,1,0.3053,Estabilizado,Operação Normal
2026-08-22T18:22:54.281376,2720-31,1842,1,METRÔ GUILHERMINA/ESPERANÇA,JD. BELÉM,5,15:22,1,60.0,1,20.0,22.08,21.7,0.0,10000,3.6,801,3.0,22.5,45.0,0,6.1,23.5,0.5,0.333,100.0,2,1,0.4657,Estabilizado,Operação Normal
2026-08-22T18:22:54.281376,3735-10,33803,2,JD. SÃO JOÃO ,METRÔ ARTUR ALVIM,5,15:22,2,30.0,2,20.0,22.08,21.7,0.0,10000,3.6,801,3.0,22.5,45.0,0,6.1,23.5,0.5,0.667,75.0,3,1,0.3698,Estabilizado,Operação Normal
2026-08-22T18:22:54.281376,4284-10,33057,2,TERM. VL. PRUDENTE,VL. CALIFÓRNIA,5,15:22,1,60.0,1,20.0,22.08,21.7,0.0,10000,3.6,801,3.0,22.5,45.0,0,6.1,23.5,0.5,0.333,100.0,2,1,0.4657,Estabilizado,Operação Normal
2026-08-22T18:22:54.281376,209P-10,2216,1,TERM. PINHEIROS,CACHOEIRINHA,5,15:22,5,12.0,5,20.0,22.08,21.7,0.0,10000,3.6,801,3.0,22.5,45.0,0,6.1,23.5,0.5,1.0,60.0,6,1,0.299,Estabilizado,Operação Normal
2026-08-22T18:22:54.281376,778J-10,508,1,METRÔ BARRA FUNDA,JD. ARPOADOR,5,15:22,1,60.0,1,20.0,22.08,21.7,0.0,10000,3.6,801,3.0,22.5,45.0,0,6.1,23.5,0.5,0.333,100.0,2,1,0.4657,Estabilizado,Operação Normal
2026-08-22T18:22:54.281376,6003-21,35344,2,EST. MENDES/VL. NATAL,TERM. VARGINHA,5,15:22,1,60.0,1,20.0,22.08,21.7,0.0,10000,3.6,801,3.0,22.5,45.0,0,6.1,23.5,0.5,0.333,100.0,2,1,0.4657,Estabilizado,Operação Normal
2026-08-22T18:22:54.281376,971A-10,658,1,SHOP. D,JD. PRIMAVERA,5,15:22,3,20.0,3,20.0,22.08,21.7,0.0,10000,3.6,801,3.0,22.5,45.0,0,6.1,23.5,0.5,1.0,66.67,4,1,0.3157,Estabilizado,Operação Normal
2026-08-22T18:22:54.281376,2728-10,943,1,METRÔ PENHA,JD. DO CASTELO,5,15:22,4,15.0,4,20.0,22.08,21.7,0.0,10000,3.6,801,3.0,22.5,45.0,0,6.1,23.5,0.5,1.0,62.5,5,1,0.3053,Estabilizado,Operação Normal
2026-08-22T18:22:54.281376,8086-10,2621,1,PINHEIROS,JAGUARÉ,5,15:22,5,12.0,5,20.0,22.08,21.7,0.0,10000,3.6,801,3.0,22.5,45.0,0,6.1,23.5,0.5,1.0,60.0,6,1,0.299,Estabilizado,Operação Normal
2026-08-22T18:22:54.281376,857C-10,34669,2,METRÔ CONCEIÇÃO,TERM. CAMPO LIMPO,5,15:22,4,15.0,4,20.0,22.08,21.7,0.0,10000,3.6,801,3.0,22.5,45.0,0,6.1,23.5,0.5,1.0,62.5,5,1,0.3053,Estabilizado,Operação Normal
2026-08-22T18:22:54.281376,1756-10,33315,2,METRÔ SANTANA,PEDRA BRANCA,5,15:22,6,10.0,6,20.0,22.08,21.7,0.0,10000,3.6,801,3.0,22.5,45.0,0,6.1,23.5,0.5,1.0,58.33,7,1,0.2948,Estabilizado,Operação Normal
2026-08-22T18:22:54.281376,508L-10,117,1,ACLIMAÇÃO,TERM. PRINC. ISABEL,5,15:22,3,20.0,3,20.0,22.08,21.7,0.0,10000,3.6,801,3.0,22.5,45.0,0,6.1,23.5,0.5,1.0,66.67,4,1,0.3157,Estabilizado,Operação Normal
2026-08-22T18:22:54.281376,2017-10,33671,2,SÃO MIGUEL,JD. ROBRU,5,15:22,2,30.0,2,20.0,22.08,21.7,0.0,10000,3.6,801,3.0,22.5,45.0,0,6.1,23.5,0.5,0.667,75.0,3,1,0.3698,Estabilizado,Operação Normal
2026-08-22T18:22:54.281376,307C-10,34882,2,METRÔ ARTUR ALVIM,CONJ. ENCOSTA NORTE,5,15:22,2,30.0,2,20.0,22.08,21.7,0.0,10000,3.6,801,3.0,22.5,45.0,0,6.1,23.5,0.5,0.667,75.0,3,1,0.3698,Estabilizado,Operação Normal
2026-08-22T18:22:54.281376,2203-10,911,1,SHOP. PENHA,BURGO PAULISTA,5,15:22,2,30.0,2,20.0,22.08,21.7,0.0,10000,3.6,801,3.0,22.5,45.0,0,6.1,23.5,0.5,0.667,75.0,3,1,0.3698,Estabilizado,Operação Normal
2026-08-22T18:22:54.281376,6803-10,32797,2,TERM. JOÃO DIAS,JD. CAPELINHA,5,15:22,1,60.0,1,20.0,22.08,21.7,0.0,10000,3.6,801,3.0,22.5,45.0,0,6.1,23.5,0.5,0.333,100.0,2,1,0.4657,Estabilizado,Operação Normal
2026-08-22T18:22:54.281376,5108-10,34443,2,TERM. PQ. D. PEDRO II,JD. CELESTE,5,15:22,2,30.0,2,20.0,22.08,21.7,0.0,10000,3.6,801,3.0,22.5,45.0,0,6.1,23.5,0.5,0.667,75.0,3,1,0.3698,Estabilizado,Operação Normal
2026-08-22T18:22:54.281376,2772-10,398,1,METRÔ PENHA,JD. NAZARÉ,5,15:22,2,30.0,2,20.0,22.08,21.7,0.0,10000,3.6,801,3.0,22.5,45.0,0,6.1,23.5,0.5,0.667,75.0,3,1,0.3698,Estabilizado,Operação Normal
2026-08-22T18:22:54.281376,6030-10,1142,1,TERM. STO. AMARO,UNISA-CAMPUS 1,5,15:22,2,30.0,2,20.0,22.08,21.7,0.0,10000,3.6,801,3.0,22.5,45.0,0,6.1,23.5,0.5,0.667,75.0,3,1,0.3698,Estabilizado,Operação Normal
2026-08-22T18:22:54.281376,948A-10,1423,1,METRÔ BARRA FUNDA,VL. ZATT,5,15:22,1,60.0,1,20.0,22.08,21.7,0.0,10000,3.6,801,3.0,22.5,45.0,0,6.1,23.5,0.5,0.333,100.0,2,1,0.4657,Estabilizado,Operação Normal
2026-08-22T18:22:54.281376,6043-10,1220,1,TERM. STO. AMARO,JD. CAPELINHA,5,15:22,2,30.0,2,20.0,22.08,21.7,0.0,10000,3.6,801,3.0,22.5,45.0,0,6.1,23.5,0.5,0.667,75.0,3,1,0.3698,Estabilizado,Operação Normal
2026-08-22T18:22:54.281376,3763-10,1054,1,METRÔ TATUAPÉ,TERM. VL. CARRÃO,5,15:22,5,12.0,5,20.0,22.08,21.7,0.0,10000,3.6,801,3.0,22.5,45.0,0,6.1,23.5,0.5,1.0,60.0,6,1,0.299,Estabilizado,Operação Normal
2026-08-22T18:22:54.281376,407P-10,34968,2,METRÔ TATUAPÉ,TERM. CID. TIRADENTES,5,15:22,8,7.5,8,20.0,22.08,21.7,0.0,10000,3.6,801,3.0,22.5,45.0,0,6.1,23.5,0.5,1.0,62.5,10,2,0.3053,Estabilizado,Operação Normal
2026-08-22T18:22:54.281376,875C-1,2510,1,METRÔ STA. CRUZ,TERM. LAPA,5,15:22,2,30.0,2,20.0,22.08,21.7,0.0,10000,3.6,801,3.0,22.5,45.0,0,6.1,23.5,0.5,0.667,75.0,3,1,0.3698,Estabilizado,Operação Normal
2026-08-22T18:22:54.281376,3746-10,33051,2,METRÔ BELÉM,JD. IMPERADOR,5,15:22,4,15.0,4,20.0,22.08,21.7,0.0,10000,3.6,801,3.0,22.5,45.0,0,6.1,23.5,0.5,1.0,62.5,5,1,0.3053,Estabilizado,Operação Normal
2026-08-22T18:22:54.281376,517J-10,1129,1,TERM. ÁGUA ESPRAIADA,JD. SELMA,5,15:22,3,20.0,3,20.0,22.08,21.7,0.0,10000,3.6,801,3.0,22.5,45.0,0,6.1,23.5,0.5,1.0,66.67,4,1,0.3157,Estabilizado,Operação Normal
2026-08-22T18:22:54.281376,737A-10,34498,2,TERM. STO. AMARO,TERM. JD. ÂNGELA,5,15:22,10,6.0,11,20.0,22.08,21.7,0.0,10000,3.6,801,3.0,22.5,45.0,0,6.1,23.5,0.5,1.0,65.0,13,3,0.3115,Estabilizado,Operação Normal
2026-08-22T18:22:54.281376,8002-10,1252,1,TERM. LAPA,TERM. PIRITUBA,5,15:22,1,60.0,1,20.0,22.08,21.7,0.0,10000,3.6,801,3.0,22.5,45.0,0,6.1,23.5,0.5,0.333,100.0,2,1,0.4657,Estabilizado,Operação Normal
2026-08-22T18:22:54.281376,2716-10,929,1,METRÔ PENHA,CHÁC. CRUZ. DO SUL,5,15:22,3,20.0,3,20.0,22.08,21.7,0.0,10000,3.6,801,3.0,22.5,45.0,0,6.1,23.5,0.5,1.0,66.67,4,1,0.3157,Estabilizado,Operação Normal
2026-08-22T18:22:54.281376,6052-31,1832,1,TERM. EST. VARGINHA,JD. ALMEIDA PRADO,5,15:22,1,60.0,1,20.0,22.08,21.7,0.0,10000,3.6,801,3.0,22.5,45.0,0,6.1,23.5,0.5,0.333,100.0,2,1,0.4657,Estabilizado,Operação Normal
2026-08-22T18:22:54.281376,807A-10,1900,1,TERM. STO. AMARO,TERM. CAMPO LIMPO,5,15:22,1,60.0,1,20.0,22.08,21.7,0.0,10000,3.6,801,3.0,22.5,45.0,0,6.1,23.5,0.5,0.333,100.0,2,1,0.4657,Estabilizado,Operação Normal
2026-08-22T18:22:54.281376,8017-10,34029,2,TERM. PIRITUBA,CPTM VL. AURORA,5,15:22,3,20.0,3,20.0,22.08,21.7,0.0,10000,3.6,801,3.0,22.5,45.0,0,6.1,23.5,0.5,1.0,66.67,4,1,0.3157,Estabilizado,Operação Normal
2026-08-22T18:22:54.281376,809U-21,2307,1,METRÔ VILA MADALENA,METRÔ BARRA FUNDA,5,15:22,4,15.0,4,20.0,22.08,21.7,0.0,10000,3.6,801,3.0,22.5,45.0,0,6.1,23.5,0.5,1.0,62.5,5,1,0.3053,Estabilizado,Operação Normal
2026-08-22T18:22:54.281376,3751-10,33815,2,METRÔ ITAQUERA,COHAB PRESTES MAIA,5,15:22,6,10.0,6,20.0,22.08,21.7,0.0,10000,3.6,801,3.0,22.5,45.0,0,6.1,23.5,0.5,1.0,58.33,7,1,0.2948,Estabilizado,Operação Normal
2026-08-22T18:22:54.281376,475R-10,33112,2,TERM. PQ. D. PEDRO II,JD. SÃO SAVÉRIO,5,15:22,5,12.0,5,20.0,22.08,21.7,0.0,10000,3.6,801,3.0,22.5,45.0,0,6.1,23.5,0.5,1.0,60.0,6,1,0.299,Estabilizado,Operação Normal
2026-08-22T18:22:54.281376,407M-10,33086,2,VL. MONUMENTO,METRÔ VL. MARIANA,5,15:22,2,30.0,2,20.0,22.08,21.7,0.0,10000,3.6,801,3.0,22.5,45.0,0,6.1,23.5,0.5,0.667,75.0,3,1,0.3698,Estabilizado,Operação Normal
2026-08-22T18:22:54.281376,1730-10,865,1,METRÔ SANTANA,CENTER NORTE,5,15:22,3,20.0,3,20.0,22.08,21.7,0.0,10000,3.6,801,3.0,22.5,45.0,0,6.1,23.5,0.5,1.0,66.67,4,1,0.3157,Estabilizado,Operação Normal
2026-08-22T18:22:54.281376,938C-10,586,1,TERM. PRINC. ISABEL,COHAB TAIPAS,5,15:22,2,30.0,2,20.0,22.08,21.7,0.0,10000,3.6,801,3.0,22.5,45.0,0,6.1,23.5,0.5,0.667,75.0,3,1,0.3698,Estabilizado,Operação Normal
2026-08-22T18:22:54.281376,4030-10,33868,2,SHOP. ARICANDUVA,FAZENDA DA JUTA,5,15:22,3,20.0,3,20.0,22.08,21.7,0.0,10000,3.6,801,3.0,22.5,45.0,0,6.1,23.5,0.5,1.0,66.67,4,1,0.3157,Estabilizado,Operação Normal
2026-08-22T18:22:54.281376,695Y-10,33966,2,METRÔ VL. MARIANA,TERM. PARELHEIROS,5,15:22,6,10.0,6,20.0,22.08,21.7,0.0,10000,3.6,801,3.0,22.5,45.0,0,6.1,23.5,0.5,1.0,58.33,7,1,0.2948,Estabilizado,Operação Normal
2026-08-22T18:22:54.281376,8038-10,33565,2,LAPA,PQ. CONTINENTAL,5,15:22,6,10.0,6,20.0,22.08,21.7,0.0,10000,3.6,801,3.0,22.5,45.0,0,6.1,23.5,0.5,1.0,58.33,7,1,0.2948,Estabilizado,Operação Normal
2026-08-22T18:22:54.281376,5164-21,34384,2,PQ. IBIRAPUERA,CID. LEONOR,5,15:22,3,20.0,3,20.0,22.08,21.7,0.0,10000,3.6,801,3.0,22.5,45.0,0,6.1,23.5,0.5,1.0,66.67,4,1,0.3157,Estabilizado,Operação Normal
2026-08-22T18:22:54.281376,875P-10,34109,2,METRÔ ANA ROSA,METRÔ BARRA FUNDA,5,15:22,1,60.0,1,20.0,22.08,21.7,0.0,10000,3.6,801,3.0,22.5,45.0,0,6.1,23.5,0.5,0.333,100.0,2,1,0.4657,Estabilizado,Operação Normal
2026-08-22T18:22:54.281376,6820-10,19,1,TERM. CAPELINHA,JD. DAS ROSAS,5,15:22,3,20.0,3,20.0,22.08,21.7,0.0,10000,3.6,801,3.0,22.5,45.0,0,6.1,23.5,0.5,1.0,66.67,4,1,0.3157,Estabilizado,Operação Normal
2026-08-22T18:22:54.281376,2552-10,32910,2,TERM. PQ. D. PEDRO II,VL. MARA,5,15:22,7,8.6,7,20.0,22.08,21.7,0.0,10000,3.6,801,3.0,22.5,45.0,0,6.1,23.5,0.5,1.0,64.29,9,2,0.3097,Estabilizado,Operação Normal
2026-08-22T18:22:54.281376,6039-10,33985,2,STO. AMARO,VALO VELHO,5,15:22,2,30.0,2,20.0,22.08,21.7,0.0,10000,3.6,801,3.0,22.5,45.0,0,6.1,23.5,0.5,0.667,75.0,3,1,0.3698,Estabilizado,Operação Normal
2026-08-22T18:22:54.281376,8677-10,443,1,LGO. DO PAISSANDÚ,JD. LÍBANO,5,15:22,6,10.0,6,20.0,22.08,21.7,0.0,10000,3.6,801,3.0,22.5,45.0,0,6.1,23.5,0.5,1.0,58.33,7,1,0.2948,Estabilizado,Operação Normal
2026-08-22T18:22:54.281376,4312-10,34940,2,TERM. PQ. D. PEDRO II,JD. MARÍLIA,5,15:22,5,12.0,5,20.0,22.08,21.7,0.0,10000,3.6,801,3.0,22.5,45.0,0,6.1,23.5,0.5,1.0,60.0,6,1,0.299,Estabilizado,Operação Normal
2026-08-22T18:22:54.281376,7002-10,772,1,HOSP. DAS CLÍNICAS,JD. ROSA MARIA,5,15:22,4,15.0,4,20.0,22.08,21.7,0.0,10000,3.6,801,3.0,22.5,45.0,0,6.1,23.5,0.5,1.0,62.5,5,1,0.3053,Estabilizado,Operação Normal
2026-08-22T18:22:54.281376,669A-10,32772,2,TERM. PRINC. ISABEL,TERM. STO. AMARO,5,15:22,4,15.0,4,20.0,22.08,21.7,0.0,10000,3.6,801,3.0,22.5,45.0,0,6.1,23.5,0.5,1.0,62.5,5,1,0.3053,Estabilizado,Operação Normal
2026-08-22T18:22:54.281376,314V-10,33079,2,PÇA. ALMEIDA JR.,VL. EMA,5,15:22,2,30.0,2,20.0,22.08,21.7,0.0,10000,3.6,801,3.0,22.5,45.0,0,6.1,23.5,0.5,0.667,75.0,3,1,0.3698,Estabilizado,Operação Normal
2026-08-22T18:22:54.281376,3732-10,1029,1,METRÔ ITAQUERA,CPTM JOSÉ BONIFÁCIO,5,15:22,4,15.0,4,20.0,22.08,21.7,0.0,10000,3.6,801,3.0,22.5,45.0,0,6.1,23.5,0.5,1.0,62.5,5,1,0.3053,Estabilizado,Operação Normal
2026-08-22T18:22:54.281376,172J-10,856,1,TATUAPÉ,JD. BRASIL,5,15:22,10,6.0,11,20.0,22.08,21.7,0.0,10000,3.6,801,3.0,22.5,45.0,0,6.1,23.5,0.5,1.0,65.0,13,3,0.3115,Estabilizado,Operação Normal
2026-08-22T18:22:54.281376,121G-10,691,1,METRÔ TUCURUVI,PQ. NOVO MUNDO,5,15:22,4,15.0,4,20.0,22.08,21.7,0.0,10000,3.6,801,3.0,22.5,45.0,0,6.1,23.5,0.5,1.0,62.5,5,1,0.3053,Estabilizado,Operação Normal
2026-08-22T18:22:54.281376,6017-10,1206,1,JD. ÂNGELA,JD. NAKAMURA,5,15:22,3,20.0,3,20.0,22.08,21.7,0.0,10000,3.6,801,3.0,22.5,45.0,0,6.1,23.5,0.5,1.0,66.67,4,1,0.3157,Estabilizado,Operação Normal
2026-08-22T18:22:54.281376,273R-10,226,1,METRÔ ARTUR ALVIM,JD. ROBRU,5,15:22,3,20.0,3,20.0,22.08,21.7,0.0,10000,3.6,801,3.0,22.5,45.0,0,6.1,23.5,0.5,1.0,66.67,4,1,0.3157,Estabilizado,Operação Normal
2026-08-22T18:22:54.281376,3761-10,1051,1,METRÔ CARRÃO,3A. DIVISÃO,5,15:22,6,10.0,6,20.0,22.08,21.7,0.0,10000,3.6,801,3.0,22.5,45.0,0,6.1,23.5,0.5,1.0,58.33,7,1,0.2948,Estabilizado,Operação Normal
2026-08-22T18:22:54.281376,6805-10,31,1,TERM. JOÃO DIAS,TERM. CAPELINHA,5,15:22,2,30.0,2,20.0,22.08,21.7,0.0,10000,3.6,801,3.0,22.5,45.0,0,6.1,23.5,0.5,0.667,75.0,3,1,0.3698,Estabilizado,Operação Normal
2026-08-22T18:22:54.281376,7051-10,34653,2,TERM. CAMPO LIMPO,JD. ROSANA,5,15:22,2,30.0,2,20.0,22.08,21.7,0.0,10000,3.6,801,3.0,22.5,45.0,0,6.1,23.5,0.5,0.667,75.0,3,1,0.3698,Estabilizado,Operação Normal
2026-08-22T18:22:54.281376,875C-10,478,1,METRÔ STA. CRUZ,TERM. LAPA,5,15:22,4,15.0,4,20.0,22.08,21.7,0.0,10000,3.6,801,3.0,22.5,45.0,0,6.1,23.5,0.5,1.0,62.5,5,1,0.3053,Estabilizado,Operação Normal
2026-08-22T18:22:54.281376,1036-10,2453,1,CONEXÃO VL. IÓRIO,COHAB BRASILÂNDIA,5,15:22,7,8.6,7,20.0,22.08,21.7,0.0,10000,3.6,801,3.0,22.5,45.0,0,6.1,23.5,0.5,1.0,64.29,9,2,0.3097,Estabilizado,Operação Normal
2026-08-22T18:22:54.281376,5142-10,1626,1,TERM. PQ. D. PEDRO II,TERM. SAPOPEMBA,5,15:22,4,15.0,4,20.0,22.08,21.7,0.0,10000,3.6,801,3.0,22.5,45.0,0,6.1,23.5,0.5,1.0,62.5,5,1,0.3053,Estabilizado,Operação Normal
2026-08-22T18:22:54.281376,702C-10,33253,2,METRÔ BELÉM,JD. BONFIGLIOLI,5,15:22,4,15.0,4,20.0,22.08,21.7,0.0,10000,3.6,801,3.0,22.5,45.0,0,6.1,23.5,0.5,1.0,62.5,5,1,0.3053,Estabilizado,Operação Normal
2026-08-22T18:22:54.281376,5033-10,34433,2,TERM. SACOMÃ,VL. BRASILINA,5,15:22,1,60.0,1,20.0,22.08,21.7,0.0,10000,3.6,801,3.0,22.5,45.0,0,6.1,23.5,0.5,0.333,100.0,2,1,0.4657,Estabilizado,Operação Normal
2026-08-22T18:22:54.281376,RNOT-11,35078,2,RESERVADA NOTURNA,RESERVADA NOTURNA,5,15:22,1,60.0,1,20.0,22.08,21.7,0.0,10000,3.6,801,3.0,22.5,45.0,0,6.1,23.5,0.5,0.333,100.0,2,1,0.4657,Estabilizado,Operação Normal
2026-08-22T18:22:54.281376,509J-10,264,1,PQ. IBIRAPUERA,JD. SELMA,5,15:22,3,20.0,3,20.0,22.08,21.7,0.0,10000,3.6,801,3.0,22.5,45.0,0,6.1,23.5,0.5,1.0,66.67,4,1,0.3157,Estabilizado,Operação Normal
2026-08-22T18:22:54.281376,9012-10,34036,2,TERM. LAPA,ITABERABA,5,15:22,2,30.0,2,20.0,22.08,21.7,0.0,10000,3.6,801,3.0,22.5,45.0,0,6.1,23.5,0.5,0.667,75.0,3,1,0.3698,Estabilizado,Operação Normal
2026-08-22T18:22:54.281376,627M-10,2597,1,TERM. STO. AMARO,MAR PAULISTA,5,15:22,1,60.0,1,20.0,22.08,21.7,0.0,10000,3.6,801,3.0,22.5,45.0,0,6.1,23.5,0.5,0.333,100.0,2,1,0.4657,Estabilizado,Operação Normal
2026-08-22T18:22:54.281376,748R-10,33269,2,METRÔ BARRA FUNDA,JD. JOÃO XXIII,5,15:22,4,15.0,4,20.0,22.08,21.7,0.0,10000,3.6,801,3.0,22.5,45.0,0,6.1,23.5,0.5,1.0,62.5,5,1,0.3053,Estabilizado,Operação Normal
2026-08-22T18:22:54.281376,669A-10,4,1,TERM. PRINC. ISABEL,TERM. STO. AMARO,5,15:22,5,12.0,5,20.0,22.08,21.7,0.0,10000,3.6,801,3.0,22.5,45.0,0,6.1,23.5,0.5,1.0,60.0,6,1,0.299,Estabilizado,Operação Normal
2026-08-22T18:22:54.281376,9018-10,34039,2,TERM. PIRITUBA,VL. MIRANTE,5,15:22,2,30.0,2,20.0,22.08,21.7,0.0,10000,3.6,801,3.0,22.5,45.0,0,6.1,23.5,0.5,0.667,75.0,3,1,0.3698,Estabilizado,Operação Normal
2026-08-22T18:22:54.281376,2033-10,2499,1,SHOP. D,VL. SABRINA,5,15:22,2,30.0,2,20.0,22.08,21.7,0.0,10000,3.6,801,3.0,22.5,45.0,0,6.1,23.5,0.5,0.667,75.0,3,1,0.3698,Estabilizado,Operação Normal
2026-08-22T18:22:54.281376,354M-10,1619,1,TERM. SÃO MATEUS,TERM. SÃO MIGUEL,5,15:22,2,30.0,2,20.0,22.08,21.7,0.0,10000,3.6,801,3.0,22.5,45.0,0,6.1,23.5,0.5,0.667,75.0,3,1,0.3698,Estabilizado,Operação Normal
2026-08-22T18:22:54.281376,3768-10,1056,1,CPTM JOSÉ BONIFÁCIO,VL. YOLANDA,5,15:22,2,30.0,2,20.0,22.08,21.7,0.0,10000,3.6,801,3.0,22.5,45.0,0,6.1,23.5,0.5,0.667,75.0,3,1,0.3698,Estabilizado,Operação Normal
2026-08-22T18:22:54.281376,3029-10,966,1,METRÔ TATUAPÉ,JD. DAS ROSAS,5,15:22,6,10.0,6,20.0,22.08,21.7,0.0,10000,3.6,801,3.0,22.5,45.0,0,6.1,23.5,0.5,1.0,58.33,7,1,0.2948,Estabilizado,Operação Normal
2026-08-22T18:22:54.281376,6262-10,34139,2,TERM. BANDEIRA,CEASA,5,15:22,3,20.0,3,20.0,22.08,21.7,0.0,10000,3.6,801,3.0,22.5,45.0,0,6.1,23.5,0.5,1.0,66.67,4,1,0.3157,Estabilizado,Operação Normal
2026-08-22T18:22:54.281376,745M-10,782,1,SHOP. SP MARKET,CAMPO LIMPO,5,15:22,9,6.7,9,20.0,22.08,21.7,0.0,10000,3.6,801,3.0,22.5,45.0,0,6.1,23.5,0.5,1.0,61.11,11,2,0.3018,Estabilizado,Operação Normal
2026-08-22T18:22:54.281376,477A-10,33114,2,TERM. PINHEIROS,SACOMÃ,5,15:22,4,15.0,4,20.0,22.08,21.7,0.0,10000,3.6,801,3.0,22.5,45.0,0,6.1,23.5,0.5,1.0,62.5,5,1,0.3053,Estabilizado,Operação Normal
2026-08-22T18:22:54.281376,627J-10,2056,1,METRÔ SÃO JUDAS,JD. MIRIAM,5,15:22,3,20.0,3,20.0,22.08,21.7,0.0,10000,3.6,801,3.0,22.5,45.0,0,6.1,23.5,0.5,1.0,66.67,4,1,0.3157,Estabilizado,Operação Normal
2026-08-22T18:22:54.281376,5391-10,171,1,LGO. SÃO FRANCISCO,JD. ÂNGELA,5,15:22,4,15.0,4,20.0,22.08,21.7,0.0,10000,3.6,801,3.0,22.5,45.0,0,6.1,23.5,0.5,1.0,62.5,5,1,0.3053,Estabilizado,Operação Normal
2026-08-22T18:22:54.281376,9789-10,829,1,METRÔ BARRA FUNDA,JD. PAULISTANO,5,15:22,5,12.0,5,20.0,22.08,21.7,0.0,10000,3.6,801,3.0,22.5,45.0,0,6.1,23.5,0.5,1.0,60.0,6,1,0.299,Estabilizado,Operação Normal
2026-08-22T18:22:54.281376,8319-10,476,1,SESC POMPÉIA,PQ. CONTINENTAL,5,15:22,2,30.0,2,20.0,22.08,21.7,0.0,10000,3.6,801,3.0,22.5,45.0,0,6.1,23.5,0.5,0.667,75.0,3,1,0.3698,Estabilizado,Operação Normal
2026-08-22T18:22:54.281376,5031-10,1746,1,TERM. SACOMÃ,VL. ARAPUÁ,5,15:22,6,10.0,6,20.0,22.08,21.7,0.0,10000,3.6,801,3.0,22.5,45.0,0,6.1,23.5,0.5,1.0,58.33,7,1,0.2948,Estabilizado,Operação Normal
2026-08-22T18:22:54.281376,2014-10,900,1,METRÔ BARRA FUNDA,JD. PERY ALTO,5,15:22,6,10.0,6,20.0,22.08,21.7,0.0,10000,3.6,801,3.0,22.5,45.0,0,6.1,23.5,0.5,1.0,58.33,7,1,0.2948,Estabilizado,Operação Normal
2026-08-22T18:22:54.281376,809D-10,2068,1,TERM. PINHEIROS,COHAB EDUCANDÁRIO,5,15:22,3,20.0,3,20.0,22.08,21.7,0.0,10000,3.6,801,3.0,22.5,45.0,0,6.1,23.5,0.5,1.0,66.67,4,1,0.3157,Estabilizado,Operação Normal
2026-08-22T18:22:54.281376,7021-10,1989,1,TERM. JOÃO DIAS,JD. MARACÁ,5,15:22,2,30.0,2,20.0,22.08,21.7,0.0,10000,3.6,801,3.0,22.5,45.0,0,6.1,23.5,0.5,0.667,75.0,3,1,0.3698,Estabilizado,Operação Normal
2026-08-22T18:22:54.281376,2702-10,33682,2,METRÔ ARTUR ALVIM,VL. AMERICANA,5,15:22,4,15.0,4,20.0,22.08,21.7,0.0,10000,3.6,801,3.0,22.5,45.0,0,6.1,23.5,0.5,1.0,62.5,5,1,0.3053,Estabilizado,Operação Normal
2026-08-22T18:22:54.281376,746V-10,792,1,HOSP. CAMPO LIMPO,JD. REBOUÇAS,5,15:22,7,8.6,7,20.0,22.08,21.7,0.0,10000,3.6,801,3.0,22.5,45.0,0,6.1,23.5,0.5,1.0,64.29,9,2,0.3097,Estabilizado,Operação Normal
2026-08-22T18:22:54.281376,8060-10,33186,2,TERM. LAPA,VL. PIAUÍ,5,15:22,1,60.0,1,20.0,22.08,21.7,0.0,10000,3.6,801,3.0,22.5,45.0,0,6.1,23.5,0.5,0.333,100.0,2,1,0.4657,Estabilizado,Operação Normal
2026-08-22T18:22:54.281376,509J-10,33032,2,PQ. IBIRAPUERA,JD. SELMA,5,15:22,4,15.0,4,20.0,22.08,21.7,0.0,10000,3.6,801,3.0,22.5,45.0,0,6.1,23.5,0.5,1.0,62.5,5,1,0.3053,Estabilizado,Operação Normal
2026-08-22T18:22:54.281376,6008-10,1200,1,EST. STO. AMARO/GUIDO CALOI,JD. PLANALTO,5,15:22,2,30.0,2,20.0,22.08,21.7,0.0,10000,3.6,801,3.0,22.5,45.0,0,6.1,23.5,0.5,0.667,75.0,3,1,0.3698,Estabilizado,Operação Normal
2026-08-22T18:22:54.281376,5701-10,1136,1,TERM. ÁGUA ESPRAIADA,METRÔ CONCEIÇÃO,5,15:22,3,20.0,3,20.0,22.08,21.7,0.0,10000,3.6,801,3.0,22.5,45.0,0,6.1,23.5,0.5,1.0,66.67,4,1,0.3157,Estabilizado,Operação Normal
2026-08-22T18:22:54.281376,172X-10,861,1,METRÔ TATUAPÉ,PQ. NOVO MUNDO,5,15:22,4,15.0,4,20.0,22.08,21.7,0.0,10000,3.6,801,3.0,22.5,45.0,0,6.1,23.5,0.5,1.0,62.5,5,1,0.3053,Estabilizado,Operação Normal
2026-08-22T18:22:54.281376,519M-10,34979,2,MUSEU DO IPIRANGA,SÃO MATEUS,5,15:22,2,30.0,2,20.0,22.08,21.7,0.0,10000,3.6,801,3.0,22.5,45.0,0,6.1,23.5,0.5,0.667,75.0,3,1,0.3698,Estabilizado,Operação Normal
2026-08-22T18:22:54.281376,8072-10,34847,2,METRÔ MORUMBI,HORTO DO YPÊ,5,15:22,7,8.6,7,20.0,22.08,21.7,0.0,10000,3.6,801,3.0,22.5,45.0,0,6.1,23.5,0.5,1.0,64.29,9,2,0.3097,Estabilizado,Operação Normal
2026-08-22T18:22:54.281376,1783-10,644,1,METRÔ SANTANA,CACHOEIRA,5,15:22,2,30.0,2,20.0,22.08,21.7,0.0,10000,3.6,801,3.0,22.5,45.0,0,6.1,23.5,0.5,0.667,75.0,3,1,0.3698,Estabilizado,Operação Normal
2026-08-22T18:22:54.281376,4314-10,34942,2,TERM. PQ. D. PEDRO II,INÁCIO MONTEIRO,5,15:22,5,12.0,5,20.0,22.08,21.7,0.0,10000,3.6,801,3.0,22.5,45.0,0,6.1,23.5,0.5,1.0,60.0,6,1,0.299,Estabilizado,Operação Normal
2026-08-22T18:22:54.281376,178Y-10,33636,2,METRÔ JD. SÃO PAULO,VL. AMÉLIA,5,15:22,4,15.0,4,20.0,22.08,21.7,0.0,10000,3.6,801,3.0,22.5,45.0,0,6.1,23.5,0.5,1.0,62.5,5,1,0.3053,Estabilizado,Operação Normal
2026-08-22T18:22:54.281376,2202-10,910,1,CPTM GUAIANASES,JD. DAS OLIVEIRAS,5,15:22,12,5.0,13,20.0,22.08,21.7,0.0,10000,3.6,801,3.0,22.5,45.0,0,6.1,23.5,0.5,1.0,62.5,15,3,0.3053,Estabilizado,Operação Normal
2026-08-22T18:22:54.281376,857P-10,1926,1,PARAÍSO,TERM. CAMPO LIMPO,5,15:22,4,15.0,4,20.0,22.08,21.7,0.0,10000,3.6,801,3.0,22.5,45.0,0,6.1,23.5,0.5,1.0,62.5,5,1,0.3053,Estabilizado,Operação Normal
2026-08-22T18:22:54.281376,3098-10,1078,1,SHOP. ARICANDUVA,JD. SÃO FRANCISCO,5,15:22,3,20.0,3,20.0,22.08,21.7,0.0,10000,3.6,801,3.0,22.5,45.0,0,6.1,23.5,0.5,1.0,66.67,4,1,0.3157,Estabilizado,Operação Normal
2026-08-22T18:22:54.281376,3686-10,166,1,TERM. PQ. D. PEDRO II,JD. SÃO PAULO,5,15:22,3,20.0,3,20.0,22.08,21.7,0.0,10000,3.6,801,3.0,22.5,45.0,0,6.1,23.5,0.5,1.0,66.67,4,1,0.3157,Estabilizado,Operação Normal
2026-08-22T18:22:54.281376,372U-10,33784,2,METRÔ TATUAPÉ,VL. STA. ISABEL,5,15:22,4,15.0,4,20.0,22.08,21.7,0.0,10000,3.6,801,3.0,22.5,45.0,0,6.1,23.5,0.5,1.0,62.5,5,1,0.3053,Estabilizado,Operação Normal
2026-08-22T18:22:54.281376,2716-10,33697,2,METRÔ PENHA,CHÁC. CRUZ. DO SUL,5,15:22,2,30.0,2,20.0,22.08,21.7,0.0,10000,3.6,801,3.0,22.5,45.0,0,6.1,23.5,0.5,0.667,75.0,3,1,0.3698,Estabilizado,Operação Normal
2026-08-22T18:22:54.281376,2018-10,904,1,SÃO MIGUEL,JD. CAMPOS,5,15:22,3,20.0,3,20.0,22.08,21.7,0.0,10000,3.6,801,3.0,22.5,45.0,0,6.1,23.5,0.5,1.0,66.67,4,1,0.3157,Estabilizado,Operação Normal
2026-08-22T18:22:54.281376,233A-10,33017,2,TERM. VL. CARRÃO,JD. HELENA,5,15:22,3,20.0,3,20.0,22.08,21.7,0.0,10000,3.6,801,3.0,22.5,45.0,0,6.1,23.5,0.5,1.0,66.67,4,1,0.3157,Estabilizado,Operação Normal
2026-08-22T18:22:54.281376,4017-10,34958,2,VL. YOLANDA,METALÚRGICOS,5,15:22,3,20.0,3,20.0,22.08,21.7,0.0,10000,3.6,801,3.0,22.5,45.0,0,6.1,23.5,0.5,1.0,66.67,4,1,0.3157,Estabilizado,Operação Normal
2026-08-22T18:22:54.281376,575C-10,1686,1,VL. MATIAS,TERM. VL. PRUDENTE,5,15:22,1,60.0,1,20.0,22.08,21.7,0.0,10000,3.6,801,3.0,22.5,45.0,0,6.1,23.5,0.5,0.333,100.0,2,1,0.4657,Estabilizado,Operação Normal
2026-08-22T18:22:54.281376,2080-10,33139,2,TERM. ARICANDUVA,CID. KEMEL,5,15:22,5,12.0,5,20.0,22.08,21.7,0.0,10000,3.6,801,3.0,22.5,45.0,0,6.1,23.5,0.5,1.0,60.0,6,1,0.299,Estabilizado,Operação Normal
2026-08-22T18:22:54.281376,8001-10,1251,1,TERM. LAPA,VL. PIAUÍ,5,15:22,1,60.0,1,20.0,22.08,21.7,0.0,10000,3.6,801,3.0,22.5,45.0,0,6.1,23.5,0.5,0.333,100.0,2,1,0.4657,Estabilizado,Operação Normal
2026-08-22T18:22:54.281376,3735-10,1035,1,JD. SÃO JOÃO ,METRÔ ARTUR ALVIM,5,15:22,4,15.0,4,20.0,22.08,21.7,0.0,10000,3.6,801,3.0,22.5,45.0,0,6.1,23.5,0.5,1.0,62.5,5,1,0.3053,Estabilizado,Operação Normal
2026-08-22T18:22:54.281376,2009-10,898,1,CPTM GUAIANASES,JD. ROBRU,5,15:22,4,15.0,4,20.0,22.08,21.7,0.0,10000,3.6,801,3.0,22.5,45.0,0,6.1,23.5,0.5,1.0,62.5,5,1,0.3053,Estabilizado,Operação Normal
2026-08-22T18:22:54.281376,746H-10,33553,2,STO. AMARO,JD. JAQUELINE,5,15:22,6,10.0,6,20.0,22.08,21.7,0.0,10000,3.6,801,3.0,22.5,45.0,0,6.1,23.5,0.5,1.0,58.33,7,1,0.2948,Estabilizado,Operação Normal
2026-08-22T18:22:54.281376,374M-10,34733,2,METRÔ ITAQUERA,CPTM ERMELINO MATARAZZO,5,15:22,2,30.0,2,20.0,22.08,21.7,0.0,10000,3.6,801,3.0,22.5,45.0,0,6.1,23.5,0.5,0.667,75.0,3,1,0.3698,Estabilizado,Operação Normal
2026-08-22T18:22:54.281376,407G-10,2196,1,METRÔ CARRÃO,JD. NOVA VITÓRIA,5,15:22,5,12.0,5,20.0,22.08,21.7,0.0,10000,3.6,801,3.0,22.5,45.0,0,6.1,23.5,0.5,1.0,60.0,6,1,0.299,Estabilizado,Operação Normal
2026-08-22T18:22:54.281376,647P-10,1316,1,TERM. PINHEIROS,COHAB ADVENTISTA,5,15:22,4,15.0,4,20.0,22.08,21.7,0.0,10000,3.6,801,3.0,22.5,45.0,0,6.1,23.5,0.5,1.0,62.5,5,1,0.3053,Estabilizado,Operação Normal
2026-08-22T18:22:54.281376,3737-31,1354,1,CIRCULAR,METRÔ GUILHERMINA/ESPERANÇA ,5,15:22,2,30.0,2,20.0,22.08,21.7,0.0,10000,3.6,801,3.0,22.5,45.0,0,6.1,23.5,0.5,0.667,75.0,3,1,0.3698,Estabilizado,Operação Normal
2026-08-22T18:22:54.281376,6403-10,32826,2,TERM. PQ. D. PEDRO II,TERM. JOÃO DIAS,5,15:22,2,30.0,2,20.0,22.08,21.7,0.0,10000,3.6,801,3.0,22.5,45.0,0,6.1,23.5,0.5,0.667,75.0,3,1,0.3698,Estabilizado,Operação Normal
2026-08-22T18:22:54.281376,6061-10,1150,1,TERM. GRAJAÚ,JD. MARILDA,5,15:22,3,20.0,3,20.0,22.08,21.7,0.0,10000,3.6,801,3.0,22.5,45.0,0,6.1,23.5,0.5,1.0,66.67,4,1,0.3157,Estabilizado,Operação Normal
2026-08-22T18:22:54.281376,7062-10,1898,1,TERM. CAMPO LIMPO,INOCOOP CAMPO LIMPO,5,15:22,1,60.0,1,20.0,22.08,21.7,0.0,10000,3.6,801,3.0,22.5,45.0,0,6.1,23.5,0.5,0.333,100.0,2,1,0.4657,Estabilizado,Operação Normal
2026-08-22T18:22:54.281376,6055-10,33914,2,SHOP. INTERLAGOS,EST. MENDES/VL. NATAL,5,15:22,3,20.0,3,20.0,22.08,21.7,0.0,10000,3.6,801,3.0,22.5,45.0,0,6.1,23.5,0.5,1.0,66.67,4,1,0.3157,Estabilizado,Operação Normal
2026-08-22T18:22:54.281376,6258-10,34000,2,TERM. STO. AMARO,JD. SÃO FRANCISCO,5,15:22,4,15.0,4,20.0,22.08,21.7,0.0,10000,3.6,801,3.0,22.5,45.0,0,6.1,23.5,0.5,1.0,62.5,5,1,0.3053,Estabilizado,Operação Normal
2026-08-22T18:22:54.281376,917H-10,456,1,METRÔ VL. MARIANA,TERM. PIRITUBA,5,15:22,7,8.6,7,20.0,22.08,21.7,0.0,10000,3.6,801,3.0,22.5,45.0,0,6.1,23.5,0.5,1.0,64.29,9,2,0.3097,Estabilizado,Operação Normal
2026-08-22T18:22:54.281376,8199-10,807,1,CEM. VL. NOVA CACHOEIRINHA,PIRITUBA,5,15:22,8,7.5,8,20.0,22.08,21.7,0.0,10000,3.6,801,3.0,22.5,45.0,0,6.1,23.5,0.5,1.0,62.5,10,2,0.3053,Estabilizado,Operação Normal
2026-08-22T18:22:54.281376,3742-10,1042,1,METRÔ ITAQUERA,JD. LARANJEIRA,5,15:22,2,30.0,2,20.0,22.08,21.7,0.0,10000,3.6,801,3.0,22.5,45.0,0,6.1,23.5,0.5,0.667,75.0,3,1,0.3698,Estabilizado,Operação Normal
2026-08-22T18:22:54.281376,6014-10,32956,2,TERM. STO. AMARO,TERM. JD. JACIRA,5,15:22,4,15.0,4,20.0,22.08,21.7,0.0,10000,3.6,801,3.0,22.5,45.0,0,6.1,23.5,0.5,1.0,62.5,5,1,0.3053,Estabilizado,Operação Normal
2026-08-22T18:22:54.281376,3301-10,1618,1,TERM. PQ. D. PEDRO II,TERM. SÃO MIGUEL,5,15:22,3,20.0,3,20.0,22.08,21.7,0.0,10000,3.6,801,3.0,22.5,45.0,0,6.1,23.5,0.5,1.0,66.67,4,1,0.3157,Estabilizado,Operação Normal
2026-08-22T18:22:54.281376,2059-10,260,1,CPTM GUAIANASES,SÃO MIGUEL,5,15:22,3,20.0,3,20.0,22.08,21.7,0.0,10000,3.6,801,3.0,22.5,45.0,0,6.1,23.5,0.5,1.0,66.67,4,1,0.3157,Estabilizado,Operação Normal
2026-08-22T18:22:54.281376,1722-10,864,1,METRÔ TUCURUVI,JD. MARINA,5,15:22,8,7.5,8,20.0,22.08,21.7,0.0,10000,3.6,801,3.0,22.5,45.0,0,6.1,23.5,0.5,1.0,62.5,10,2,0.3053,Estabilizado,Operação Normal
2026-08-22T18:22:54.281376,1765-10,1782,1,METRÔ TUCURUVI,JD. CABUÇU,5,15:22,3,20.0,3,20.0,22.08,21.7,0.0,10000,3.6,801,3.0,22.5,45.0,0,6.1,23.5,0.5,1.0,66.67,4,1,0.3157,Estabilizado,Operação Normal
2026-08-22T18:22:54.281376,314J-10,310,1,PÇA. ALMEIDA JR.,PQ. STA. MADALENA,5,15:22,4,15.0,4,20.0,22.08,21.7,0.0,10000,3.6,801,3.0,22.5,45.0,0,6.1,23.5,0.5,1.0,62.5,5,1,0.3053,Estabilizado,Operação Normal
2026-08-22T18:22:54.281376,7545-10,504,1,PÇA. RAMOS DE AZEVEDO,JD. JOÃO XXIII,5,15:22,4,15.0,4,20.0,22.08,21.7,0.0,10000,3.6,801,3.0,22.5,45.0,0,6.1,23.5,0.5,1.0,62.5,5,1,0.3053,Estabilizado,Operação Normal
2026-08-22T18:22:54.281376,6062-10,1151,1,JD. CASTRO ALVES,TERM. GRAJAÚ,5,15:22,2,30.0,2,20.0,22.08,21.7,0.0,10000,3.6,801,3.0,22.5,45.0,0,6.1,23.5,0.5,0.667,75.0,3,1,0.3698,Estabilizado,Operação Normal
2026-08-22T18:22:54.281376,7022-10,2084,1,TERM. STO. AMARO,JD. CAIÇARA,5,15:22,4,15.0,4,20.0,22.08,21.7,0.0,10000,3.6,801,3.0,22.5,45.0,0,6.1,23.5,0.5,1.0,62.5,5,1,0.3053,Estabilizado,Operação Normal
2026-08-22T18:22:54.281376,7054-10,41,1,TERM. CAMPO LIMPO,JD. MACEDÔNIA,5,15:22,2,30.0,2,20.0,22.08,21.7,0.0,10000,3.6,801,3.0,22.5,45.0,0,6.1,23.5,0.5,0.667,75.0,3,1,0.3698,Estabilizado,Operação Normal
2026-08-22T18:22:54.281376,1720-21,1937,1,METRÔ TUCURUVI,VILA SABRINA,5,15:22,2,30.0,2,20.0,22.08,21.7,0.0,10000,3.6,801,3.0,22.5,45.0,0,6.1,23.5,0.5,0.667,75.0,3,1,0.3698,Estabilizado,Operação Normal
2026-08-22T18:22:54.281376,4311-10,2171,1,TERM. PQ. D. PEDRO II,TERM. SÃO MATEUS,5,15:22,4,15.0,4,20.0,22.08,21.7,0.0,10000,3.6,801,3.0,22.5,45.0,0,6.1,23.5,0.5,1.0,62.5,5,1,0.3053,Estabilizado,Operação Normal
2026-08-22T18:22:54.281376,3027-10,33731,2,SHOP. ARICANDUVA,CPTM GUAIANASES,5,15:22,4,15.0,4,20.0,22.08,21.7,0.0,10000,3.6,801,3.0,22.5,45.0,0,6.1,23.5,0.5,1.0,62.5,5,1,0.3053,Estabilizado,Operação Normal
2026-08-22T18:22:54.281376,1786-10,33417,2,METRÔ SANTANA,VL. ALBERTINA,5,15:22,3,20.0,3,20.0,22.08,21.7,0.0,10000,3.6,801,3.0,22.5,45.0,0,6.1,23.5,0.5,1.0,66.67,4,1,0.3157,Estabilizado,Operação Normal
2026-08-22T18:22:54.281376,5759-31,33907,2,METRÔ CONCEIÇÃO,PQ. PRIMAVERA,5,15:22,5,12.0,5,20.0,22.08,21.7,0.0,10000,3.6,801,3.0,22.5,45.0,0,6.1,23.5,0.5,1.0,60.0,6,1,0.299,Estabilizado,Operação Normal
2026-08-22T18:22:54.281376,6071-10,1156,1,TERM. STO. AMARO,JD. ORION,5,15:22,3,20.0,3,20.0,22.08,21.7,0.0,10000,3.6,801,3.0,22.5,45.0,0,6.1,23.5,0.5,1.0,66.67,4,1,0.3157,Estabilizado,Operação Normal
2026-08-22T18:22:54.281376,8038-10,797,1,LAPA,PQ. CONTINENTAL,5,15:22,4,15.0,4,20.0,22.08,21.7,0.0,10000,3.6,801,3.0,22.5,45.0,0,6.1,23.5,0.5,1.0,62.5,5,1,0.3053,Estabilizado,Operação Normal
2026-08-22T18:22:54.281376,957T-10,33232,2,VL. OLÍMPIA,COHAB TAIPAS,5,15:22,3,20.0,3,20.0,22.08,21.7,0.0,10000,3.6,801,3.0,22.5,45.0,0,6.1,23.5,0.5,1.0,66.67,4,1,0.3157,Estabilizado,Operação Normal
2026-08-22T18:22:54.281376,1732-10,671,1,TERM. AMARAL GURGEL,VL. SABRINA,5,15:22,3,20.0,3,20.0,22.08,21.7,0.0,10000,3.6,801,3.0,22.5,45.0,0,6.1,23.5,0.5,1.0,66.67,4,1,0.3157,Estabilizado,Operação Normal
2026-08-22T18:22:54.281376,4284-10,289,1,TERM. VL. PRUDENTE,VL. CALIFÓRNIA,5,15:22,1,60.0,1,20.0,22.08,21.7,0.0,10000,3.6,801,3.0,22.5,45.0,0,6.1,23.5,0.5,0.333,100.0,2,1,0.4657,Estabilizado,Operação Normal
2026-08-22T18:22:54.281376,6120-10,1189,1,TERM. GRAJAÚ,JD. LUCÉLIA,5,15:22,2,30.0,2,20.0,22.08,21.7,0.0,10000,3.6,801,3.0,22.5,45.0,0,6.1,23.5,0.5,0.667,75.0,3,1,0.3698,Estabilizado,Operação Normal
2026-08-22T18:22:54.281376,3019-10,957,1,VL. PAULISTA I,TERM. CID. TIRADENTES,5,15:22,1,60.0,1,20.0,22.08,21.7,0.0,10000,3.6,801,3.0,22.5,45.0,0,6.1,23.5,0.5,0.333,100.0,2,1,0.4657,Estabilizado,Operação Normal
2026-08-22T18:22:54.281376,2034-10,2623,1,CENTRO TEA,METRÔ TIETÊ,5,15:22,1,60.0,1,20.0,22.08,21.7,0.0,10000,3.6,801,3.0,22.5,45.0,0,6.1,23.5,0.5,0.333,100.0,2,1,0.4657,Estabilizado,Operação Normal
2026-08-22T18:22:54.281376,709A-10,34860,2,METRÔ ANA ROSA,TERM. ÁGUA ESPRAIADA,5,15:22,3,20.0,3,20.0,22.08,21.7,0.0,10000,3.6,801,3.0,22.5,45.0,0,6.1,23.5,0.5,1.0,66.67,4,1,0.3157,Estabilizado,Operação Normal
2026-08-22T18:22:54.281376,1744-10,33312,2,METRÔ SANTANA,LAUZANE PAULISTA,5,15:22,4,15.0,4,20.0,22.08,21.7,0.0,10000,3.6,801,3.0,22.5,45.0,0,6.1,23.5,0.5,1.0,62.5,5,1,0.3053,Estabilizado,Operação Normal
2026-08-22T18:22:54.281376,3024-10,33045,2,TERM. VL PRUDENTE,VL. INDUSTRIAL,5,15:22,2,30.0,2,20.0,22.08,21.7,0.0,10000,3.6,801,3.0,22.5,45.0,0,6.1,23.5,0.5,0.667,75.0,3,1,0.3698,Estabilizado,Operação Normal
2026-08-22T18:22:54.281376,7012-10,34811,2,TERM. GUARAPIRANGA,PQ. DO LAGO,5,15:22,2,30.0,2,20.0,22.08,21.7,0.0,10000,3.6,801,3.0,22.5,45.0,0,6.1,23.5,0.5,0.667,75.0,3,1,0.3698,Estabilizado,Operação Normal
2026-08-22T18:22:54.281376,351F-10,687,1,TERM. VL. CARRÃO,JAÇANÃ,5,15:22,5,12.0,5,20.0,22.08,21.7,0.0,10000,3.6,801,3.0,22.5,45.0,0,6.1,23.5,0.5,1.0,60.0,6,1,0.299,Estabilizado,Operação Normal
2026-08-22T18:22:54.281376,6039-10,1217,1,STO. AMARO,VALO VELHO,5,15:22,2,30.0,2,20.0,22.08,21.7,0.0,10000,3.6,801,3.0,22.5,45.0,0,6.1,23.5,0.5,0.667,75.0,3,1,0.3698,Estabilizado,Operação Normal
2026-08-22T18:22:54.281376,5131-10,34050,2,PQ. D. PEDRO II,CID. ADEMAR,5,15:22,4,15.0,4,20.0,22.08,21.7,0.0,10000,3.6,801,3.0,22.5,45.0,0,6.1,23.5,0.5,1.0,62.5,5,1,0.3053,Estabilizado,Operação Normal
2026-08-22T18:22:54.281376,5129-41,1974,1,STO. AMARO,JD. MIRIAM,5,15:22,2,30.0,2,20.0,22.08,21.7,0.0,10000,3.6,801,3.0,22.5,45.0,0,6.1,23.5,0.5,0.667,75.0,3,1,0.3698,Estabilizado,Operação Normal
2026-08-22T18:22:54.281376,3031-10,967,1,METRÔ ITAQUERA,JD. ALTO PAULISTANO,5,15:22,4,15.0,4,20.0,22.08,21.7,0.0,10000,3.6,801,3.0,22.5,45.0,0,6.1,23.5,0.5,1.0,62.5,5,1,0.3053,Estabilizado,Operação Normal
2026-08-22T18:22:54.281376,9301-10,458,1,PÇA. DO CORREIO,TERM. CASA VERDE,5,15:22,2,30.0,2,20.0,22.08,21.7,0.0,10000,3.6,801,3.0,22.5,45.0,0,6.1,23.5,0.5,0.667,75.0,3,1,0.3698,Estabilizado,Operação Normal
2026-08-22T18:22:54.281376,6110-10,1184,1,AEROPORTO,CONJ. HAB. PALMARES,5,15:22,2,30.0,2,20.0,22.08,21.7,0.0,10000,3.6,801,3.0,22.5,45.0,0,6.1,23.5,0.5,0.667,75.0,3,1,0.3698,Estabilizado,Operação Normal
2026-08-22T18:22:54.281376,4735-10,1110,1,JD. VERA CRUZ,SÃO MATEUS  ,5,15:22,1,60.0,1,20.0,22.08,21.7,0.0,10000,3.6,801,3.0,22.5,45.0,0,6.1,23.5,0.5,0.333,100.0,2,1,0.4657,Estabilizado,Operação Normal
2026-08-22T18:22:54.281376,8548-10,578,1,TERM. LAPA,PARADA DE TAIPAS,5,15:22,2,30.0,2,20.0,22.08,21.7,0.0,10000,3.6,801,3.0,22.5,45.0,0,6.1,23.5,0.5,0.667,75.0,3,1,0.3698,Estabilizado,Operação Normal
2026-08-22T18:22:54.281376,778J-41,1486,1,METRÔ BARRA FUNDA,COHAB RAPOSO TAVARES,5,15:22,4,15.0,4,20.0,22.08,21.7,0.0,10000,3.6,801,3.0,22.5,45.0,0,6.1,23.5,0.5,1.0,62.5,5,1,0.3053,Estabilizado,Operação Normal
2026-08-22T18:22:54.281376,4007-10,34949,2,TERM. VL. CARRÃO,COHAB JUSCELINO,5,15:22,4,15.0,4,20.0,22.08,21.7,0.0,10000,3.6,801,3.0,22.5,45.0,0,6.1,23.5,0.5,1.0,62.5,5,1,0.3053,Estabilizado,Operação Normal
2026-08-22T18:22:54.281376,3789-10,1067,1,METRÔ ITAQUERA,CID. TIRADENTES,5,15:22,8,7.5,8,20.0,22.08,21.7,0.0,10000,3.6,801,3.0,22.5,45.0,0,6.1,23.5,0.5,1.0,62.5,10,2,0.3053,Estabilizado,Operação Normal
2026-08-22T18:22:54.281376,8012-10,34791,2,CID. UNIVERSITÁRIA,METRÔ BUTANTÃ,5,15:22,3,20.0,3,20.0,22.08,21.7,0.0,10000,3.6,801,3.0,22.5,45.0,0,6.1,23.5,0.5,1.0,66.67,4,1,0.3157,Estabilizado,Operação Normal
2026-08-22T18:22:54.281376,5129-10,34049,2,TERM. GUARAPIRANGA,JD. MIRIAM,5,15:22,5,12.0,5,20.0,22.08,21.7,0.0,10000,3.6,801,3.0,22.5,45.0,0,6.1,23.5,0.5,1.0,60.0,6,1,0.299,Estabilizado,Operação Normal
2026-08-22T18:22:54.281376,748A-41,33267,2,LAPA,JD. PERI PERI,5,15:22,1,60.0,1,20.0,22.08,21.7,0.0,10000,3.6,801,3.0,22.5,45.0,0,6.1,23.5,0.5,0.333,100.0,2,1,0.4657,Estabilizado,Operação Normal
2026-08-22T18:22:54.281376,271P-10,704,1,PÇA DO CORREIO,CANGAÍBA,5,15:22,3,20.0,3,20.0,22.08,21.7,0.0,10000,3.6,801,3.0,22.5,45.0,0,6.1,23.5,0.5,1.0,66.67,4,1,0.3157,Estabilizado,Operação Normal
2026-08-22T18:22:54.281376,3728-10,1025,1,PQ. SAVOY CITY,METRÔ ARTUR ALVIM,5,15:22,4,15.0,4,20.0,22.08,21.7,0.0,10000,3.6,801,3.0,22.5,45.0,0,6.1,23.5,0.5,1.0,62.5,5,1,0.3053,Estabilizado,Operação Normal
2026-08-22T18:22:54.281376,5018-10,34260,2,JABAQUARA,SHOP. INTERLAGOS,5,15:22,3,20.0,3,20.0,22.08,21.7,0.0,10000,3.6,801,3.0,22.5,45.0,0,6.1,23.5,0.5,1.0,66.67,4,1,0.3157,Estabilizado,Operação Normal
2026-08-22T18:22:54.281376,637A-10,32953,2,TERM. PINHEIROS,TERM. JD. ÂNGELA,5,15:22,10,6.0,11,20.0,22.08,21.7,0.0,10000,3.6,801,3.0,22.5,45.0,0,6.1,23.5,0.5,1.0,65.0,13,3,0.3115,Estabilizado,Operação Normal
2026-08-22T18:22:54.281376,707K-10,35271,2,METRÔ JABAQUARA,TERM. GUARAPIRANGA,5,15:22,3,20.0,3,20.0,22.08,21.7,0.0,10000,3.6,801,3.0,22.5,45.0,0,6.1,23.5,0.5,1.0,66.67,4,1,0.3157,Estabilizado,Operação Normal
2026-08-22T18:22:54.281376,1022-10,2610,1,CPTM PERUS,VL. STA. CRUZ,5,15:22,1,60.0,1,20.0,22.08,21.7,0.0,10000,3.6,801,3.0,22.5,45.0,0,6.1,23.5,0.5,0.333,100.0,2,1,0.4657,Estabilizado,Operação Normal
2026-08-22T18:22:54.281376,1764-10,625,1,METRÔ SANTANA,JD. CORISCO,5,15:22,3,20.0,3,20.0,22.08,21.7,0.0,10000,3.6,801,3.0,22.5,45.0,0,6.1,23.5,0.5,1.0,66.67,4,1,0.3157,Estabilizado,Operação Normal
2026-08-22T18:22:54.281376,5705-10,34425,2,METRÔ VERGUEIRO,TERM. SACOMÃ,5,15:22,1,60.0,1,20.0,22.08,21.7,0.0,10000,3.6,801,3.0,22.5,45.0,0,6.1,23.5,0.5,0.333,100.0,2,1,0.4657,Estabilizado,Operação Normal
2026-08-22T18:22:54.281376,8065-10,421,1,LAPA,HAB. TURÍSTICA,5,15:22,1,60.0,1,20.0,22.08,21.7,0.0,10000,3.6,801,3.0,22.5,45.0,0,6.1,23.5,0.5,0.333,100.0,2,1,0.4657,Estabilizado,Operação Normal
2026-08-22T18:22:54.281376,3712-51,35273,2,METRÔ ITAQUERA,VL. COSMOPOLITA,5,15:22,3,20.0,3,20.0,22.08,21.7,0.0,10000,3.6,801,3.0,22.5,45.0,0,6.1,23.5,0.5,1.0,66.67,4,1,0.3157,Estabilizado,Operação Normal
2026-08-22T18:22:54.281376,7013-10,33543,2,TERM. VL. SÔNIA,PQ. ARARIBA,5,15:22,5,12.0,5,20.0,22.08,21.7,0.0,10000,3.6,801,3.0,22.5,45.0,0,6.1,23.5,0.5,1.0,60.0,6,1,0.299,Estabilizado,Operação Normal
2026-08-22T18:22:54.281376,4053-10,2146,1,CPTM GUAIANASES,GUAIANASES,5,15:22,4,15.0,4,20.0,22.08,21.7,0.0,10000,3.6,801,3.0,22.5,45.0,0,6.1,23.5,0.5,1.0,62.5,5,1,0.3053,Estabilizado,Operação Normal
2026-08-22T18:22:54.281376,5111-10,32816,2,TERM. PQ. D. PEDRO II,TERM. STO. AMARO,5,15:22,5,12.0,5,20.0,22.08,21.7,0.0,10000,3.6,801,3.0,22.5,45.0,0,6.1,23.5,0.5,1.0,60.0,6,1,0.299,Estabilizado,Operação Normal
2026-08-22T18:22:54.281376,2708-10,33689,2,METRÔ ITAQUERA,JD. LAJEADO,5,15:22,3,20.0,3,20.0,22.08,21.7,0.0,10000,3.6,801,3.0,22.5,45.0,0,6.1,23.5,0.5,1.0,66.67,4,1,0.3157,Estabilizado,Operação Normal
2026-08-22T18:22:54.281376,4724-10,34828,2,VL. NHOCUNÉ,METRÔ PATRIARCA,5,15:22,1,60.0,1,20.0,22.08,21.7,0.0,10000,3.6,801,3.0,22.5,45.0,0,6.1,23.5,0.5,0.333,100.0,2,1,0.4657,Estabilizado,Operação Normal
2026-08-22T18:22:54.281376,8014-10,33569,2,PERUS,MORRO DOCE,5,15:22,5,12.0,5,20.0,22.08,21.7,0.0,10000,3.6,801,3.0,22.5,45.0,0,6.1,23.5,0.5,1.0,60.0,6,1,0.299,Estabilizado,Operação Normal
2026-08-22T18:22:54.281376,4055-10,35215,2,VL. SOLANGE,CPTM GUAIANASES,5,15:22,1,60.0,1,20.0,22.08,21.7,0.0,10000,3.6,801,3.0,22.5,45.0,0,6.1,23.5,0.5,0.333,100.0,2,1,0.4657,Estabilizado,Operação Normal
2026-08-22T18:22:54.281376,2012-10,35049,2,SHOP.D,VL. MEDEIROS,5,15:22,1,60.0,1,20.0,22.08,21.7,0.0,10000,3.6,801,3.0,22.5,45.0,0,6.1,23.5,0.5,0.333,100.0,2,1,0.4657,Estabilizado,Operação Normal
2026-08-22T18:22:54.281376,2735-10,1921,1,METRÔ PENHA,JD. KERALUX,5,15:22,3,20.0,3,20.0,22.08,21.7,0.0,10000,3.6,801,3.0,22.5,45.0,0,6.1,23.5,0.5,1.0,66.67,4,1,0.3157,Estabilizado,Operação Normal
2026-08-22T18:22:54.281376,4706-10,299,1,METRÔ VL. MARIANA,JD. MARIA ESTELA II,5,15:22,3,20.0,3,20.0,22.08,21.7,0.0,10000,3.6,801,3.0,22.5,45.0,0,6.1,23.5,0.5,1.0,66.67,4,1,0.3157,Estabilizado,Operação Normal
2026-08-22T18:22:54.281376,6118-10,1188,1,TERM. STO. AMARO,JD. ICARAÍ,5,15:22,4,15.0,4,20.0,22.08,21.7,0.0,10000,3.6,801,3.0,22.5,45.0,0,6.1,23.5,0.5,1.0,62.5,5,1,0.3053,Estabilizado,Operação Normal
2026-08-22T18:22:54.281376,746H-10,785,1,STO. AMARO,JD. JAQUELINE,5,15:22,8,7.5,8,20.0,22.08,21.7,0.0,10000,3.6,801,3.0,22.5,45.0,0,6.1,23.5,0.5,1.0,62.5,10,2,0.3053,Estabilizado,Operação Normal
2026-08-22T18:22:54.281376,971X-10,34463,2,METRÔ SANTANA,TERM. CACHOEIRINHA,5,15:22,5,12.0,5,20.0,22.08,21.7,0.0,10000,3.6,801,3.0,22.5,45.0,0,6.1,23.5,0.5,1.0,60.0,6,1,0.299,Estabilizado,Operação Normal
2026-08-22T18:22:54.281376,978T-10,889,1,METRÔ BARRA FUNDA,JD. GUARANI,5,15:22,9,6.7,9,20.0,22.08,21.7,0.0,10000,3.6,801,3.0,22.5,45.0,0,6.1,23.5,0.5,1.0,61.11,11,2,0.3018,Estabilizado,Operação Normal
2026-08-22T18:22:54.281376,715M-10,490,1,LGO. DA PÓLVORA,JD. MARIA LUIZA,5,15:22,4,15.0,4,20.0,22.08,21.7,0.0,10000,3.6,801,3.0,22.5,45.0,0,6.1,23.5,0.5,1.0,62.5,5,1,0.3053,Estabilizado,Operação Normal
2026-08-22T18:22:54.281376,2021-10,33674,2,CPTM GUAIANASES,JD. BANDEIRANTES,5,15:22,2,30.0,2,20.0,22.08,21.7,0.0,10000,3.6,801,3.0,22.5,45.0,0,6.1,23.5,0.5,0.667,75.0,3,1,0.3698,Estabilizado,Operação Normal
2026-08-22T18:22:54.281376,2712-10,926,1,SHOP. METRÔ ITAQUERA,JD. SÃO NICOLAU,5,15:22,2,30.0,2,20.0,22.08,21.7,0.0,10000,3.6,801,3.0,22.5,45.0,0,6.1,23.5,0.5,0.667,75.0,3,1,0.3698,Estabilizado,Operação Normal
2026-08-22T18:22:54.281376,9023-10,1437,1,TERM. PIRITUBA,PQ. DE TAIPAS,5,15:22,4,15.0,4,20.0,22.08,21.7,0.0,10000,3.6,801,3.0,22.5,45.0,0,6.1,23.5,0.5,1.0,62.5,5,1,0.3053,Estabilizado,Operação Normal
2026-08-22T18:22:54.281376,6L05-10,1173,1,TERM. PARELHEIROS,BARRAGEM,5,15:22,4,15.0,4,20.0,22.08,21.7,0.0,10000,3.6,801,3.0,22.5,45.0,0,6.1,23.5,0.5,1.0,62.5,5,1,0.3053,Estabilizado,Operação Normal
2026-08-22T18:22:54.281376,6960-10,1443,1,TERM. STO. AMARO,TERM. VARGINHA,5,15:22,5,12.0,5,20.0,22.08,21.7,0.0,10000,3.6,801,3.0,22.5,45.0,0,6.1,23.5,0.5,1.0,60.0,6,1,0.299,Estabilizado,Operação Normal
2026-08-22T18:22:54.281376,6046-10,1223,1,STO. AMARO,JD. SÃO BENTO NOVO,5,15:22,3,20.0,3,20.0,22.08,21.7,0.0,10000,3.6,801,3.0,22.5,45.0,0,6.1,23.5,0.5,1.0,66.67,4,1,0.3157,Estabilizado,Operação Normal
2026-08-22T18:22:54.281376,6000-10,33908,2,TERM. STO. AMARO,TERM. PARELHEIROS,5,15:22,10,6.0,11,20.0,22.08,21.7,0.0,10000,3.6,801,3.0,22.5,45.0,0,6.1,23.5,0.5,1.0,65.0,13,3,0.3115,Estabilizado,Operação Normal
2026-08-22T18:22:54.281376,573A-10,1637,1,VL. ALPINA,METRÔ BRESSER,5,15:22,5,12.0,5,20.0,22.08,21.7,0.0,10000,3.6,801,3.0,22.5,45.0,0,6.1,23.5,0.5,1.0,60.0,6,1,0.299,Estabilizado,Operação Normal
2026-08-22T18:22:54.281376,9009-10,877,1,TERM. CACHOEIRINHA,COHAB BRASILÂNDIA,5,15:22,6,10.0,6,20.0,22.08,21.7,0.0,10000,3.6,801,3.0,22.5,45.0,0,6.1,23.5,0.5,1.0,58.33,7,1,0.2948,Estabilizado,Operação Normal
2026-08-22T18:22:54.281376,550P-10,35455,2,METRÔ BRÁS,TERM. VL. PRUDENTE,5,15:22,1,60.0,1,20.0,22.08,21.7,0.0,10000,3.6,801,3.0,22.5,45.0,0,6.1,23.5,0.5,0.333,100.0,2,1,0.4657,Estabilizado,Operação Normal
2026-08-22T18:22:54.281376,775V-10,33243,2,ITAIM BIBI,RIO PEQUENO,5,15:22,4,15.0,4,20.0,22.08,21.7,0.0,10000,3.6,801,3.0,22.5,45.0,0,6.1,23.5,0.5,1.0,62.5,5,1,0.3053,Estabilizado,Operação Normal
2026-08-22T18:22:54.281376,4051-10,34912,2,CPTM GUAIANASES,JD. SÃO PAULO,5,15:22,2,30.0,2,20.0,22.08,21.7,0.0,10000,3.6,801,3.0,22.5,45.0,0,6.1,23.5,0.5,0.667,75.0,3,1,0.3698,Estabilizado,Operação Normal
2026-08-22T18:22:54.281376,524L-10,34483,2,METRÔ TATUAPÉ,PQ. SÃO LUCAS,5,15:22,2,30.0,2,20.0,22.08,21.7,0.0,10000,3.6,801,3.0,22.5,45.0,0,6.1,23.5,0.5,0.667,75.0,3,1,0.3698,Estabilizado,Operação Normal
2026-08-22T18:22:54.281376,8009-31,1260,1,TERM. PIRITUBA,CID. D'ABRIL 3ª GLEBA,5,15:22,2,30.0,2,20.0,22.08,21.7,0.0,10000,3.6,801,3.0,22.5,45.0,0,6.1,23.5,0.5,0.667,75.0,3,1,0.3698,Estabilizado,Operação Normal
2026-08-22T18:22:54.281376,5020-10,34438,2,TERM. SACOMÃ,HOSP. HELIÓPOLIS,5,15:22,2,30.0,2,20.0,22.08,21.7,0.0,10000,3.6,801,3.0,22.5,45.0,0,6.1,23.5,0.5,0.667,75.0,3,1,0.3698,Estabilizado,Operação Normal
2026-08-22T18:22:54.281376,6044-10,1221,1,TERM. STO. AMARO,JD. D. JOSÉ,5,15:22,1,60.0,1,20.0,22.08,21.7,0.0,10000,3.6,801,3.0,22.5,45.0,0,6.1,23.5,0.5,0.333,100.0,2,1,0.4657,Estabilizado,Operação Normal
2026-08-22T18:22:54.281376,1786-10,649,1,METRÔ SANTANA,VL. ALBERTINA,5,15:22,3,20.0,3,20.0,22.08,21.7,0.0,10000,3.6,801,3.0,22.5,45.0,0,6.1,23.5,0.5,1.0,66.67,4,1,0.3157,Estabilizado,Operação Normal
2026-08-22T18:22:54.281376,3901-10,1469,1,METRÔ PENHA,JD. DANFER,5,15:22,1,60.0,1,20.0,22.08,21.7,0.0,10000,3.6,801,3.0,22.5,45.0,0,6.1,23.5,0.5,0.333,100.0,2,1,0.4657,Estabilizado,Operação Normal
2026-08-22T18:22:54.281376,3013-10,954,1,METALÚRGICOS,TERM. CID. TIRADENTES,5,15:22,1,60.0,1,20.0,22.08,21.7,0.0,10000,3.6,801,3.0,22.5,45.0,0,6.1,23.5,0.5,0.333,100.0,2,1,0.4657,Estabilizado,Operação Normal
2026-08-22T18:22:54.281376,148P-10,534,1,METRÔ BARRA FUNDA,PEDRA BRANCA,5,15:22,4,15.0,4,20.0,22.08,21.7,0.0,10000,3.6,801,3.0,22.5,45.0,0,6.1,23.5,0.5,1.0,62.5,5,1,0.3053,Estabilizado,Operação Normal
2026-08-22T18:22:54.281376,6016-10,84,1,TERM. GRAJAÚ,JD. NORONHA,5,15:22,3,20.0,3,20.0,22.08,21.7,0.0,10000,3.6,801,3.0,22.5,45.0,0,6.1,23.5,0.5,1.0,66.67,4,1,0.3157,Estabilizado,Operação Normal
2026-08-22T18:22:54.281376,3099-10,33847,2,JD. DA CONQUISTA,HOSP. SÃO MATEUS,5,15:22,4,15.0,4,20.0,22.08,21.7,0.0,10000,3.6,801,3.0,22.5,45.0,0,6.1,23.5,0.5,1.0,62.5,5,1,0.3053,Estabilizado,Operação Normal
2026-08-22T18:22:54.281376,3098-10,33846,2,SHOP. ARICANDUVA,JD. SÃO FRANCISCO,5,15:22,7,8.6,7,20.0,22.08,21.7,0.0,10000,3.6,801,3.0,22.5,45.0,0,6.1,23.5,0.5,1.0,64.29,9,2,0.3097,Estabilizado,Operação Normal
2026-08-22T18:22:54.281376,1767-10,628,1,METRÔ TUCURUVI,PQ. EDU CHAVES,5,15:22,2,30.0,2,20.0,22.08,21.7,0.0,10000,3.6,801,3.0,22.5,45.0,0,6.1,23.5,0.5,0.667,75.0,3,1,0.3698,Estabilizado,Operação Normal
2026-08-22T18:22:54.281376,8200-10,34031,2,TERM. LAPA,TERM. PIRITUBA,5,15:22,2,30.0,2,20.0,22.08,21.7,0.0,10000,3.6,801,3.0,22.5,45.0,0,6.1,23.5,0.5,0.667,75.0,3,1,0.3698,Estabilizado,Operação Normal
2026-08-22T18:22:54.281376,273D-10,222,1,METRÔ ARTUR ALVIM,PQ. D. JOÃO NERY,5,15:22,3,20.0,3,20.0,22.08,21.7,0.0,10000,3.6,801,3.0,22.5,45.0,0,6.1,23.5,0.5,1.0,66.67,4,1,0.3157,Estabilizado,Operação Normal
2026-08-22T18:22:54.281376,7055-10,1888,1,TERM. CAMPO LIMPO,JD. GUARUJÁ,5,15:22,4,15.0,4,20.0,22.08,21.7,0.0,10000,3.6,801,3.0,22.5,45.0,0,6.1,23.5,0.5,1.0,62.5,5,1,0.3053,Estabilizado,Operação Normal
2026-08-22T18:22:54.281376,2734-10,1760,1,METRÔ ITAQUERA,JD. CAMPOS,5,15:22,6,10.0,6,20.0,22.08,21.7,0.0,10000,3.6,801,3.0,22.5,45.0,0,6.1,23.5,0.5,1.0,58.33,7,1,0.2948,Estabilizado,Operação Normal
2026-08-22T18:22:54.281376,4016-10,34957,2,TERM. SÃO MATEUS,PQ. SÃO RAFAEL,5,15:22,2,30.0,2,20.0,22.08,21.7,0.0,10000,3.6,801,3.0,22.5,45.0,0,6.1,23.5,0.5,0.667,75.0,3,1,0.3698,Estabilizado,Operação Normal
2026-08-22T18:22:54.281376,9300-10,32884,2,TERM. PQ. D. PEDRO II,TERM. CASA VERDE,5,15:22,3,20.0,3,20.0,22.08,21.7,0.0,10000,3.6,801,3.0,22.5,45.0,0,6.1,23.5,0.5,1.0,66.67,4,1,0.3157,Estabilizado,Operação Normal
2026-08-22T18:22:54.281376,354M-10,34387,2,TERM. SÃO MATEUS,TERM. SÃO MIGUEL,5,15:22,5,12.0,5,20.0,22.08,21.7,0.0,10000,3.6,801,3.0,22.5,45.0,0,6.1,23.5,0.5,1.0,60.0,6,1,0.299,Estabilizado,Operação Normal
2026-08-22T18:22:54.281376,9008-10,33643,2,TERM. CACHOEIRINHA,PQ. DE TAIPAS,5,15:22,3,20.0,3,20.0,22.08,21.7,0.0,10000,3.6,801,3.0,22.5,45.0,0,6.1,23.5,0.5,1.0,66.67,4,1,0.3157,Estabilizado,Operação Normal
2026-08-22T18:22:54.281376,177Y-10,867,1,PINHEIROS,METRÔ BARRA FUNDA,5,15:22,2,30.0,2,20.0,22.08,21.7,0.0,10000,3.6,801,3.0,22.5,45.0,0,6.1,23.5,0.5,0.667,75.0,3,1,0.3698,Estabilizado,Operação Normal
2026-08-22T18:22:54.281376,2006-10,895,1,CPTM ITAIM PAULISTA,CID. KEMEL I,5,15:22,7,8.6,7,20.0,22.08,21.7,0.0,10000,3.6,801,3.0,22.5,45.0,0,6.1,23.5,0.5,1.0,64.29,9,2,0.3097,Estabilizado,Operação Normal
2026-08-22T18:22:54.281376,917M-10,1366,1,METRÔ ANA ROSA,MORRO GRANDE,5,15:22,2,30.0,2,20.0,22.08,21.7,0.0,10000,3.6,801,3.0,22.5,45.0,0,6.1,23.5,0.5,0.667,75.0,3,1,0.3698,Estabilizado,Operação Normal
2026-08-22T18:22:54.281376,7009-10,1951,1,JD. ÂNGELA,JD. SÃO LOURENÇO,5,15:22,1,60.0,1,20.0,22.08,21.7,0.0,10000,3.6,801,3.0,22.5,45.0,0,6.1,23.5,0.5,0.333,100.0,2,1,0.4657,Estabilizado,Operação Normal
2026-08-22T18:22:54.281376,178T-10,565,1,CEASA,METRÔ SANTANA,5,15:22,3,20.0,3,20.0,22.08,21.7,0.0,10000,3.6,801,3.0,22.5,45.0,0,6.1,23.5,0.5,1.0,66.67,4,1,0.3157,Estabilizado,Operação Normal
2026-08-22T18:22:54.281376,6031-10,92,1,EST. MENDES/VL. NATAL,TERM. GRAJAÚ,5,15:22,4,15.0,4,20.0,22.08,21.7,0.0,10000,3.6,801,3.0,22.5,45.0,0,6.1,23.5,0.5,1.0,62.5,5,1,0.3053,Estabilizado,Operação Normal
2026-08-22T18:22:54.281376,118C-10,519,1,TERM. AMARAL GURGEL,JD. PERY ALTO,5,15:22,7,8.6,7,20.0,22.08,21.7,0.0,10000,3.6,801,3.0,22.5,45.0,0,6.1,23.5,0.5,1.0,64.29,9,2,0.3097,Estabilizado,Operação Normal
2026-08-22T18:22:54.281376,3002-10,1808,1,SÃO MIGUEL,JD. MABEL,5,15:22,4,15.0,4,20.0,22.08,21.7,0.0,10000,3.6,801,3.0,22.5,45.0,0,6.1,23.5,0.5,1.0,62.5,5,1,0.3053,Estabilizado,Operação Normal
2026-08-22T18:22:54.281376,675I-10,68,1,METRÔ SÃO JUDAS,TERM. JOÃO DIAS,5,15:22,2,30.0,2,20.0,22.08,21.7,0.0,10000,3.6,801,3.0,22.5,45.0,0,6.1,23.5,0.5,0.667,75.0,3,1,0.3698,Estabilizado,Operação Normal
2026-08-22T18:22:54.281376,3741-10,33809,2,METRÔ ITAQUERA,CPTM D. BOSCO,5,15:22,3,20.0,3,20.0,22.08,21.7,0.0,10000,3.6,801,3.0,22.5,45.0,0,6.1,23.5,0.5,1.0,66.67,4,1,0.3157,Estabilizado,Operação Normal
2026-08-22T18:22:54.281376,3791-10,1069,1,METRÔ ARTUR ALVIM,SHOP. ARICANDUVA,5,15:22,1,60.0,1,20.0,22.08,21.7,0.0,10000,3.6,801,3.0,22.5,45.0,0,6.1,23.5,0.5,0.333,100.0,2,1,0.4657,Estabilizado,Operação Normal
2026-08-22T18:22:54.281376,7016-10,2118,1,TERM. STO. AMARO,JD. ÂNGELA,5,15:22,2,30.0,2,20.0,22.08,21.7,0.0,10000,3.6,801,3.0,22.5,45.0,0,6.1,23.5,0.5,0.667,75.0,3,1,0.3698,Estabilizado,Operação Normal
2026-08-22T18:22:54.281376,8047-10,33176,2,LAPA,JARAGUÁ,5,15:22,2,30.0,2,20.0,22.08,21.7,0.0,10000,3.6,801,3.0,22.5,45.0,0,6.1,23.5,0.5,0.667,75.0,3,1,0.3698,Estabilizado,Operação Normal
2026-08-22T18:22:54.281376,847P-42,34192,2,VL. OLÍMPIA,BRASILÂNDIA,5,15:22,1,60.0,1,20.0,22.08,21.7,0.0,10000,3.6,801,3.0,22.5,45.0,0,6.1,23.5,0.5,0.333,100.0,2,1,0.4657,Estabilizado,Operação Normal
2026-08-22T18:22:54.281376,606Y-10,2589,1,CHÁC. DO CONDE,EST. MENDES/VL. NATAL,5,15:22,3,20.0,3,20.0,22.08,21.7,0.0,10000,3.6,801,3.0,22.5,45.0,0,6.1,23.5,0.5,1.0,66.67,4,1,0.3157,Estabilizado,Operação Normal
2026-08-22T18:22:54.281376,9501-10,33230,2,LGO. DO PAISSANDÚ,TERM. CACHOEIRINHA,5,15:22,4,15.0,4,20.0,22.08,21.7,0.0,10000,3.6,801,3.0,22.5,45.0,0,6.1,23.5,0.5,1.0,62.5,5,1,0.3053,Estabilizado,Operação Normal
2026-08-22T18:22:54.281376,971V-10,33387,2,SHOP. CENTER NORTE,JD. VISTA ALEGRE,5,15:22,3,20.0,3,20.0,22.08,21.7,0.0,10000,3.6,801,3.0,22.5,45.0,0,6.1,23.5,0.5,1.0,66.67,4,1,0.3157,Estabilizado,Operação Normal
2026-08-22T18:22:54.281376,3023-10,33728,2,PQ. SÃO RAFAEL,SHOP. ARICANDUVA,5,15:22,3,20.0,3,20.0,22.08,21.7,0.0,10000,3.6,801,3.0,22.5,45.0,0,6.1,23.5,0.5,1.0,66.67,4,1,0.3157,Estabilizado,Operação Normal
2026-08-22T18:22:54.281376,3796-10,33842,2,METRÔ ITAQUERA,GLEBA DO PESSEGO,5,15:22,3,20.0,3,20.0,22.08,21.7,0.0,10000,3.6,801,3.0,22.5,45.0,0,6.1,23.5,0.5,1.0,66.67,4,1,0.3157,Estabilizado,Operação Normal
2026-08-22T18:22:54.281376,6840-10,201,1,TERM. CAPELINHA,TERM. JD. JACIRA,5,15:22,2,30.0,2,20.0,22.08,21.7,0.0,10000,3.6,801,3.0,22.5,45.0,0,6.1,23.5,0.5,0.667,75.0,3,1,0.3698,Estabilizado,Operação Normal
2026-08-22T18:22:54.281376,8029-10,2540,1,TERM. MORUMBI,SHOP. PORTAL,5,15:22,2,30.0,2,20.0,22.08,21.7,0.0,10000,3.6,801,3.0,22.5,45.0,0,6.1,23.5,0.5,0.667,75.0,3,1,0.3698,Estabilizado,Operação Normal
2026-08-22T18:22:54.281376,7267-10,1427,1,PÇA. RAMOS DE AZEVEDO,APIACÁS,5,15:22,2,30.0,2,20.0,22.08,21.7,0.0,10000,3.6,801,3.0,22.5,45.0,0,6.1,23.5,0.5,0.667,75.0,3,1,0.3698,Estabilizado,Operação Normal
2026-08-22T18:22:54.281376,3902-10,1470,1,CPTM GUAIANASES,CPTM JD. ROMANO,5,15:22,4,15.0,4,20.0,22.08,21.7,0.0,10000,3.6,801,3.0,22.5,45.0,0,6.1,23.5,0.5,1.0,62.5,5,1,0.3053,Estabilizado,Operação Normal
2026-08-22T18:22:54.281376,1744-10,544,1,METRÔ SANTANA,LAUZANE PAULISTA,5,15:22,2,30.0,2,20.0,22.08,21.7,0.0,10000,3.6,801,3.0,22.5,45.0,0,6.1,23.5,0.5,0.667,75.0,3,1,0.3698,Estabilizado,Operação Normal
2026-08-22T18:22:54.281376,4001-10,2176,1,TERM. VL. CARRÃO,ITAQUERA,5,15:22,1,60.0,1,20.0,22.08,21.7,0.0,10000,3.6,801,3.0,22.5,45.0,0,6.1,23.5,0.5,0.333,100.0,2,1,0.4657,Estabilizado,Operação Normal
2026-08-22T18:22:54.281376,2127-10,693,1,LIBERDADE,PQ. EDU CHAVES,5,15:22,2,30.0,2,20.0,22.08,21.7,0.0,10000,3.6,801,3.0,22.5,45.0,0,6.1,23.5,0.5,0.667,75.0,3,1,0.3698,Estabilizado,Operação Normal
2026-08-22T18:22:54.281376,3141-10,33502,2,TERM. PQ. D. PEDRO II,SÃO MATEUS,5,15:22,3,20.0,3,20.0,22.08,21.7,0.0,10000,3.6,801,3.0,22.5,45.0,0,6.1,23.5,0.5,1.0,66.67,4,1,0.3157,Estabilizado,Operação Normal
2026-08-22T18:22:54.281376,9023-10,34205,2,TERM. PIRITUBA,PQ. DE TAIPAS,5,15:22,7,8.6,7,20.0,22.08,21.7,0.0,10000,3.6,801,3.0,22.5,45.0,0,6.1,23.5,0.5,1.0,64.29,9,2,0.3097,Estabilizado,Operação Normal
2026-08-22T18:22:54.281376,5036-10,34434,2,TERM. SACOMÃ,JD. CELESTE,5,15:22,2,30.0,2,20.0,22.08,21.7,0.0,10000,3.6,801,3.0,22.5,45.0,0,6.1,23.5,0.5,0.667,75.0,3,1,0.3698,Estabilizado,Operação Normal
2026-08-22T18:22:54.281376,2025-10,2267,1,SANTANA,VL. NOVA GALVÃO,5,15:22,3,20.0,3,20.0,22.08,21.7,0.0,10000,3.6,801,3.0,22.5,45.0,0,6.1,23.5,0.5,1.0,66.67,4,1,0.3157,Estabilizado,Operação Normal
2026-08-22T18:22:54.281376,8006-10,34024,2,TERM. PIRITUBA,JD. DONÁRIA,5,15:22,3,20.0,3,20.0,22.08,21.7,0.0,10000,3.6,801,3.0,22.5,45.0,0,6.1,23.5,0.5,1.0,66.67,4,1,0.3157,Estabilizado,Operação Normal
2026-08-22T18:22:54.281376,2008-10,897,1,CPTM ITAIM PAULISTA,JD. NSA. SRA. DO CAMINHO,5,15:22,2,30.0,2,20.0,22.08,21.7,0.0,10000,3.6,801,3.0,22.5,45.0,0,6.1,23.5,0.5,0.667,75.0,3,1,0.3698,Estabilizado,Operação Normal
2026-08-22T18:22:54.281376,695Y-42,35400,2,TERM. EST. VARGINHA,TERM. PARELHEIROS,5,15:22,3,20.0,3,20.0,22.08,21.7,0.0,10000,3.6,801,3.0,22.5,45.0,0,6.1,23.5,0.5,1.0,66.67,4,1,0.3157,Estabilizado,Operação Normal
2026-08-22T18:22:54.281376,8019-31,2574,1,TERM. VL. SÔNIA,PQ. CONTINENTAL,5,15:22,2,30.0,2,20.0,22.08,21.7,0.0,10000,3.6,801,3.0,22.5,45.0,0,6.1,23.5,0.5,0.667,75.0,3,1,0.3698,Estabilizado,Operação Normal
2026-08-22T18:22:54.281376,1026-10,35074,2,CONEXÃO PETRÔNIO PORTELA,VL. IARA,5,15:22,2,30.0,2,20.0,22.08,21.7,0.0,10000,3.6,801,3.0,22.5,45.0,0,6.1,23.5,0.5,0.667,75.0,3,1,0.3698,Estabilizado,Operação Normal
2026-08-22T18:22:54.281376,1773-10,33405,2,MANDAQUI,CEM. PQ. DOS PINHEIROS,5,15:22,2,30.0,2,20.0,22.08,21.7,0.0,10000,3.6,801,3.0,22.5,45.0,0,6.1,23.5,0.5,0.667,75.0,3,1,0.3698,Estabilizado,Operação Normal
2026-08-22T18:22:54.281376,5141-10,1625,1,PÇA. DO CORREIO,TERM. SAPOPEMBA,5,15:22,1,60.0,1,20.0,22.08,21.7,0.0,10000,3.6,801,3.0,22.5,45.0,0,6.1,23.5,0.5,0.333,100.0,2,1,0.4657,Estabilizado,Operação Normal
2026-08-22T18:22:54.281376,2702-10,914,1,METRÔ ARTUR ALVIM,VL. AMERICANA,5,15:22,1,60.0,1,20.0,22.08,21.7,0.0,10000,3.6,801,3.0,22.5,45.0,0,6.1,23.5,0.5,0.333,100.0,2,1,0.4657,Estabilizado,Operação Normal
2026-08-22T18:22:54.281376,178A-10,558,1,LAPA,METRÔ SANTANA,5,15:22,3,20.0,3,20.0,22.08,21.7,0.0,10000,3.6,801,3.0,22.5,45.0,0,6.1,23.5,0.5,1.0,66.67,4,1,0.3157,Estabilizado,Operação Normal
2026-08-22T18:22:54.281376,6075-10,33930,2,TERM. VARGINHA,JD. REC. CAMPO BELO,5,15:22,6,10.0,6,20.0,22.08,21.7,0.0,10000,3.6,801,3.0,22.5,45.0,0,6.1,23.5,0.5,1.0,58.33,7,1,0.2948,Estabilizado,Operação Normal
2026-08-22T18:22:54.281376,6084-10,33937,2,TERM. EST. VARGINHA,JD. CHÁC. DO SOL,5,15:22,2,30.0,2,20.0,22.08,21.7,0.0,10000,3.6,801,3.0,22.5,45.0,0,6.1,23.5,0.5,0.667,75.0,3,1,0.3698,Estabilizado,Operação Normal
2026-08-22T18:22:54.281376,1024-10,2302,1,CONEXÃO PETRÔNIO PORTELA,JD. CAROMBÉ,5,15:22,3,20.0,3,20.0,22.08,21.7,0.0,10000,3.6,801,3.0,22.5,45.0,0,6.1,23.5,0.5,1.0,66.67,4,1,0.3157,Estabilizado,Operação Normal
2026-08-22T18:22:54.281376,3728-10,33793,2,PQ. SAVOY CITY,METRÔ ARTUR ALVIM,5,15:22,4,15.0,4,20.0,22.08,21.7,0.0,10000,3.6,801,3.0,22.5,45.0,0,6.1,23.5,0.5,1.0,62.5,5,1,0.3053,Estabilizado,Operação Normal
2026-08-22T18:22:54.281376,574W-10,1629,1,METRÔ BELÉM,JD. WALKIRIA,5,15:22,2,30.0,2,20.0,22.08,21.7,0.0,10000,3.6,801,3.0,22.5,45.0,0,6.1,23.5,0.5,0.667,75.0,3,1,0.3698,Estabilizado,Operação Normal
2026-08-22T18:22:54.281376,9785-10,33596,2,METRÔ BARRA FUNDA,VL. TEREZINHA,5,15:22,7,8.6,7,20.0,22.08,21.7,0.0,10000,3.6,801,3.0,22.5,45.0,0,6.1,23.5,0.5,1.0,64.29,9,2,0.3097,Estabilizado,Operação Normal
2026-08-22T18:22:54.281376,7011-10,34720,2,JD. ÂNGELA,JD. DOS REIS,5,15:22,1,60.0,1,20.0,22.08,21.7,0.0,10000,3.6,801,3.0,22.5,45.0,0,6.1,23.5,0.5,0.333,100.0,2,1,0.4657,Estabilizado,Operação Normal
2026-08-22T18:22:54.281376,6455-10,32831,2,LGO. SÃO FRANCISCO,TERM. CAPELINHA,5,15:22,4,15.0,4,20.0,22.08,21.7,0.0,10000,3.6,801,3.0,22.5,45.0,0,6.1,23.5,0.5,1.0,62.5,5,1,0.3053,Estabilizado,Operação Normal
2026-08-22T18:22:54.281376,6039-21,2493,1,COHAB JD. SÃO BENTO,TERM. CAPELINHA,5,15:22,2,30.0,2,20.0,22.08,21.7,0.0,10000,3.6,801,3.0,22.5,45.0,0,6.1,23.5,0.5,0.667,75.0,3,1,0.3698,Estabilizado,Operação Normal
2026-08-22T18:22:54.281376,809T-10,2246,1,LAPA,COHAB RAPOSO TAVARES,5,15:22,1,60.0,1,20.0,22.08,21.7,0.0,10000,3.6,801,3.0,22.5,45.0,0,6.1,23.5,0.5,0.333,100.0,2,1,0.4657,Estabilizado,Operação Normal
2026-08-22T18:22:54.281376,4727-10,340,1,METRÔ PÇA. DA ÁRVORE,JD. CLÍMAX,5,15:22,3,20.0,3,20.0,22.08,21.7,0.0,10000,3.6,801,3.0,22.5,45.0,0,6.1,23.5,0.5,1.0,66.67,4,1,0.3157,Estabilizado,Operação Normal
2026-08-22T18:22:54.281376,677Y-10,1240,1,TERM. CAPELINHA,JD. GUARUJÁ,5,15:22,4,15.0,4,20.0,22.08,21.7,0.0,10000,3.6,801,3.0,22.5,45.0,0,6.1,23.5,0.5,1.0,62.5,5,1,0.3053,Estabilizado,Operação Normal
2026-08-22T18:22:54.281376,746P-10,33556,2,STO. AMARO,PARAISÓPOLIS,5,15:22,7,8.6,7,20.0,22.08,21.7,0.0,10000,3.6,801,3.0,22.5,45.0,0,6.1,23.5,0.5,1.0,64.29,9,2,0.3097,Estabilizado,Operação Normal
2026-08-22T18:22:54.281376,7281-10,1334,1,PÇA. RAMOS DE AZEVEDO,LAPA,5,15:22,1,60.0,1,20.0,22.08,21.7,0.0,10000,3.6,801,3.0,22.5,45.0,0,6.1,23.5,0.5,0.333,100.0,2,1,0.4657,Estabilizado,Operação Normal
2026-08-22T18:22:54.281376,6050-10,1225,1,TERM. GRAJAÚ,PQ. COCAIA,5,15:22,2,30.0,2,20.0,22.08,21.7,0.0,10000,3.6,801,3.0,22.5,45.0,0,6.1,23.5,0.5,0.667,75.0,3,1,0.3698,Estabilizado,Operação Normal
2026-08-22T18:22:54.281376,8019-31,35342,2,TERM. VL. SÔNIA,PQ. CONTINENTAL,5,15:22,3,20.0,3,20.0,22.08,21.7,0.0,10000,3.6,801,3.0,22.5,45.0,0,6.1,23.5,0.5,1.0,66.67,4,1,0.3157,Estabilizado,Operação Normal
2026-08-22T18:22:54.281376,809T-10,35014,2,LAPA,COHAB RAPOSO TAVARES,5,15:22,3,20.0,3,20.0,22.08,21.7,0.0,10000,3.6,801,3.0,22.5,45.0,0,6.1,23.5,0.5,1.0,66.67,4,1,0.3157,Estabilizado,Operação Normal
2026-08-22T18:22:54.281376,5106-21,1972,1,TERM. ÁGUA ESPRAIADA,JD. SELMA,5,15:22,5,12.0,5,20.0,22.08,21.7,0.0,10000,3.6,801,3.0,22.5,45.0,0,6.1,23.5,0.5,1.0,60.0,6,1,0.299,Estabilizado,Operação Normal
2026-08-22T18:22:54.281376,6826-10,16,1,TERM. CAPELINHA,JD. D. JOSÉ,5,15:22,2,30.0,2,20.0,22.08,21.7,0.0,10000,3.6,801,3.0,22.5,45.0,0,6.1,23.5,0.5,0.667,75.0,3,1,0.3698,Estabilizado,Operação Normal
2026-08-22T18:22:54.281376,6030-10,33910,2,TERM. STO. AMARO,UNISA-CAMPUS 1,5,15:22,5,12.0,5,20.0,22.08,21.7,0.0,10000,3.6,801,3.0,22.5,45.0,0,6.1,23.5,0.5,1.0,60.0,6,1,0.299,Estabilizado,Operação Normal
2026-08-22T18:22:54.281376,407I-10,2222,1,METRÔ BRESSER,CONJ. MANOEL DA NÓBREGA,5,15:22,3,20.0,3,20.0,22.08,21.7,0.0,10000,3.6,801,3.0,22.5,45.0,0,6.1,23.5,0.5,1.0,66.67,4,1,0.3157,Estabilizado,Operação Normal
2026-08-22T18:22:54.281376,6053-10,33913,2,TERM. GRAJAÚ,JD. ELLUS,5,15:22,1,60.0,1,20.0,22.08,21.7,0.0,10000,3.6,801,3.0,22.5,45.0,0,6.1,23.5,0.5,0.333,100.0,2,1,0.4657,Estabilizado,Operação Normal
2026-08-22T18:22:54.281376,857A-10,34693,2,METRÔ STA. CRUZ,TERM. CAMPO LIMPO,5,15:22,4,15.0,4,20.0,22.08,21.7,0.0,10000,3.6,801,3.0,22.5,45.0,0,6.1,23.5,0.5,1.0,62.5,5,1,0.3053,Estabilizado,Operação Normal
2026-08-22T18:22:54.281376,8030-10,2562,1,TERM. VL. SÔNIA,PARAISÓPOLIS,5,15:22,3,20.0,3,20.0,22.08,21.7,0.0,10000,3.6,801,3.0,22.5,45.0,0,6.1,23.5,0.5,1.0,66.67,4,1,0.3157,Estabilizado,Operação Normal
2026-08-22T18:22:54.281376,8020-10,34494,2,SHOP. MORUMBI,BUTANTÃ,5,15:22,2,30.0,2,20.0,22.08,21.7,0.0,10000,3.6,801,3.0,22.5,45.0,0,6.1,23.5,0.5,0.667,75.0,3,1,0.3698,Estabilizado,Operação Normal
2026-08-22T18:22:54.281376,9354-10,708,1,PÇA. DO CORREIO,TERM. CACHOEIRINHA,5,15:22,2,30.0,2,20.0,22.08,21.7,0.0,10000,3.6,801,3.0,22.5,45.0,0,6.1,23.5,0.5,0.667,75.0,3,1,0.3698,Estabilizado,Operação Normal
2026-08-22T18:22:54.281376,4115-10,33090,2,PÇA. DA REPÚBLICA,SHOP. PLAZA SUL,5,15:22,2,30.0,2,20.0,22.08,21.7,0.0,10000,3.6,801,3.0,22.5,45.0,0,6.1,23.5,0.5,0.667,75.0,3,1,0.3698,Estabilizado,Operação Normal
2026-08-22T18:22:54.281376,4087-10,35370,2,VL. POPULAR,E.T. ITAQUERA,5,15:22,1,60.0,1,20.0,22.08,21.7,0.0,10000,3.6,801,3.0,22.5,45.0,0,6.1,23.5,0.5,0.333,100.0,2,1,0.4657,Estabilizado,Operação Normal
2026-08-22T18:22:54.281376,4028-10,1098,1,DIV. DE MAUÁ,HOSP. SÃO MATEUS,5,15:22,3,20.0,3,20.0,22.08,21.7,0.0,10000,3.6,801,3.0,22.5,45.0,0,6.1,23.5,0.5,1.0,66.67,4,1,0.3157,Estabilizado,Operação Normal
2026-08-22T18:22:54.281376,971C-10,33339,2,METRÔ SANTANA,COHAB BRASILÂNDIA,5,15:22,2,30.0,2,20.0,22.08,21.7,0.0,10000,3.6,801,3.0,22.5,45.0,0,6.1,23.5,0.5,0.667,75.0,3,1,0.3698,Estabilizado,Operação Normal
2026-08-22T18:22:54.281376,6500-10,32814,2,TERM. BANDEIRA,TERM. STO. AMARO,5,15:22,2,30.0,2,20.0,22.08,21.7,0.0,10000,3.6,801,3.0,22.5,45.0,0,6.1,23.5,0.5,0.667,75.0,3,1,0.3698,Estabilizado,Operação Normal
2026-08-22T18:22:54.281376,958P-10,465,1,VL. OLÍMPIA,JD. NARDINI,5,15:22,2,30.0,2,20.0,22.08,21.7,0.0,10000,3.6,801,3.0,22.5,45.0,0,6.1,23.5,0.5,0.667,75.0,3,1,0.3698,Estabilizado,Operação Normal
2026-08-22T18:22:54.281376,4113-10,768,1,PÇA. DA REPÚBLICA,GENTIL DE MOURA,5,15:22,9,6.7,9,20.0,22.08,21.7,0.0,10000,3.6,801,3.0,22.5,45.0,0,6.1,23.5,0.5,1.0,61.11,11,2,0.3018,Estabilizado,Operação Normal
2026-08-22T18:22:54.281376,574C-10,34407,2,DIV. DE SÃO CAETANO,SÃO MATEUS,5,15:22,4,15.0,4,20.0,22.08,21.7,0.0,10000,3.6,801,3.0,22.5,45.0,0,6.1,23.5,0.5,1.0,62.5,5,1,0.3053,Estabilizado,Operação Normal
2026-08-22T18:22:54.281376,4311-10,34939,2,TERM. PQ. D. PEDRO II,TERM. SÃO MATEUS,5,15:22,5,12.0,5,20.0,22.08,21.7,0.0,10000,3.6,801,3.0,22.5,45.0,0,6.1,23.5,0.5,1.0,60.0,6,1,0.299,Estabilizado,Operação Normal
2026-08-22T18:22:54.281376,809L-10,1949,1,LAPA,CAMPO LIMPO,5,15:22,4,15.0,4,20.0,22.08,21.7,0.0,10000,3.6,801,3.0,22.5,45.0,0,6.1,23.5,0.5,1.0,62.5,5,1,0.3053,Estabilizado,Operação Normal
2026-08-22T18:22:54.281376,3009-10,35294,2,CPTM ITAIM PAULISTA,ITAIM PAULISTA,5,15:22,2,30.0,2,20.0,22.08,21.7,0.0,10000,3.6,801,3.0,22.5,45.0,0,6.1,23.5,0.5,0.667,75.0,3,1,0.3698,Estabilizado,Operação Normal
2026-08-22T18:22:54.281376,4052-10,34913,2,METRÔ ITAQUERA,CPTM GUAIANASES,5,15:22,3,20.0,3,20.0,22.08,21.7,0.0,10000,3.6,801,3.0,22.5,45.0,0,6.1,23.5,0.5,1.0,66.67,4,1,0.3157,Estabilizado,Operação Normal
2026-08-22T18:22:54.281376,917M-10,34134,2,METRÔ ANA ROSA,MORRO GRANDE,5,15:22,3,20.0,3,20.0,22.08,21.7,0.0,10000,3.6,801,3.0,22.5,45.0,0,6.1,23.5,0.5,1.0,66.67,4,1,0.3157,Estabilizado,Operação Normal
2026-08-22T18:22:54.281376,253F-10,158,1,TERM. SÃO MATEUS,TERM. A. E. CARVALHO,5,15:22,3,20.0,3,20.0,22.08,21.7,0.0,10000,3.6,801,3.0,22.5,45.0,0,6.1,23.5,0.5,1.0,66.67,4,1,0.3157,Estabilizado,Operação Normal
2026-08-22T18:22:54.281376,8028-10,2532,1,METRÔ MORUMBI,PARAISÓPOLIS,5,15:22,2,30.0,2,20.0,22.08,21.7,0.0,10000,3.6,801,3.0,22.5,45.0,0,6.1,23.5,0.5,0.667,75.0,3,1,0.3698,Estabilizado,Operação Normal
2026-08-22T18:22:54.281376,6045-10,1222,1,STO. AMARO,VALO VELHO,5,15:22,4,15.0,4,20.0,22.08,21.7,0.0,10000,3.6,801,3.0,22.5,45.0,0,6.1,23.5,0.5,1.0,62.5,5,1,0.3053,Estabilizado,Operação Normal
2026-08-22T18:22:54.281376,575A-10,1638,1,SHOP. METRÔ TATUAPÉ,DIV. SÃO CAETANO,5,15:22,1,60.0,1,20.0,22.08,21.7,0.0,10000,3.6,801,3.0,22.5,45.0,0,6.1,23.5,0.5,0.333,100.0,2,1,0.4657,Estabilizado,Operação Normal
2026-08-22T18:22:54.281376,5752-10,34055,2,METRÔ CONCEIÇÃO,VL. MISSIONÁRIA,5,15:22,3,20.0,3,20.0,22.08,21.7,0.0,10000,3.6,801,3.0,22.5,45.0,0,6.1,23.5,0.5,1.0,66.67,4,1,0.3157,Estabilizado,Operação Normal
2026-08-22T18:22:54.281376,4729-10,1108,1,METRÔ BELÉM,PQ. BANCÁRIO,5,15:22,2,30.0,2,20.0,22.08,21.7,0.0,10000,3.6,801,3.0,22.5,45.0,0,6.1,23.5,0.5,0.667,75.0,3,1,0.3698,Estabilizado,Operação Normal
2026-08-22T18:22:54.281376,719R-10,33237,2,METRÔ BARRA FUNDA,RIO PEQUENO,5,15:22,2,30.0,2,20.0,22.08,21.7,0.0,10000,3.6,801,3.0,22.5,45.0,0,6.1,23.5,0.5,0.667,75.0,3,1,0.3698,Estabilizado,Operação Normal
2026-08-22T18:22:54.281376,1156-10,33427,2,PÇA. DO CORREIO,VL. SABRINA,5,15:22,3,20.0,3,20.0,22.08,21.7,0.0,10000,3.6,801,3.0,22.5,45.0,0,6.1,23.5,0.5,1.0,66.67,4,1,0.3157,Estabilizado,Operação Normal
2026-08-22T18:22:54.281376,403A-10,2192,1,TERM. PENHA,CPTM JOSÉ BONIFÁCIO,5,15:22,4,15.0,4,20.0,22.08,21.7,0.0,10000,3.6,801,3.0,22.5,45.0,0,6.1,23.5,0.5,1.0,62.5,5,1,0.3053,Estabilizado,Operação Normal
2026-08-22T18:22:54.281376,3025-10,961,1,CPTM GUAIANASES,SÍTIO CONCEIÇÃO,5,15:22,4,15.0,4,20.0,22.08,21.7,0.0,10000,3.6,801,3.0,22.5,45.0,0,6.1,23.5,0.5,1.0,62.5,5,1,0.3053,Estabilizado,Operação Normal
2026-08-22T18:22:54.281376,4221-10,33093,2,TERM. PQ. D. PEDRO II,JD. PLANALTO,5,15:22,2,30.0,2,20.0,22.08,21.7,0.0,10000,3.6,801,3.0,22.5,45.0,0,6.1,23.5,0.5,0.667,75.0,3,1,0.3698,Estabilizado,Operação Normal
2026-08-22T18:22:54.281376,8055-51,33185,2,METRÔ BARRA FUNDA,PERUS,5,15:22,2,30.0,2,20.0,22.08,21.7,0.0,10000,3.6,801,3.0,22.5,45.0,0,6.1,23.5,0.5,0.667,75.0,3,1,0.3698,Estabilizado,Operação Normal
2026-08-22T18:22:54.281376,605A-10,2522,1,METRÔ JABAQUARA,CENTRO PARALIMPICO,5,15:22,1,60.0,1,20.0,22.08,21.7,0.0,10000,3.6,801,3.0,22.5,45.0,0,6.1,23.5,0.5,0.333,100.0,2,1,0.4657,Estabilizado,Operação Normal
2026-08-22T18:22:54.281376,4056-10,2237,1,TERM. SÃO MATEUS,PQ. BOA ESPERANÇA,5,15:22,1,60.0,1,20.0,22.08,21.7,0.0,10000,3.6,801,3.0,22.5,45.0,0,6.1,23.5,0.5,0.333,100.0,2,1,0.4657,Estabilizado,Operação Normal
2026-08-22T18:22:54.281376,2717-10,930,1,CANGAÍBA,METRÔ GUILHERMINA/ESPERANÇA,5,15:22,3,20.0,3,20.0,22.08,21.7,0.0,10000,3.6,801,3.0,22.5,45.0,0,6.1,23.5,0.5,1.0,66.67,4,1,0.3157,Estabilizado,Operação Normal
2026-08-22T18:22:54.281376,507T-10,2208,1,METRÔ CARRÃO,TERM. SAPOPEMBA,5,15:22,5,12.0,5,20.0,22.08,21.7,0.0,10000,3.6,801,3.0,22.5,45.0,0,6.1,23.5,0.5,1.0,60.0,6,1,0.299,Estabilizado,Operação Normal
2026-08-22T18:22:54.281376,3795-10,33841,2,METRÔ ITAQUERA,JD. SÃO CARLOS,5,15:22,2,30.0,2,20.0,22.08,21.7,0.0,10000,3.6,801,3.0,22.5,45.0,0,6.1,23.5,0.5,0.667,75.0,3,1,0.3698,Estabilizado,Operação Normal
2026-08-22T18:22:54.281376,8009-31,34028,2,TERM. PIRITUBA,CID. D'ABRIL 3ª GLEBA,5,15:22,1,60.0,1,20.0,22.08,21.7,0.0,10000,3.6,801,3.0,22.5,45.0,0,6.1,23.5,0.5,0.333,100.0,2,1,0.4657,Estabilizado,Operação Normal
2026-08-22T18:22:54.281376,6L08-10,33950,2,HOSP. PARELHEIROS,JD. SÃO NICOLAU,5,15:22,1,60.0,1,20.0,22.08,21.7,0.0,10000,3.6,801,3.0,22.5,45.0,0,6.1,23.5,0.5,0.333,100.0,2,1,0.4657,Estabilizado,Operação Normal
2026-08-22T18:22:54.281376,271C-10,682,1,TERM. PRINC. ISABEL - CIRCULAR,PQ. VL. MARIA,5,15:22,3,20.0,3,20.0,22.08,21.7,0.0,10000,3.6,801,3.0,22.5,45.0,0,6.1,23.5,0.5,1.0,66.67,4,1,0.3157,Estabilizado,Operação Normal
2026-08-22T18:22:54.281376,4221-10,325,1,TERM. PQ. D. PEDRO II,JD. PLANALTO,5,15:22,2,30.0,2,20.0,22.08,21.7,0.0,10000,3.6,801,3.0,22.5,45.0,0,6.1,23.5,0.5,0.667,75.0,3,1,0.3698,Estabilizado,Operação Normal
2026-08-22T18:22:54.281376,5024-31,1123,1,STO. AMARO,MISSIONÁRIA,5,15:22,2,30.0,2,20.0,22.08,21.7,0.0,10000,3.6,801,3.0,22.5,45.0,0,6.1,23.5,0.5,0.667,75.0,3,1,0.3698,Estabilizado,Operação Normal
2026-08-22T18:22:54.281376,1020-10,2497,1,CONEXÃO VL. IÓRIO ,PERUS,5,15:22,3,20.0,3,20.0,22.08,21.7,0.0,10000,3.6,801,3.0,22.5,45.0,0,6.1,23.5,0.5,1.0,66.67,4,1,0.3157,Estabilizado,Operação Normal
2026-08-22T18:22:54.281376,6075-10,1162,1,TERM. VARGINHA,JD. REC. CAMPO BELO,5,15:22,1,60.0,1,20.0,22.08,21.7,0.0,10000,3.6,801,3.0,22.5,45.0,0,6.1,23.5,0.5,0.333,100.0,2,1,0.4657,Estabilizado,Operação Normal
2026-08-22T18:22:54.281376,2021-10,906,1,CPTM GUAIANASES,JD. BANDEIRANTES,5,15:22,3,20.0,3,20.0,22.08,21.7,0.0,10000,3.6,801,3.0,22.5,45.0,0,6.1,23.5,0.5,1.0,66.67,4,1,0.3157,Estabilizado,Operação Normal
2026-08-22T18:22:54.281376,4016-10,2189,1,TERM. SÃO MATEUS,PQ. SÃO RAFAEL,5,15:22,1,60.0,1,20.0,22.08,21.7,0.0,10000,3.6,801,3.0,22.5,45.0,0,6.1,23.5,0.5,0.333,100.0,2,1,0.4657,Estabilizado,Operação Normal
2026-08-22T18:22:54.281376,809A-10,34837,2,TERM. PINHEIROS,JD. D'ABRIL,5,15:22,2,30.0,2,20.0,22.08,21.7,0.0,10000,3.6,801,3.0,22.5,45.0,0,6.1,23.5,0.5,0.667,75.0,3,1,0.3698,Estabilizado,Operação Normal
2026-08-22T18:22:54.281376,7458-10,33264,2,TERM. VL. SÔNIA,JD. BOA VISTA,5,15:22,3,20.0,3,20.0,22.08,21.7,0.0,10000,3.6,801,3.0,22.5,45.0,0,6.1,23.5,0.5,1.0,66.67,4,1,0.3157,Estabilizado,Operação Normal
2026-08-22T18:22:54.281376,702C-10,485,1,METRÔ BELÉM,JD. BONFIGLIOLI,5,15:22,3,20.0,3,20.0,22.08,21.7,0.0,10000,3.6,801,3.0,22.5,45.0,0,6.1,23.5,0.5,1.0,66.67,4,1,0.3157,Estabilizado,Operação Normal
2026-08-22T18:22:54.281376,9500-10,33229,2,PÇA. DO CORREIO,TERM. CACHOEIRINHA,5,15:22,4,15.0,4,20.0,22.08,21.7,0.0,10000,3.6,801,3.0,22.5,45.0,0,6.1,23.5,0.5,1.0,62.5,5,1,0.3053,Estabilizado,Operação Normal
2026-08-22T18:22:54.281376,5144-10,34395,2,TERM. PRINC. ISABEL,TERM. SAPOPEMBA,5,15:22,4,15.0,4,20.0,22.08,21.7,0.0,10000,3.6,801,3.0,22.5,45.0,0,6.1,23.5,0.5,1.0,62.5,5,1,0.3053,Estabilizado,Operação Normal
2026-08-22T18:22:54.281376,546J-10,1133,1,STO. AMARO,JD. SELMA,5,15:22,4,15.0,4,20.0,22.08,21.7,0.0,10000,3.6,801,3.0,22.5,45.0,0,6.1,23.5,0.5,1.0,62.5,5,1,0.3053,Estabilizado,Operação Normal
2026-08-22T18:22:54.281376,8686-10,446,1,LGO. DO PAISSANDÚ,MANGALOT,5,15:22,3,20.0,3,20.0,22.08,21.7,0.0,10000,3.6,801,3.0,22.5,45.0,0,6.1,23.5,0.5,1.0,66.67,4,1,0.3157,Estabilizado,Operação Normal
2026-08-22T18:22:54.281376,4028-10,33866,2,DIV. DE MAUÁ,HOSP. SÃO MATEUS,5,15:22,3,20.0,3,20.0,22.08,21.7,0.0,10000,3.6,801,3.0,22.5,45.0,0,6.1,23.5,0.5,1.0,66.67,4,1,0.3157,Estabilizado,Operação Normal
2026-08-22T18:22:54.281376,6099-10,1587,1,DIVISA DE EMBU-GUAÇU,TERM. GRAJAÚ,5,15:22,2,30.0,2,20.0,22.08,21.7,0.0,10000,3.6,801,3.0,22.5,45.0,0,6.1,23.5,0.5,0.667,75.0,3,1,0.3698,Estabilizado,Operação Normal
2026-08-22T18:22:54.281376,2755-10,33001,2,METRÔ PENHA,GUAIANASES,5,15:22,2,30.0,2,20.0,22.08,21.7,0.0,10000,3.6,801,3.0,22.5,45.0,0,6.1,23.5,0.5,0.667,75.0,3,1,0.3698,Estabilizado,Operação Normal
2026-08-22T18:22:54.281376,3001-10,1650,1,TERM. SÃO MIGUEL,ITAIM PAULISTA,5,15:22,2,30.0,2,20.0,22.08,21.7,0.0,10000,3.6,801,3.0,22.5,45.0,0,6.1,23.5,0.5,0.667,75.0,3,1,0.3698,Estabilizado,Operação Normal
2026-08-22T18:22:54.281376,2182-10,33468,2,PÇA. DO CORREIO,JD. BRASIL,5,15:22,4,15.0,4,20.0,22.08,21.7,0.0,10000,3.6,801,3.0,22.5,45.0,0,6.1,23.5,0.5,1.0,62.5,5,1,0.3053,Estabilizado,Operação Normal
2026-08-22T18:22:54.281376,675A-10,34086,2,METRÔ SÃO JUDAS,PQ. STO. ANTONIO,5,15:22,4,15.0,4,20.0,22.08,21.7,0.0,10000,3.6,801,3.0,22.5,45.0,0,6.1,23.5,0.5,1.0,62.5,5,1,0.3053,Estabilizado,Operação Normal
2026-08-22T18:22:54.281376,9032-10,33648,2,TERM. CACHOEIRINHA,JD. DAMASCENO,5,15:22,5,12.0,5,20.0,22.08,21.7,0.0,10000,3.6,801,3.0,22.5,45.0,0,6.1,23.5,0.5,1.0,60.0,6,1,0.299,Estabilizado,Operação Normal
2026-08-22T18:22:54.281376,3004-10,34566,2,CPTM VL. MARA/ITAIM,JD. SÃO MARTINHO,5,15:22,2,30.0,2,20.0,22.08,21.7,0.0,10000,3.6,801,3.0,22.5,45.0,0,6.1,23.5,0.5,0.667,75.0,3,1,0.3698,Estabilizado,Operação Normal
2026-08-22T18:22:54.281376,476G-21,35439,2,IPIRANGA,JD. ELBA,5,15:22,5,12.0,5,20.0,22.08,21.7,0.0,10000,3.6,801,3.0,22.5,45.0,0,6.1,23.5,0.5,1.0,60.0,6,1,0.299,Estabilizado,Operação Normal
2026-08-22T18:22:54.281376,908T-10,34884,2,BUTANTÃ,TERM. PQ. D. PEDRO II,5,15:22,2,30.0,2,20.0,22.08,21.7,0.0,10000,3.6,801,3.0,22.5,45.0,0,6.1,23.5,0.5,0.667,75.0,3,1,0.3698,Estabilizado,Operação Normal
2026-08-22T18:22:54.281376,2010-10,34872,2,SHOP. D,PQ. EDU CHAVES,5,15:22,3,20.0,3,20.0,22.08,21.7,0.0,10000,3.6,801,3.0,22.5,45.0,0,6.1,23.5,0.5,1.0,66.67,4,1,0.3157,Estabilizado,Operação Normal
2026-08-22T18:22:54.281376,2769-10,397,1,METRÔ TATUAPÉ,JD. ROMANO,5,15:22,3,20.0,3,20.0,22.08,21.7,0.0,10000,3.6,801,3.0,22.5,45.0,0,6.1,23.5,0.5,1.0,66.67,4,1,0.3157,Estabilizado,Operação Normal
2026-08-22T18:22:54.281376,476A-10,304,1,TERM. STO. AMARO,IPIRANGA,5,15:22,3,20.0,3,20.0,22.08,21.7,0.0,10000,3.6,801,3.0,22.5,45.0,0,6.1,23.5,0.5,1.0,66.67,4,1,0.3157,Estabilizado,Operação Normal
2026-08-22T18:22:54.281376,4033-10,33871,2,NOVA CONQUISTA,JD. GUAIRACÁ,5,15:22,5,12.0,5,20.0,22.08,21.7,0.0,10000,3.6,801,3.0,22.5,45.0,0,6.1,23.5,0.5,1.0,60.0,6,1,0.299,Estabilizado,Operação Normal
2026-08-22T18:22:54.281376,211L-10,2265,1,LAPA,MANDAQUI,5,15:22,2,30.0,2,20.0,22.08,21.7,0.0,10000,3.6,801,3.0,22.5,45.0,0,6.1,23.5,0.5,0.667,75.0,3,1,0.3698,Estabilizado,Operação Normal
2026-08-22T18:22:54.281376,8060-10,418,1,TERM. LAPA,VL. PIAUÍ,5,15:22,3,20.0,3,20.0,22.08,21.7,0.0,10000,3.6,801,3.0,22.5,45.0,0,6.1,23.5,0.5,1.0,66.67,4,1,0.3157,Estabilizado,Operação Normal
2026-08-22T18:22:54.281376,5145-10,1641,1,PÇA. ALMEIDA JR.,TERM. SAPOPEMBA,5,15:22,3,20.0,3,20.0,22.08,21.7,0.0,10000,3.6,801,3.0,22.5,45.0,0,6.1,23.5,0.5,1.0,66.67,4,1,0.3157,Estabilizado,Operação Normal
2026-08-22T18:22:54.281376,271A-10,33470,2,METRÔ SANTANA,TERM. PENHA,5,15:22,4,15.0,4,20.0,22.08,21.7,0.0,10000,3.6,801,3.0,22.5,45.0,0,6.1,23.5,0.5,1.0,62.5,5,1,0.3053,Estabilizado,Operação Normal
2026-08-22T18:22:54.281376,8002-10,34020,2,TERM. LAPA,TERM. PIRITUBA,5,15:22,1,60.0,1,20.0,22.08,21.7,0.0,10000,3.6,801,3.0,22.5,45.0,0,6.1,23.5,0.5,0.333,100.0,2,1,0.4657,Estabilizado,Operação Normal
2026-08-22T18:22:54.281376,2201-10,909,1,CPTM GUAIANASES,DIV. DE FERRAZ,5,15:22,2,30.0,2,20.0,22.08,21.7,0.0,10000,3.6,801,3.0,22.5,45.0,0,6.1,23.5,0.5,0.667,75.0,3,1,0.3698,Estabilizado,Operação Normal
2026-08-22T18:22:54.281376,6826-10,32784,2,TERM. CAPELINHA,JD. D. JOSÉ,5,15:22,1,60.0,1,20.0,22.08,21.7,0.0,10000,3.6,801,3.0,22.5,45.0,0,6.1,23.5,0.5,0.333,100.0,2,1,0.4657,Estabilizado,Operação Normal
2026-08-22T18:22:54.281376,4708-10,33100,2,METRÔ VL. MARIANA,JD. CLÍMAX,5,15:22,2,30.0,2,20.0,22.08,21.7,0.0,10000,3.6,801,3.0,22.5,45.0,0,6.1,23.5,0.5,0.667,75.0,3,1,0.3698,Estabilizado,Operação Normal
2026-08-22T18:22:54.281376,1156-10,659,1,PÇA. DO CORREIO,VL. SABRINA,5,15:22,5,12.0,5,20.0,22.08,21.7,0.0,10000,3.6,801,3.0,22.5,45.0,0,6.1,23.5,0.5,1.0,60.0,6,1,0.299,Estabilizado,Operação Normal
2026-08-22T18:22:54.281376,575A-10,34406,2,SHOP. METRÔ TATUAPÉ,DIV. SÃO CAETANO,5,15:22,3,20.0,3,20.0,22.08,21.7,0.0,10000,3.6,801,3.0,22.5,45.0,0,6.1,23.5,0.5,1.0,66.67,4,1,0.3157,Estabilizado,Operação Normal
2026-08-22T18:22:54.281376,517J-10,33897,2,TERM. ÁGUA ESPRAIADA,JD. SELMA,5,15:22,4,15.0,4,20.0,22.08,21.7,0.0,10000,3.6,801,3.0,22.5,45.0,0,6.1,23.5,0.5,1.0,62.5,5,1,0.3053,Estabilizado,Operação Normal
2026-08-22T18:22:54.281376,6475-10,34085,2,TERM. BANDEIRA,JD. VAZ DE LIMA,5,15:22,3,20.0,3,20.0,22.08,21.7,0.0,10000,3.6,801,3.0,22.5,45.0,0,6.1,23.5,0.5,1.0,66.67,4,1,0.3157,Estabilizado,Operação Normal
2026-08-22T18:22:54.281376,6047-10,33992,2,STO. AMARO,JD. LÍDIA,5,15:22,3,20.0,3,20.0,22.08,21.7,0.0,10000,3.6,801,3.0,22.5,45.0,0,6.1,23.5,0.5,1.0,66.67,4,1,0.3157,Estabilizado,Operação Normal
2026-08-22T18:22:54.281376,8610-10,2063,1,TERM. BANDEIRA,JD. PAULO VI,5,15:22,3,20.0,3,20.0,22.08,21.7,0.0,10000,3.6,801,3.0,22.5,45.0,0,6.1,23.5,0.5,1.0,66.67,4,1,0.3157,Estabilizado,Operação Normal
2026-08-22T18:22:54.281376,3414-10,746,1,TERM. PQ. D. PEDRO II,VL. DALILA,5,15:22,3,20.0,3,20.0,22.08,21.7,0.0,10000,3.6,801,3.0,22.5,45.0,0,6.1,23.5,0.5,1.0,66.67,4,1,0.3157,Estabilizado,Operação Normal
2026-08-22T18:22:54.281376,2678-10,383,1,TERM. PQ. D. PEDRO II,OLIVEIRINHA,5,15:22,5,12.0,5,20.0,22.08,21.7,0.0,10000,3.6,801,3.0,22.5,45.0,0,6.1,23.5,0.5,1.0,60.0,6,1,0.299,Estabilizado,Operação Normal
2026-08-22T18:22:54.281376,7011-10,1952,1,JD. ÂNGELA,JD. DOS REIS,5,15:22,3,20.0,3,20.0,22.08,21.7,0.0,10000,3.6,801,3.0,22.5,45.0,0,6.1,23.5,0.5,1.0,66.67,4,1,0.3157,Estabilizado,Operação Normal
2026-08-22T18:22:54.281376,9018-10,1271,1,TERM. PIRITUBA,VL. MIRANTE,5,15:22,1,60.0,1,20.0,22.08,21.7,0.0,10000,3.6,801,3.0,22.5,45.0,0,6.1,23.5,0.5,0.333,100.0,2,1,0.4657,Estabilizado,Operação Normal
2026-08-22T18:22:54.281376,271F-10,683,1,METRÔ BELÉM     ,CENTER NORTE,5,15:22,3,20.0,3,20.0,22.08,21.7,0.0,10000,3.6,801,3.0,22.5,45.0,0,6.1,23.5,0.5,1.0,66.67,4,1,0.3157,Estabilizado,Operação Normal
2026-08-22T18:22:54.281376,6805-31,34556,2,TERM. JOÃO DIAS,TERM. CAPELINHA,5,15:22,3,20.0,3,20.0,22.08,21.7,0.0,10000,3.6,801,3.0,22.5,45.0,0,6.1,23.5,0.5,1.0,66.67,4,1,0.3157,Estabilizado,Operação Normal
2026-08-22T18:22:54.281376,7013-10,775,1,TERM. VL. SÔNIA,PQ. ARARIBA,5,15:22,2,30.0,2,20.0,22.08,21.7,0.0,10000,3.6,801,3.0,22.5,45.0,0,6.1,23.5,0.5,0.667,75.0,3,1,0.3698,Estabilizado,Operação Normal
2026-08-22T18:22:54.281376,3745-10,33812,2,METRÔ TATUAPÉ,JD. IMPERADOR,5,15:22,4,15.0,4,20.0,22.08,21.7,0.0,10000,3.6,801,3.0,22.5,45.0,0,6.1,23.5,0.5,1.0,62.5,5,1,0.3053,Estabilizado,Operação Normal
2026-08-22T18:22:54.281376,2019-10,33673,2,SHOP. PENHA,PQ. PAINEIRAS,5,15:22,4,15.0,4,20.0,22.08,21.7,0.0,10000,3.6,801,3.0,22.5,45.0,0,6.1,23.5,0.5,1.0,62.5,5,1,0.3053,Estabilizado,Operação Normal
2026-08-22T18:22:54.281376,775N-10,474,1,METRÔ VL. MADALENA,RIO PEQUENO,5,15:22,3,20.0,3,20.0,22.08,21.7,0.0,10000,3.6,801,3.0,22.5,45.0,0,6.1,23.5,0.5,1.0,66.67,4,1,0.3157,Estabilizado,Operação Normal
2026-08-22T18:22:54.281376,695X-10,1441,1,METRÔ JABAQUARA,TERM. VARGINHA,5,15:22,8,7.5,8,20.0,22.08,21.7,0.0,10000,3.6,801,3.0,22.5,45.0,0,6.1,23.5,0.5,1.0,62.5,10,2,0.3053,Estabilizado,Operação Normal
2026-08-22T18:22:54.281376,5178-10,595,1,PÇA. JOÃO MENDES,JD. MIRIAM,5,15:22,4,15.0,4,20.0,22.08,21.7,0.0,10000,3.6,801,3.0,22.5,45.0,0,6.1,23.5,0.5,1.0,62.5,5,1,0.3053,Estabilizado,Operação Normal
2026-08-22T18:22:54.281376,273N-10,390,1,METRÔ VL. MATILDE,CID. KEMEL II,5,15:22,2,30.0,2,20.0,22.08,21.7,0.0,10000,3.6,801,3.0,22.5,45.0,0,6.1,23.5,0.5,0.667,75.0,3,1,0.3698,Estabilizado,Operação Normal
2026-08-22T18:22:54.281376,1787-10,33418,2,METRÔ SANTANA,VL. MARIETA,5,15:22,3,20.0,3,20.0,22.08,21.7,0.0,10000,3.6,801,3.0,22.5,45.0,0,6.1,23.5,0.5,1.0,66.67,4,1,0.3157,Estabilizado,Operação Normal
2026-08-22T18:22:54.281376,4114-10,321,1,TERM. PQ. D. PEDRO II,JD. DA SAÚDE,5,15:22,2,30.0,2,20.0,22.08,21.7,0.0,10000,3.6,801,3.0,22.5,45.0,0,6.1,23.5,0.5,0.667,75.0,3,1,0.3698,Estabilizado,Operação Normal
2026-08-22T18:22:54.281376,9162-10,1365,1,TERM. CASA VERDE,VL. PENTEADO,5,15:22,1,60.0,1,20.0,22.08,21.7,0.0,10000,3.6,801,3.0,22.5,45.0,0,6.1,23.5,0.5,0.333,100.0,2,1,0.4657,Estabilizado,Operação Normal
2026-08-22T18:22:54.281376,N302-11,2336,1,TERM. PQ. D. PEDRO II,TERM. A. E. CARVALHO,5,15:22,2,30.0,2,20.0,22.08,21.7,0.0,10000,3.6,801,3.0,22.5,45.0,0,6.1,23.5,0.5,0.667,75.0,3,1,0.3698,Estabilizado,Operação Normal
2026-08-22T18:22:54.281376,2717-10,33698,2,CANGAÍBA,METRÔ GUILHERMINA/ESPERANÇA,5,15:22,1,60.0,1,20.0,22.08,21.7,0.0,10000,3.6,801,3.0,22.5,45.0,0,6.1,23.5,0.5,0.333,100.0,2,1,0.4657,Estabilizado,Operação Normal
2026-08-22T18:22:54.281376,8004-10,1254,1,TERM. LAPA,HAB. TURÍSTICA,5,15:22,2,30.0,2,20.0,22.08,21.7,0.0,10000,3.6,801,3.0,22.5,45.0,0,6.1,23.5,0.5,0.667,75.0,3,1,0.3698,Estabilizado,Operação Normal
2026-08-22T18:22:54.281376,2023-10,2260,1,METRÔ TUCURUVI,CACHOEIRA,5,15:22,4,15.0,4,20.0,22.08,21.7,0.0,10000,3.6,801,3.0,22.5,45.0,0,6.1,23.5,0.5,1.0,62.5,5,1,0.3053,Estabilizado,Operação Normal
2026-08-22T18:22:54.281376,677Y-10,34008,2,TERM. CAPELINHA,JD. GUARUJÁ,5,15:22,1,60.0,1,20.0,22.08,21.7,0.0,10000,3.6,801,3.0,22.5,45.0,0,6.1,23.5,0.5,0.333,100.0,2,1,0.4657,Estabilizado,Operação Normal
2026-08-22T18:22:54.281376,2724-10,938,1,CONJ. ARAUCÁRIA,METRÔ ARTUR ALVIM,5,15:22,2,30.0,2,20.0,22.08,21.7,0.0,10000,3.6,801,3.0,22.5,45.0,0,6.1,23.5,0.5,0.667,75.0,3,1,0.3698,Estabilizado,Operação Normal
2026-08-22T18:22:54.281376,4015-10,2188,1,TERM. SÃO MATEUS,PQ. SÃO RAFAEL,5,15:22,2,30.0,2,20.0,22.08,21.7,0.0,10000,3.6,801,3.0,22.5,45.0,0,6.1,23.5,0.5,0.667,75.0,3,1,0.3698,Estabilizado,Operação Normal
2026-08-22T18:22:54.281376,1780-10,33637,2,METRÔ PARADA INGLESA,JD. HEBRON,5,15:22,4,15.0,4,20.0,22.08,21.7,0.0,10000,3.6,801,3.0,22.5,45.0,0,6.1,23.5,0.5,1.0,62.5,5,1,0.3053,Estabilizado,Operação Normal
2026-08-22T18:22:54.281376,8100-10,1262,1,TERM. LAPA,TERM. PIRITUBA,5,15:22,2,30.0,2,20.0,22.08,21.7,0.0,10000,3.6,801,3.0,22.5,45.0,0,6.1,23.5,0.5,0.667,75.0,3,1,0.3698,Estabilizado,Operação Normal
2026-08-22T18:22:54.281376,407A-10,2194,1,LGO. DA CONCÓRDIA,PQ. SAVOY,5,15:22,5,12.0,5,20.0,22.08,21.7,0.0,10000,3.6,801,3.0,22.5,45.0,0,6.1,23.5,0.5,1.0,60.0,6,1,0.299,Estabilizado,Operação Normal
2026-08-22T18:22:54.281376,3020-10,958,1,SHOP. ARICANDUVA,COHAB JOSÉ BONIFÁCIO ,5,15:22,2,30.0,2,20.0,22.08,21.7,0.0,10000,3.6,801,3.0,22.5,45.0,0,6.1,23.5,0.5,0.667,75.0,3,1,0.3698,Estabilizado,Operação Normal
2026-08-22T18:22:54.281376,7245-21,35306,2,TERM. ÁGUA ESPRAIADA,TERM. STO. AMARO,5,15:22,2,30.0,2,20.0,22.08,21.7,0.0,10000,3.6,801,3.0,22.5,45.0,0,6.1,23.5,0.5,0.667,75.0,3,1,0.3698,Estabilizado,Operação Normal
2026-08-22T18:22:54.281376,342N-10,33771,2,CPTM GUAIANASES,COHAB JUSCELINO,5,15:22,2,30.0,2,20.0,22.08,21.7,0.0,10000,3.6,801,3.0,22.5,45.0,0,6.1,23.5,0.5,0.667,75.0,3,1,0.3698,Estabilizado,Operação Normal
2026-08-22T18:22:54.281376,8549-10,580,1,PÇA. DO CORREIO,TAIPAS,5,15:22,5,12.0,5,20.0,22.08,21.7,0.0,10000,3.6,801,3.0,22.5,45.0,0,6.1,23.5,0.5,1.0,60.0,6,1,0.299,Estabilizado,Operação Normal
2026-08-22T18:22:54.281376,1756-10,547,1,METRÔ SANTANA,PEDRA BRANCA,5,15:22,2,30.0,2,20.0,22.08,21.7,0.0,10000,3.6,801,3.0,22.5,45.0,0,6.1,23.5,0.5,0.667,75.0,3,1,0.3698,Estabilizado,Operação Normal
2026-08-22T18:22:54.281376,8600-10,34200,2,LGO. DO PAISSANDÚ,TERM. PIRITUBA,5,15:22,3,20.0,3,20.0,22.08,21.7,0.0,10000,3.6,801,3.0,22.5,45.0,0,6.1,23.5,0.5,1.0,66.67,4,1,0.3157,Estabilizado,Operação Normal
2026-08-22T18:22:54.281376,5123-10,33893,2,HOSP. SÃO PAULO,JD. MIRIAM,5,15:22,6,10.0,6,20.0,22.08,21.7,0.0,10000,3.6,801,3.0,22.5,45.0,0,6.1,23.5,0.5,1.0,58.33,7,1,0.2948,Estabilizado,Operação Normal
2026-08-22T18:22:54.281376,3735-41,1920,1,JD. SÃO JOSÉ,METRÔ ARTUR ALVIM,5,15:22,1,60.0,1,20.0,22.08,21.7,0.0,10000,3.6,801,3.0,22.5,45.0,0,6.1,23.5,0.5,0.333,100.0,2,1,0.4657,Estabilizado,Operação Normal
2026-08-22T18:22:54.281376,3134-10,993,1,METRÔ TAMANDUATEÍ,SHOP. ARICANDUVA,5,15:22,3,20.0,3,20.0,22.08,21.7,0.0,10000,3.6,801,3.0,22.5,45.0,0,6.1,23.5,0.5,1.0,66.67,4,1,0.3157,Estabilizado,Operação Normal
2026-08-22T18:22:54.281376,9014-10,1425,1,TERM. LAPA,MORRO GRANDE,5,15:22,2,30.0,2,20.0,22.08,21.7,0.0,10000,3.6,801,3.0,22.5,45.0,0,6.1,23.5,0.5,0.667,75.0,3,1,0.3698,Estabilizado,Operação Normal
2026-08-22T18:22:54.281376,3756-10,1050,1,METRÔ ITAQUERA ,BARRO BRANCO,5,15:22,2,30.0,2,20.0,22.08,21.7,0.0,10000,3.6,801,3.0,22.5,45.0,0,6.1,23.5,0.5,0.667,75.0,3,1,0.3698,Estabilizado,Operação Normal
2026-08-22T18:22:54.281376,1703-10,847,1,SHOP. CENTER NORTE,JD. FONTÁLIS,5,15:22,5,12.0,5,20.0,22.08,21.7,0.0,10000,3.6,801,3.0,22.5,45.0,0,6.1,23.5,0.5,1.0,60.0,6,1,0.299,Estabilizado,Operação Normal
2026-08-22T18:22:54.281376,817C-10,1337,1,HOSP. DAS CLÍNICAS,LAPA,5,15:22,2,30.0,2,20.0,22.08,21.7,0.0,10000,3.6,801,3.0,22.5,45.0,0,6.1,23.5,0.5,0.667,75.0,3,1,0.3698,Estabilizado,Operação Normal
2026-08-22T18:22:54.281376,807J-10,34826,2,SHOP. MORUMBI,TERM. CAMPO LIMPO,5,15:22,4,15.0,4,20.0,22.08,21.7,0.0,10000,3.6,801,3.0,22.5,45.0,0,6.1,23.5,0.5,1.0,62.5,5,1,0.3053,Estabilizado,Operação Normal
2026-08-22T18:22:54.281376,2707-10,919,1,METRÔ ITAQUERA,CHABILÂNDIA,5,15:22,4,15.0,4,20.0,22.08,21.7,0.0,10000,3.6,801,3.0,22.5,45.0,0,6.1,23.5,0.5,1.0,62.5,5,1,0.3053,Estabilizado,Operação Normal
2026-08-22T18:22:54.281376,2726-10,940,1,METRÔ PENHA,LIMOEIRO,5,15:22,4,15.0,4,20.0,22.08,21.7,0.0,10000,3.6,801,3.0,22.5,45.0,0,6.1,23.5,0.5,1.0,62.5,5,1,0.3053,Estabilizado,Operação Normal
2026-08-22T18:22:54.281376,746R-10,790,1,STO. AMARO,REAL PQ.,5,15:22,1,60.0,1,20.0,22.08,21.7,0.0,10000,3.6,801,3.0,22.5,45.0,0,6.1,23.5,0.5,0.333,100.0,2,1,0.4657,Estabilizado,Operação Normal
2026-08-22T18:22:54.281376,6027-10,32858,2,TERM. STO. AMARO,JD. GRAUNA,5,15:22,5,12.0,5,20.0,22.08,21.7,0.0,10000,3.6,801,3.0,22.5,45.0,0,6.1,23.5,0.5,1.0,60.0,6,1,0.299,Estabilizado,Operação Normal
2026-08-22T18:22:54.281376,3069-10,33752,2,TERM. SÃO MATEUS,JD. RECANTO VERDE SOL,5,15:22,4,15.0,4,20.0,22.08,21.7,0.0,10000,3.6,801,3.0,22.5,45.0,0,6.1,23.5,0.5,1.0,62.5,5,1,0.3053,Estabilizado,Operação Normal
2026-08-22T18:22:54.281376,8009-10,34027,2,TERM. PIRITUBA,CID. D'ABRIL 3ª GLEBA,5,15:22,1,60.0,1,20.0,22.08,21.7,0.0,10000,3.6,801,3.0,22.5,45.0,0,6.1,23.5,0.5,0.333,100.0,2,1,0.4657,Estabilizado,Operação Normal
2026-08-22T18:22:54.281376,1020-10,35265,2,CONEXÃO VL. IÓRIO ,PERUS,5,15:22,4,15.0,4,20.0,22.08,21.7,0.0,10000,3.6,801,3.0,22.5,45.0,0,6.1,23.5,0.5,1.0,62.5,5,1,0.3053,Estabilizado,Operação Normal
2026-08-22T18:22:54.281376,2719-10,932,1,METRÔ VL. MATILDE,ERMELINO MATARAZZO,5,15:22,3,20.0,3,20.0,22.08,21.7,0.0,10000,3.6,801,3.0,22.5,45.0,0,6.1,23.5,0.5,1.0,66.67,4,1,0.3157,Estabilizado,Operação Normal
2026-08-22T18:22:54.281376,4732-10,302,1,METRÔ SAÚDE,VL. LIVIERO,5,15:22,2,30.0,2,20.0,22.08,21.7,0.0,10000,3.6,801,3.0,22.5,45.0,0,6.1,23.5,0.5,0.667,75.0,3,1,0.3698,Estabilizado,Operação Normal
2026-08-22T18:22:54.281376,4727-10,33108,2,METRÔ PÇA. DA ÁRVORE,JD. CLÍMAX,5,15:22,1,60.0,1,20.0,22.08,21.7,0.0,10000,3.6,801,3.0,22.5,45.0,0,6.1,23.5,0.5,0.333,100.0,2,1,0.4657,Estabilizado,Operação Normal
2026-08-22T18:22:54.281376,3722-10,1020,1,METRÔ ITAQUERA,COHAB JOSÉ BONIFÁCIO,5,15:22,2,30.0,2,20.0,22.08,21.7,0.0,10000,3.6,801,3.0,22.5,45.0,0,6.1,23.5,0.5,0.667,75.0,3,1,0.3698,Estabilizado,Operação Normal
2026-08-22T18:22:54.281376,5145-10,34409,2,PÇA. ALMEIDA JR.,TERM. SAPOPEMBA,5,15:22,3,20.0,3,20.0,22.08,21.7,0.0,10000,3.6,801,3.0,22.5,45.0,0,6.1,23.5,0.5,1.0,66.67,4,1,0.3157,Estabilizado,Operação Normal
2026-08-22T18:22:54.281376,709A-10,2092,1,METRÔ ANA ROSA,TERM. ÁGUA ESPRAIADA,5,15:22,3,20.0,3,20.0,22.08,21.7,0.0,10000,3.6,801,3.0,22.5,45.0,0,6.1,23.5,0.5,1.0,66.67,4,1,0.3157,Estabilizado,Operação Normal
2026-08-22T18:22:54.281376,1765-10,34550,2,METRÔ TUCURUVI,JD. CABUÇU,5,15:22,4,15.0,4,20.0,22.08,21.7,0.0,10000,3.6,801,3.0,22.5,45.0,0,6.1,23.5,0.5,1.0,62.5,5,1,0.3053,Estabilizado,Operação Normal
2026-08-22T18:22:54.281376,675L-10,1478,1,METRÔ STA. CRUZ,TERM. STO. AMARO,5,15:22,3,20.0,3,20.0,22.08,21.7,0.0,10000,3.6,801,3.0,22.5,45.0,0,6.1,23.5,0.5,1.0,66.67,4,1,0.3157,Estabilizado,Operação Normal
2026-08-22T18:22:54.281376,2720-31,34610,2,METRÔ GUILHERMINA/ESPERANÇA,JD. BELÉM,5,15:22,2,30.0,2,20.0,22.08,21.7,0.0,10000,3.6,801,3.0,22.5,45.0,0,6.1,23.5,0.5,0.667,75.0,3,1,0.3698,Estabilizado,Operação Normal
2026-08-22T18:22:54.281376,807M-10,1916,1,SHOP. MORUMBI,TERM. CAMPO LIMPO,5,15:22,4,15.0,4,20.0,22.08,21.7,0.0,10000,3.6,801,3.0,22.5,45.0,0,6.1,23.5,0.5,1.0,62.5,5,1,0.3053,Estabilizado,Operação Normal
2026-08-22T18:22:54.281376,6L10-10,33927,2,PQ. FLORESTAL   ,TERM. VARGINHA,5,15:22,1,60.0,1,20.0,22.08,21.7,0.0,10000,3.6,801,3.0,22.5,45.0,0,6.1,23.5,0.5,0.333,100.0,2,1,0.4657,Estabilizado,Operação Normal
2026-08-22T18:22:54.281376,6082-10,2678,1,CONEXÃO TERMINAIS,CONEXÃO TERMINAIS,5,15:22,2,30.0,2,20.0,22.08,21.7,0.0,10000,3.6,801,3.0,22.5,45.0,0,6.1,23.5,0.5,0.667,75.0,3,1,0.3698,Estabilizado,Operação Normal
2026-08-22T18:22:54.281376,6726-10,33961,2,JD. GAIVOTAS   ,TERM. GRAJAÚ,5,15:22,1,60.0,1,20.0,22.08,21.7,0.0,10000,3.6,801,3.0,22.5,45.0,0,6.1,23.5,0.5,0.333,100.0,2,1,0.4657,Estabilizado,Operação Normal
2026-08-22T18:22:54.281376,2711-10,925,1,METRÔ PATRIARCA,PONTE RASA,5,15:22,2,30.0,2,20.0,22.08,21.7,0.0,10000,3.6,801,3.0,22.5,45.0,0,6.1,23.5,0.5,0.667,75.0,3,1,0.3698,Estabilizado,Operação Normal
2026-08-22T18:22:54.281376,675A-10,1318,1,METRÔ SÃO JUDAS,PQ. STO. ANTONIO,5,15:22,4,15.0,4,20.0,22.08,21.7,0.0,10000,3.6,801,3.0,22.5,45.0,0,6.1,23.5,0.5,1.0,62.5,5,1,0.3053,Estabilizado,Operação Normal
2026-08-22T18:22:54.281376,917H-10,33224,2,METRÔ VL. MARIANA,TERM. PIRITUBA,5,15:22,6,10.0,6,20.0,22.08,21.7,0.0,10000,3.6,801,3.0,22.5,45.0,0,6.1,23.5,0.5,1.0,58.33,7,1,0.2948,Estabilizado,Operação Normal
2026-08-22T18:22:54.281376,736G-10,780,1,SHOP. MORUMBI,JD. INGÁ,5,15:22,4,15.0,4,20.0,22.08,21.7,0.0,10000,3.6,801,3.0,22.5,45.0,0,6.1,23.5,0.5,1.0,62.5,5,1,0.3053,Estabilizado,Operação Normal
2026-08-22T18:22:54.281376,978A-10,34137,2,METRÔ BARRA FUNDA,TERM. CACHOEIRINHA,5,15:22,2,30.0,2,20.0,22.08,21.7,0.0,10000,3.6,801,3.0,22.5,45.0,0,6.1,23.5,0.5,0.667,75.0,3,1,0.3698,Estabilizado,Operação Normal
2026-08-22T18:22:54.281376,6015-10,33973,2,JD. ÂNGELA,VL. CALÚ,5,15:22,3,20.0,3,20.0,22.08,21.7,0.0,10000,3.6,801,3.0,22.5,45.0,0,6.1,23.5,0.5,1.0,66.67,4,1,0.3157,Estabilizado,Operação Normal
2026-08-22T18:22:54.281376,8000-1,2506,1,PÇA. RAMOS DE AZEVEDO,TERM. LAPA,5,15:22,4,15.0,4,20.0,22.08,21.7,0.0,10000,3.6,801,3.0,22.5,45.0,0,6.1,23.5,0.5,1.0,62.5,5,1,0.3053,Estabilizado,Operação Normal
2026-08-22T18:22:54.281376,5185-10,34076,2,TERM. PQ. D. PEDRO II,TERM. GUARAPIRANGA,5,15:22,5,12.0,5,20.0,22.08,21.7,0.0,10000,3.6,801,3.0,22.5,45.0,0,6.1,23.5,0.5,1.0,60.0,6,1,0.299,Estabilizado,Operação Normal
2026-08-22T18:22:54.281376,5026-10,1635,1,JD. SÃO ROBERTO,CONJ. TEOTÔNIO VILELA,5,15:22,2,30.0,2,20.0,22.08,21.7,0.0,10000,3.6,801,3.0,22.5,45.0,0,6.1,23.5,0.5,0.667,75.0,3,1,0.3698,Estabilizado,Operação Normal
2026-08-22T18:22:54.281376,4001-10,34944,2,TERM. VL. CARRÃO,ITAQUERA,5,15:22,4,15.0,4,20.0,22.08,21.7,0.0,10000,3.6,801,3.0,22.5,45.0,0,6.1,23.5,0.5,1.0,62.5,5,1,0.3053,Estabilizado,Operação Normal
2026-08-22T18:22:54.281376,4017-10,2190,1,VL. YOLANDA,METALÚRGICOS,5,15:22,3,20.0,3,20.0,22.08,21.7,0.0,10000,3.6,801,3.0,22.5,45.0,0,6.1,23.5,0.5,1.0,66.67,4,1,0.3157,Estabilizado,Operação Normal
2026-08-22T18:22:54.281376,8006-10,1256,1,TERM. PIRITUBA,JD. DONÁRIA,5,15:22,1,60.0,1,20.0,22.08,21.7,0.0,10000,3.6,801,3.0,22.5,45.0,0,6.1,23.5,0.5,0.333,100.0,2,1,0.4657,Estabilizado,Operação Normal
2026-08-22T18:22:54.281376,7004-10,1992,1,EST. STO. AMARO/GUIDO CALOI,TERM. JD. JACIRA,5,15:22,3,20.0,3,20.0,22.08,21.7,0.0,10000,3.6,801,3.0,22.5,45.0,0,6.1,23.5,0.5,1.0,66.67,4,1,0.3157,Estabilizado,Operação Normal
2026-08-22T18:22:54.281376,9050-10,2088,1,ITAIM BIBI,TERM. LAPA,5,15:22,2,30.0,2,20.0,22.08,21.7,0.0,10000,3.6,801,3.0,22.5,45.0,0,6.1,23.5,0.5,0.667,75.0,3,1,0.3698,Estabilizado,Operação Normal
2026-08-22T18:22:54.281376,6051-10,1143,1,TERM. EST. VARGINHA,JD. ITAJAÍ,5,15:22,2,30.0,2,20.0,22.08,21.7,0.0,10000,3.6,801,3.0,22.5,45.0,0,6.1,23.5,0.5,0.667,75.0,3,1,0.3698,Estabilizado,Operação Normal
2026-08-22T18:22:54.281376,775V-10,475,1,ITAIM BIBI,RIO PEQUENO,5,15:22,2,30.0,2,20.0,22.08,21.7,0.0,10000,3.6,801,3.0,22.5,45.0,0,6.1,23.5,0.5,0.667,75.0,3,1,0.3698,Estabilizado,Operação Normal
2026-08-22T18:22:54.281376,3737-10,1037,1,SHOP.ARICANDUVA,METRÔ GUILHERMINA/ESPERANÇA,5,15:22,3,20.0,3,20.0,22.08,21.7,0.0,10000,3.6,801,3.0,22.5,45.0,0,6.1,23.5,0.5,1.0,66.67,4,1,0.3157,Estabilizado,Operação Normal
2026-08-22T18:22:54.281376,5701-10,33904,2,TERM. ÁGUA ESPRAIADA,METRÔ CONCEIÇÃO,5,15:22,4,15.0,4,20.0,22.08,21.7,0.0,10000,3.6,801,3.0,22.5,45.0,0,6.1,23.5,0.5,1.0,62.5,5,1,0.3053,Estabilizado,Operação Normal
2026-08-22T18:22:54.281376,527R-10,33039,2,TERM. STO. AMARO,VL. IMPÉRIO,5,15:22,4,15.0,4,20.0,22.08,21.7,0.0,10000,3.6,801,3.0,22.5,45.0,0,6.1,23.5,0.5,1.0,62.5,5,1,0.3053,Estabilizado,Operação Normal
2026-08-22T18:22:54.281376,6042-21,1775,1,CEU CAPÃO REDONDO,TERM. CAPELINHA,5,15:22,1,60.0,1,20.0,22.08,21.7,0.0,10000,3.6,801,3.0,22.5,45.0,0,6.1,23.5,0.5,0.333,100.0,2,1,0.4657,Estabilizado,Operação Normal
2026-08-22T18:22:54.281376,6804-10,32798,2,TERM. JOÃO DIAS,JD. INGÁ,5,15:22,1,60.0,1,20.0,22.08,21.7,0.0,10000,3.6,801,3.0,22.5,45.0,0,6.1,23.5,0.5,0.333,100.0,2,1,0.4657,Estabilizado,Operação Normal
2026-08-22T18:22:54.281376,6L10-41,2005,1,TERM. VARGINHA,MESSIÂNICA,5,15:22,1,60.0,1,20.0,22.08,21.7,0.0,10000,3.6,801,3.0,22.5,45.0,0,6.1,23.5,0.5,0.333,100.0,2,1,0.4657,Estabilizado,Operação Normal
2026-08-22T18:22:54.281376,1018-10,33600,2,METRÔ SANTANA,VL. ROSA,5,15:22,5,12.0,5,20.0,22.08,21.7,0.0,10000,3.6,801,3.0,22.5,45.0,0,6.1,23.5,0.5,1.0,60.0,6,1,0.299,Estabilizado,Operação Normal
2026-08-22T18:22:54.281376,4021-10,2548,1,VL. CHUCA,METRÔ ITAQUERA,5,15:22,1,60.0,1,20.0,22.08,21.7,0.0,10000,3.6,801,3.0,22.5,45.0,0,6.1,23.5,0.5,0.333,100.0,2,1,0.4657,Estabilizado,Operação Normal
2026-08-22T18:22:54.281376,637R-10,196,1,TERM. STO. AMARO,JD. ARACATI,5,15:22,4,15.0,4,20.0,22.08,21.7,0.0,10000,3.6,801,3.0,22.5,45.0,0,6.1,23.5,0.5,1.0,62.5,5,1,0.3053,Estabilizado,Operação Normal
2026-08-22T18:22:54.281376,5143-10,1628,1,TERM. PQ. D. PEDRO II,TERM. SAPOPEMBA,5,15:22,2,30.0,2,20.0,22.08,21.7,0.0,10000,3.6,801,3.0,22.5,45.0,0,6.1,23.5,0.5,0.667,75.0,3,1,0.3698,Estabilizado,Operação Normal
2026-08-22T18:22:54.281376,4210-10,34938,2,TERM. PQ. D. PEDRO II,TERM. CID. TIRADENTES,5,15:22,6,10.0,6,20.0,22.08,21.7,0.0,10000,3.6,801,3.0,22.5,45.0,0,6.1,23.5,0.5,1.0,58.33,7,1,0.2948,Estabilizado,Operação Normal
2026-08-22T18:22:54.281376,975A-10,589,1,METRÔ ANA ROSA,VL. BRASILÂNDIA,5,15:22,3,20.0,3,20.0,22.08,21.7,0.0,10000,3.6,801,3.0,22.5,45.0,0,6.1,23.5,0.5,1.0,66.67,4,1,0.3157,Estabilizado,Operação Normal
2026-08-22T18:22:54.281376,2028-10,35031,2,METRÔ TUCURUVI,VL. AYROSA,5,15:22,3,20.0,3,20.0,22.08,21.7,0.0,10000,3.6,801,3.0,22.5,45.0,0,6.1,23.5,0.5,1.0,66.67,4,1,0.3157,Estabilizado,Operação Normal
2026-08-22T18:22:54.281376,7282-10,33239,2,PÇA. RAMOS DE AZEVEDO,PQ. CONTINENTAL,5,15:22,3,20.0,3,20.0,22.08,21.7,0.0,10000,3.6,801,3.0,22.5,45.0,0,6.1,23.5,0.5,1.0,66.67,4,1,0.3157,Estabilizado,Operação Normal
2026-08-22T18:22:54.281376,6026-10,87,1,TERM. STO. AMARO,JD. ICARAÍ,5,15:22,2,30.0,2,20.0,22.08,21.7,0.0,10000,3.6,801,3.0,22.5,45.0,0,6.1,23.5,0.5,0.667,75.0,3,1,0.3698,Estabilizado,Operação Normal
2026-08-22T18:22:54.281376,4010-10,34951,2,TERM. VL. CARRÃO,JD. NSA. SRA. DO CARMO,5,15:22,5,12.0,5,20.0,22.08,21.7,0.0,10000,3.6,801,3.0,22.5,45.0,0,6.1,23.5,0.5,1.0,60.0,6,1,0.299,Estabilizado,Operação Normal
2026-08-22T18:22:54.281376,606C-10,2595,1,CANTINHO DO CÉU,CIRCULAR,5,15:22,1,60.0,1,20.0,22.08,21.7,0.0,10000,3.6,801,3.0,22.5,45.0,0,6.1,23.5,0.5,0.333,100.0,2,1,0.4657,Estabilizado,Operação Normal
2026-08-22T18:22:54.281376,2522-10,140,1,METRÔ ITAQUERA,JD. STO. ANTÔNIO,5,15:22,3,20.0,3,20.0,22.08,21.7,0.0,10000,3.6,801,3.0,22.5,45.0,0,6.1,23.5,0.5,1.0,66.67,4,1,0.3157,Estabilizado,Operação Normal
2026-08-22T18:22:54.281376,2710-10,924,1,BURGO PAULISTA,METRÔ PATRIARCA,5,15:22,3,20.0,3,20.0,22.08,21.7,0.0,10000,3.6,801,3.0,22.5,45.0,0,6.1,23.5,0.5,1.0,66.67,4,1,0.3157,Estabilizado,Operação Normal
2026-08-22T18:22:54.281376,1771-10,634,1,METRÔ SANTANA,JD. FONTÁLIS,5,15:22,2,30.0,2,20.0,22.08,21.7,0.0,10000,3.6,801,3.0,22.5,45.0,0,6.1,23.5,0.5,0.667,75.0,3,1,0.3698,Estabilizado,Operação Normal
2026-08-22T18:22:54.281376,307C-10,2114,1,METRÔ ARTUR ALVIM,CONJ. ENCOSTA NORTE,5,15:22,3,20.0,3,20.0,22.08,21.7,0.0,10000,3.6,801,3.0,22.5,45.0,0,6.1,23.5,0.5,1.0,66.67,4,1,0.3157,Estabilizado,Operação Normal
2026-08-22T18:22:54.281376,4003-10,2159,1,E.T. ITAQUERA,INÁCIO MONTEIRO,5,15:22,1,60.0,1,20.0,22.08,21.7,0.0,10000,3.6,801,3.0,22.5,45.0,0,6.1,23.5,0.5,0.333,100.0,2,1,0.4657,Estabilizado,Operação Normal
2026-08-22T18:22:54.281376,4011-10,34952,2,TERM. SÃO MATEUS,JD. LIMOEIRO,5,15:22,3,20.0,3,20.0,22.08,21.7,0.0,10000,3.6,801,3.0,22.5,45.0,0,6.1,23.5,0.5,1.0,66.67,4,1,0.3157,Estabilizado,Operação Normal
2026-08-22T18:22:54.281376,2029-10,35038,2,METRÔ TUCURUVI,JD. FONTÁLIS,5,15:22,3,20.0,3,20.0,22.08,21.7,0.0,10000,3.6,801,3.0,22.5,45.0,0,6.1,23.5,0.5,1.0,66.67,4,1,0.3157,Estabilizado,Operação Normal
2026-08-22T18:22:54.281376,8194-10,33573,2,TERM. CACHOEIRINHA,PERUS,5,15:22,9,6.7,9,20.0,22.08,21.7,0.0,10000,3.6,801,3.0,22.5,45.0,0,6.1,23.5,0.5,1.0,61.11,11,2,0.3018,Estabilizado,Operação Normal
2026-08-22T18:22:54.281376,8023-10,34842,2,TERM. VL. SÔNIA,CDHU MUNCK,5,15:22,1,60.0,1,20.0,22.08,21.7,0.0,10000,3.6,801,3.0,22.5,45.0,0,6.1,23.5,0.5,0.333,100.0,2,1,0.4657,Estabilizado,Operação Normal
2026-08-22T18:22:54.281376,172Y-10,862,1,METRÔ BELÉM,VL. CONSTANÇA,5,15:22,3,20.0,3,20.0,22.08,21.7,0.0,10000,3.6,801,3.0,22.5,45.0,0,6.1,23.5,0.5,1.0,66.67,4,1,0.3157,Estabilizado,Operação Normal
2026-08-22T18:22:54.281376,390E-10,1882,1,TERM. PQ. D. PEDRO II,TERM. PENHA,5,15:22,2,30.0,2,20.0,22.08,21.7,0.0,10000,3.6,801,3.0,22.5,45.0,0,6.1,23.5,0.5,0.667,75.0,3,1,0.3698,Estabilizado,Operação Normal
2026-08-22T18:22:54.281376,8003-10,34021,2,TERM. LAPA,REMÉDIOS,5,15:22,2,30.0,2,20.0,22.08,21.7,0.0,10000,3.6,801,3.0,22.5,45.0,0,6.1,23.5,0.5,0.667,75.0,3,1,0.3698,Estabilizado,Operação Normal
2026-08-22T18:22:54.281376,278A-10,33474,2,PENHA  ,METRÔ SANTANA,5,15:22,2,30.0,2,20.0,22.08,21.7,0.0,10000,3.6,801,3.0,22.5,45.0,0,6.1,23.5,0.5,0.667,75.0,3,1,0.3698,Estabilizado,Operação Normal
2026-08-22T18:22:54.281376,271M-10,684,1,METRÔ SANTANA,PQ. NOVO MUNDO,5,15:22,3,20.0,3,20.0,22.08,21.7,0.0,10000,3.6,801,3.0,22.5,45.0,0,6.1,23.5,0.5,1.0,66.67,4,1,0.3157,Estabilizado,Operação Normal
2026-08-22T18:22:54.281376,8008-10,34026,2,TERM. PIRITUBA,HAB. TURÍSTICA,5,15:22,2,30.0,2,20.0,22.08,21.7,0.0,10000,3.6,801,3.0,22.5,45.0,0,6.1,23.5,0.5,0.667,75.0,3,1,0.3698,Estabilizado,Operação Normal
2026-08-22T18:22:54.281376,8000-10,34041,2,PÇA. RAMOS DE AZEVEDO,TERM. LAPA,5,15:22,2,30.0,2,20.0,22.08,21.7,0.0,10000,3.6,801,3.0,22.5,45.0,0,6.1,23.5,0.5,0.667,75.0,3,1,0.3698,Estabilizado,Operação Normal
2026-08-22T18:22:54.281376,1896-10,2520,1,PÇA. RAMOS DE AZEVEDO,JARAGUÁ,5,15:22,4,15.0,4,20.0,22.08,21.7,0.0,10000,3.6,801,3.0,22.5,45.0,0,6.1,23.5,0.5,1.0,62.5,5,1,0.3053,Estabilizado,Operação Normal
2026-08-22T18:22:54.281376,5194-21,2095,1,AEROPORTO,JD. APURÁ,5,15:22,3,20.0,3,20.0,22.08,21.7,0.0,10000,3.6,801,3.0,22.5,45.0,0,6.1,23.5,0.5,1.0,66.67,4,1,0.3157,Estabilizado,Operação Normal
2026-08-22T18:22:54.281376,5035-10,34436,2,TERM. SACOMÃ,VL. ARAPUÁ,5,15:22,2,30.0,2,20.0,22.08,21.7,0.0,10000,3.6,801,3.0,22.5,45.0,0,6.1,23.5,0.5,0.667,75.0,3,1,0.3698,Estabilizado,Operação Normal
2026-08-22T18:22:54.281376,4312-10,2172,1,TERM. PQ. D. PEDRO II,JD. MARÍLIA,5,15:22,3,20.0,3,20.0,22.08,21.7,0.0,10000,3.6,801,3.0,22.5,45.0,0,6.1,23.5,0.5,1.0,66.67,4,1,0.3157,Estabilizado,Operação Normal
2026-08-22T18:22:54.281376,477P-10,348,1,RIO PEQUENO,IPIRANGA,5,15:22,3,20.0,3,20.0,22.08,21.7,0.0,10000,3.6,801,3.0,22.5,45.0,0,6.1,23.5,0.5,1.0,66.67,4,1,0.3157,Estabilizado,Operação Normal
2026-08-22T18:22:54.281376,6001-10,32820,2,TERM. STO. AMARO,TERM. CAPELINHA,5,15:22,4,15.0,4,20.0,22.08,21.7,0.0,10000,3.6,801,3.0,22.5,45.0,0,6.1,23.5,0.5,1.0,62.5,5,1,0.3053,Estabilizado,Operação Normal
2026-08-22T18:22:54.281376,695Y-42,2632,1,TERM. EST. VARGINHA,TERM. PARELHEIROS,5,15:22,3,20.0,3,20.0,22.08,21.7,0.0,10000,3.6,801,3.0,22.5,45.0,0,6.1,23.5,0.5,1.0,66.67,4,1,0.3157,Estabilizado,Operação Normal
2026-08-22T18:22:54.281376,607M-10,34804,2,TERM. ÁGUA ESPRAIADA,TERM. GRAJAÚ,5,15:22,3,20.0,3,20.0,22.08,21.7,0.0,10000,3.6,801,3.0,22.5,45.0,0,6.1,23.5,0.5,1.0,66.67,4,1,0.3157,Estabilizado,Operação Normal
2026-08-22T18:22:54.281376,2715-10,928,1,METRÔ PATRIARCA,VL. SÍLVIA,5,15:22,1,60.0,1,20.0,22.08,21.7,0.0,10000,3.6,801,3.0,22.5,45.0,0,6.1,23.5,0.5,0.333,100.0,2,1,0.4657,Estabilizado,Operação Normal
2026-08-22T18:22:54.281376,342N-10,1003,1,CPTM GUAIANASES,COHAB JUSCELINO,5,15:22,4,15.0,4,20.0,22.08,21.7,0.0,10000,3.6,801,3.0,22.5,45.0,0,6.1,23.5,0.5,1.0,62.5,5,1,0.3053,Estabilizado,Operação Normal
2026-08-22T18:22:54.281376,273R-10,32994,2,METRÔ ARTUR ALVIM,JD. ROBRU,5,15:22,3,20.0,3,20.0,22.08,21.7,0.0,10000,3.6,801,3.0,22.5,45.0,0,6.1,23.5,0.5,1.0,66.67,4,1,0.3157,Estabilizado,Operação Normal
2026-08-22T18:22:54.281376,6069-10,1154,1,TERM. STO. AMARO,JD. SÃO BERNARDO,5,15:22,4,15.0,4,20.0,22.08,21.7,0.0,10000,3.6,801,3.0,22.5,45.0,0,6.1,23.5,0.5,1.0,62.5,5,1,0.3053,Estabilizado,Operação Normal
2026-08-22T18:22:54.281376,3053-10,33741,2,METRÔ BELÉM,JD. ITÁPOLIS,5,15:22,3,20.0,3,20.0,22.08,21.7,0.0,10000,3.6,801,3.0,22.5,45.0,0,6.1,23.5,0.5,1.0,66.67,4,1,0.3157,Estabilizado,Operação Normal
2026-08-22T18:22:54.281376,875P-10,1341,1,METRÔ ANA ROSA,METRÔ BARRA FUNDA,5,15:22,1,60.0,1,20.0,22.08,21.7,0.0,10000,3.6,801,3.0,22.5,45.0,0,6.1,23.5,0.5,0.333,100.0,2,1,0.4657,Estabilizado,Operação Normal
2026-08-22T18:22:54.281376,4002-10,2177,1,TERM. VL. CARRÃO,GUAIANASES,5,15:22,2,30.0,2,20.0,22.08,21.7,0.0,10000,3.6,801,3.0,22.5,45.0,0,6.1,23.5,0.5,0.667,75.0,3,1,0.3698,Estabilizado,Operação Normal
2026-08-22T18:22:54.281376,607A-21,34908,2,EST. JURUBATUBA,JD. APURÁ,5,15:22,2,30.0,2,20.0,22.08,21.7,0.0,10000,3.6,801,3.0,22.5,45.0,0,6.1,23.5,0.5,0.667,75.0,3,1,0.3698,Estabilizado,Operação Normal
2026-08-22T18:22:54.281376,637R-10,32964,2,TERM. STO. AMARO,JD. ARACATI,5,15:22,6,10.0,6,20.0,22.08,21.7,0.0,10000,3.6,801,3.0,22.5,45.0,0,6.1,23.5,0.5,1.0,58.33,7,1,0.2948,Estabilizado,Operação Normal
2026-08-22T18:22:54.281376,2714-10,927,1,VL. RUI BARBOSA,METRÔ VL. MATILDE,5,15:22,1,60.0,1,20.0,22.08,21.7,0.0,10000,3.6,801,3.0,22.5,45.0,0,6.1,23.5,0.5,0.333,100.0,2,1,0.4657,Estabilizado,Operação Normal
2026-08-22T18:22:54.281376,6084-10,1169,1,TERM. EST. VARGINHA,JD. CHÁC. DO SOL,5,15:22,8,7.5,8,20.0,22.08,21.7,0.0,10000,3.6,801,3.0,22.5,45.0,0,6.1,23.5,0.5,1.0,62.5,10,2,0.3053,Estabilizado,Operação Normal
2026-08-22T18:22:54.281376,809N-10,35012,2,LAPA,VL. DALVA,5,15:22,1,60.0,1,20.0,22.08,21.7,0.0,10000,3.6,801,3.0,22.5,45.0,0,6.1,23.5,0.5,0.333,100.0,2,1,0.4657,Estabilizado,Operação Normal
2026-08-22T18:22:54.281376,6835-10,12,1,TERM. CAPELINHA,VALO VELHO,5,15:22,2,30.0,2,20.0,22.08,21.7,0.0,10000,3.6,801,3.0,22.5,45.0,0,6.1,23.5,0.5,0.667,75.0,3,1,0.3698,Estabilizado,Operação Normal
2026-08-22T18:22:54.281376,4491-10,33095,2,TERM. PQ. D. PEDRO II,VL. LIVIERO,5,15:22,3,20.0,3,20.0,22.08,21.7,0.0,10000,3.6,801,3.0,22.5,45.0,0,6.1,23.5,0.5,1.0,66.67,4,1,0.3157,Estabilizado,Operação Normal
2026-08-22T18:22:54.281376,2034-10,35391,2,CENTRO TEA,METRÔ TIETÊ,5,15:22,2,30.0,2,20.0,22.08,21.7,0.0,10000,3.6,801,3.0,22.5,45.0,0,6.1,23.5,0.5,0.667,75.0,3,1,0.3698,Estabilizado,Operação Normal
2026-08-22T18:22:54.281376,2740-10,1792,1,METRÔ SANTANA,PEDRA BRANCA,5,15:22,3,20.0,3,20.0,22.08,21.7,0.0,10000,3.6,801,3.0,22.5,45.0,0,6.1,23.5,0.5,1.0,66.67,4,1,0.3157,Estabilizado,Operação Normal
2026-08-22T18:22:54.281376,8030-10,35330,2,TERM. VL. SÔNIA,PARAISÓPOLIS,5,15:22,3,20.0,3,20.0,22.08,21.7,0.0,10000,3.6,801,3.0,22.5,45.0,0,6.1,23.5,0.5,1.0,66.67,4,1,0.3157,Estabilizado,Operação Normal
2026-08-22T18:22:54.281376,314J-10,33078,2,PÇA. ALMEIDA JR.,PQ. STA. MADALENA,5,15:22,2,30.0,2,20.0,22.08,21.7,0.0,10000,3.6,801,3.0,22.5,45.0,0,6.1,23.5,0.5,0.667,75.0,3,1,0.3698,Estabilizado,Operação Normal
2026-08-22T18:22:54.281376,546T-10,272,1,TERM. STO. AMARO,VL. GUACURI,5,15:22,5,12.0,5,20.0,22.08,21.7,0.0,10000,3.6,801,3.0,22.5,45.0,0,6.1,23.5,0.5,1.0,60.0,6,1,0.299,Estabilizado,Operação Normal
2026-08-22T18:22:54.281376,3134-10,33761,2,METRÔ TAMANDUATEÍ,SHOP. ARICANDUVA,5,15:22,6,10.0,6,20.0,22.08,21.7,0.0,10000,3.6,801,3.0,22.5,45.0,0,6.1,23.5,0.5,1.0,58.33,7,1,0.2948,Estabilizado,Operação Normal
2026-08-22T18:22:54.281376,6059-10,33994,2,STO. AMARO,JD. UNIVERSAL,5,15:22,1,60.0,1,20.0,22.08,21.7,0.0,10000,3.6,801,3.0,22.5,45.0,0,6.1,23.5,0.5,0.333,100.0,2,1,0.4657,Estabilizado,Operação Normal
2026-08-22T18:22:54.281376,352A-10,32932,2,TERM. SÃO MATEUS,JD. HELENA,5,15:22,2,30.0,2,20.0,22.08,21.7,0.0,10000,3.6,801,3.0,22.5,45.0,0,6.1,23.5,0.5,0.667,75.0,3,1,0.3698,Estabilizado,Operação Normal
2026-08-22T18:22:54.281376,5018-31,1861,1,JABAQUARA,SHOP. INTERLAGOS,5,15:22,1,60.0,1,20.0,22.08,21.7,0.0,10000,3.6,801,3.0,22.5,45.0,0,6.1,23.5,0.5,0.333,100.0,2,1,0.4657,Estabilizado,Operação Normal
2026-08-22T18:22:54.281376,4008-21,35295,2,CIRCULAR,COHAB JOSÉ BONIFÁCIO C ,5,15:22,1,60.0,1,20.0,22.08,21.7,0.0,10000,3.6,801,3.0,22.5,45.0,0,6.1,23.5,0.5,0.333,100.0,2,1,0.4657,Estabilizado,Operação Normal
2026-08-22T18:22:54.281376,6120-10,33957,2,TERM. GRAJAÚ,JD. LUCÉLIA,5,15:22,3,20.0,3,20.0,22.08,21.7,0.0,10000,3.6,801,3.0,22.5,45.0,0,6.1,23.5,0.5,1.0,66.67,4,1,0.3157,Estabilizado,Operação Normal
2026-08-22T18:22:54.281376,574R-10,34391,2,METRÔ BELÉM,TERM. SAPOPEMBA,5,15:22,4,15.0,4,20.0,22.08,21.7,0.0,10000,3.6,801,3.0,22.5,45.0,0,6.1,23.5,0.5,1.0,62.5,5,1,0.3053,Estabilizado,Operação Normal
2026-08-22T18:22:54.281376,4014-10,2187,1,TERM. VL. CARRÃO,JD. VL. CARRÃO,5,15:22,1,60.0,1,20.0,22.08,21.7,0.0,10000,3.6,801,3.0,22.5,45.0,0,6.1,23.5,0.5,0.333,100.0,2,1,0.4657,Estabilizado,Operação Normal
2026-08-22T18:22:54.281376,809J-10,2066,1,METRÔ MORUMBI,JD. COLOMBO,5,15:22,2,30.0,2,20.0,22.08,21.7,0.0,10000,3.6,801,3.0,22.5,45.0,0,6.1,23.5,0.5,0.667,75.0,3,1,0.3698,Estabilizado,Operação Normal
2026-08-22T18:22:54.281376,6258-31,34551,2,JD. IBIRAPUERA,JD. STA. MARGARIDA,5,15:22,2,30.0,2,20.0,22.08,21.7,0.0,10000,3.6,801,3.0,22.5,45.0,0,6.1,23.5,0.5,0.667,75.0,3,1,0.3698,Estabilizado,Operação Normal
2026-08-22T18:22:54.281376,2011-10,2136,1,METRÔ SANTANA,VL. SABRINA,5,15:22,5,12.0,5,20.0,22.08,21.7,0.0,10000,3.6,801,3.0,22.5,45.0,0,6.1,23.5,0.5,1.0,60.0,6,1,0.299,Estabilizado,Operação Normal
2026-08-22T18:22:54.281376,746V-10,33560,2,HOSP. CAMPO LIMPO,JD. REBOUÇAS,5,15:22,4,15.0,4,20.0,22.08,21.7,0.0,10000,3.6,801,3.0,22.5,45.0,0,6.1,23.5,0.5,1.0,62.5,5,1,0.3053,Estabilizado,Operação Normal
2026-08-22T18:22:54.281376,373M-10,33049,2,SHOP. METRÔ TATUAPÉ,JD. GUAIRACÁ,5,15:22,2,30.0,2,20.0,22.08,21.7,0.0,10000,3.6,801,3.0,22.5,45.0,0,6.1,23.5,0.5,0.667,75.0,3,1,0.3698,Estabilizado,Operação Normal
2026-08-22T18:22:54.281376,4032-10,33870,2,OBJETIVO UNIP,VL. DAS MERCÊS,5,15:22,3,20.0,3,20.0,22.08,21.7,0.0,10000,3.6,801,3.0,22.5,45.0,0,6.1,23.5,0.5,1.0,66.67,4,1,0.3157,Estabilizado,Operação Normal
2026-08-22T18:22:54.281376,373M-10,281,1,SHOP. METRÔ TATUAPÉ,JD. GUAIRACÁ,5,15:22,1,60.0,1,20.0,22.08,21.7,0.0,10000,3.6,801,3.0,22.5,45.0,0,6.1,23.5,0.5,0.333,100.0,2,1,0.4657,Estabilizado,Operação Normal
2026-08-22T18:22:54.281376,5127-10,1127,1,EST. JURUBATUBA,VL. GUACURI,5,15:22,4,15.0,4,20.0,22.08,21.7,0.0,10000,3.6,801,3.0,22.5,45.0,0,6.1,23.5,0.5,1.0,62.5,5,1,0.3053,Estabilizado,Operação Normal
2026-08-22T18:22:54.281376,5109-10,34619,2,TERM. MERCADO,TERM. VL. PRUDENTE,5,15:22,1,60.0,1,20.0,22.08,21.7,0.0,10000,3.6,801,3.0,22.5,45.0,0,6.1,23.5,0.5,0.333,100.0,2,1,0.4657,Estabilizado,Operação Normal
2026-08-22T18:22:54.281376,609F-10,32805,2,TERM. PRINC. ISABEL,CHÁC. SANTANA,5,15:22,4,15.0,4,20.0,22.08,21.7,0.0,10000,3.6,801,3.0,22.5,45.0,0,6.1,23.5,0.5,1.0,62.5,5,1,0.3053,Estabilizado,Operação Normal
2026-08-22T18:22:54.281376,2666-10,378,1,TERM. PQ. D. PEDRO II,JD. CAMARGO VELHO,5,15:22,1,60.0,1,20.0,22.08,21.7,0.0,10000,3.6,801,3.0,22.5,45.0,0,6.1,23.5,0.5,0.333,100.0,2,1,0.4657,Estabilizado,Operação Normal
2026-08-22T18:22:54.281376,119C-10,661,1,TERM. PRINC. ISABEL,PQ. EDU CHAVES,5,15:22,3,20.0,3,20.0,22.08,21.7,0.0,10000,3.6,801,3.0,22.5,45.0,0,6.1,23.5,0.5,1.0,66.67,4,1,0.3157,Estabilizado,Operação Normal
2026-08-22T18:22:54.281376,5038-10,34429,2,TERM. SACOMÃ,PQ. BRISTOL,5,15:22,3,20.0,3,20.0,22.08,21.7,0.0,10000,3.6,801,3.0,22.5,45.0,0,6.1,23.5,0.5,1.0,66.67,4,1,0.3157,Estabilizado,Operação Normal
2026-08-22T18:22:54.281376,6803-10,29,1,TERM. JOÃO DIAS,JD. CAPELINHA,5,15:22,2,30.0,2,20.0,22.08,21.7,0.0,10000,3.6,801,3.0,22.5,45.0,0,6.1,23.5,0.5,0.667,75.0,3,1,0.3698,Estabilizado,Operação Normal
2026-08-22T18:22:54.281376,6076-10,1165,1,TERM. STO. AMARO,JD. PROGRESSO,5,15:22,4,15.0,4,20.0,22.08,21.7,0.0,10000,3.6,801,3.0,22.5,45.0,0,6.1,23.5,0.5,1.0,62.5,5,1,0.3053,Estabilizado,Operação Normal
2026-08-22T18:22:54.281376,6099-10,34355,2,DIVISA DE EMBU-GUAÇU,TERM. GRAJAÚ,5,15:22,3,20.0,3,20.0,22.08,21.7,0.0,10000,3.6,801,3.0,22.5,45.0,0,6.1,23.5,0.5,1.0,66.67,4,1,0.3157,Estabilizado,Operação Normal
2026-08-22T18:22:54.281376,978A-10,1369,1,METRÔ BARRA FUNDA,TERM. CACHOEIRINHA,5,15:22,2,30.0,2,20.0,22.08,21.7,0.0,10000,3.6,801,3.0,22.5,45.0,0,6.1,23.5,0.5,0.667,75.0,3,1,0.3698,Estabilizado,Operação Normal
2026-08-22T18:22:54.281376,647P-10,34084,2,TERM. PINHEIROS,COHAB ADVENTISTA,5,15:22,5,12.0,5,20.0,22.08,21.7,0.0,10000,3.6,801,3.0,22.5,45.0,0,6.1,23.5,0.5,1.0,60.0,6,1,0.299,Estabilizado,Operação Normal
2026-08-22T18:22:54.281376,971D-10,709,1,SHOP. CENTER NORTE,JD. DAMASCENO,5,15:22,4,15.0,4,20.0,22.08,21.7,0.0,10000,3.6,801,3.0,22.5,45.0,0,6.1,23.5,0.5,1.0,62.5,5,1,0.3053,Estabilizado,Operação Normal
2026-08-22T18:22:54.281376,819A-10,803,1,JD. PRIMAVERA,CPTM VL. AURORA,5,15:22,7,8.6,7,20.0,22.08,21.7,0.0,10000,3.6,801,3.0,22.5,45.0,0,6.1,23.5,0.5,1.0,64.29,9,2,0.3097,Estabilizado,Operação Normal
2026-08-22T18:22:54.281376,3206-10,2112,1,CONJ. CHAPARRAL,METRÔ PENHA,5,15:22,2,30.0,2,20.0,22.08,21.7,0.0,10000,3.6,801,3.0,22.5,45.0,0,6.1,23.5,0.5,0.667,75.0,3,1,0.3698,Estabilizado,Operação Normal
2026-08-22T18:22:54.281376,8026-10,34851,2,TERM. VL. SÔNIA,JD. INGÁ,5,15:22,3,20.0,3,20.0,22.08,21.7,0.0,10000,3.6,801,3.0,22.5,45.0,0,6.1,23.5,0.5,1.0,66.67,4,1,0.3157,Estabilizado,Operação Normal
2026-08-22T18:22:54.281376,6835-31,34175,2,TERM. CAPELINHA,VALO VELHO,5,15:22,2,30.0,2,20.0,22.08,21.7,0.0,10000,3.6,801,3.0,22.5,45.0,0,6.1,23.5,0.5,0.667,75.0,3,1,0.3698,Estabilizado,Operação Normal
2026-08-22T18:22:54.281376,3063-1,35394,2,TERM. SÃO MATEUS,GUAIANASES,5,15:22,4,15.0,4,20.0,22.08,21.7,0.0,10000,3.6,801,3.0,22.5,45.0,0,6.1,23.5,0.5,1.0,62.5,5,1,0.3053,Estabilizado,Operação Normal
2026-08-22T18:22:54.281376,9047-10,33651,2,LAPA,JD. PAULISTANO,5,15:22,7,8.6,7,20.0,22.08,21.7,0.0,10000,3.6,801,3.0,22.5,45.0,0,6.1,23.5,0.5,1.0,64.29,9,2,0.3097,Estabilizado,Operação Normal
2026-08-22T18:22:54.281376,4014-10,34955,2,TERM. VL. CARRÃO,JD. VL. CARRÃO,5,15:22,2,30.0,2,20.0,22.08,21.7,0.0,10000,3.6,801,3.0,22.5,45.0,0,6.1,23.5,0.5,0.667,75.0,3,1,0.3698,Estabilizado,Operação Normal
2026-08-22T18:22:54.281376,527R-10,271,1,TERM. STO. AMARO,VL. IMPÉRIO,5,15:22,4,15.0,4,20.0,22.08,21.7,0.0,10000,3.6,801,3.0,22.5,45.0,0,6.1,23.5,0.5,1.0,62.5,5,1,0.3053,Estabilizado,Operação Normal
2026-08-22T18:22:54.281376,6049-10,34077,2,STO. AMARO,VALO VELHO,5,15:22,3,20.0,3,20.0,22.08,21.7,0.0,10000,3.6,801,3.0,22.5,45.0,0,6.1,23.5,0.5,1.0,66.67,4,1,0.3157,Estabilizado,Operação Normal
2026-08-22T18:22:54.281376,2016-10,902,1,SÃO MIGUEL,JD. DAS OLIVEIRAS,5,15:22,2,30.0,2,20.0,22.08,21.7,0.0,10000,3.6,801,3.0,22.5,45.0,0,6.1,23.5,0.5,0.667,75.0,3,1,0.3698,Estabilizado,Operação Normal
2026-08-22T18:22:54.281376,775F-31,2488,1,PQ. DO POVO,JD. DAS PALMAS,5,15:22,2,30.0,2,20.0,22.08,21.7,0.0,10000,3.6,801,3.0,22.5,45.0,0,6.1,23.5,0.5,0.667,75.0,3,1,0.3698,Estabilizado,Operação Normal
2026-08-22T18:22:54.281376,8544-10,430,1,PÇA. DO CORREIO,CID. D'ABRIL 3ª GLEBA,5,15:22,2,30.0,2,20.0,22.08,21.7,0.0,10000,3.6,801,3.0,22.5,45.0,0,6.1,23.5,0.5,0.667,75.0,3,1,0.3698,Estabilizado,Operação Normal
2026-08-22T18:22:54.281376,6451-10,61,1,TERM. BANDEIRA,TERM. CAPELINHA,5,15:22,6,10.0,6,20.0,22.08,21.7,0.0,10000,3.6,801,3.0,22.5,45.0,0,6.1,23.5,0.5,1.0,58.33,7,1,0.2948,Estabilizado,Operação Normal
2026-08-22T18:22:54.281376,9500-10,461,1,PÇA. DO CORREIO,TERM. CACHOEIRINHA,5,15:22,3,20.0,3,20.0,22.08,21.7,0.0,10000,3.6,801,3.0,22.5,45.0,0,6.1,23.5,0.5,1.0,66.67,4,1,0.3157,Estabilizado,Operação Normal
2026-08-22T18:22:54.281376,3020-10,33726,2,SHOP. ARICANDUVA,COHAB JOSÉ BONIFÁCIO ,5,15:22,3,20.0,3,20.0,22.08,21.7,0.0,10000,3.6,801,3.0,22.5,45.0,0,6.1,23.5,0.5,1.0,66.67,4,1,0.3157,Estabilizado,Operação Normal
2026-08-22T18:22:54.281376,8025-10,34844,2,TERM. VL. SÔNIA,JD. ROSA MARIA,5,15:22,2,30.0,2,20.0,22.08,21.7,0.0,10000,3.6,801,3.0,22.5,45.0,0,6.1,23.5,0.5,0.667,75.0,3,1,0.3698,Estabilizado,Operação Normal
2026-08-22T18:22:54.281376,677A-10,34007,2,ITAIM BIBI,TERM. JD. ÂNGELA,5,15:22,4,15.0,4,20.0,22.08,21.7,0.0,10000,3.6,801,3.0,22.5,45.0,0,6.1,23.5,0.5,1.0,62.5,5,1,0.3053,Estabilizado,Operação Normal
2026-08-22T18:22:54.281376,7272-10,34101,2,PÇA. RAMOS DE AZEVEDO,MERCADO DA LAPA,5,15:22,3,20.0,3,20.0,22.08,21.7,0.0,10000,3.6,801,3.0,22.5,45.0,0,6.1,23.5,0.5,1.0,66.67,4,1,0.3157,Estabilizado,Operação Normal
2026-08-22T18:22:54.281376,4086-10,35018,2,CIRCULAR,TERM. CID. TIRADENTES,5,15:22,1,60.0,1,20.0,22.08,21.7,0.0,10000,3.6,801,3.0,22.5,45.0,0,6.1,23.5,0.5,0.333,100.0,2,1,0.4657,Estabilizado,Operação Normal
2026-08-22T18:22:54.281376,4005-10,34947,2,BARRO BRANCO,TERM. CID. TIRADENTES,5,15:22,2,30.0,2,20.0,22.08,21.7,0.0,10000,3.6,801,3.0,22.5,45.0,0,6.1,23.5,0.5,0.667,75.0,3,1,0.3698,Estabilizado,Operação Normal
2026-08-22T18:22:54.281376,6035-21,34563,2,TERM. GUARAPIRANGA,VL. GILDA,5,15:22,3,20.0,3,20.0,22.08,21.7,0.0,10000,3.6,801,3.0,22.5,45.0,0,6.1,23.5,0.5,1.0,66.67,4,1,0.3157,Estabilizado,Operação Normal
2026-08-22T18:22:54.281376,6232-10,483,1,METRÔ BARRA FUNDA,PINHEIROS/VILA IDA ,5,15:22,2,30.0,2,20.0,22.08,21.7,0.0,10000,3.6,801,3.0,22.5,45.0,0,6.1,23.5,0.5,0.667,75.0,3,1,0.3698,Estabilizado,Operação Normal
2026-08-22T18:22:54.281376,3064-41,34701,2,STA. ETELVINA II B6,TERM. CID. TIRADENTES,5,15:22,1,60.0,1,20.0,22.08,21.7,0.0,10000,3.6,801,3.0,22.5,45.0,0,6.1,23.5,0.5,0.333,100.0,2,1,0.4657,Estabilizado,Operação Normal
2026-08-22T18:22:54.281376,7001-10,34490,2,JD. ÂNGELA,VL. GILDA,5,15:22,8,7.5,8,20.0,22.08,21.7,0.0,10000,3.6,801,3.0,22.5,45.0,0,6.1,23.5,0.5,1.0,62.5,10,2,0.3053,Estabilizado,Operação Normal
2026-08-22T18:22:54.281376,7245-21,2538,1,TERM. ÁGUA ESPRAIADA,TERM. STO. AMARO,5,15:22,3,20.0,3,20.0,22.08,21.7,0.0,10000,3.6,801,3.0,22.5,45.0,0,6.1,23.5,0.5,1.0,66.67,4,1,0.3157,Estabilizado,Operação Normal
2026-08-22T18:22:54.281376,4013-10,2186,1,TERM. SÃO MATEUS,JD. STO. ANDRÉ,5,15:22,1,60.0,1,20.0,22.08,21.7,0.0,10000,3.6,801,3.0,22.5,45.0,0,6.1,23.5,0.5,0.333,100.0,2,1,0.4657,Estabilizado,Operação Normal
2026-08-22T18:22:54.281376,274P-10,232,1,METRÔ VL. MARIANA,PENHA,5,15:22,2,30.0,2,20.0,22.08,21.7,0.0,10000,3.6,801,3.0,22.5,45.0,0,6.1,23.5,0.5,0.667,75.0,3,1,0.3698,Estabilizado,Operação Normal
2026-08-22T18:22:54.281376,7057-10,34665,2,TERM. CAMPO LIMPO,JD. MITSUTANI,5,15:22,1,60.0,1,20.0,22.08,21.7,0.0,10000,3.6,801,3.0,22.5,45.0,0,6.1,23.5,0.5,0.333,100.0,2,1,0.4657,Estabilizado,Operação Normal
2026-08-22T18:22:54.281376,5757-10,34056,2,METRÔ CONCEIÇÃO,CID. JÚLIA,5,15:22,4,15.0,4,20.0,22.08,21.7,0.0,10000,3.6,801,3.0,22.5,45.0,0,6.1,23.5,0.5,1.0,62.5,5,1,0.3053,Estabilizado,Operação Normal
2026-08-22T18:22:54.281376,8043-10,407,1,LAPA,HAB. TURÍSTICA,5,15:22,1,60.0,1,20.0,22.08,21.7,0.0,10000,3.6,801,3.0,22.5,45.0,0,6.1,23.5,0.5,0.333,100.0,2,1,0.4657,Estabilizado,Operação Normal
2026-08-22T18:22:54.281376,4020-10,2530,1,JD. NOVO HORIZONTE,E. T. ITAQUERA,5,15:22,1,60.0,1,20.0,22.08,21.7,0.0,10000,3.6,801,3.0,22.5,45.0,0,6.1,23.5,0.5,0.333,100.0,2,1,0.4657,Estabilizado,Operação Normal
2026-08-22T18:22:54.281376,7060-10,1889,1,TERM. CAMPO LIMPO,VALO VELHO,5,15:22,2,30.0,2,20.0,22.08,21.7,0.0,10000,3.6,801,3.0,22.5,45.0,0,6.1,23.5,0.5,0.667,75.0,3,1,0.3698,Estabilizado,Operação Normal
2026-08-22T18:22:54.281376,6818-10,28,1,TERM. CAPELINHA,JD. VALE DAS VIRTUDES,5,15:22,3,20.0,3,20.0,22.08,21.7,0.0,10000,3.6,801,3.0,22.5,45.0,0,6.1,23.5,0.5,1.0,66.67,4,1,0.3157,Estabilizado,Operação Normal
2026-08-22T18:22:54.281376,390E-10,34650,2,TERM. PQ. D. PEDRO II,TERM. PENHA,5,15:22,4,15.0,4,20.0,22.08,21.7,0.0,10000,3.6,801,3.0,22.5,45.0,0,6.1,23.5,0.5,1.0,62.5,5,1,0.3053,Estabilizado,Operação Normal
2026-08-22T18:22:54.281376,6825-10,14,1,TERM. CAPELINHA,VALO VELHO,5,15:22,1,60.0,1,20.0,22.08,21.7,0.0,10000,3.6,801,3.0,22.5,45.0,0,6.1,23.5,0.5,0.333,100.0,2,1,0.4657,Estabilizado,Operação Normal
2026-08-22T18:22:54.281376,7059-10,34692,2,TERM. CAMPO LIMPO,PQ. DO ENGENHO,5,15:22,1,60.0,1,20.0,22.08,21.7,0.0,10000,3.6,801,3.0,22.5,45.0,0,6.1,23.5,0.5,0.333,100.0,2,1,0.4657,Estabilizado,Operação Normal
2026-08-22T18:22:54.281376,4029-10,33867,2,TERM. VL PRUDENTE,SÃO MATEUS,5,15:22,3,20.0,3,20.0,22.08,21.7,0.0,10000,3.6,801,3.0,22.5,45.0,0,6.1,23.5,0.5,1.0,66.67,4,1,0.3157,Estabilizado,Operação Normal
2026-08-22T18:22:54.281376,4491-10,327,1,TERM. PQ. D. PEDRO II,VL. LIVIERO,5,15:22,2,30.0,2,20.0,22.08,21.7,0.0,10000,3.6,801,3.0,22.5,45.0,0,6.1,23.5,0.5,0.667,75.0,3,1,0.3698,Estabilizado,Operação Normal
2026-08-22T18:22:54.281376,6412-10,33538,2,PAULISTA,PARAISÓPOLIS,5,15:22,4,15.0,4,20.0,22.08,21.7,0.0,10000,3.6,801,3.0,22.5,45.0,0,6.1,23.5,0.5,1.0,62.5,5,1,0.3053,Estabilizado,Operação Normal
2026-08-22T18:22:54.281376,7063-10,34667,2,TERM. CAMPO LIMPO,JD. MACEDÔNIA,5,15:22,3,20.0,3,20.0,22.08,21.7,0.0,10000,3.6,801,3.0,22.5,45.0,0,6.1,23.5,0.5,1.0,66.67,4,1,0.3157,Estabilizado,Operação Normal
2026-08-22T18:22:54.281376,1758-10,552,1,METRÔ SANTANA,JD. ANTÁRTICA,5,15:22,2,30.0,2,20.0,22.08,21.7,0.0,10000,3.6,801,3.0,22.5,45.0,0,6.1,23.5,0.5,0.667,75.0,3,1,0.3698,Estabilizado,Operação Normal
2026-08-22T18:22:54.281376,5128-10,33896,2,METRÔ CONCEIÇÃO,JD. APURÁ,5,15:22,3,20.0,3,20.0,22.08,21.7,0.0,10000,3.6,801,3.0,22.5,45.0,0,6.1,23.5,0.5,1.0,66.67,4,1,0.3157,Estabilizado,Operação Normal
2026-08-22T18:22:54.281376,8017-10,1261,1,TERM. PIRITUBA,CPTM VL. AURORA,5,15:22,3,20.0,3,20.0,22.08,21.7,0.0,10000,3.6,801,3.0,22.5,45.0,0,6.1,23.5,0.5,1.0,66.67,4,1,0.3157,Estabilizado,Operação Normal
2026-08-22T18:22:54.281376,778J-41,34254,2,METRÔ BARRA FUNDA,COHAB RAPOSO TAVARES,5,15:22,3,20.0,3,20.0,22.08,21.7,0.0,10000,3.6,801,3.0,22.5,45.0,0,6.1,23.5,0.5,1.0,66.67,4,1,0.3157,Estabilizado,Operação Normal
2026-08-22T18:22:54.281376,N633-11,2398,1,MORUMBI SHOP.,METRÔ JABAQUARA,5,15:22,1,60.0,1,20.0,22.08,21.7,0.0,10000,3.6,801,3.0,22.5,45.0,0,6.1,23.5,0.5,0.333,100.0,2,1,0.4657,Estabilizado,Operação Normal
2026-08-22T18:22:54.281376,648P-10,66,1,TERM. PINHEIROS,TERM. CAPELINHA,5,15:22,3,20.0,3,20.0,22.08,21.7,0.0,10000,3.6,801,3.0,22.5,45.0,0,6.1,23.5,0.5,1.0,66.67,4,1,0.3157,Estabilizado,Operação Normal
2026-08-22T18:22:54.281376,4020-10,35298,2,JD. NOVO HORIZONTE,E. T. ITAQUERA,5,15:22,1,60.0,1,20.0,22.08,21.7,0.0,10000,3.6,801,3.0,22.5,45.0,0,6.1,23.5,0.5,0.333,100.0,2,1,0.4657,Estabilizado,Operação Normal
2026-08-22T18:22:54.281376,8615-10,34107,2,TERM. PQ. D. PEDRO II,PQ. DA LAPA,5,15:22,3,20.0,3,20.0,22.08,21.7,0.0,10000,3.6,801,3.0,22.5,45.0,0,6.1,23.5,0.5,1.0,66.67,4,1,0.3157,Estabilizado,Operação Normal
2026-08-22T18:22:54.281376,2035-10,35450,2,CONJ. HAB. SONDA II,METRÔ PARADA INGLESA,5,15:22,2,30.0,2,20.0,22.08,21.7,0.0,10000,3.6,801,3.0,22.5,45.0,0,6.1,23.5,0.5,0.667,75.0,3,1,0.3698,Estabilizado,Operação Normal
2026-08-22T18:22:54.281376,425E-10,1636,1,JD. ESTER,TERM. SAPOPEMBA,5,15:22,1,60.0,1,20.0,22.08,21.7,0.0,10000,3.6,801,3.0,22.5,45.0,0,6.1,23.5,0.5,0.333,100.0,2,1,0.4657,Estabilizado,Operação Normal
2026-08-22T18:22:54.281376,4732-31,34895,2,METRÔ SAÚDE,VL. LIVIERO,5,15:22,3,20.0,3,20.0,22.08,21.7,0.0,10000,3.6,801,3.0,22.5,45.0,0,6.1,23.5,0.5,1.0,66.67,4,1,0.3157,Estabilizado,Operação Normal
2026-08-22T18:22:54.281376,938L-10,1368,1,LAPA,TERM. CACHOEIRINHA,5,15:22,3,20.0,3,20.0,22.08,21.7,0.0,10000,3.6,801,3.0,22.5,45.0,0,6.1,23.5,0.5,1.0,66.67,4,1,0.3157,Estabilizado,Operação Normal
2026-08-22T18:22:54.281376,6817-10,27,1,TERM. CAPELINHA,JD. SÃO BENTO,5,15:22,2,30.0,2,20.0,22.08,21.7,0.0,10000,3.6,801,3.0,22.5,45.0,0,6.1,23.5,0.5,0.667,75.0,3,1,0.3698,Estabilizado,Operação Normal
2026-08-22T18:22:54.281376,5107-10,34427,2,PÇA. DO CORREIO,TERM. SACOMÃ,5,15:22,2,30.0,2,20.0,22.08,21.7,0.0,10000,3.6,801,3.0,22.5,45.0,0,6.1,23.5,0.5,0.667,75.0,3,1,0.3698,Estabilizado,Operação Normal
2026-08-22T18:22:54.281376,8215-10,33342,2,PÇA. DO CORREIO,JD. PAULISTANO,5,15:22,3,20.0,3,20.0,22.08,21.7,0.0,10000,3.6,801,3.0,22.5,45.0,0,6.1,23.5,0.5,1.0,66.67,4,1,0.3157,Estabilizado,Operação Normal
2026-08-22T18:22:54.281376,2765-10,145,1,METRÔ TATUAPÉ,VL. CISPER,5,15:22,3,20.0,3,20.0,22.08,21.7,0.0,10000,3.6,801,3.0,22.5,45.0,0,6.1,23.5,0.5,1.0,66.67,4,1,0.3157,Estabilizado,Operação Normal
2026-08-22T18:22:54.281376,809R-10,34835,2,TERM. PINHEIROS,RIO PEQUENO,5,15:22,3,20.0,3,20.0,22.08,21.7,0.0,10000,3.6,801,3.0,22.5,45.0,0,6.1,23.5,0.5,1.0,66.67,4,1,0.3157,Estabilizado,Operação Normal
2026-08-22T18:22:54.281376,274P-10,33000,2,METRÔ VL. MARIANA,PENHA,5,15:22,1,60.0,1,20.0,22.08,21.7,0.0,10000,3.6,801,3.0,22.5,45.0,0,6.1,23.5,0.5,0.333,100.0,2,1,0.4657,Estabilizado,Operação Normal
2026-08-22T18:22:54.281376,6451-10,32829,2,TERM. BANDEIRA,TERM. CAPELINHA,5,15:22,7,8.6,7,20.0,22.08,21.7,0.0,10000,3.6,801,3.0,22.5,45.0,0,6.1,23.5,0.5,1.0,64.29,9,2,0.3097,Estabilizado,Operação Normal
2026-08-22T18:22:54.281376,7059-10,1924,1,TERM. CAMPO LIMPO,PQ. DO ENGENHO,5,15:22,3,20.0,3,20.0,22.08,21.7,0.0,10000,3.6,801,3.0,22.5,45.0,0,6.1,23.5,0.5,1.0,66.67,4,1,0.3157,Estabilizado,Operação Normal
2026-08-22T18:22:54.281376,5030-10,1669,1,TERM. SACOMÃ,JD. MARIA ESTELA,5,15:22,1,60.0,1,20.0,22.08,21.7,0.0,10000,3.6,801,3.0,22.5,45.0,0,6.1,23.5,0.5,0.333,100.0,2,1,0.4657,Estabilizado,Operação Normal
2026-08-22T18:22:54.281376,930P-10,34883,2,TERM. PINHEIROS,TERM. PQ. D. PEDRO II,5,15:22,4,15.0,4,20.0,22.08,21.7,0.0,10000,3.6,801,3.0,22.5,45.0,0,6.1,23.5,0.5,1.0,62.5,5,1,0.3053,Estabilizado,Operação Normal
2026-08-22T18:22:54.281376,2123-10,33460,2,LIBERDADE,VL. MEDEIROS,5,15:22,3,20.0,3,20.0,22.08,21.7,0.0,10000,3.6,801,3.0,22.5,45.0,0,6.1,23.5,0.5,1.0,66.67,4,1,0.3157,Estabilizado,Operação Normal
2026-08-22T18:22:54.281376,5029-10,1672,1,TERM. SACOMÃ,JD. PATENTE,5,15:22,1,60.0,1,20.0,22.08,21.7,0.0,10000,3.6,801,3.0,22.5,45.0,0,6.1,23.5,0.5,0.333,100.0,2,1,0.4657,Estabilizado,Operação Normal
2026-08-22T18:22:54.281376,273X-10,392,1,METRÔ ARTUR ALVIM,JD. DAS OLIVEIRAS,5,15:22,6,10.0,6,20.0,22.08,21.7,0.0,10000,3.6,801,3.0,22.5,45.0,0,6.1,23.5,0.5,1.0,58.33,7,1,0.2948,Estabilizado,Operação Normal
2026-08-22T18:22:54.281376,3029-10,33734,2,METRÔ TATUAPÉ,JD. DAS ROSAS,5,15:22,3,20.0,3,20.0,22.08,21.7,0.0,10000,3.6,801,3.0,22.5,45.0,0,6.1,23.5,0.5,1.0,66.67,4,1,0.3157,Estabilizado,Operação Normal
2026-08-22T18:22:54.281376,938L-10,34136,2,LAPA,TERM. CACHOEIRINHA,5,15:22,2,30.0,2,20.0,22.08,21.7,0.0,10000,3.6,801,3.0,22.5,45.0,0,6.1,23.5,0.5,0.667,75.0,3,1,0.3698,Estabilizado,Operação Normal
2026-08-22T18:22:54.281376,809V-10,35011,2,METRÔ - TRIANON - MASP,VL. GOMES,5,15:22,2,30.0,2,20.0,22.08,21.7,0.0,10000,3.6,801,3.0,22.5,45.0,0,6.1,23.5,0.5,0.667,75.0,3,1,0.3698,Estabilizado,Operação Normal
2026-08-22T18:22:54.281376,2769-10,33165,2,METRÔ TATUAPÉ,JD. ROMANO,5,15:22,3,20.0,3,20.0,22.08,21.7,0.0,10000,3.6,801,3.0,22.5,45.0,0,6.1,23.5,0.5,1.0,66.67,4,1,0.3157,Estabilizado,Operação Normal
2026-08-22T18:22:54.281376,6042-21,34543,2,CEU CAPÃO REDONDO,TERM. CAPELINHA,5,15:22,1,60.0,1,20.0,22.08,21.7,0.0,10000,3.6,801,3.0,22.5,45.0,0,6.1,23.5,0.5,0.333,100.0,2,1,0.4657,Estabilizado,Operação Normal
2026-08-22T18:22:54.281376,4111-10,320,1,PÇA. DA REPÚBLICA,VL. MONUMENTO,5,15:22,1,60.0,1,20.0,22.08,21.7,0.0,10000,3.6,801,3.0,22.5,45.0,0,6.1,23.5,0.5,0.333,100.0,2,1,0.4657,Estabilizado,Operação Normal
2026-08-22T18:22:54.281376,3902-10,34238,2,CPTM GUAIANASES,CPTM JD. ROMANO,5,15:22,3,20.0,3,20.0,22.08,21.7,0.0,10000,3.6,801,3.0,22.5,45.0,0,6.1,23.5,0.5,1.0,66.67,4,1,0.3157,Estabilizado,Operação Normal
2026-08-22T18:22:54.281376,546A-10,33899,2,STO. AMARO,JD. APURÁ,5,15:22,4,15.0,4,20.0,22.08,21.7,0.0,10000,3.6,801,3.0,22.5,45.0,0,6.1,23.5,0.5,1.0,62.5,5,1,0.3053,Estabilizado,Operação Normal
2026-08-22T18:22:54.281376,5015-10,33887,2,METRÔ JABAQUARA,JD. SÃO JORGE,5,15:22,5,12.0,5,20.0,22.08,21.7,0.0,10000,3.6,801,3.0,22.5,45.0,0,6.1,23.5,0.5,1.0,60.0,6,1,0.299,Estabilizado,Operação Normal
2026-08-22T18:22:54.281376,637V-10,32872,2,TERM. STO. AMARO,PQ. AMÉRICA,5,15:22,2,30.0,2,20.0,22.08,21.7,0.0,10000,3.6,801,3.0,22.5,45.0,0,6.1,23.5,0.5,0.667,75.0,3,1,0.3698,Estabilizado,Operação Normal
2026-08-22T18:22:54.281376,6L10-10,1159,1,PQ. FLORESTAL   ,TERM. VARGINHA,5,15:22,3,20.0,3,20.0,22.08,21.7,0.0,10000,3.6,801,3.0,22.5,45.0,0,6.1,23.5,0.5,1.0,66.67,4,1,0.3157,Estabilizado,Operação Normal
2026-08-22T18:22:54.281376,3721-10,1019,1,SHOP. ARICANDUVA,METRÔ ARTUR ALVIM,5,15:22,6,10.0,6,20.0,22.08,21.7,0.0,10000,3.6,801,3.0,22.5,45.0,0,6.1,23.5,0.5,1.0,58.33,7,1,0.2948,Estabilizado,Operação Normal
2026-08-22T18:22:54.281376,546J-10,33901,2,STO. AMARO,JD. SELMA,5,15:22,2,30.0,2,20.0,22.08,21.7,0.0,10000,3.6,801,3.0,22.5,45.0,0,6.1,23.5,0.5,0.667,75.0,3,1,0.3698,Estabilizado,Operação Normal
2026-08-22T18:22:54.281376,958P-10,33233,2,VL. OLÍMPIA,JD. NARDINI,5,15:22,2,30.0,2,20.0,22.08,21.7,0.0,10000,3.6,801,3.0,22.5,45.0,0,6.1,23.5,0.5,0.667,75.0,3,1,0.3698,Estabilizado,Operação Normal
2026-08-22T18:22:54.281376,6076-10,33933,2,TERM. STO. AMARO,JD. PROGRESSO,5,15:22,3,20.0,3,20.0,22.08,21.7,0.0,10000,3.6,801,3.0,22.5,45.0,0,6.1,23.5,0.5,1.0,66.67,4,1,0.3157,Estabilizado,Operação Normal
2026-08-22T18:22:54.281376,3754-10,1049,1,METRÔ ITAQUERA,INÁCIO MONTEIRO,5,15:22,2,30.0,2,20.0,22.08,21.7,0.0,10000,3.6,801,3.0,22.5,45.0,0,6.1,23.5,0.5,0.667,75.0,3,1,0.3698,Estabilizado,Operação Normal
2026-08-22T18:22:54.281376,8300-10,1264,1,TERM. LAPA,TERM. PIRITUBA,5,15:22,2,30.0,2,20.0,22.08,21.7,0.0,10000,3.6,801,3.0,22.5,45.0,0,6.1,23.5,0.5,0.667,75.0,3,1,0.3698,Estabilizado,Operação Normal
2026-08-22T18:22:54.281376,846M-10,33190,2,TERM. PINHEIROS,VL. PIAUÍ,5,15:22,1,60.0,1,20.0,22.08,21.7,0.0,10000,3.6,801,3.0,22.5,45.0,0,6.1,23.5,0.5,0.333,100.0,2,1,0.4657,Estabilizado,Operação Normal
2026-08-22T18:22:54.281376,6059-10,1226,1,STO. AMARO,JD. UNIVERSAL,5,15:22,2,30.0,2,20.0,22.08,21.7,0.0,10000,3.6,801,3.0,22.5,45.0,0,6.1,23.5,0.5,0.667,75.0,3,1,0.3698,Estabilizado,Operação Normal
2026-08-22T18:22:54.281376,6083-10,34501,2,TERM. GRAJAÚ,JD. ELIANA,5,15:22,1,60.0,1,20.0,22.08,21.7,0.0,10000,3.6,801,3.0,22.5,45.0,0,6.1,23.5,0.5,0.333,100.0,2,1,0.4657,Estabilizado,Operação Normal
2026-08-22T18:22:54.281376,5021-10,34435,2,TERM. SACOMÃ,ÁGUA FUNDA,5,15:22,1,60.0,1,20.0,22.08,21.7,0.0,10000,3.6,801,3.0,22.5,45.0,0,6.1,23.5,0.5,0.333,100.0,2,1,0.4657,Estabilizado,Operação Normal
2026-08-22T18:22:54.281376,3462-10,247,1,METRÔ TATUAPÉ,VL. SANTANA,5,15:22,1,60.0,1,20.0,22.08,21.7,0.0,10000,3.6,801,3.0,22.5,45.0,0,6.1,23.5,0.5,0.333,100.0,2,1,0.4657,Estabilizado,Operação Normal
2026-08-22T18:22:54.281376,6051-31,1606,1,TERM. EST. VARGINHA,JD. ITAJAÍ,5,15:22,1,60.0,1,20.0,22.08,21.7,0.0,10000,3.6,801,3.0,22.5,45.0,0,6.1,23.5,0.5,0.333,100.0,2,1,0.4657,Estabilizado,Operação Normal
2026-08-22T18:22:54.281376,502J-10,1275,1,METRÔ STA. CRUZ,EST. AUTÓDROMO,5,15:22,5,12.0,5,20.0,22.08,21.7,0.0,10000,3.6,801,3.0,22.5,45.0,0,6.1,23.5,0.5,1.0,60.0,6,1,0.299,Estabilizado,Operação Normal
2026-08-22T18:22:54.281376,4087-10,2602,1,VL. POPULAR,E.T. ITAQUERA,5,15:22,1,60.0,1,20.0,22.08,21.7,0.0,10000,3.6,801,3.0,22.5,45.0,0,6.1,23.5,0.5,0.333,100.0,2,1,0.4657,Estabilizado,Operação Normal
2026-08-22T18:22:54.281376,975A-10,33357,2,METRÔ ANA ROSA,VL. BRASILÂNDIA,5,15:22,1,60.0,1,20.0,22.08,21.7,0.0,10000,3.6,801,3.0,22.5,45.0,0,6.1,23.5,0.5,0.333,100.0,2,1,0.4657,Estabilizado,Operação Normal
2026-08-22T18:22:54.281376,2175-10,697,1,TERM. PQ. D. PEDRO II,PQ. EDU CHAVES,5,15:22,1,60.0,1,20.0,22.08,21.7,0.0,10000,3.6,801,3.0,22.5,45.0,0,6.1,23.5,0.5,0.333,100.0,2,1,0.4657,Estabilizado,Operação Normal
2026-08-22T18:22:54.281376,509M-10,1277,1,TERM. PRINC. ISABEL,JD. MIRIAM,5,15:22,3,20.0,3,20.0,22.08,21.7,0.0,10000,3.6,801,3.0,22.5,45.0,0,6.1,23.5,0.5,1.0,66.67,4,1,0.3157,Estabilizado,Operação Normal
2026-08-22T18:22:54.281376,9006-10,33642,2,TERM. CACHOEIRINHA,VL. PENTEADO,5,15:22,2,30.0,2,20.0,22.08,21.7,0.0,10000,3.6,801,3.0,22.5,45.0,0,6.1,23.5,0.5,0.667,75.0,3,1,0.3698,Estabilizado,Operação Normal
2026-08-22T18:22:54.281376,8001-10,34019,2,TERM. LAPA,VL. PIAUÍ,5,15:22,1,60.0,1,20.0,22.08,21.7,0.0,10000,3.6,801,3.0,22.5,45.0,0,6.1,23.5,0.5,0.333,100.0,2,1,0.4657,Estabilizado,Operação Normal
2026-08-22T18:22:54.281376,778R-10,33277,2,TERM. PRINC. ISABEL,COHAB RAPOSO TAVARES,5,15:22,3,20.0,3,20.0,22.08,21.7,0.0,10000,3.6,801,3.0,22.5,45.0,0,6.1,23.5,0.5,1.0,66.67,4,1,0.3157,Estabilizado,Operação Normal
2026-08-22T18:22:54.281376,1701-22,35245,2,METRÔ TUCURUVI,JOVA RURAL,5,15:22,1,60.0,1,20.0,22.08,21.7,0.0,10000,3.6,801,3.0,22.5,45.0,0,6.1,23.5,0.5,0.333,100.0,2,1,0.4657,Estabilizado,Operação Normal
2026-08-22T18:22:54.281376,7060-10,34657,2,TERM. CAMPO LIMPO,VALO VELHO,5,15:22,1,60.0,1,20.0,22.08,21.7,0.0,10000,3.6,801,3.0,22.5,45.0,0,6.1,23.5,0.5,0.333,100.0,2,1,0.4657,Estabilizado,Operação Normal
2026-08-22T18:22:54.281376,3027-10,963,1,SHOP. ARICANDUVA,CPTM GUAIANASES,5,15:22,2,30.0,2,20.0,22.08,21.7,0.0,10000,3.6,801,3.0,22.5,45.0,0,6.1,23.5,0.5,0.667,75.0,3,1,0.3698,Estabilizado,Operação Normal
2026-08-22T18:22:54.281376,3745-10,1044,1,METRÔ TATUAPÉ,JD. IMPERADOR,5,15:22,3,20.0,3,20.0,22.08,21.7,0.0,10000,3.6,801,3.0,22.5,45.0,0,6.1,23.5,0.5,1.0,66.67,4,1,0.3157,Estabilizado,Operação Normal
2026-08-22T18:22:54.281376,2451-10,213,1,TERM. ARICANDUVA,VL. SÃO FRANCISCO,5,15:22,3,20.0,3,20.0,22.08,21.7,0.0,10000,3.6,801,3.0,22.5,45.0,0,6.1,23.5,0.5,1.0,66.67,4,1,0.3157,Estabilizado,Operação Normal
2026-08-22T18:22:54.281376,8075-21,35305,2,TERM. VL. SÔNIA,TERM. CAMPO LIMPO,5,15:22,3,20.0,3,20.0,22.08,21.7,0.0,10000,3.6,801,3.0,22.5,45.0,0,6.1,23.5,0.5,1.0,66.67,4,1,0.3157,Estabilizado,Operação Normal
2026-08-22T18:22:54.281376,1721-10,666,1,METRÔ CARANDIRU,VL. SABRINA,5,15:22,3,20.0,3,20.0,22.08,21.7,0.0,10000,3.6,801,3.0,22.5,45.0,0,6.1,23.5,0.5,1.0,66.67,4,1,0.3157,Estabilizado,Operação Normal
2026-08-22T18:22:54.281376,736G-10,33548,2,SHOP. MORUMBI,JD. INGÁ,5,15:22,3,20.0,3,20.0,22.08,21.7,0.0,10000,3.6,801,3.0,22.5,45.0,0,6.1,23.5,0.5,1.0,66.67,4,1,0.3157,Estabilizado,Operação Normal
2026-08-22T18:22:54.281376,5614-21,2464,1,PQ. IBIRAPUERA,ELDORADO,5,15:22,6,10.0,6,20.0,22.08,21.7,0.0,10000,3.6,801,3.0,22.5,45.0,0,6.1,23.5,0.5,1.0,58.33,7,1,0.2948,Estabilizado,Operação Normal
2026-08-22T18:22:54.281376,8528-10,575,1,PÇA. DO CORREIO,JD. GUARANI,5,15:22,4,15.0,4,20.0,22.08,21.7,0.0,10000,3.6,801,3.0,22.5,45.0,0,6.1,23.5,0.5,1.0,62.5,5,1,0.3053,Estabilizado,Operação Normal
2026-08-22T18:22:54.281376,3778-10,1062,1,METRÔ CARRÃO,JD. STA. TEREZINHA,5,15:22,4,15.0,4,20.0,22.08,21.7,0.0,10000,3.6,801,3.0,22.5,45.0,0,6.1,23.5,0.5,1.0,62.5,5,1,0.3053,Estabilizado,Operação Normal
2026-08-22T18:22:54.281376,2033-10,35267,2,SHOP. D,VL. SABRINA,5,15:22,2,30.0,2,20.0,22.08,21.7,0.0,10000,3.6,801,3.0,22.5,45.0,0,6.1,23.5,0.5,0.667,75.0,3,1,0.3698,Estabilizado,Operação Normal
2026-08-22T18:22:54.281376,8500-10,34035,2,METRÔ BARRA FUNDA,TERM. PIRITUBA,5,15:22,4,15.0,4,20.0,22.08,21.7,0.0,10000,3.6,801,3.0,22.5,45.0,0,6.1,23.5,0.5,1.0,62.5,5,1,0.3053,Estabilizado,Operação Normal
2026-08-22T18:22:54.281376,776M-10,2680,1,AEROPORTO,TERM. ÁGUA ESPRAIADA,5,15:22,2,30.0,2,20.0,22.08,21.7,0.0,10000,3.6,801,3.0,22.5,45.0,0,6.1,23.5,0.5,0.667,75.0,3,1,0.3698,Estabilizado,Operação Normal
2026-08-22T18:22:54.281376,8015-10,34113,2,TERM. PIRITUBA,CEM. DE PERUS,5,15:22,3,20.0,3,20.0,22.08,21.7,0.0,10000,3.6,801,3.0,22.5,45.0,0,6.1,23.5,0.5,1.0,66.67,4,1,0.3157,Estabilizado,Operação Normal
2026-08-22T18:22:54.281376,6403-10,58,1,TERM. PQ. D. PEDRO II,TERM. JOÃO DIAS,5,15:22,3,20.0,3,20.0,22.08,21.7,0.0,10000,3.6,801,3.0,22.5,45.0,0,6.1,23.5,0.5,1.0,66.67,4,1,0.3157,Estabilizado,Operação Normal
2026-08-22T18:22:54.281376,3019-10,33725,2,VL. PAULISTA I,TERM. CID. TIRADENTES,5,15:22,1,60.0,1,20.0,22.08,21.7,0.0,10000,3.6,801,3.0,22.5,45.0,0,6.1,23.5,0.5,0.333,100.0,2,1,0.4657,Estabilizado,Operação Normal
2026-08-22T18:22:54.281376,3734-10,1034,1,METRÔ ARTUR ALVIM,CID. LIDER,5,15:22,3,20.0,3,20.0,22.08,21.7,0.0,10000,3.6,801,3.0,22.5,45.0,0,6.1,23.5,0.5,1.0,66.67,4,1,0.3157,Estabilizado,Operação Normal
2026-08-22T18:22:54.281376,199D-10,2135,1,TERM. PINHEIROS,CONEXÃO VL. IÓRIO,5,15:22,4,15.0,4,20.0,22.08,21.7,0.0,10000,3.6,801,3.0,22.5,45.0,0,6.1,23.5,0.5,1.0,62.5,5,1,0.3053,Estabilizado,Operação Normal
2026-08-22T18:22:54.281376,5702-10,33905,2,METRÔ JABAQUARA,REFÚGIO STA. TEREZINHA,5,15:22,3,20.0,3,20.0,22.08,21.7,0.0,10000,3.6,801,3.0,22.5,45.0,0,6.1,23.5,0.5,1.0,66.67,4,1,0.3157,Estabilizado,Operação Normal
2026-08-22T18:22:54.281376,407T-10,34970,2,METRÔ ITAQUERA,JD. REDIL,5,15:22,2,30.0,2,20.0,22.08,21.7,0.0,10000,3.6,801,3.0,22.5,45.0,0,6.1,23.5,0.5,0.667,75.0,3,1,0.3698,Estabilizado,Operação Normal
2026-08-22T18:22:54.281376,5164-10,1283,1,PQ. IBIRAPUERA,VL. STA. CATARINA,5,15:22,5,12.0,5,20.0,22.08,21.7,0.0,10000,3.6,801,3.0,22.5,45.0,0,6.1,23.5,0.5,1.0,60.0,6,1,0.299,Estabilizado,Operação Normal
2026-08-22T18:22:54.281376,5109-10,1851,1,TERM. MERCADO,TERM. VL. PRUDENTE,5,15:22,1,60.0,1,20.0,22.08,21.7,0.0,10000,3.6,801,3.0,22.5,45.0,0,6.1,23.5,0.5,0.333,100.0,2,1,0.4657,Estabilizado,Operação Normal
2026-08-22T18:22:54.281376,8400-10,34033,2,PÇA. RAMOS DE AZEVEDO,TERM. PIRITUBA,5,15:22,5,12.0,5,20.0,22.08,21.7,0.0,10000,3.6,801,3.0,22.5,45.0,0,6.1,23.5,0.5,1.0,60.0,6,1,0.299,Estabilizado,Operação Normal
2026-08-22T18:22:54.281376,5029-10,34440,2,TERM. SACOMÃ,JD. PATENTE,5,15:22,2,30.0,2,20.0,22.08,21.7,0.0,10000,3.6,801,3.0,22.5,45.0,0,6.1,23.5,0.5,0.667,75.0,3,1,0.3698,Estabilizado,Operação Normal
2026-08-22T18:22:54.281376,2551-10,141,1,TERM. PQ. D. PEDRO II,TERM. A. E. CARVALHO,5,15:22,4,15.0,4,20.0,22.08,21.7,0.0,10000,3.6,801,3.0,22.5,45.0,0,6.1,23.5,0.5,1.0,62.5,5,1,0.3053,Estabilizado,Operação Normal
2026-08-22T18:22:54.281376,6L07-10,1545,1,TERM. VARGINHA,JD. STA. FÉ,5,15:22,1,60.0,1,20.0,22.08,21.7,0.0,10000,3.6,801,3.0,22.5,45.0,0,6.1,23.5,0.5,0.333,100.0,2,1,0.4657,Estabilizado,Operação Normal
2026-08-22T18:22:54.281376,6338-10,1293,1,PQ. IBIRAPUERA,JD. MIRIAM,5,15:22,3,20.0,3,20.0,22.08,21.7,0.0,10000,3.6,801,3.0,22.5,45.0,0,6.1,23.5,0.5,1.0,66.67,4,1,0.3157,Estabilizado,Operação Normal
2026-08-22T18:22:54.281376,4729-10,33876,2,METRÔ BELÉM,PQ. BANCÁRIO,5,15:22,3,20.0,3,20.0,22.08,21.7,0.0,10000,3.6,801,3.0,22.5,45.0,0,6.1,23.5,0.5,1.0,66.67,4,1,0.3157,Estabilizado,Operação Normal
2026-08-22T18:22:54.281376,1036-10,35221,2,CONEXÃO VL. IÓRIO,COHAB BRASILÂNDIA,5,15:22,4,15.0,4,20.0,22.08,21.7,0.0,10000,3.6,801,3.0,22.5,45.0,0,6.1,23.5,0.5,1.0,62.5,5,1,0.3053,Estabilizado,Operação Normal
2026-08-22T18:22:54.281376,3728-41,34756,2,PQ. NOVA SAVOY,METRÔ ARTUR ALVIM,5,15:22,2,30.0,2,20.0,22.08,21.7,0.0,10000,3.6,801,3.0,22.5,45.0,0,6.1,23.5,0.5,0.667,75.0,3,1,0.3698,Estabilizado,Operação Normal
2026-08-22T18:22:54.281376,1773-10,637,1,MANDAQUI,CEM. PQ. DOS PINHEIROS,5,15:22,2,30.0,2,20.0,22.08,21.7,0.0,10000,3.6,801,3.0,22.5,45.0,0,6.1,23.5,0.5,0.667,75.0,3,1,0.3698,Estabilizado,Operação Normal
2026-08-22T18:22:54.281376,6455-10,63,1,LGO. SÃO FRANCISCO,TERM. CAPELINHA,5,15:22,3,20.0,3,20.0,22.08,21.7,0.0,10000,3.6,801,3.0,22.5,45.0,0,6.1,23.5,0.5,1.0,66.67,4,1,0.3157,Estabilizado,Operação Normal
2026-08-22T18:22:54.281376,2723-10,33705,2,METRÔ ITAQUERA,UNIÃO DE VL. NOVA,5,15:22,4,15.0,4,20.0,22.08,21.7,0.0,10000,3.6,801,3.0,22.5,45.0,0,6.1,23.5,0.5,1.0,62.5,5,1,0.3053,Estabilizado,Operação Normal
2026-08-22T18:22:54.281376,8055-10,414,1,LAPA,PERUS,5,15:22,2,30.0,2,20.0,22.08,21.7,0.0,10000,3.6,801,3.0,22.5,45.0,0,6.1,23.5,0.5,0.667,75.0,3,1,0.3698,Estabilizado,Operação Normal
2026-08-22T18:22:54.281376,938V-10,33581,2,METRÔ BARRA FUNDA,JD. VISTA ALEGRE,5,15:22,8,7.5,8,20.0,22.08,21.7,0.0,10000,3.6,801,3.0,22.5,45.0,0,6.1,23.5,0.5,1.0,62.5,10,2,0.3053,Estabilizado,Operação Normal
2026-08-22T18:22:54.281376,948A-10,34191,2,METRÔ BARRA FUNDA,VL. ZATT,5,15:22,2,30.0,2,20.0,22.08,21.7,0.0,10000,3.6,801,3.0,22.5,45.0,0,6.1,23.5,0.5,0.667,75.0,3,1,0.3698,Estabilizado,Operação Normal
2026-08-22T18:22:54.281376,4709-10,33101,2,METRÔ VL. MARIANA,JD. SÃO SAVÉRIO,5,15:22,3,20.0,3,20.0,22.08,21.7,0.0,10000,3.6,801,3.0,22.5,45.0,0,6.1,23.5,0.5,1.0,66.67,4,1,0.3157,Estabilizado,Operação Normal
2026-08-22T18:22:54.281376,3024-10,277,1,TERM. VL PRUDENTE,VL. INDUSTRIAL,5,15:22,1,60.0,1,20.0,22.08,21.7,0.0,10000,3.6,801,3.0,22.5,45.0,0,6.1,23.5,0.5,0.333,100.0,2,1,0.4657,Estabilizado,Operação Normal
2026-08-22T18:22:54.281376,6034-10,32863,2,TERM. GRAJAÚ,PQ. RES. COCAIA,5,15:22,2,30.0,2,20.0,22.08,21.7,0.0,10000,3.6,801,3.0,22.5,45.0,0,6.1,23.5,0.5,0.667,75.0,3,1,0.3698,Estabilizado,Operação Normal
2026-08-22T18:22:54.281376,5632-10,32849,2,LGO. SÃO FRANCISCO,VL. SÃO JOSÉ,5,15:22,5,12.0,5,20.0,22.08,21.7,0.0,10000,3.6,801,3.0,22.5,45.0,0,6.1,23.5,0.5,1.0,60.0,6,1,0.299,Estabilizado,Operação Normal
2026-08-22T18:22:54.281376,3462-10,33015,2,METRÔ TATUAPÉ,VL. SANTANA,5,15:22,3,20.0,3,20.0,22.08,21.7,0.0,10000,3.6,801,3.0,22.5,45.0,0,6.1,23.5,0.5,1.0,66.67,4,1,0.3157,Estabilizado,Operação Normal
2026-08-22T18:22:54.281376,233A-10,249,1,TERM. VL. CARRÃO,JD. HELENA,5,15:22,1,60.0,1,20.0,22.08,21.7,0.0,10000,3.6,801,3.0,22.5,45.0,0,6.1,23.5,0.5,0.333,100.0,2,1,0.4657,Estabilizado,Operação Normal
2026-08-22T18:22:54.281376,6035-10,1213,1,STO. AMARO,VL. GILDA,5,15:22,1,60.0,1,20.0,22.08,21.7,0.0,10000,3.6,801,3.0,22.5,45.0,0,6.1,23.5,0.5,0.333,100.0,2,1,0.4657,Estabilizado,Operação Normal
2026-08-22T18:22:54.281376,5757-51,1976,1,METRÔ CONCEIÇÃO,PEDREIRA,5,15:22,4,15.0,4,20.0,22.08,21.7,0.0,10000,3.6,801,3.0,22.5,45.0,0,6.1,23.5,0.5,1.0,62.5,5,1,0.3053,Estabilizado,Operação Normal
2026-08-22T18:22:54.281376,2024-10,2261,1,CACHOEIRA,DIB,5,15:22,1,60.0,1,20.0,22.08,21.7,0.0,10000,3.6,801,3.0,22.5,45.0,0,6.1,23.5,0.5,0.333,100.0,2,1,0.4657,Estabilizado,Operação Normal
2026-08-22T18:22:54.281376,4742-10,342,1,METRÔ SÃO JUDAS,JD. CLÍMAX,5,15:22,1,60.0,1,20.0,22.08,21.7,0.0,10000,3.6,801,3.0,22.5,45.0,0,6.1,23.5,0.5,0.333,100.0,2,1,0.4657,Estabilizado,Operação Normal
2026-08-22T18:22:54.281376,978L-10,33234,2,TERM. PRINC. ISABEL,TERM. CACHOEIRINHA,5,15:22,2,30.0,2,20.0,22.08,21.7,0.0,10000,3.6,801,3.0,22.5,45.0,0,6.1,23.5,0.5,0.667,75.0,3,1,0.3698,Estabilizado,Operação Normal
2026-08-22T18:22:54.281376,4718-10,336,1,METRÔ STA. CRUZ,JD. CELESTE,5,15:22,1,60.0,1,20.0,22.08,21.7,0.0,10000,3.6,801,3.0,22.5,45.0,0,6.1,23.5,0.5,0.333,100.0,2,1,0.4657,Estabilizado,Operação Normal
2026-08-22T18:22:54.281376,573H-10,1630,1,METRÔ BRESSER,HOSP. SAPOPEMBA,5,15:22,4,15.0,4,20.0,22.08,21.7,0.0,10000,3.6,801,3.0,22.5,45.0,0,6.1,23.5,0.5,1.0,62.5,5,1,0.3053,Estabilizado,Operação Normal
2026-08-22T18:22:54.281376,2762-10,32912,2,METRÔ TATUAPÉ,ERMELINO MATARAZZO,5,15:22,2,30.0,2,20.0,22.08,21.7,0.0,10000,3.6,801,3.0,22.5,45.0,0,6.1,23.5,0.5,0.667,75.0,3,1,0.3698,Estabilizado,Operação Normal
2026-08-22T18:22:54.281376,6021-10,32945,2,JD. NOVA ERA,TERM. VARGINHA,5,15:22,1,60.0,1,20.0,22.08,21.7,0.0,10000,3.6,801,3.0,22.5,45.0,0,6.1,23.5,0.5,0.333,100.0,2,1,0.4657,Estabilizado,Operação Normal
2026-08-22T18:22:54.281376,8073-10,34849,2,TERM. VL. SÔNIA,JD. GUARAÚ,5,15:22,2,30.0,2,20.0,22.08,21.7,0.0,10000,3.6,801,3.0,22.5,45.0,0,6.1,23.5,0.5,0.667,75.0,3,1,0.3698,Estabilizado,Operação Normal
2026-08-22T18:22:54.281376,2732-10,33715,2,VL. REGINA,METRÔ ARTUR ALVIM,5,15:22,1,60.0,1,20.0,22.08,21.7,0.0,10000,3.6,801,3.0,22.5,45.0,0,6.1,23.5,0.5,0.333,100.0,2,1,0.4657,Estabilizado,Operação Normal
2026-08-22T18:22:54.281376,3010-10,35311,2,TERM. A. E. CARVALHO,CEM. DA SAUDADE,5,15:22,1,60.0,1,20.0,22.08,21.7,0.0,10000,3.6,801,3.0,22.5,45.0,0,6.1,23.5,0.5,0.333,100.0,2,1,0.4657,Estabilizado,Operação Normal
2026-08-22T18:22:54.281376,6072-10,1588,1,TERM. VARGINHA,JD. SÃO NICOLAU,5,15:22,4,15.0,4,20.0,22.08,21.7,0.0,10000,3.6,801,3.0,22.5,45.0,0,6.1,23.5,0.5,1.0,62.5,5,1,0.3053,Estabilizado,Operação Normal
2026-08-22T18:22:54.281376,5317-10,32837,2,PÇA. DO CORREIO,SESC/ORION,5,15:22,3,20.0,3,20.0,22.08,21.7,0.0,10000,3.6,801,3.0,22.5,45.0,0,6.1,23.5,0.5,1.0,66.67,4,1,0.3157,Estabilizado,Operação Normal
2026-08-22T18:22:54.281376,3722-10,33788,2,METRÔ ITAQUERA,COHAB JOSÉ BONIFÁCIO,5,15:22,2,30.0,2,20.0,22.08,21.7,0.0,10000,3.6,801,3.0,22.5,45.0,0,6.1,23.5,0.5,0.667,75.0,3,1,0.3698,Estabilizado,Operação Normal
2026-08-22T18:22:54.281376,6835-10,32780,2,TERM. CAPELINHA,VALO VELHO,5,15:22,1,60.0,1,20.0,22.08,21.7,0.0,10000,3.6,801,3.0,22.5,45.0,0,6.1,23.5,0.5,0.333,100.0,2,1,0.4657,Estabilizado,Operação Normal
2026-08-22T18:22:54.281376,6041-10,1218,1,STO. AMARO,JD. JANGADEIRO,5,15:22,2,30.0,2,20.0,22.08,21.7,0.0,10000,3.6,801,3.0,22.5,45.0,0,6.1,23.5,0.5,0.667,75.0,3,1,0.3698,Estabilizado,Operação Normal
2026-08-22T18:22:54.281376,719P-10,1372,1,TERM. PRINC. ISABEL,TERM. PINHEIROS,5,15:22,1,60.0,1,20.0,22.08,21.7,0.0,10000,3.6,801,3.0,22.5,45.0,0,6.1,23.5,0.5,0.333,100.0,2,1,0.4657,Estabilizado,Operação Normal
2026-08-22T18:22:54.281376,714C-10,487,1,PAULISTA,COHAB EDUCANDÁRIO,5,15:22,2,30.0,2,20.0,22.08,21.7,0.0,10000,3.6,801,3.0,22.5,45.0,0,6.1,23.5,0.5,0.667,75.0,3,1,0.3698,Estabilizado,Operação Normal
2026-08-22T18:22:54.281376,6116-10,1186,1,TERM. GRAJAÚ,JD. PRAINHA,5,15:22,1,60.0,1,20.0,22.08,21.7,0.0,10000,3.6,801,3.0,22.5,45.0,0,6.1,23.5,0.5,0.333,100.0,2,1,0.4657,Estabilizado,Operação Normal
2026-08-22T18:22:54.281376,1896-10,35288,2,PÇA. RAMOS DE AZEVEDO,JARAGUÁ,5,15:22,2,30.0,2,20.0,22.08,21.7,0.0,10000,3.6,801,3.0,22.5,45.0,0,6.1,23.5,0.5,0.667,75.0,3,1,0.3698,Estabilizado,Operação Normal
2026-08-22T18:22:54.281376,6072-23,2004,1,BALN. SÃO JOSÉ,TERM. VARGINHA,5,15:22,1,60.0,1,20.0,22.08,21.7,0.0,10000,3.6,801,3.0,22.5,45.0,0,6.1,23.5,0.5,0.333,100.0,2,1,0.4657,Estabilizado,Operação Normal
2026-08-22T18:22:54.281376,8027-10,2162,1,BUTANTÃ,VL. DALVA,5,15:22,1,60.0,1,20.0,22.08,21.7,0.0,10000,3.6,801,3.0,22.5,45.0,0,6.1,23.5,0.5,0.333,100.0,2,1,0.4657,Estabilizado,Operação Normal
2026-08-22T18:22:54.281376,574A-21,34458,2,METRÔ VL. MARIANA,AMERICANÓPOLIS,5,15:22,2,30.0,2,20.0,22.08,21.7,0.0,10000,3.6,801,3.0,22.5,45.0,0,6.1,23.5,0.5,0.667,75.0,3,1,0.3698,Estabilizado,Operação Normal
2026-08-22T18:22:54.281376,7062-10,34666,2,TERM. CAMPO LIMPO,INOCOOP CAMPO LIMPO,5,15:22,1,60.0,1,20.0,22.08,21.7,0.0,10000,3.6,801,3.0,22.5,45.0,0,6.1,23.5,0.5,0.333,100.0,2,1,0.4657,Estabilizado,Operação Normal
2026-08-22T18:22:54.281376,9014-10,34193,2,TERM. LAPA,MORRO GRANDE,5,15:22,3,20.0,3,20.0,22.08,21.7,0.0,10000,3.6,801,3.0,22.5,45.0,0,6.1,23.5,0.5,1.0,66.67,4,1,0.3157,Estabilizado,Operação Normal
2026-08-22T18:22:54.281376,4036-10,2561,1,TERM. VL. CARRÃO,METRÔ ITAQUERA,5,15:22,1,60.0,1,20.0,22.08,21.7,0.0,10000,3.6,801,3.0,22.5,45.0,0,6.1,23.5,0.5,0.333,100.0,2,1,0.4657,Estabilizado,Operação Normal
2026-08-22T18:22:54.281376,1206-10,842,1,CORREIO,PQ. VL. MARIA,5,15:22,2,30.0,2,20.0,22.08,21.7,0.0,10000,3.6,801,3.0,22.5,45.0,0,6.1,23.5,0.5,0.667,75.0,3,1,0.3698,Estabilizado,Operação Normal
2026-08-22T18:22:54.281376,8003-10,1253,1,TERM. LAPA,REMÉDIOS,5,15:22,1,60.0,1,20.0,22.08,21.7,0.0,10000,3.6,801,3.0,22.5,45.0,0,6.1,23.5,0.5,0.333,100.0,2,1,0.4657,Estabilizado,Operação Normal
2026-08-22T18:22:54.281376,5038-10,1661,1,TERM. SACOMÃ,PQ. BRISTOL,5,15:22,4,15.0,4,20.0,22.08,21.7,0.0,10000,3.6,801,3.0,22.5,45.0,0,6.1,23.5,0.5,1.0,62.5,5,1,0.3053,Estabilizado,Operação Normal
2026-08-22T18:22:54.281376,2029-10,2270,1,METRÔ TUCURUVI,JD. FONTÁLIS,5,15:22,2,30.0,2,20.0,22.08,21.7,0.0,10000,3.6,801,3.0,22.5,45.0,0,6.1,23.5,0.5,0.667,75.0,3,1,0.3698,Estabilizado,Operação Normal
2026-08-22T18:22:54.281376,746K-10,33555,2,CAMPO BELO,PARAISÓPOLIS,5,15:22,2,30.0,2,20.0,22.08,21.7,0.0,10000,3.6,801,3.0,22.5,45.0,0,6.1,23.5,0.5,0.667,75.0,3,1,0.3698,Estabilizado,Operação Normal
2026-08-22T18:22:54.281376,6801-10,32773,2,TERM. JOÃO DIAS,JD. IBIRAPUERA,5,15:22,3,20.0,3,20.0,22.08,21.7,0.0,10000,3.6,801,3.0,22.5,45.0,0,6.1,23.5,0.5,1.0,66.67,4,1,0.3157,Estabilizado,Operação Normal
2026-08-22T18:22:54.281376,TREI-10,2489,1,TREINAMENTO,TREINAMENTO,5,15:22,1,60.0,1,20.0,22.08,21.7,0.0,10000,3.6,801,3.0,22.5,45.0,0,6.1,23.5,0.5,0.333,100.0,2,1,0.4657,Estabilizado,Operação Normal
2026-08-22T18:22:54.281376,809V-10,2243,1,METRÔ - TRIANON - MASP,VL. GOMES,5,15:22,2,30.0,2,20.0,22.08,21.7,0.0,10000,3.6,801,3.0,22.5,45.0,0,6.1,23.5,0.5,0.667,75.0,3,1,0.3698,Estabilizado,Operação Normal
2026-08-22T18:22:54.281376,809J-10,34834,2,METRÔ MORUMBI,JD. COLOMBO,5,15:22,1,60.0,1,20.0,22.08,21.7,0.0,10000,3.6,801,3.0,22.5,45.0,0,6.1,23.5,0.5,0.333,100.0,2,1,0.4657,Estabilizado,Operação Normal
2026-08-22T18:22:54.281376,6824-10,32791,2,TERM. CAPELINHA,PQ. FERNANDA,5,15:22,2,30.0,2,20.0,22.08,21.7,0.0,10000,3.6,801,3.0,22.5,45.0,0,6.1,23.5,0.5,0.667,75.0,3,1,0.3698,Estabilizado,Operação Normal
2026-08-22T18:22:54.281376,6050-10,33993,2,TERM. GRAJAÚ,PQ. COCAIA,5,15:22,1,60.0,1,20.0,22.08,21.7,0.0,10000,3.6,801,3.0,22.5,45.0,0,6.1,23.5,0.5,0.333,100.0,2,1,0.4657,Estabilizado,Operação Normal
2026-08-22T18:22:54.281376,273V-10,231,1,METRÔ PENHA,PARADA XV DE NOVEMBRO,5,15:22,1,60.0,1,20.0,22.08,21.7,0.0,10000,3.6,801,3.0,22.5,45.0,0,6.1,23.5,0.5,0.333,100.0,2,1,0.4657,Estabilizado,Operação Normal
2026-08-22T18:22:54.281376,1741-10,539,1,METRÔ SANTANA,VL. DIONISIA,5,15:22,2,30.0,2,20.0,22.08,21.7,0.0,10000,3.6,801,3.0,22.5,45.0,0,6.1,23.5,0.5,0.667,75.0,3,1,0.3698,Estabilizado,Operação Normal
2026-08-22T18:22:54.281376,847J-10,34110,2,JAGUARÉ,CITY JARAGUÁ,5,15:22,1,60.0,1,20.0,22.08,21.7,0.0,10000,3.6,801,3.0,22.5,45.0,0,6.1,23.5,0.5,0.333,100.0,2,1,0.4657,Estabilizado,Operação Normal
2026-08-22T18:22:54.281376,8545-10,1364,1,METRÔ BARRA FUNDA,PENTEADO,5,15:22,2,30.0,2,20.0,22.08,21.7,0.0,10000,3.6,801,3.0,22.5,45.0,0,6.1,23.5,0.5,0.667,75.0,3,1,0.3698,Estabilizado,Operação Normal
2026-08-22T18:22:54.281376,9012-10,1268,1,TERM. LAPA,ITABERABA,5,15:22,1,60.0,1,20.0,22.08,21.7,0.0,10000,3.6,801,3.0,22.5,45.0,0,6.1,23.5,0.5,0.333,100.0,2,1,0.4657,Estabilizado,Operação Normal
2026-08-22T18:22:54.281376,809P-10,34659,2,TERM. PINHEIROS,TERM. CAMPO LIMPO,5,15:22,5,12.0,5,20.0,22.08,21.7,0.0,10000,3.6,801,3.0,22.5,45.0,0,6.1,23.5,0.5,1.0,60.0,6,1,0.299,Estabilizado,Operação Normal
2026-08-22T18:22:54.281376,119L-10,35041,2,TERM. LAPA,VL. SULINA,5,15:22,2,30.0,2,20.0,22.08,21.7,0.0,10000,3.6,801,3.0,22.5,45.0,0,6.1,23.5,0.5,0.667,75.0,3,1,0.3698,Estabilizado,Operação Normal
2026-08-22T18:22:54.281376,8025-10,2076,1,TERM. VL. SÔNIA,JD. ROSA MARIA,5,15:22,2,30.0,2,20.0,22.08,21.7,0.0,10000,3.6,801,3.0,22.5,45.0,0,6.1,23.5,0.5,0.667,75.0,3,1,0.3698,Estabilizado,Operação Normal
2026-08-22T18:22:54.281376,776M-10,35448,2,AEROPORTO,TERM. ÁGUA ESPRAIADA,5,15:22,2,30.0,2,20.0,22.08,21.7,0.0,10000,3.6,801,3.0,22.5,45.0,0,6.1,23.5,0.5,0.667,75.0,3,1,0.3698,Estabilizado,Operação Normal
2026-08-22T18:22:54.281376,978J-10,33359,2,TERM. PRINC. ISABEL,VOITH,5,15:22,2,30.0,2,20.0,22.08,21.7,0.0,10000,3.6,801,3.0,22.5,45.0,0,6.1,23.5,0.5,0.667,75.0,3,1,0.3698,Estabilizado,Operação Normal
2026-08-22T18:22:54.281376,1778-10,1789,1,METRÔ SANTANA,JD. CABUÇU,5,15:22,3,20.0,3,20.0,22.08,21.7,0.0,10000,3.6,801,3.0,22.5,45.0,0,6.1,23.5,0.5,1.0,66.67,4,1,0.3157,Estabilizado,Operação Normal
2026-08-22T18:22:54.281376,139A-10,35219,2,LAPA,VL. IÓRIO,5,15:22,3,20.0,3,20.0,22.08,21.7,0.0,10000,3.6,801,3.0,22.5,45.0,0,6.1,23.5,0.5,1.0,66.67,4,1,0.3157,Estabilizado,Operação Normal
2026-08-22T18:22:54.281376,6012-10,33972,2,JD. ÂNGELA,PQ. INDEPENDÊNCIA,5,15:22,2,30.0,2,20.0,22.08,21.7,0.0,10000,3.6,801,3.0,22.5,45.0,0,6.1,23.5,0.5,0.667,75.0,3,1,0.3698,Estabilizado,Operação Normal
2026-08-22T18:22:54.281376,PAEC-10,1422,1,PAESE CPTM IDA,PAESE CPTM VOLTA,5,15:22,1,60.0,1,20.0,22.08,21.7,0.0,10000,3.6,801,3.0,22.5,45.0,0,6.1,23.5,0.5,0.333,100.0,2,1,0.4657,Estabilizado,Operação Normal
2026-08-22T18:22:54.281376,3728-41,1988,1,PQ. NOVA SAVOY,METRÔ ARTUR ALVIM,5,15:22,1,60.0,1,20.0,22.08,21.7,0.0,10000,3.6,801,3.0,22.5,45.0,0,6.1,23.5,0.5,0.333,100.0,2,1,0.4657,Estabilizado,Operação Normal
2026-08-22T18:22:54.281376,8549-10,33348,2,PÇA. DO CORREIO,TAIPAS,5,15:22,3,20.0,3,20.0,22.08,21.7,0.0,10000,3.6,801,3.0,22.5,45.0,0,6.1,23.5,0.5,1.0,66.67,4,1,0.3157,Estabilizado,Operação Normal
2026-08-22T18:22:54.281376,1025-10,35071,2,CONEXÃO PETRÔNIO PORTELA,JD. CAROMBÉ,5,15:22,2,30.0,2,20.0,22.08,21.7,0.0,10000,3.6,801,3.0,22.5,45.0,0,6.1,23.5,0.5,0.667,75.0,3,1,0.3698,Estabilizado,Operação Normal
2026-08-22T18:22:54.281376,263C-10,252,1,COHAB II,JD. HELENA,5,15:22,1,60.0,1,20.0,22.08,21.7,0.0,10000,3.6,801,3.0,22.5,45.0,0,6.1,23.5,0.5,0.333,100.0,2,1,0.4657,Estabilizado,Operação Normal
2026-08-22T18:22:54.281376,3725-41,1531,1,VL. ARICANDUVA,METRÔ VL. MATILDE,5,15:22,2,30.0,2,20.0,22.08,21.7,0.0,10000,3.6,801,3.0,22.5,45.0,0,6.1,23.5,0.5,0.667,75.0,3,1,0.3698,Estabilizado,Operação Normal
2026-08-22T18:22:54.281376,6821-10,21,1,TERM. CAPELINHA,JD. JANGADEIRO,5,15:22,2,30.0,2,20.0,22.08,21.7,0.0,10000,3.6,801,3.0,22.5,45.0,0,6.1,23.5,0.5,0.667,75.0,3,1,0.3698,Estabilizado,Operação Normal
2026-08-22T18:22:54.281376,476A-10,33072,2,TERM. STO. AMARO,IPIRANGA,5,15:22,4,15.0,4,20.0,22.08,21.7,0.0,10000,3.6,801,3.0,22.5,45.0,0,6.1,23.5,0.5,1.0,62.5,5,1,0.3053,Estabilizado,Operação Normal
2026-08-22T18:22:54.281376,5024-10,33890,2,STO. AMARO,MISSIONÁRIA,5,15:22,2,30.0,2,20.0,22.08,21.7,0.0,10000,3.6,801,3.0,22.5,45.0,0,6.1,23.5,0.5,0.667,75.0,3,1,0.3698,Estabilizado,Operação Normal
2026-08-22T18:22:54.281376,3063-1,2626,1,TERM. SÃO MATEUS,GUAIANASES,5,15:22,3,20.0,3,20.0,22.08,21.7,0.0,10000,3.6,801,3.0,22.5,45.0,0,6.1,23.5,0.5,1.0,66.67,4,1,0.3157,Estabilizado,Operação Normal
2026-08-22T18:22:54.281376,605A-10,35290,2,METRÔ JABAQUARA,CENTRO PARALIMPICO,5,15:22,2,30.0,2,20.0,22.08,21.7,0.0,10000,3.6,801,3.0,22.5,45.0,0,6.1,23.5,0.5,0.667,75.0,3,1,0.3698,Estabilizado,Operação Normal
2026-08-22T18:22:54.281376,2201-10,33677,2,CPTM GUAIANASES,DIV. DE FERRAZ,5,15:22,2,30.0,2,20.0,22.08,21.7,0.0,10000,3.6,801,3.0,22.5,45.0,0,6.1,23.5,0.5,0.667,75.0,3,1,0.3698,Estabilizado,Operação Normal
2026-08-22T18:22:54.281376,8086-10,35389,2,PINHEIROS,JAGUARÉ,5,15:22,1,60.0,1,20.0,22.08,21.7,0.0,10000,3.6,801,3.0,22.5,45.0,0,6.1,23.5,0.5,0.333,100.0,2,1,0.4657,Estabilizado,Operação Normal
2026-08-22T18:22:54.281376,609J-10,2242,1,METRÔ SÃO JUDAS,AEROPORTO,5,15:22,1,60.0,1,20.0,22.08,21.7,0.0,10000,3.6,801,3.0,22.5,45.0,0,6.1,23.5,0.5,0.333,100.0,2,1,0.4657,Estabilizado,Operação Normal
2026-08-22T18:22:54.281376,748A-10,33266,2,LAPA,JD. D'ABRIL,5,15:22,1,60.0,1,20.0,22.08,21.7,0.0,10000,3.6,801,3.0,22.5,45.0,0,6.1,23.5,0.5,0.333,100.0,2,1,0.4657,Estabilizado,Operação Normal
2026-08-22T18:22:54.281376,3161-10,33852,2,TERM. PQ. D. PEDRO II,JD. COLORADO,5,15:22,4,15.0,4,20.0,22.08,21.7,0.0,10000,3.6,801,3.0,22.5,45.0,0,6.1,23.5,0.5,1.0,62.5,5,1,0.3053,Estabilizado,Operação Normal
2026-08-22T18:22:54.281376,5759-10,33906,2,METRÔ CONCEIÇÃO,PQ. PRIMAVERA,5,15:22,3,20.0,3,20.0,22.08,21.7,0.0,10000,3.6,801,3.0,22.5,45.0,0,6.1,23.5,0.5,1.0,66.67,4,1,0.3157,Estabilizado,Operação Normal
2026-08-22T18:22:54.281376,2704-10,916,1,METRÔ ITAQUERA,JD. ROBRU,5,15:22,5,12.0,5,20.0,22.08,21.7,0.0,10000,3.6,801,3.0,22.5,45.0,0,6.1,23.5,0.5,1.0,60.0,6,1,0.299,Estabilizado,Operação Normal
2026-08-22T18:22:54.281376,675L-10,34246,2,METRÔ STA. CRUZ,TERM. STO. AMARO,5,15:22,2,30.0,2,20.0,22.08,21.7,0.0,10000,3.6,801,3.0,22.5,45.0,0,6.1,23.5,0.5,0.667,75.0,3,1,0.3698,Estabilizado,Operação Normal
2026-08-22T18:22:54.281376,938C-10,33354,2,TERM. PRINC. ISABEL,COHAB TAIPAS,5,15:22,2,30.0,2,20.0,22.08,21.7,0.0,10000,3.6,801,3.0,22.5,45.0,0,6.1,23.5,0.5,0.667,75.0,3,1,0.3698,Estabilizado,Operação Normal
2026-08-22T18:22:54.281376,978J-10,591,1,TERM. PRINC. ISABEL,VOITH,5,15:22,2,30.0,2,20.0,22.08,21.7,0.0,10000,3.6,801,3.0,22.5,45.0,0,6.1,23.5,0.5,0.667,75.0,3,1,0.3698,Estabilizado,Operação Normal
2026-08-22T18:22:54.281376,9009-10,33645,2,TERM. CACHOEIRINHA,COHAB BRASILÂNDIA,5,15:22,3,20.0,3,20.0,22.08,21.7,0.0,10000,3.6,801,3.0,22.5,45.0,0,6.1,23.5,0.5,1.0,66.67,4,1,0.3157,Estabilizado,Operação Normal
2026-08-22T18:22:54.281376,3773-10,1059,1,METRÔ CARRÃO,RES. STA. BÁRBARA,5,15:22,2,30.0,2,20.0,22.08,21.7,0.0,10000,3.6,801,3.0,22.5,45.0,0,6.1,23.5,0.5,0.667,75.0,3,1,0.3698,Estabilizado,Operação Normal
2026-08-22T18:22:54.281376,8047-41,33178,2,METRÔ VL. MADALENA,JARAGUÁ,5,15:22,2,30.0,2,20.0,22.08,21.7,0.0,10000,3.6,801,3.0,22.5,45.0,0,6.1,23.5,0.5,0.667,75.0,3,1,0.3698,Estabilizado,Operação Normal
2026-08-22T18:22:54.281376,3054-10,975,1,HOSP. SAPOPEMBA,JD. PALANQUE,5,15:22,2,30.0,2,20.0,22.08,21.7,0.0,10000,3.6,801,3.0,22.5,45.0,0,6.1,23.5,0.5,0.667,75.0,3,1,0.3698,Estabilizado,Operação Normal
2026-08-22T18:22:54.281376,8055-51,417,1,METRÔ BARRA FUNDA,PERUS,5,15:22,2,30.0,2,20.0,22.08,21.7,0.0,10000,3.6,801,3.0,22.5,45.0,0,6.1,23.5,0.5,0.667,75.0,3,1,0.3698,Estabilizado,Operação Normal
2026-08-22T18:22:54.281376,2104-10,2255,1,TERM. PQ. D. PEDRO II,METRÔ SANTANA,5,15:22,1,60.0,1,20.0,22.08,21.7,0.0,10000,3.6,801,3.0,22.5,45.0,0,6.1,23.5,0.5,0.333,100.0,2,1,0.4657,Estabilizado,Operação Normal
2026-08-22T18:22:54.281376,425E-10,34404,2,JD. ESTER,TERM. SAPOPEMBA,5,15:22,1,60.0,1,20.0,22.08,21.7,0.0,10000,3.6,801,3.0,22.5,45.0,0,6.1,23.5,0.5,0.333,100.0,2,1,0.4657,Estabilizado,Operação Normal
2026-08-22T18:22:54.281376,6258-31,1783,1,JD. IBIRAPUERA,JD. STA. MARGARIDA,5,15:22,1,60.0,1,20.0,22.08,21.7,0.0,10000,3.6,801,3.0,22.5,45.0,0,6.1,23.5,0.5,0.333,100.0,2,1,0.4657,Estabilizado,Operação Normal
2026-08-22T18:22:54.281376,3732-10,33797,2,METRÔ ITAQUERA,CPTM JOSÉ BONIFÁCIO,5,15:22,4,15.0,4,20.0,22.08,21.7,0.0,10000,3.6,801,3.0,22.5,45.0,0,6.1,23.5,0.5,1.0,62.5,5,1,0.3053,Estabilizado,Operação Normal
2026-08-22T18:22:54.281376,5143-10,34396,2,TERM. PQ. D. PEDRO II,TERM. SAPOPEMBA,5,15:22,2,30.0,2,20.0,22.08,21.7,0.0,10000,3.6,801,3.0,22.5,45.0,0,6.1,23.5,0.5,0.667,75.0,3,1,0.3698,Estabilizado,Operação Normal
2026-08-22T18:22:54.281376,297A-10,2133,1,METRÔ BARRA FUNDA,VL. SANTA MARIA,5,15:22,2,30.0,2,20.0,22.08,21.7,0.0,10000,3.6,801,3.0,22.5,45.0,0,6.1,23.5,0.5,0.667,75.0,3,1,0.3698,Estabilizado,Operação Normal
2026-08-22T18:22:54.281376,6017-10,33974,2,JD. ÂNGELA,JD. NAKAMURA,5,15:22,2,30.0,2,20.0,22.08,21.7,0.0,10000,3.6,801,3.0,22.5,45.0,0,6.1,23.5,0.5,0.667,75.0,3,1,0.3698,Estabilizado,Operação Normal
2026-08-22T18:22:54.281376,3743-10,1043,1,METRÔ ITAQUERA,SÃO MATEUS,5,15:22,3,20.0,3,20.0,22.08,21.7,0.0,10000,3.6,801,3.0,22.5,45.0,0,6.1,23.5,0.5,1.0,66.67,4,1,0.3157,Estabilizado,Operação Normal
2026-08-22T18:22:54.281376,8686-10,33214,2,LGO. DO PAISSANDÚ,MANGALOT,5,15:22,1,60.0,1,20.0,22.08,21.7,0.0,10000,3.6,801,3.0,22.5,45.0,0,6.1,23.5,0.5,0.333,100.0,2,1,0.4657,Estabilizado,Operação Normal
2026-08-22T18:22:54.281376,5021-10,1667,1,TERM. SACOMÃ,ÁGUA FUNDA,5,15:22,1,60.0,1,20.0,22.08,21.7,0.0,10000,3.6,801,3.0,22.5,45.0,0,6.1,23.5,0.5,0.333,100.0,2,1,0.4657,Estabilizado,Operação Normal
2026-08-22T18:22:54.281376,9006-10,874,1,TERM. CACHOEIRINHA,VL. PENTEADO,5,15:22,2,30.0,2,20.0,22.08,21.7,0.0,10000,3.6,801,3.0,22.5,45.0,0,6.1,23.5,0.5,0.667,75.0,3,1,0.3698,Estabilizado,Operação Normal
2026-08-22T18:22:54.281376,4286-10,326,1,TERM. VL PRUDENTE,VL. INDUSTRIAL,5,15:22,1,60.0,1,20.0,22.08,21.7,0.0,10000,3.6,801,3.0,22.5,45.0,0,6.1,23.5,0.5,0.333,100.0,2,1,0.4657,Estabilizado,Operação Normal
2026-08-22T18:22:54.281376,4717-10,33103,2,METRÔ SAÚDE,JD. MARIA ESTELA,5,15:22,1,60.0,1,20.0,22.08,21.7,0.0,10000,3.6,801,3.0,22.5,45.0,0,6.1,23.5,0.5,0.333,100.0,2,1,0.4657,Estabilizado,Operação Normal
2026-08-22T18:22:54.281376,574A-21,1690,1,METRÔ VL. MARIANA,AMERICANÓPOLIS,5,15:22,3,20.0,3,20.0,22.08,21.7,0.0,10000,3.6,801,3.0,22.5,45.0,0,6.1,23.5,0.5,1.0,66.67,4,1,0.3157,Estabilizado,Operação Normal
2026-08-22T18:22:54.281376,6022-10,1207,1,JD. ÂNGELA,PQ. CEREJEIRA,5,15:22,1,60.0,1,20.0,22.08,21.7,0.0,10000,3.6,801,3.0,22.5,45.0,0,6.1,23.5,0.5,0.333,100.0,2,1,0.4657,Estabilizado,Operação Normal
2026-08-22T18:22:54.281376,1759-10,553,1,METRÔ SANTANA,JD. PERY,5,15:22,3,20.0,3,20.0,22.08,21.7,0.0,10000,3.6,801,3.0,22.5,45.0,0,6.1,23.5,0.5,1.0,66.67,4,1,0.3157,Estabilizado,Operação Normal
2026-08-22T18:22:54.281376,2709-31,923,1,VL. UNIÃO,METRÔ PATRIARCA,5,15:22,2,30.0,2,20.0,22.08,21.7,0.0,10000,3.6,801,3.0,22.5,45.0,0,6.1,23.5,0.5,0.667,75.0,3,1,0.3698,Estabilizado,Operação Normal
2026-08-22T18:22:54.281376,1701-10,845,1,METRÔ SANTANA,JOVA RURAL,5,15:22,2,30.0,2,20.0,22.08,21.7,0.0,10000,3.6,801,3.0,22.5,45.0,0,6.1,23.5,0.5,0.667,75.0,3,1,0.3698,Estabilizado,Operação Normal
2026-08-22T18:22:54.281376,7903-10,512,1,PÇA. RAMOS DE AZEVEDO,JD. JOÃO XXIII/EDUC.,5,15:22,2,30.0,2,20.0,22.08,21.7,0.0,10000,3.6,801,3.0,22.5,45.0,0,6.1,23.5,0.5,0.667,75.0,3,1,0.3698,Estabilizado,Operação Normal
2026-08-22T18:22:54.281376,6043-10,33988,2,TERM. STO. AMARO,JD. CAPELINHA,5,15:22,3,20.0,3,20.0,22.08,21.7,0.0,10000,3.6,801,3.0,22.5,45.0,0,6.1,23.5,0.5,1.0,66.67,4,1,0.3157,Estabilizado,Operação Normal
2026-08-22T18:22:54.281376,5702-10,1137,1,METRÔ JABAQUARA,REFÚGIO STA. TEREZINHA,5,15:22,3,20.0,3,20.0,22.08,21.7,0.0,10000,3.6,801,3.0,22.5,45.0,0,6.1,23.5,0.5,1.0,66.67,4,1,0.3157,Estabilizado,Operação Normal
2026-08-22T18:22:54.281376,2105-10,2247,1,LGO. DA CONCÓRDIA,JD. FILHOS DA TERRA,5,15:22,3,20.0,3,20.0,22.08,21.7,0.0,10000,3.6,801,3.0,22.5,45.0,0,6.1,23.5,0.5,1.0,66.67,4,1,0.3157,Estabilizado,Operação Normal
2026-08-22T18:22:54.281376,6046-10,33991,2,STO. AMARO,JD. SÃO BENTO NOVO,5,15:22,2,30.0,2,20.0,22.08,21.7,0.0,10000,3.6,801,3.0,22.5,45.0,0,6.1,23.5,0.5,0.667,75.0,3,1,0.3698,Estabilizado,Operação Normal
2026-08-22T18:22:54.281376,1016-10,831,1,SHOP. CENTER NORTE,CEM. DO HORTO,5,15:22,3,20.0,3,20.0,22.08,21.7,0.0,10000,3.6,801,3.0,22.5,45.0,0,6.1,23.5,0.5,1.0,66.67,4,1,0.3157,Estabilizado,Operação Normal
2026-08-22T18:22:54.281376,6825-10,32782,2,TERM. CAPELINHA,VALO VELHO,5,15:22,3,20.0,3,20.0,22.08,21.7,0.0,10000,3.6,801,3.0,22.5,45.0,0,6.1,23.5,0.5,1.0,66.67,4,1,0.3157,Estabilizado,Operação Normal
2026-08-22T18:22:54.281376,6813-10,32801,2,TERM. CAPELINHA,JD. LÍDIA,5,15:22,1,60.0,1,20.0,22.08,21.7,0.0,10000,3.6,801,3.0,22.5,45.0,0,6.1,23.5,0.5,0.333,100.0,2,1,0.4657,Estabilizado,Operação Normal
2026-08-22T18:22:54.281376,513L-10,1655,1,PQ. BELÉM,TERM. SACOMÃ,5,15:22,2,30.0,2,20.0,22.08,21.7,0.0,10000,3.6,801,3.0,22.5,45.0,0,6.1,23.5,0.5,0.667,75.0,3,1,0.3698,Estabilizado,Operação Normal
2026-08-22T18:22:54.281376,477U-10,33074,2,METRÔ VL. MARIANA,HELIÓPOLIS,5,15:22,1,60.0,1,20.0,22.08,21.7,0.0,10000,3.6,801,3.0,22.5,45.0,0,6.1,23.5,0.5,0.333,100.0,2,1,0.4657,Estabilizado,Operação Normal
2026-08-22T18:22:54.281376,4012-10,34953,2,TERM. SÃO MATEUS,JD. IGUATEMI,5,15:22,1,60.0,1,20.0,22.08,21.7,0.0,10000,3.6,801,3.0,22.5,45.0,0,6.1,23.5,0.5,0.333,100.0,2,1,0.4657,Estabilizado,Operação Normal
2026-08-22T18:22:54.281376,8319-10,33244,2,SESC POMPÉIA,PQ. CONTINENTAL,5,15:22,2,30.0,2,20.0,22.08,21.7,0.0,10000,3.6,801,3.0,22.5,45.0,0,6.1,23.5,0.5,0.667,75.0,3,1,0.3698,Estabilizado,Operação Normal
2026-08-22T18:22:54.281376,2020-10,35030,2,METRÔ TUCURUVI,HORTO FLORESTAL,5,15:22,1,60.0,1,20.0,22.08,21.7,0.0,10000,3.6,801,3.0,22.5,45.0,0,6.1,23.5,0.5,0.333,100.0,2,1,0.4657,Estabilizado,Operação Normal
2026-08-22T18:22:54.281376,4721-10,33105,2,METRÔ JABAQUARA,SHOP. PLAZA SUL,5,15:22,2,30.0,2,20.0,22.08,21.7,0.0,10000,3.6,801,3.0,22.5,45.0,0,6.1,23.5,0.5,0.667,75.0,3,1,0.3698,Estabilizado,Operação Normal
2026-08-22T18:22:54.281376,6817-10,32795,2,TERM. CAPELINHA,JD. SÃO BENTO,5,15:22,1,60.0,1,20.0,22.08,21.7,0.0,10000,3.6,801,3.0,22.5,45.0,0,6.1,23.5,0.5,0.333,100.0,2,1,0.4657,Estabilizado,Operação Normal
2026-08-22T18:22:54.281376,6824-10,23,1,TERM. CAPELINHA,PQ. FERNANDA,5,15:22,2,30.0,2,20.0,22.08,21.7,0.0,10000,3.6,801,3.0,22.5,45.0,0,6.1,23.5,0.5,0.667,75.0,3,1,0.3698,Estabilizado,Operação Normal
2026-08-22T18:22:54.281376,6083-10,1733,1,TERM. GRAJAÚ,JD. ELIANA,5,15:22,1,60.0,1,20.0,22.08,21.7,0.0,10000,3.6,801,3.0,22.5,45.0,0,6.1,23.5,0.5,0.333,100.0,2,1,0.4657,Estabilizado,Operação Normal
2026-08-22T18:22:54.281376,6805-10,32799,2,TERM. JOÃO DIAS,TERM. CAPELINHA,5,15:22,1,60.0,1,20.0,22.08,21.7,0.0,10000,3.6,801,3.0,22.5,45.0,0,6.1,23.5,0.5,0.333,100.0,2,1,0.4657,Estabilizado,Operação Normal
2026-08-22T18:22:54.281376,4315-10,2175,1,TERM. PQ. D. PEDRO II,TERM. VL. CARRÃO,5,15:22,2,30.0,2,20.0,22.08,21.7,0.0,10000,3.6,801,3.0,22.5,45.0,0,6.1,23.5,0.5,0.667,75.0,3,1,0.3698,Estabilizado,Operação Normal
2026-08-22T18:22:54.281376,7052-10,1886,1,TERM. CAMPO LIMPO,JD. HELGA,5,15:22,1,60.0,1,20.0,22.08,21.7,0.0,10000,3.6,801,3.0,22.5,45.0,0,6.1,23.5,0.5,0.333,100.0,2,1,0.4657,Estabilizado,Operação Normal
2026-08-22T18:22:54.281376,3139-10,33763,2,PÇA. JOÃO MENDES,JD. VL. FORMOSA,5,15:22,3,20.0,3,20.0,22.08,21.7,0.0,10000,3.6,801,3.0,22.5,45.0,0,6.1,23.5,0.5,1.0,66.67,4,1,0.3157,Estabilizado,Operação Normal
2026-08-22T18:22:54.281376,8004-10,34022,2,TERM. LAPA,HAB. TURÍSTICA,5,15:22,1,60.0,1,20.0,22.08,21.7,0.0,10000,3.6,801,3.0,22.5,45.0,0,6.1,23.5,0.5,0.333,100.0,2,1,0.4657,Estabilizado,Operação Normal
2026-08-22T18:22:54.281376,1701-21,2476,1,METRÔ TUCURUVI,JOVA RURAL,5,15:22,1,60.0,1,20.0,22.08,21.7,0.0,10000,3.6,801,3.0,22.5,45.0,0,6.1,23.5,0.5,0.333,100.0,2,1,0.4657,Estabilizado,Operação Normal
2026-08-22T18:22:54.281376,3003-10,1797,1,CPTM VL. MARA/ITAIM,JD. SÃO MARTINHO,5,15:22,1,60.0,1,20.0,22.08,21.7,0.0,10000,3.6,801,3.0,22.5,45.0,0,6.1,23.5,0.5,0.333,100.0,2,1,0.4657,Estabilizado,Operação Normal
2026-08-22T18:22:54.281376,1034-10,35220,2,CONEXÃO VL. IÓRIO,VL. IARA,5,15:22,3,20.0,3,20.0,22.08,21.7,0.0,10000,3.6,801,3.0,22.5,45.0,0,6.1,23.5,0.5,1.0,66.67,4,1,0.3157,Estabilizado,Operação Normal
2026-08-22T18:22:54.281376,4035-10,35328,2,METRÔ ITAQUERA,GUAIANASES,5,15:22,3,20.0,3,20.0,22.08,21.7,0.0,10000,3.6,801,3.0,22.5,45.0,0,6.1,23.5,0.5,1.0,66.67,4,1,0.3157,Estabilizado,Operação Normal
2026-08-22T18:22:54.281376,8055-10,33182,2,LAPA,PERUS,5,15:22,3,20.0,3,20.0,22.08,21.7,0.0,10000,3.6,801,3.0,22.5,45.0,0,6.1,23.5,0.5,1.0,66.67,4,1,0.3157,Estabilizado,Operação Normal
2026-08-22T18:22:54.281376,5033-10,1665,1,TERM. SACOMÃ,VL. BRASILINA,5,15:22,1,60.0,1,20.0,22.08,21.7,0.0,10000,3.6,801,3.0,22.5,45.0,0,6.1,23.5,0.5,0.333,100.0,2,1,0.4657,Estabilizado,Operação Normal
2026-08-22T18:22:54.281376,407T-10,2202,1,METRÔ ITAQUERA,JD. REDIL,5,15:22,1,60.0,1,20.0,22.08,21.7,0.0,10000,3.6,801,3.0,22.5,45.0,0,6.1,23.5,0.5,0.333,100.0,2,1,0.4657,Estabilizado,Operação Normal
2026-08-22T18:22:54.281376,6062-51,1739,1,TERM. STO. AMARO,JD. CASTRO ALVES,5,15:22,3,20.0,3,20.0,22.08,21.7,0.0,10000,3.6,801,3.0,22.5,45.0,0,6.1,23.5,0.5,1.0,66.67,4,1,0.3157,Estabilizado,Operação Normal
2026-08-22T18:22:54.281376,476L-10,33030,2,LAR ESC. SÃO FRANCISCO,METRÔ VL. MARIANA,5,15:22,1,60.0,1,20.0,22.08,21.7,0.0,10000,3.6,801,3.0,22.5,45.0,0,6.1,23.5,0.5,0.333,100.0,2,1,0.4657,Estabilizado,Operação Normal
2026-08-22T18:22:54.281376,9015-10,1269,1,TERM. PIRITUBA,VL. ZATT,5,15:22,2,30.0,2,20.0,22.08,21.7,0.0,10000,3.6,801,3.0,22.5,45.0,0,6.1,23.5,0.5,0.667,75.0,3,1,0.3698,Estabilizado,Operação Normal
2026-08-22T18:22:54.281376,342C-10,1002,1,PENHA,JD. MARÍLIA,5,15:22,2,30.0,2,20.0,22.08,21.7,0.0,10000,3.6,801,3.0,22.5,45.0,0,6.1,23.5,0.5,0.667,75.0,3,1,0.3698,Estabilizado,Operação Normal
2026-08-22T18:22:54.281376,7004-21,35351,2,VL. DO SOL,TERM. JD. JACIRA,5,15:22,1,60.0,1,20.0,22.08,21.7,0.0,10000,3.6,801,3.0,22.5,45.0,0,6.1,23.5,0.5,0.333,100.0,2,1,0.4657,Estabilizado,Operação Normal
2026-08-22T18:22:54.281376,9717-10,33585,2,METRÔ SANTANA,JD. ALMANARA,5,15:22,3,20.0,3,20.0,22.08,21.7,0.0,10000,3.6,801,3.0,22.5,45.0,0,6.1,23.5,0.5,1.0,66.67,4,1,0.3157,Estabilizado,Operação Normal
2026-08-22T18:22:54.281376,4288-10,290,1,TERM. PQ. D. PEDRO II,PQ. STA. MADALENA,5,15:22,1,60.0,1,20.0,22.08,21.7,0.0,10000,3.6,801,3.0,22.5,45.0,0,6.1,23.5,0.5,0.333,100.0,2,1,0.4657,Estabilizado,Operação Normal
2026-08-22T18:22:54.281376,6034-10,95,1,TERM. GRAJAÚ,PQ. RES. COCAIA,5,15:22,3,20.0,3,20.0,22.08,21.7,0.0,10000,3.6,801,3.0,22.5,45.0,0,6.1,23.5,0.5,1.0,66.67,4,1,0.3157,Estabilizado,Operação Normal
2026-08-22T18:22:54.281376,3098-31,1839,1,JD. ELIZABETH,SÃO MATEUS,5,15:22,1,60.0,1,20.0,22.08,21.7,0.0,10000,3.6,801,3.0,22.5,45.0,0,6.1,23.5,0.5,0.333,100.0,2,1,0.4657,Estabilizado,Operação Normal
2026-08-22T18:22:54.281376,4726-10,1680,1,METRÔ TATUAPÉ,MOOCA,5,15:22,3,20.0,3,20.0,22.08,21.7,0.0,10000,3.6,801,3.0,22.5,45.0,0,6.1,23.5,0.5,1.0,66.67,4,1,0.3157,Estabilizado,Operação Normal
2026-08-22T18:22:54.281376,775P-10,507,1,METRÔ ANA ROSA,JD. GUARAÚ,5,15:22,1,60.0,1,20.0,22.08,21.7,0.0,10000,3.6,801,3.0,22.5,45.0,0,6.1,23.5,0.5,0.333,100.0,2,1,0.4657,Estabilizado,Operação Normal
2026-08-22T18:22:54.281376,2161-10,694,1,PÇA. DO CORREIO,PQ. EDU CHAVES,5,15:22,2,30.0,2,20.0,22.08,21.7,0.0,10000,3.6,801,3.0,22.5,45.0,0,6.1,23.5,0.5,0.667,75.0,3,1,0.3698,Estabilizado,Operação Normal
2026-08-22T18:22:54.281376,805L-10,124,1,ACLIMAÇÃO,TERM. PRINC. ISABEL,5,15:22,1,60.0,1,20.0,22.08,21.7,0.0,10000,3.6,801,3.0,22.5,45.0,0,6.1,23.5,0.5,0.333,100.0,2,1,0.4657,Estabilizado,Operação Normal
2026-08-22T18:22:54.281376,208M-10,2478,1,TERM. PINHEIROS,METRÔ SANTANA,5,15:22,2,30.0,2,20.0,22.08,21.7,0.0,10000,3.6,801,3.0,22.5,45.0,0,6.1,23.5,0.5,0.667,75.0,3,1,0.3698,Estabilizado,Operação Normal
2026-08-22T18:22:54.281376,271C-10,33450,2,TERM. PRINC. ISABEL - CIRCULAR,PQ. VL. MARIA,5,15:22,2,30.0,2,20.0,22.08,21.7,0.0,10000,3.6,801,3.0,22.5,45.0,0,6.1,23.5,0.5,0.667,75.0,3,1,0.3698,Estabilizado,Operação Normal
2026-08-22T18:22:54.281376,4027-41,35077,2,SÃO MATEUS,MORRO DO CRUZEIRO,5,15:22,1,60.0,1,20.0,22.08,21.7,0.0,10000,3.6,801,3.0,22.5,45.0,0,6.1,23.5,0.5,0.333,100.0,2,1,0.4657,Estabilizado,Operação Normal
2026-08-22T18:22:54.281376,1760-10,557,1,SHOP. CENTER NORTE,COHAB ANTÁRTICA,5,15:22,1,60.0,1,20.0,22.08,21.7,0.0,10000,3.6,801,3.0,22.5,45.0,0,6.1,23.5,0.5,0.333,100.0,2,1,0.4657,Estabilizado,Operação Normal
2026-08-22T18:22:54.281376,5020-10,1670,1,TERM. SACOMÃ,HOSP. HELIÓPOLIS,5,15:22,2,30.0,2,20.0,22.08,21.7,0.0,10000,3.6,801,3.0,22.5,45.0,0,6.1,23.5,0.5,0.667,75.0,3,1,0.3698,Estabilizado,Operação Normal
2026-08-22T18:22:54.281376,8050-31,415,1,LAPA,PQ. MORRO DOCE,5,15:22,2,30.0,2,20.0,22.08,21.7,0.0,10000,3.6,801,3.0,22.5,45.0,0,6.1,23.5,0.5,0.667,75.0,3,1,0.3698,Estabilizado,Operação Normal
2026-08-22T18:22:54.281376,5131-10,1282,1,PQ. D. PEDRO II,CID. ADEMAR,5,15:22,1,60.0,1,20.0,22.08,21.7,0.0,10000,3.6,801,3.0,22.5,45.0,0,6.1,23.5,0.5,0.333,100.0,2,1,0.4657,Estabilizado,Operação Normal
2026-08-22T18:22:54.281376,4725-10,338,1,SHOP. IBIRAPUERA,VL. BRASILINA,5,15:22,1,60.0,1,20.0,22.08,21.7,0.0,10000,3.6,801,3.0,22.5,45.0,0,6.1,23.5,0.5,0.333,100.0,2,1,0.4657,Estabilizado,Operação Normal
2026-08-22T18:22:54.281376,6L11-10,1167,1,TERM. GRAJAÚ,ILHA DO BORORÉ,5,15:22,2,30.0,2,20.0,22.08,21.7,0.0,10000,3.6,801,3.0,22.5,45.0,0,6.1,23.5,0.5,0.667,75.0,3,1,0.3698,Estabilizado,Operação Normal
2026-08-22T18:22:54.281376,874T-10,33075,2,LAPA,IPIRANGA,5,15:22,1,60.0,1,20.0,22.08,21.7,0.0,10000,3.6,801,3.0,22.5,45.0,0,6.1,23.5,0.5,0.333,100.0,2,1,0.4657,Estabilizado,Operação Normal
2026-08-22T18:22:54.281376,1023-10,2559,1,CPTM PIRITUBA,VL. PIRITUBA,5,15:22,1,60.0,1,20.0,22.08,21.7,0.0,10000,3.6,801,3.0,22.5,45.0,0,6.1,23.5,0.5,0.333,100.0,2,1,0.4657,Estabilizado,Operação Normal
2026-08-22T18:22:54.281376,6L05-10,33941,2,TERM. PARELHEIROS,BARRAGEM,5,15:22,1,60.0,1,20.0,22.08,21.7,0.0,10000,3.6,801,3.0,22.5,45.0,0,6.1,23.5,0.5,0.333,100.0,2,1,0.4657,Estabilizado,Operação Normal
2026-08-22T18:22:54.281376,2175-10,33465,2,TERM. PQ. D. PEDRO II,PQ. EDU CHAVES,5,15:22,2,30.0,2,20.0,22.08,21.7,0.0,10000,3.6,801,3.0,22.5,45.0,0,6.1,23.5,0.5,0.667,75.0,3,1,0.3698,Estabilizado,Operação Normal
2026-08-22T18:22:54.281376,7005-10,34766,2,JD. ÂNGELA,JD. VERA CRUZ,5,15:22,1,60.0,1,20.0,22.08,21.7,0.0,10000,3.6,801,3.0,22.5,45.0,0,6.1,23.5,0.5,0.333,100.0,2,1,0.4657,Estabilizado,Operação Normal
2026-08-22T18:22:54.281376,4114-10,33089,2,TERM. PQ. D. PEDRO II,JD. DA SAÚDE,5,15:22,1,60.0,1,20.0,22.08,21.7,0.0,10000,3.6,801,3.0,22.5,45.0,0,6.1,23.5,0.5,0.333,100.0,2,1,0.4657,Estabilizado,Operação Normal
2026-08-22T18:22:54.281376,6812-10,34010,2,JD. ANGELA,JD. CAPELA,5,15:22,3,20.0,3,20.0,22.08,21.7,0.0,10000,3.6,801,3.0,22.5,45.0,0,6.1,23.5,0.5,1.0,66.67,4,1,0.3157,Estabilizado,Operação Normal
2026-08-22T18:22:54.281376,8050-10,33180,2,LAPA,PQ. MORRO DOCE,5,15:22,2,30.0,2,20.0,22.08,21.7,0.0,10000,3.6,801,3.0,22.5,45.0,0,6.1,23.5,0.5,0.667,75.0,3,1,0.3698,Estabilizado,Operação Normal
2026-08-22T18:22:54.281376,6816-10,26,1,TERM. CAPELINHA,JD. MITSUTANI,5,15:22,2,30.0,2,20.0,22.08,21.7,0.0,10000,3.6,801,3.0,22.5,45.0,0,6.1,23.5,0.5,0.667,75.0,3,1,0.3698,Estabilizado,Operação Normal
2026-08-22T18:22:54.281376,846M-10,422,1,TERM. PINHEIROS,VL. PIAUÍ,5,15:22,1,60.0,1,20.0,22.08,21.7,0.0,10000,3.6,801,3.0,22.5,45.0,0,6.1,23.5,0.5,0.333,100.0,2,1,0.4657,Estabilizado,Operação Normal
2026-08-22T18:22:54.281376,407K-10,2168,1,METRÔ CARRÃO,TERM. SÃO MATEUS,5,15:22,1,60.0,1,20.0,22.08,21.7,0.0,10000,3.6,801,3.0,22.5,45.0,0,6.1,23.5,0.5,0.333,100.0,2,1,0.4657,Estabilizado,Operação Normal
2026-08-22T18:22:54.281376,606Z-10,35379,2,BALN. MAR PAULISTA,CIRCULAR,5,15:22,1,60.0,1,20.0,22.08,21.7,0.0,10000,3.6,801,3.0,22.5,45.0,0,6.1,23.5,0.5,0.333,100.0,2,1,0.4657,Estabilizado,Operação Normal
2026-08-22T18:22:54.281376,2713-10,32988,2,CHÁC. BELA VISTA,METRÔ PENHA,5,15:22,1,60.0,1,20.0,22.08,21.7,0.0,10000,3.6,801,3.0,22.5,45.0,0,6.1,23.5,0.5,0.333,100.0,2,1,0.4657,Estabilizado,Operação Normal
2026-08-22T18:22:54.281376,609F-10,37,1,TERM. PRINC. ISABEL,CHÁC. SANTANA,5,15:22,3,20.0,3,20.0,22.08,21.7,0.0,10000,3.6,801,3.0,22.5,45.0,0,6.1,23.5,0.5,1.0,66.67,4,1,0.3157,Estabilizado,Operação Normal
2026-08-22T18:22:54.281376,771P-10,33274,2,TERM. PINHEIROS,JD. JOÃO XXIII,5,15:22,1,60.0,1,20.0,22.08,21.7,0.0,10000,3.6,801,3.0,22.5,45.0,0,6.1,23.5,0.5,0.333,100.0,2,1,0.4657,Estabilizado,Operação Normal
2026-08-22T18:22:54.281376,2035-10,2682,1,CONJ. HAB. SONDA II,METRÔ PARADA INGLESA,5,15:22,1,60.0,1,20.0,22.08,21.7,0.0,10000,3.6,801,3.0,22.5,45.0,0,6.1,23.5,0.5,0.333,100.0,2,1,0.4657,Estabilizado,Operação Normal
2026-08-22T18:22:54.281376,6092-10,1177,1,TERM. GRAJAÚ,JD. DAS PEDRAS,5,15:22,1,60.0,1,20.0,22.08,21.7,0.0,10000,3.6,801,3.0,22.5,45.0,0,6.1,23.5,0.5,0.333,100.0,2,1,0.4657,Estabilizado,Operação Normal
2026-08-22T18:22:54.281376,3736-10,1036,1,METRÔ ARTUR ALVIM,JD. NSA. SRA. DO CARMO,5,15:22,2,30.0,2,20.0,22.08,21.7,0.0,10000,3.6,801,3.0,22.5,45.0,0,6.1,23.5,0.5,0.667,75.0,3,1,0.3698,Estabilizado,Operação Normal
2026-08-22T18:22:54.281376,6093-10,1585,1,TERM. GRAJAÚ,VARGEM GRANDE,5,15:22,2,30.0,2,20.0,22.08,21.7,0.0,10000,3.6,801,3.0,22.5,45.0,0,6.1,23.5,0.5,0.667,75.0,3,1,0.3698,Estabilizado,Operação Normal
2026-08-22T18:22:54.281376,273J-10,389,1,METRÔ PENHA,JD. ROMANO,5,15:22,3,20.0,3,20.0,22.08,21.7,0.0,10000,3.6,801,3.0,22.5,45.0,0,6.1,23.5,0.5,1.0,66.67,4,1,0.3157,Estabilizado,Operação Normal
2026-08-22T18:22:54.281376,6042-10,1219,1,STO. AMARO,JD. TRÊS ESTRELAS,5,15:22,1,60.0,1,20.0,22.08,21.7,0.0,10000,3.6,801,3.0,22.5,45.0,0,6.1,23.5,0.5,0.333,100.0,2,1,0.4657,Estabilizado,Operação Normal
2026-08-22T18:22:54.281376,2705-10,917,1,METRÔ ITAQUERA,JD. FANGANIELO,5,15:22,1,60.0,1,20.0,22.08,21.7,0.0,10000,3.6,801,3.0,22.5,45.0,0,6.1,23.5,0.5,0.333,100.0,2,1,0.4657,Estabilizado,Operação Normal
2026-08-22T18:22:54.281376,6836-10,13,1,TERM. JOÃO DIAS,CAPÃO REDONDO,5,15:22,1,60.0,1,20.0,22.08,21.7,0.0,10000,3.6,801,3.0,22.5,45.0,0,6.1,23.5,0.5,0.333,100.0,2,1,0.4657,Estabilizado,Operação Normal
2026-08-22T18:22:54.281376,6262-10,1371,1,TERM. BANDEIRA,CEASA,5,15:22,1,60.0,1,20.0,22.08,21.7,0.0,10000,3.6,801,3.0,22.5,45.0,0,6.1,23.5,0.5,0.333,100.0,2,1,0.4657,Estabilizado,Operação Normal
2026-08-22T18:22:54.281376,4724-10,2060,1,VL. NHOCUNÉ,METRÔ PATRIARCA,5,15:22,1,60.0,1,20.0,22.08,21.7,0.0,10000,3.6,801,3.0,22.5,45.0,0,6.1,23.5,0.5,0.333,100.0,2,1,0.4657,Estabilizado,Operação Normal
2026-08-22T18:22:54.281376,4055-10,2447,1,VL. SOLANGE,CPTM GUAIANASES,5,15:22,1,60.0,1,20.0,22.08,21.7,0.0,10000,3.6,801,3.0,22.5,45.0,0,6.1,23.5,0.5,0.333,100.0,2,1,0.4657,Estabilizado,Operação Normal
2026-08-22T18:22:54.281376,9019-10,1433,1,TERM. PIRITUBA,JD. PAULISTANO,5,15:22,3,20.0,3,20.0,22.08,21.7,0.0,10000,3.6,801,3.0,22.5,45.0,0,6.1,23.5,0.5,1.0,66.67,4,1,0.3157,Estabilizado,Operação Normal
2026-08-22T18:22:54.281376,8027-10,34930,2,BUTANTÃ,VL. DALVA,5,15:22,1,60.0,1,20.0,22.08,21.7,0.0,10000,3.6,801,3.0,22.5,45.0,0,6.1,23.5,0.5,0.333,100.0,2,1,0.4657,Estabilizado,Operação Normal
2026-08-22T18:22:54.281376,3008-10,2515,1,CPTM ITAIM PAULISTA,JD. MIRIAM,5,15:22,1,60.0,1,20.0,22.08,21.7,0.0,10000,3.6,801,3.0,22.5,45.0,0,6.1,23.5,0.5,0.333,100.0,2,1,0.4657,Estabilizado,Operação Normal
2026-08-22T18:22:54.281376,N731-11,35180,2,TERM. STO. AMARO,TERM. CAPELINHA,5,15:22,1,60.0,1,20.0,22.08,21.7,0.0,10000,3.6,801,3.0,22.5,45.0,0,6.1,23.5,0.5,0.333,100.0,2,1,0.4657,Estabilizado,Operação Normal
2026-08-22T18:22:54.281376,4717-10,335,1,METRÔ SAÚDE,JD. MARIA ESTELA,5,15:22,1,60.0,1,20.0,22.08,21.7,0.0,10000,3.6,801,3.0,22.5,45.0,0,6.1,23.5,0.5,0.333,100.0,2,1,0.4657,Estabilizado,Operação Normal
2026-08-22T18:22:54.281376,8050-31,33183,2,LAPA,PQ. MORRO DOCE,5,15:22,1,60.0,1,20.0,22.08,21.7,0.0,10000,3.6,801,3.0,22.5,45.0,0,6.1,23.5,0.5,0.333,100.0,2,1,0.4657,Estabilizado,Operação Normal
2026-08-22T18:22:54.281376,8544-10,33198,2,PÇA. DO CORREIO,CID. D'ABRIL 3ª GLEBA,5,15:22,2,30.0,2,20.0,22.08,21.7,0.0,10000,3.6,801,3.0,22.5,45.0,0,6.1,23.5,0.5,0.667,75.0,3,1,0.3698,Estabilizado,Operação Normal
2026-08-22T18:22:54.281376,4019-10,35292,2,CIRCULAR,METRÔ ITAQUERA ,5,15:22,1,60.0,1,20.0,22.08,21.7,0.0,10000,3.6,801,3.0,22.5,45.0,0,6.1,23.5,0.5,0.333,100.0,2,1,0.4657,Estabilizado,Operação Normal
2026-08-22T18:22:54.281376,9005-10,33640,2,TERM. CACHOEIRINHA,JD. PRINCESA,5,15:22,7,8.6,7,20.0,22.08,21.7,0.0,10000,3.6,801,3.0,22.5,45.0,0,6.1,23.5,0.5,1.0,64.29,9,2,0.3097,Estabilizado,Operação Normal
2026-08-22T18:22:54.281376,8073-10,2081,1,TERM. VL. SÔNIA,JD. GUARAÚ,5,15:22,2,30.0,2,20.0,22.08,21.7,0.0,10000,3.6,801,3.0,22.5,45.0,0,6.1,23.5,0.5,0.667,75.0,3,1,0.3698,Estabilizado,Operação Normal
2026-08-22T18:22:54.281376,6001-10,52,1,TERM. STO. AMARO,TERM. CAPELINHA,5,15:22,1,60.0,1,20.0,22.08,21.7,0.0,10000,3.6,801,3.0,22.5,45.0,0,6.1,23.5,0.5,0.333,100.0,2,1,0.4657,Estabilizado,Operação Normal
2026-08-22T18:22:54.281376,4111-10,33088,2,PÇA. DA REPÚBLICA,VL. MONUMENTO,5,15:22,1,60.0,1,20.0,22.08,21.7,0.0,10000,3.6,801,3.0,22.5,45.0,0,6.1,23.5,0.5,0.333,100.0,2,1,0.4657,Estabilizado,Operação Normal
2026-08-22T18:22:54.281376,3718-10,33781,2,NOVA AMERICA,METRÔ ARTUR ALVIM,5,15:22,2,30.0,2,20.0,22.08,21.7,0.0,10000,3.6,801,3.0,22.5,45.0,0,6.1,23.5,0.5,0.667,75.0,3,1,0.3698,Estabilizado,Operação Normal
2026-08-22T18:22:54.281376,7057-10,1897,1,TERM. CAMPO LIMPO,JD. MITSUTANI,5,15:22,1,60.0,1,20.0,22.08,21.7,0.0,10000,3.6,801,3.0,22.5,45.0,0,6.1,23.5,0.5,0.333,100.0,2,1,0.4657,Estabilizado,Operação Normal
2026-08-22T18:22:54.281376,6037-10,1215,1,TERM. CAPELINHA,JD. MITSUTANI,5,15:22,1,60.0,1,20.0,22.08,21.7,0.0,10000,3.6,801,3.0,22.5,45.0,0,6.1,23.5,0.5,0.333,100.0,2,1,0.4657,Estabilizado,Operação Normal
2026-08-22T18:22:54.281376,4024-10,2158,1,E.T. ITAQUERA,COHAB FAZENDA DO CARMO,5,15:22,1,60.0,1,20.0,22.08,21.7,0.0,10000,3.6,801,3.0,22.5,45.0,0,6.1,23.5,0.5,0.333,100.0,2,1,0.4657,Estabilizado,Operação Normal
2026-08-22T18:22:54.281376,3725-41,34299,2,VL. ARICANDUVA,METRÔ VL. MATILDE,5,15:22,1,60.0,1,20.0,22.08,21.7,0.0,10000,3.6,801,3.0,22.5,45.0,0,6.1,23.5,0.5,0.333,100.0,2,1,0.4657,Estabilizado,Operação Normal
2026-08-22T18:22:54.281376,6L03-10,1565,1,TERM. PARELHEIROS,CIPÓ DO MEIO,5,15:22,1,60.0,1,20.0,22.08,21.7,0.0,10000,3.6,801,3.0,22.5,45.0,0,6.1,23.5,0.5,0.333,100.0,2,1,0.4657,Estabilizado,Operação Normal
2026-08-22T18:22:54.281376,1785-10,1816,1,METRÔ SANTANA,VL. AURORA,5,15:22,1,60.0,1,20.0,22.08,21.7,0.0,10000,3.6,801,3.0,22.5,45.0,0,6.1,23.5,0.5,0.333,100.0,2,1,0.4657,Estabilizado,Operação Normal
2026-08-22T18:22:54.281376,5015-10,1119,1,METRÔ JABAQUARA,JD. SÃO JORGE,5,15:22,3,20.0,3,20.0,22.08,21.7,0.0,10000,3.6,801,3.0,22.5,45.0,0,6.1,23.5,0.5,1.0,66.67,4,1,0.3157,Estabilizado,Operação Normal
2026-08-22T18:22:54.281376,314V-10,311,1,PÇA. ALMEIDA JR.,VL. EMA,5,15:22,1,60.0,1,20.0,22.08,21.7,0.0,10000,3.6,801,3.0,22.5,45.0,0,6.1,23.5,0.5,0.333,100.0,2,1,0.4657,Estabilizado,Operação Normal
2026-08-22T18:22:54.281376,271F-10,33451,2,METRÔ BELÉM     ,CENTER NORTE,5,15:22,1,60.0,1,20.0,22.08,21.7,0.0,10000,3.6,801,3.0,22.5,45.0,0,6.1,23.5,0.5,0.333,100.0,2,1,0.4657,Estabilizado,Operação Normal
2026-08-22T18:22:54.281376,3032-10,720,1,CIRCULAR,TERM. VL. CARRÃO,5,15:22,1,60.0,1,20.0,22.08,21.7,0.0,10000,3.6,801,3.0,22.5,45.0,0,6.1,23.5,0.5,0.333,100.0,2,1,0.4657,Estabilizado,Operação Normal
2026-08-22T18:22:54.281376,3901-10,34237,2,METRÔ PENHA,JD. DANFER,5,15:22,1,60.0,1,20.0,22.08,21.7,0.0,10000,3.6,801,3.0,22.5,45.0,0,6.1,23.5,0.5,0.333,100.0,2,1,0.4657,Estabilizado,Operação Normal
2026-08-22T18:22:54.281376,6L03-10,34333,2,TERM. PARELHEIROS,CIPÓ DO MEIO,5,15:22,1,60.0,1,20.0,22.08,21.7,0.0,10000,3.6,801,3.0,22.5,45.0,0,6.1,23.5,0.5,0.333,100.0,2,1,0.4657,Estabilizado,Operação Normal
2026-08-22T18:22:54.281376,8023-10,2074,1,TERM. VL. SÔNIA,CDHU MUNCK,5,15:22,1,60.0,1,20.0,22.08,21.7,0.0,10000,3.6,801,3.0,22.5,45.0,0,6.1,23.5,0.5,0.333,100.0,2,1,0.4657,Estabilizado,Operação Normal
2026-08-22T18:22:54.281376,7004-22,2633,1,JD ÂNGELA,VL DO SOL,5,15:22,1,60.0,1,20.0,22.08,21.7,0.0,10000,3.6,801,3.0,22.5,45.0,0,6.1,23.5,0.5,0.333,100.0,2,1,0.4657,Estabilizado,Operação Normal
2026-08-22T18:22:54.281376,8700-1,2508,1,PÇA. RAMOS DE AZEVEDO,TERM. CAMPO LIMPO,5,15:22,1,60.0,1,20.0,22.08,21.7,0.0,10000,3.6,801,3.0,22.5,45.0,0,6.1,23.5,0.5,0.333,100.0,2,1,0.4657,Estabilizado,Operação Normal
2026-08-22T18:22:54.281376,5018-10,1492,1,JABAQUARA,SHOP. INTERLAGOS,5,15:22,4,15.0,4,20.0,22.08,21.7,0.0,10000,3.6,801,3.0,22.5,45.0,0,6.1,23.5,0.5,1.0,62.5,5,1,0.3053,Estabilizado,Operação Normal
2026-08-22T18:22:54.281376,546A-10,1131,1,STO. AMARO,JD. APURÁ,5,15:22,3,20.0,3,20.0,22.08,21.7,0.0,10000,3.6,801,3.0,22.5,45.0,0,6.1,23.5,0.5,1.0,66.67,4,1,0.3157,Estabilizado,Operação Normal
2026-08-22T18:22:54.281376,2583-10,33143,2,TERM. ARICANDUVA,VL. CURUÇÁ,5,15:22,1,60.0,1,20.0,22.08,21.7,0.0,10000,3.6,801,3.0,22.5,45.0,0,6.1,23.5,0.5,0.333,100.0,2,1,0.4657,Estabilizado,Operação Normal
2026-08-22T18:22:54.281376,9717-10,817,1,METRÔ SANTANA,JD. ALMANARA,5,15:22,5,12.0,5,20.0,22.08,21.7,0.0,10000,3.6,801,3.0,22.5,45.0,0,6.1,23.5,0.5,1.0,60.0,6,1,0.299,Estabilizado,Operação Normal
2026-08-22T18:22:54.281376,8010-10,798,1,LAPA,PERUS,5,15:22,6,10.0,6,20.0,22.08,21.7,0.0,10000,3.6,801,3.0,22.5,45.0,0,6.1,23.5,0.5,1.0,58.33,7,1,0.2948,Estabilizado,Operação Normal
2026-08-22T18:22:54.281376,1021-10,33601,2,TERM. PIRITUBA,COHAB BRASILÂNDIA,5,15:22,2,30.0,2,20.0,22.08,21.7,0.0,10000,3.6,801,3.0,22.5,45.0,0,6.1,23.5,0.5,0.667,75.0,3,1,0.3698,Estabilizado,Operação Normal
2026-08-22T18:22:54.281376,5011-10,33883,2,STO. AMARO,ELDORADO,5,15:22,4,15.0,4,20.0,22.08,21.7,0.0,10000,3.6,801,3.0,22.5,45.0,0,6.1,23.5,0.5,1.0,62.5,5,1,0.3053,Estabilizado,Operação Normal
2026-08-22T18:22:54.281376,938P-10,888,1,METRÔ BARRA FUNDA,JD. TEREZA,5,15:22,2,30.0,2,20.0,22.08,21.7,0.0,10000,3.6,801,3.0,22.5,45.0,0,6.1,23.5,0.5,0.667,75.0,3,1,0.3698,Estabilizado,Operação Normal
2026-08-22T18:22:54.281376,607A-21,2140,1,EST. JURUBATUBA,JD. APURÁ,5,15:22,2,30.0,2,20.0,22.08,21.7,0.0,10000,3.6,801,3.0,22.5,45.0,0,6.1,23.5,0.5,0.667,75.0,3,1,0.3698,Estabilizado,Operação Normal
2026-08-22T18:22:54.281376,1015-10,2230,1,CHÁC. MARIA TRINDADE,TERM. JD. BRITÂNIA,5,15:22,1,60.0,1,20.0,22.08,21.7,0.0,10000,3.6,801,3.0,22.5,45.0,0,6.1,23.5,0.5,0.333,100.0,2,1,0.4657,Estabilizado,Operação Normal
2026-08-22T18:22:54.281376,1012-10,35254,2,JD. MONTE BELO,TERM. JD. BRITANIA,5,15:22,4,15.0,4,20.0,22.08,21.7,0.0,10000,3.6,801,3.0,22.5,45.0,0,6.1,23.5,0.5,1.0,62.5,5,1,0.3053,Estabilizado,Operação Normal
2026-08-22T18:22:54.281376,8010-21,34505,2,SÍTIO BOTUQUARA,CPTM PERUS,5,15:22,1,60.0,1,20.0,22.08,21.7,0.0,10000,3.6,801,3.0,22.5,45.0,0,6.1,23.5,0.5,0.333,100.0,2,1,0.4657,Estabilizado,Operação Normal
2026-08-22T18:22:54.281376,1034-10,2452,1,CONEXÃO VL. IÓRIO,VL. IARA,5,15:22,1,60.0,1,20.0,22.08,21.7,0.0,10000,3.6,801,3.0,22.5,45.0,0,6.1,23.5,0.5,0.333,100.0,2,1,0.4657,Estabilizado,Operação Normal
2026-08-22T18:22:54.281376,8013-41,34779,2,JD. PAINEIRAS,TERM. JD. BRITANIA,5,15:22,1,60.0,1,20.0,22.08,21.7,0.0,10000,3.6,801,3.0,22.5,45.0,0,6.1,23.5,0.5,0.333,100.0,2,1,0.4657,Estabilizado,Operação Normal
2026-08-22T18:22:54.281376,607A-10,34907,2,SOCORRO,JD. APURÁ,5,15:22,1,60.0,1,20.0,22.08,21.7,0.0,10000,3.6,801,3.0,22.5,45.0,0,6.1,23.5,0.5,0.333,100.0,2,1,0.4657,Estabilizado,Operação Normal
2026-08-22T18:22:54.281376,5022-10,33888,2,JABAQUARA,VL. STA. MARGARIDA,5,15:22,3,20.0,3,20.0,22.08,21.7,0.0,10000,3.6,801,3.0,22.5,45.0,0,6.1,23.5,0.5,1.0,66.67,4,1,0.3157,Estabilizado,Operação Normal
2026-08-22T18:22:54.281376,1015-10,34998,2,CHÁC. MARIA TRINDADE,TERM. JD. BRITÂNIA,5,15:22,1,60.0,1,20.0,22.08,21.7,0.0,10000,3.6,801,3.0,22.5,45.0,0,6.1,23.5,0.5,0.333,100.0,2,1,0.4657,Estabilizado,Operação Normal
2026-08-22T18:22:54.281376,1027-10,35457,2,ITABERABA I,TERM JD BRITÂNIA,5,15:22,1,60.0,1,20.0,22.08,21.7,0.0,10000,3.6,801,3.0,22.5,45.0,0,6.1,23.5,0.5,0.333,100.0,2,1,0.4657,Estabilizado,Operação Normal
2026-08-22T18:22:54.281376,1021-10,833,1,TERM. PIRITUBA,COHAB BRASILÂNDIA,5,15:22,1,60.0,1,20.0,22.08,21.7,0.0,10000,3.6,801,3.0,22.5,45.0,0,6.1,23.5,0.5,0.333,100.0,2,1,0.4657,Estabilizado,Operação Normal
2026-08-22T18:22:54.281376,1012-10,2486,1,JD. MONTE BELO,TERM. JD. BRITANIA,5,15:22,1,60.0,1,20.0,22.08,21.7,0.0,10000,3.6,801,3.0,22.5,45.0,0,6.1,23.5,0.5,0.333,100.0,2,1,0.4657,Estabilizado,Operação Normal
2026-08-22T18:22:54.281376,8013-41,2011,1,JD. PAINEIRAS,TERM. JD. BRITANIA,5,15:22,1,60.0,1,20.0,22.08,21.7,0.0,10000,3.6,801,3.0,22.5,45.0,0,6.1,23.5,0.5,0.333,100.0,2,1,0.4657,Estabilizado,Operação Normal
2026-08-22T18:22:54.281376,119L-10,2273,1,TERM. LAPA,VL. SULINA,5,15:22,1,60.0,1,20.0,22.08,21.7,0.0,10000,3.6,801,3.0,22.5,45.0,0,6.1,23.5,0.5,0.333,100.0,2,1,0.4657,Estabilizado,Operação Normal
2026-08-22T18:22:54.281376,3003-10,34565,2,CPTM VL. MARA/ITAIM,JD. SÃO MARTINHO,5,15:22,1,60.0,1,20.0,22.08,21.7,0.0,10000,3.6,801,3.0,22.5,45.0,0,6.1,23.5,0.5,0.333,100.0,2,1,0.4657,Estabilizado,Operação Normal
2026-08-22T18:22:54.281376,626A-10,35364,2,MAR PAULISTA,CANTINHO DO CÉU,5,15:22,1,60.0,1,20.0,22.08,21.7,0.0,10000,3.6,801,3.0,22.5,45.0,0,6.1,23.5,0.5,0.333,100.0,2,1,0.4657,Estabilizado,Operação Normal
2026-08-22T18:22:54.281376,626A-10,2596,1,MAR PAULISTA,CANTINHO DO CÉU,5,15:22,2,30.0,2,20.0,22.08,21.7,0.0,10000,3.6,801,3.0,22.5,45.0,0,6.1,23.5,0.5,0.667,75.0,3,1,0.3698,Estabilizado,Operação Normal
2026-08-22T18:22:54.281376,6076-41,34754,2,TERM. STO. AMARO,JD. SATÉLITE II,5,15:22,1,60.0,1,20.0,22.08,21.7,0.0,10000,3.6,801,3.0,22.5,45.0,0,6.1,23.5,0.5,0.333,100.0,2,1,0.4657,Estabilizado,Operação Normal
