timestamp_processamento,linha_codigo,linha_id,sentido,letreiro_origem,letreiro_destino,dia_semana,hora_minuto,frota_ativa_real,headway_real_min,frota_planejada,headway_planejado_min,temperatura_c,sensacao_termica_c,chuva_1h_mm,visibilidade_m,vento_velocidade_ms,clima_evento_id,jam_factor,velocidade_via_kmh,velocidade_freeflow_kmh,incidente_critico,iac_gargalo_climatico,gt_gargalo_trafego,hp_horario_pico,ac_aderencia_cronograma,dfi_demanda_frota_ideal,frota_necessaria_estimada,deficit_operacional,go_gargalo_operacional,status_classificacao,acao_recomendada
2026-08-18T02:17:18.150100,519M-10,2211,1,MUSEU DO IPIRANGA,SÃO MATEUS,1,23:16,2,30.0,2,20.0,21.27,21.49,0.0,10000,2.06,800,3.0,22.5,45.0,0,4.56,23.5,0.2,0.667,75.0,3,1,0.3209,Estabilizado,Operação Normal
2026-08-18T02:17:18.150100,5021-10,34435,2,TERM. SACOMÃ,ÁGUA FUNDA,1,23:16,3,20.0,3,20.0,21.27,21.49,0.0,10000,2.06,800,3.0,22.5,45.0,0,4.56,23.5,0.2,1.0,66.67,4,1,0.2668,Estabilizado,Operação Normal
2026-08-18T02:17:18.150100,6001-10,32820,2,TERM. STO. AMARO,TERM. CAPELINHA,1,23:16,2,30.0,2,20.0,21.27,21.49,0.0,10000,2.06,800,3.0,22.5,45.0,0,4.56,23.5,0.2,0.667,75.0,3,1,0.3209,Estabilizado,Operação Normal
2026-08-18T02:17:18.150100,6258-31,34551,2,JD. IBIRAPUERA,JD. STA. MARGARIDA,1,23:16,1,60.0,1,20.0,21.27,21.49,0.0,10000,2.06,800,3.0,22.5,45.0,0,4.56,23.5,0.2,0.333,100.0,2,1,0.4168,Estabilizado,Operação Normal
2026-08-18T02:17:18.150100,4029-10,33867,2,TERM. VL PRUDENTE,SÃO MATEUS,1,23:16,7,8.6,7,20.0,21.27,21.49,0.0,10000,2.06,800,3.0,22.5,45.0,0,4.56,23.5,0.2,1.0,57.14,8,1,0.243,Estabilizado,Operação Normal
2026-08-18T02:17:18.150100,2080-10,371,1,TERM. ARICANDUVA,CID. KEMEL,1,23:16,6,10.0,6,20.0,21.27,21.49,0.0,10000,2.06,800,3.0,22.5,45.0,0,4.56,23.5,0.2,1.0,58.33,7,1,0.246,Estabilizado,Operação Normal
2026-08-18T02:17:18.150100,675R-10,32877,2,METRÔ JABAQUARA,GRAJAÚ,1,23:16,2,30.0,2,20.0,21.27,21.49,0.0,10000,2.06,800,3.0,22.5,45.0,0,4.56,23.5,0.2,0.667,75.0,3,1,0.3209,Estabilizado,Operação Normal
2026-08-18T02:17:18.150100,2161-10,33462,2,PÇA. DO CORREIO,PQ. EDU CHAVES,1,23:16,4,15.0,4,20.0,21.27,21.49,0.0,10000,2.06,800,3.0,22.5,45.0,0,4.56,23.5,0.2,1.0,62.5,5,1,0.2564,Estabilizado,Operação Normal
2026-08-18T02:17:18.150100,2716-10,929,1,METRÔ PENHA,CHÁC. CRUZ. DO SUL,1,23:16,2,30.0,2,20.0,21.27,21.49,0.0,10000,2.06,800,3.0,22.5,45.0,0,4.56,23.5,0.2,0.667,75.0,3,1,0.3209,Estabilizado,Operação Normal
2026-08-18T02:17:18.150100,8016-10,1346,1,TERM. PIRITUBA,JD. RINCÃO,1,23:16,2,30.0,2,20.0,21.27,21.49,0.0,10000,2.06,800,3.0,22.5,45.0,0,4.56,23.5,0.2,0.667,75.0,3,1,0.3209,Estabilizado,Operação Normal
2026-08-18T02:17:18.150100,2719-10,33700,2,METRÔ VL. MATILDE,ERMELINO MATARAZZO,1,23:16,5,12.0,5,20.0,21.27,21.49,0.0,10000,2.06,800,3.0,22.5,45.0,0,4.56,23.5,0.2,1.0,60.0,6,1,0.2501,Estabilizado,Operação Normal
2026-08-18T02:17:18.150100,2722-31,33704,2,JD. VERÔNIA,METRÔ GUILHERMINA/ESPERANÇA,1,23:16,3,20.0,3,20.0,21.27,21.49,0.0,10000,2.06,800,3.0,22.5,45.0,0,4.56,23.5,0.2,1.0,66.67,4,1,0.2668,Estabilizado,Operação Normal
2026-08-18T02:17:18.150100,847P-10,423,1,VL. OLÍMPIA,TERM. PIRITUBA,1,23:16,4,15.0,4,20.0,21.27,21.49,0.0,10000,2.06,800,3.0,22.5,45.0,0,4.56,23.5,0.2,1.0,62.5,5,1,0.2564,Estabilizado,Operação Normal
2026-08-18T02:17:18.150100,6200-10,355,1,TERM. BANDEIRA,TERM. STO. AMARO,1,23:16,9,6.7,9,20.0,21.27,21.49,0.0,10000,2.06,800,3.0,22.5,45.0,0,4.56,23.5,0.2,1.0,61.11,11,2,0.2529,Estabilizado,Operação Normal
2026-08-18T02:17:18.150100,6824-10,32791,2,TERM. CAPELINHA,PQ. FERNANDA,1,23:16,2,30.0,2,20.0,21.27,21.49,0.0,10000,2.06,800,3.0,22.5,45.0,0,4.56,23.5,0.2,0.667,75.0,3,1,0.3209,Estabilizado,Operação Normal
2026-08-18T02:17:18.150100,875H-10,34108,2,METRÔ VL. MARIANA,TERM. LAPA,1,23:16,2,30.0,2,20.0,21.27,21.49,0.0,10000,2.06,800,3.0,22.5,45.0,0,4.56,23.5,0.2,0.667,75.0,3,1,0.3209,Estabilizado,Operação Normal
2026-08-18T02:17:18.150100,637G-10,101,1,PINHEIROS,GRAJAÚ,1,23:16,2,30.0,2,20.0,21.27,21.49,0.0,10000,2.06,800,3.0,22.5,45.0,0,4.56,23.5,0.2,0.667,75.0,3,1,0.3209,Estabilizado,Operação Normal
2026-08-18T02:17:18.150100,263C-10,33020,2,COHAB II,JD. HELENA,1,23:16,4,15.0,4,20.0,21.27,21.49,0.0,10000,2.06,800,3.0,22.5,45.0,0,4.56,23.5,0.2,1.0,62.5,5,1,0.2564,Estabilizado,Operação Normal
2026-08-18T02:17:18.150100,809P-10,1891,1,TERM. PINHEIROS,TERM. CAMPO LIMPO,1,23:16,4,15.0,4,20.0,21.27,21.49,0.0,10000,2.06,800,3.0,22.5,45.0,0,4.56,23.5,0.2,1.0,62.5,5,1,0.2564,Estabilizado,Operação Normal
2026-08-18T02:17:18.150100,172P-10,858,1,METRÔ BELÉM,VL. ZILDA,1,23:16,7,8.6,7,20.0,21.27,21.49,0.0,10000,2.06,800,3.0,22.5,45.0,0,4.56,23.5,0.2,1.0,57.14,8,1,0.243,Estabilizado,Operação Normal
2026-08-18T02:17:18.150100,2740-10,1792,1,METRÔ SANTANA,PEDRA BRANCA,1,23:16,3,20.0,3,20.0,21.27,21.49,0.0,10000,2.06,800,3.0,22.5,45.0,0,4.56,23.5,0.2,1.0,66.67,4,1,0.2668,Estabilizado,Operação Normal
2026-08-18T02:17:18.150100,179X-10,33448,2,METRÔ BARRA FUNDA,JD. FONTÁLIS,1,23:16,6,10.0,6,20.0,21.27,21.49,0.0,10000,2.06,800,3.0,22.5,45.0,0,4.56,23.5,0.2,1.0,58.33,7,1,0.246,Estabilizado,Operação Normal
2026-08-18T02:17:18.150100,6422-10,33129,2,TERM. BANDEIRA,VL. CRUZEIRO,1,23:16,2,30.0,2,20.0,21.27,21.49,0.0,10000,2.06,800,3.0,22.5,45.0,0,4.56,23.5,0.2,0.667,75.0,3,1,0.3209,Estabilizado,Operação Normal
2026-08-18T02:17:18.150100,4052-10,2145,1,METRÔ ITAQUERA,CPTM GUAIANASES,1,23:16,1,60.0,1,20.0,21.27,21.49,0.0,10000,2.06,800,3.0,22.5,45.0,0,4.56,23.5,0.2,0.333,100.0,2,1,0.4168,Estabilizado,Operação Normal
2026-08-18T02:17:18.150100,8700-10,1877,1,PÇA. RAMOS DE AZEVEDO,TERM. CAMPO LIMPO,1,23:16,7,8.6,7,20.0,21.27,21.49,0.0,10000,2.06,800,3.0,22.5,45.0,0,4.56,23.5,0.2,1.0,57.14,8,1,0.243,Estabilizado,Operação Normal
2026-08-18T02:17:18.150100,6035-10,33981,2,STO. AMARO,VL. GILDA,1,23:16,8,7.5,8,20.0,21.27,21.49,0.0,10000,2.06,800,3.0,22.5,45.0,0,4.56,23.5,0.2,1.0,62.5,10,2,0.2564,Estabilizado,Operação Normal
2026-08-18T02:17:18.150100,1783-10,644,1,METRÔ SANTANA,CACHOEIRA,1,23:16,4,15.0,4,20.0,21.27,21.49,0.0,10000,2.06,800,3.0,22.5,45.0,0,4.56,23.5,0.2,1.0,62.5,5,1,0.2564,Estabilizado,Operação Normal
2026-08-18T02:17:18.150100,6505-10,34218,2,TERM. BANDEIRA,TERM. GUARAPIRANGA,1,23:16,6,10.0,6,20.0,21.27,21.49,0.0,10000,2.06,800,3.0,22.5,45.0,0,4.56,23.5,0.2,1.0,58.33,7,1,0.246,Estabilizado,Operação Normal
2026-08-18T02:17:18.150100,2726-10,33708,2,METRÔ PENHA,LIMOEIRO,1,23:16,5,12.0,5,20.0,21.27,21.49,0.0,10000,2.06,800,3.0,22.5,45.0,0,4.56,23.5,0.2,1.0,60.0,6,1,0.2501,Estabilizado,Operação Normal
2026-08-18T02:17:18.150100,8015-10,34113,2,TERM. PIRITUBA,CEM. DE PERUS,1,23:16,3,20.0,3,20.0,21.27,21.49,0.0,10000,2.06,800,3.0,22.5,45.0,0,4.56,23.5,0.2,1.0,66.67,4,1,0.2668,Estabilizado,Operação Normal
2026-08-18T02:17:18.150100,N301-11,2335,1,TERM. PQ. D. PEDRO II,TERM. A. E. CARVALHO,1,23:16,1,60.0,1,20.0,21.27,21.49,0.0,10000,2.06,800,3.0,22.5,45.0,0,4.56,23.5,0.2,0.333,100.0,2,1,0.4168,Estabilizado,Operação Normal
2026-08-18T02:17:18.150100,4709-10,33101,2,METRÔ VL. MARIANA,JD. SÃO SAVÉRIO,1,23:16,3,20.0,3,20.0,21.27,21.49,0.0,10000,2.06,800,3.0,22.5,45.0,0,4.56,23.5,0.2,1.0,66.67,4,1,0.2668,Estabilizado,Operação Normal
2026-08-18T02:17:18.150100,675P-10,33043,2,METRÔ CONCEIÇÃO,SHOP. SP MARKET,1,23:16,5,12.0,5,20.0,21.27,21.49,0.0,10000,2.06,800,3.0,22.5,45.0,0,4.56,23.5,0.2,1.0,60.0,6,1,0.2501,Estabilizado,Operação Normal
2026-08-18T02:17:18.150100,407I-10,2222,1,METRÔ BRESSER,CONJ. MANOEL DA NÓBREGA,1,23:16,3,20.0,3,20.0,21.27,21.49,0.0,10000,2.06,800,3.0,22.5,45.0,0,4.56,23.5,0.2,1.0,66.67,4,1,0.2668,Estabilizado,Operação Normal
2026-08-18T02:17:18.150100,2076-10,368,1,TERM. PENHA,JD. DAS OLIVEIRAS,1,23:16,5,12.0,5,20.0,21.27,21.49,0.0,10000,2.06,800,3.0,22.5,45.0,0,4.56,23.5,0.2,1.0,60.0,6,1,0.2501,Estabilizado,Operação Normal
2026-08-18T02:17:18.150100,4311-10,34939,2,TERM. PQ. D. PEDRO II,TERM. SÃO MATEUS,1,23:16,6,10.0,6,20.0,21.27,21.49,0.0,10000,2.06,800,3.0,22.5,45.0,0,4.56,23.5,0.2,1.0,58.33,7,1,0.246,Estabilizado,Operação Normal
2026-08-18T02:17:18.150100,8018-10,34838,2,METRÔ MORUMBI,VL. SÔNIA,1,23:16,3,20.0,3,20.0,21.27,21.49,0.0,10000,2.06,800,3.0,22.5,45.0,0,4.56,23.5,0.2,1.0,66.67,4,1,0.2668,Estabilizado,Operação Normal
2026-08-18T02:17:18.150100,1705-10,849,1,METRÔ TUCURUVI,JD. SÃO JOÃO,1,23:16,6,10.0,6,20.0,21.27,21.49,0.0,10000,2.06,800,3.0,22.5,45.0,0,4.56,23.5,0.2,1.0,58.33,7,1,0.246,Estabilizado,Operação Normal
2026-08-18T02:17:18.150100,9023-10,34205,2,TERM. PIRITUBA,PQ. DE TAIPAS,1,23:16,5,12.0,5,20.0,21.27,21.49,0.0,10000,2.06,800,3.0,22.5,45.0,0,4.56,23.5,0.2,1.0,60.0,6,1,0.2501,Estabilizado,Operação Normal
2026-08-18T02:17:18.150100,971X-10,34463,2,METRÔ SANTANA,TERM. CACHOEIRINHA,1,23:16,4,15.0,4,20.0,21.27,21.49,0.0,10000,2.06,800,3.0,22.5,45.0,0,4.56,23.5,0.2,1.0,62.5,5,1,0.2564,Estabilizado,Operação Normal
2026-08-18T02:17:18.150100,6000-10,33908,2,TERM. STO. AMARO,TERM. PARELHEIROS,1,23:16,14,4.3,15,20.0,21.27,21.49,0.0,10000,2.06,800,3.0,22.5,45.0,0,4.56,23.5,0.2,1.0,64.29,18,4,0.2609,Estabilizado,Operação Normal
2026-08-18T02:17:18.150100,3459-10,402,1,TERM. PQ. D. PEDRO II,ITAIM PAULISTA,1,23:16,28,3.0,30,20.0,21.27,21.49,0.0,10000,2.06,800,3.0,22.5,45.0,0,4.56,23.5,0.2,1.0,62.5,35,7,0.2564,Estabilizado,Operação Normal
2026-08-18T02:17:18.150100,4007-10,34949,2,TERM. VL. CARRÃO,COHAB JUSCELINO,1,23:16,6,10.0,6,20.0,21.27,21.49,0.0,10000,2.06,800,3.0,22.5,45.0,0,4.56,23.5,0.2,1.0,58.33,7,1,0.246,Estabilizado,Operação Normal
2026-08-18T02:17:18.150100,2765-10,32913,2,METRÔ TATUAPÉ,VL. CISPER,1,23:16,7,8.6,7,20.0,21.27,21.49,0.0,10000,2.06,800,3.0,22.5,45.0,0,4.56,23.5,0.2,1.0,57.14,8,1,0.243,Estabilizado,Operação Normal
2026-08-18T02:17:18.150100,3002-10,1808,1,SÃO MIGUEL,JD. MABEL,1,23:16,2,30.0,2,20.0,21.27,21.49,0.0,10000,2.06,800,3.0,22.5,45.0,0,4.56,23.5,0.2,0.667,75.0,3,1,0.3209,Estabilizado,Operação Normal
2026-08-18T02:17:18.150100,514T-10,1671,1,CONJ. TEOTÔNIO VILELA,TERM. SACOMÃ,1,23:16,7,8.6,7,20.0,21.27,21.49,0.0,10000,2.06,800,3.0,22.5,45.0,0,4.56,23.5,0.2,1.0,57.14,8,1,0.243,Estabilizado,Operação Normal
2026-08-18T02:17:18.150100,6008-10,33968,2,EST. STO. AMARO/GUIDO CALOI,JD. PLANALTO,1,23:16,2,30.0,2,20.0,21.27,21.49,0.0,10000,2.06,800,3.0,22.5,45.0,0,4.56,23.5,0.2,0.667,75.0,3,1,0.3209,Estabilizado,Operação Normal
2026-08-18T02:17:18.150100,6970-10,1505,1,TERM. STO. AMARO,TERM. GRAJAÚ,1,23:16,3,20.0,3,20.0,21.27,21.49,0.0,10000,2.06,800,3.0,22.5,45.0,0,4.56,23.5,0.2,1.0,66.67,4,1,0.2668,Estabilizado,Operação Normal
2026-08-18T02:17:18.150100,857A-10,34693,2,METRÔ STA. CRUZ,TERM. CAMPO LIMPO,1,23:16,4,15.0,4,20.0,21.27,21.49,0.0,10000,2.06,800,3.0,22.5,45.0,0,4.56,23.5,0.2,1.0,62.5,5,1,0.2564,Estabilizado,Operação Normal
2026-08-18T02:17:18.150100,2202-10,33678,2,CPTM GUAIANASES,JD. DAS OLIVEIRAS,1,23:16,6,10.0,6,20.0,21.27,21.49,0.0,10000,2.06,800,3.0,22.5,45.0,0,4.56,23.5,0.2,1.0,58.33,7,1,0.246,Estabilizado,Operação Normal
2026-08-18T02:17:18.150100,1788-10,653,1,METRÔ SANTANA,JD. FONTÁLIS,1,23:16,5,12.0,5,20.0,21.27,21.49,0.0,10000,2.06,800,3.0,22.5,45.0,0,4.56,23.5,0.2,1.0,60.0,6,1,0.2501,Estabilizado,Operação Normal
2026-08-18T02:17:18.150100,5164-41,1617,1,METRÔ CONCEIÇÃO,VL. GUARANI,1,23:16,3,20.0,3,20.0,21.27,21.49,0.0,10000,2.06,800,3.0,22.5,45.0,0,4.56,23.5,0.2,1.0,66.67,4,1,0.2668,Estabilizado,Operação Normal
2026-08-18T02:17:18.150100,695Y-10,1198,1,METRÔ VL. MARIANA,TERM. PARELHEIROS,1,23:16,7,8.6,7,20.0,21.27,21.49,0.0,10000,2.06,800,3.0,22.5,45.0,0,4.56,23.5,0.2,1.0,57.14,8,1,0.243,Estabilizado,Operação Normal
2026-08-18T02:17:18.150100,2552-10,142,1,TERM. PQ. D. PEDRO II,VL. MARA,1,23:16,5,12.0,5,20.0,21.27,21.49,0.0,10000,2.06,800,3.0,22.5,45.0,0,4.56,23.5,0.2,1.0,60.0,6,1,0.2501,Estabilizado,Operação Normal
2026-08-18T02:17:18.150100,848L-10,808,1,TERM. PIRITUBA,RECANTO DOS HUMILDES,1,23:16,1,60.0,1,20.0,21.27,21.49,0.0,10000,2.06,800,3.0,22.5,45.0,0,4.56,23.5,0.2,0.333,100.0,2,1,0.4168,Estabilizado,Operação Normal
2026-08-18T02:17:18.150100,407F-10,34935,2,METRÔ BELÉM,TERM. SÃO MATEUS,1,23:16,4,15.0,4,20.0,21.27,21.49,0.0,10000,2.06,800,3.0,22.5,45.0,0,4.56,23.5,0.2,1.0,62.5,5,1,0.2564,Estabilizado,Operação Normal
2026-08-18T02:17:18.150100,271A-51,33471,2,METRÔ SANTANA,CANGAÍBA,1,23:16,6,10.0,6,20.0,21.27,21.49,0.0,10000,2.06,800,3.0,22.5,45.0,0,4.56,23.5,0.2,1.0,58.33,7,1,0.246,Estabilizado,Operação Normal
2026-08-18T02:17:18.150100,129F-10,2304,1,METRÔ BARRA FUNDA,CONEXÃO PETRÔNIO PORTELA,1,23:16,3,20.0,3,20.0,21.27,21.49,0.0,10000,2.06,800,3.0,22.5,45.0,0,4.56,23.5,0.2,1.0,66.67,4,1,0.2668,Estabilizado,Operação Normal
2026-08-18T02:17:18.150100,351F-10,687,1,TERM. VL. CARRÃO,JAÇANÃ,1,23:16,6,10.0,6,20.0,21.27,21.49,0.0,10000,2.06,800,3.0,22.5,45.0,0,4.56,23.5,0.2,1.0,58.33,7,1,0.246,Estabilizado,Operação Normal
2026-08-18T02:17:18.150100,2290-10,718,1,TERM. PQ. D. PEDRO II,TERM. SÃO MATEUS,1,23:16,15,4.0,16,20.0,21.27,21.49,0.0,10000,2.06,800,3.0,22.5,45.0,0,4.56,23.5,0.2,1.0,63.33,19,4,0.2585,Estabilizado,Operação Normal
2026-08-18T02:17:18.150100,978T-10,889,1,METRÔ BARRA FUNDA,JD. GUARANI,1,23:16,4,15.0,4,20.0,21.27,21.49,0.0,10000,2.06,800,3.0,22.5,45.0,0,4.56,23.5,0.2,1.0,62.5,5,1,0.2564,Estabilizado,Operação Normal
2026-08-18T02:17:18.150100,4742-10,33110,2,METRÔ SÃO JUDAS,JD. CLÍMAX,1,23:16,1,60.0,1,20.0,21.27,21.49,0.0,10000,2.06,800,3.0,22.5,45.0,0,4.56,23.5,0.2,0.333,100.0,2,1,0.4168,Estabilizado,Operação Normal
2026-08-18T02:17:18.150100,106A-10,33284,2,ITAIM BIBI,METRÔ SANTANA,1,23:16,12,5.0,13,20.0,21.27,21.49,0.0,10000,2.06,800,3.0,22.5,45.0,0,4.56,23.5,0.2,1.0,62.5,15,3,0.2564,Estabilizado,Operação Normal
2026-08-18T02:17:18.150100,2765-10,145,1,METRÔ TATUAPÉ,VL. CISPER,1,23:16,5,12.0,5,20.0,21.27,21.49,0.0,10000,2.06,800,3.0,22.5,45.0,0,4.56,23.5,0.2,1.0,60.0,6,1,0.2501,Estabilizado,Operação Normal
2026-08-18T02:17:18.150100,8014-10,33569,2,PERUS,MORRO DOCE,1,23:16,4,15.0,4,20.0,21.27,21.49,0.0,10000,2.06,800,3.0,22.5,45.0,0,4.56,23.5,0.2,1.0,62.5,5,1,0.2564,Estabilizado,Operação Normal
2026-08-18T02:17:18.150100,2715-10,33696,2,METRÔ PATRIARCA,VL. SÍLVIA,1,23:16,4,15.0,4,20.0,21.27,21.49,0.0,10000,2.06,800,3.0,22.5,45.0,0,4.56,23.5,0.2,1.0,62.5,5,1,0.2564,Estabilizado,Operação Normal
2026-08-18T02:17:18.150100,6058-10,33917,2,TERM. EST. VARGINHA,JD. NORONHA,1,23:16,3,20.0,3,20.0,21.27,21.49,0.0,10000,2.06,800,3.0,22.5,45.0,0,4.56,23.5,0.2,1.0,66.67,4,1,0.2668,Estabilizado,Operação Normal
2026-08-18T02:17:18.150100,1896-10,35288,2,PÇA. RAMOS DE AZEVEDO,JARAGUÁ,1,23:16,5,12.0,5,20.0,21.27,21.49,0.0,10000,2.06,800,3.0,22.5,45.0,0,4.56,23.5,0.2,1.0,60.0,6,1,0.2501,Estabilizado,Operação Normal
2026-08-18T02:17:18.150100,3773-10,33827,2,METRÔ CARRÃO,RES. STA. BÁRBARA,1,23:16,4,15.0,4,20.0,21.27,21.49,0.0,10000,2.06,800,3.0,22.5,45.0,0,4.56,23.5,0.2,1.0,62.5,5,1,0.2564,Estabilizado,Operação Normal
2026-08-18T02:17:18.150100,6035-21,1795,1,TERM. GUARAPIRANGA,VL. GILDA,1,23:16,1,60.0,1,20.0,21.27,21.49,0.0,10000,2.06,800,3.0,22.5,45.0,0,4.56,23.5,0.2,0.333,100.0,2,1,0.4168,Estabilizado,Operação Normal
2026-08-18T02:17:18.150100,1024-10,35070,2,CONEXÃO PETRÔNIO PORTELA,JD. CAROMBÉ,1,23:16,3,20.0,3,20.0,21.27,21.49,0.0,10000,2.06,800,3.0,22.5,45.0,0,4.56,23.5,0.2,1.0,66.67,4,1,0.2668,Estabilizado,Operação Normal
2026-08-18T02:17:18.150100,8083-10,35374,2,METRÔ BUTANTÃ,CID. UNIVERSITÁRIA,1,23:16,3,20.0,3,20.0,21.27,21.49,0.0,10000,2.06,800,3.0,22.5,45.0,0,4.56,23.5,0.2,1.0,66.67,4,1,0.2668,Estabilizado,Operação Normal
2026-08-18T02:17:18.150100,4051-10,34912,2,CPTM GUAIANASES,JD. SÃO PAULO,1,23:16,3,20.0,3,20.0,21.27,21.49,0.0,10000,2.06,800,3.0,22.5,45.0,0,4.56,23.5,0.2,1.0,66.67,4,1,0.2668,Estabilizado,Operação Normal
2026-08-18T02:17:18.150100,7004-10,34760,2,EST. STO. AMARO/GUIDO CALOI,TERM. JD. JACIRA,1,23:16,5,12.0,5,20.0,21.27,21.49,0.0,10000,2.06,800,3.0,22.5,45.0,0,4.56,23.5,0.2,1.0,60.0,6,1,0.2501,Estabilizado,Operação Normal
2026-08-18T02:17:18.150100,3063-10,253,1,TERM. SÃO MATEUS,GUAIANASES,1,23:16,5,12.0,5,20.0,21.27,21.49,0.0,10000,2.06,800,3.0,22.5,45.0,0,4.56,23.5,0.2,1.0,60.0,6,1,0.2501,Estabilizado,Operação Normal
2026-08-18T02:17:18.150100,1178-10,132,1,PÇA. DO CORREIO,SÃO MIGUEL,1,23:16,5,12.0,5,20.0,21.27,21.49,0.0,10000,2.06,800,3.0,22.5,45.0,0,4.56,23.5,0.2,1.0,60.0,6,1,0.2501,Estabilizado,Operação Normal
2026-08-18T02:17:18.150100,5164-10,34051,2,PQ. IBIRAPUERA,VL. STA. CATARINA,1,23:16,5,12.0,5,20.0,21.27,21.49,0.0,10000,2.06,800,3.0,22.5,45.0,0,4.56,23.5,0.2,1.0,60.0,6,1,0.2501,Estabilizado,Operação Normal
2026-08-18T02:17:18.150100,5791-10,33375,2,METRÔ VERGUEIRO,ELDORADO,1,23:16,9,6.7,9,20.0,21.27,21.49,0.0,10000,2.06,800,3.0,22.5,45.0,0,4.56,23.5,0.2,1.0,61.11,11,2,0.2529,Estabilizado,Operação Normal
2026-08-18T02:17:18.150100,407L-10,2199,1,METRÔ GUILHERMINA/ESPERANÇA,BARRO BRANCO,1,23:16,7,8.6,7,20.0,21.27,21.49,0.0,10000,2.06,800,3.0,22.5,45.0,0,4.56,23.5,0.2,1.0,57.14,8,1,0.243,Estabilizado,Operação Normal
2026-08-18T02:17:18.150100,4734-10,33877,2,METRÔ SAÚDE,VL. MORAES,1,23:16,3,20.0,3,20.0,21.27,21.49,0.0,10000,2.06,800,3.0,22.5,45.0,0,4.56,23.5,0.2,1.0,66.67,4,1,0.2668,Estabilizado,Operação Normal
2026-08-18T02:17:18.150100,4313-10,2173,1,TERM. PQ. D. PEDRO II,TERM. CID. TIRADENTES,1,23:16,12,5.0,13,20.0,21.27,21.49,0.0,10000,2.06,800,3.0,22.5,45.0,0,4.56,23.5,0.2,1.0,62.5,15,3,0.2564,Estabilizado,Operação Normal
2026-08-18T02:17:18.150100,6L07-10,1545,1,TERM. VARGINHA,JD. STA. FÉ,1,23:16,1,60.0,1,20.0,21.27,21.49,0.0,10000,2.06,800,3.0,22.5,45.0,0,4.56,23.5,0.2,0.333,100.0,2,1,0.4168,Estabilizado,Operação Normal
2026-08-18T02:17:18.150100,175P-10,33443,2,ANA ROSA,METRÔ SANTANA,1,23:16,7,8.6,7,20.0,21.27,21.49,0.0,10000,2.06,800,3.0,22.5,45.0,0,4.56,23.5,0.2,1.0,57.14,8,1,0.243,Estabilizado,Operação Normal
2026-08-18T02:17:18.150100,675X-10,111,1,AACD-SERVIDOR,TERM. GRAJAÚ,1,23:16,3,20.0,3,20.0,21.27,21.49,0.0,10000,2.06,800,3.0,22.5,45.0,0,4.56,23.5,0.2,1.0,66.67,4,1,0.2668,Estabilizado,Operação Normal
2026-08-18T02:17:18.150100,4314-10,34942,2,TERM. PQ. D. PEDRO II,INÁCIO MONTEIRO,1,23:16,5,12.0,5,20.0,21.27,21.49,0.0,10000,2.06,800,3.0,22.5,45.0,0,4.56,23.5,0.2,1.0,60.0,6,1,0.2501,Estabilizado,Operação Normal
2026-08-18T02:17:18.150100,3751-10,33815,2,METRÔ ITAQUERA,COHAB PRESTES MAIA,1,23:16,4,15.0,4,20.0,21.27,21.49,0.0,10000,2.06,800,3.0,22.5,45.0,0,4.56,23.5,0.2,1.0,62.5,5,1,0.2564,Estabilizado,Operação Normal
2026-08-18T02:17:18.150100,352A-10,164,1,TERM. SÃO MATEUS,JD. HELENA,1,23:16,4,15.0,4,20.0,21.27,21.49,0.0,10000,2.06,800,3.0,22.5,45.0,0,4.56,23.5,0.2,1.0,62.5,5,1,0.2564,Estabilizado,Operação Normal
2026-08-18T02:17:18.150100,7005-51,1999,1,METRÔ CAPÃO REDONDO ,JD. VERA CRUZ,1,23:16,3,20.0,3,20.0,21.27,21.49,0.0,10000,2.06,800,3.0,22.5,45.0,0,4.56,23.5,0.2,1.0,66.67,4,1,0.2668,Estabilizado,Operação Normal
2026-08-18T02:17:18.150100,609F-10,32805,2,TERM. PRINC. ISABEL,CHÁC. SANTANA,1,23:16,8,7.5,8,20.0,21.27,21.49,0.0,10000,2.06,800,3.0,22.5,45.0,0,4.56,23.5,0.2,1.0,62.5,10,2,0.2564,Estabilizado,Operação Normal
2026-08-18T02:17:18.150100,7049-10,34680,2,TERM. CAMPO LIMPO,PQ. DO LAGO,1,23:16,3,20.0,3,20.0,21.27,21.49,0.0,10000,2.06,800,3.0,22.5,45.0,0,4.56,23.5,0.2,1.0,66.67,4,1,0.2668,Estabilizado,Operação Normal
2026-08-18T02:17:18.150100,7062-41,35039,2,HORTO DO YPÊ,METRÔ CAMPO LIMPO,1,23:16,2,30.0,2,20.0,21.27,21.49,0.0,10000,2.06,800,3.0,22.5,45.0,0,4.56,23.5,0.2,0.667,75.0,3,1,0.3209,Estabilizado,Operação Normal
2026-08-18T02:17:18.150100,2714-10,927,1,VL. RUI BARBOSA,METRÔ VL. MATILDE,1,23:16,1,60.0,1,20.0,21.27,21.49,0.0,10000,2.06,800,3.0,22.5,45.0,0,4.56,23.5,0.2,0.333,100.0,2,1,0.4168,Estabilizado,Operação Normal
2026-08-18T02:17:18.150100,6013-10,186,1,TERM. STO. AMARO,JD. NAKAMURA,1,23:16,2,30.0,2,20.0,21.27,21.49,0.0,10000,2.06,800,3.0,22.5,45.0,0,4.56,23.5,0.2,0.667,75.0,3,1,0.3209,Estabilizado,Operação Normal
2026-08-18T02:17:18.150100,477A-10,33114,2,TERM. PINHEIROS,SACOMÃ,1,23:16,4,15.0,4,20.0,21.27,21.49,0.0,10000,2.06,800,3.0,22.5,45.0,0,4.56,23.5,0.2,1.0,62.5,5,1,0.2564,Estabilizado,Operação Normal
2026-08-18T02:17:18.150100,1759-10,33321,2,METRÔ SANTANA,JD. PERY,1,23:16,6,10.0,6,20.0,21.27,21.49,0.0,10000,2.06,800,3.0,22.5,45.0,0,4.56,23.5,0.2,1.0,58.33,7,1,0.246,Estabilizado,Operação Normal
2026-08-18T02:17:18.150100,6358-10,1294,1,TERM. BANDEIRA,JD. LUSO,1,23:16,3,20.0,3,20.0,21.27,21.49,0.0,10000,2.06,800,3.0,22.5,45.0,0,4.56,23.5,0.2,1.0,66.67,4,1,0.2668,Estabilizado,Operação Normal
2026-08-18T02:17:18.150100,6043-10,1220,1,TERM. STO. AMARO,JD. CAPELINHA,1,23:16,2,30.0,2,20.0,21.27,21.49,0.0,10000,2.06,800,3.0,22.5,45.0,0,4.56,23.5,0.2,0.667,75.0,3,1,0.3209,Estabilizado,Operação Normal
2026-08-18T02:17:18.150100,3009-10,35294,2,CPTM ITAIM PAULISTA,ITAIM PAULISTA,1,23:16,1,60.0,1,20.0,21.27,21.49,0.0,10000,2.06,800,3.0,22.5,45.0,0,4.56,23.5,0.2,0.333,100.0,2,1,0.4168,Estabilizado,Operação Normal
2026-08-18T02:17:18.150100,3009-10,2526,1,CPTM ITAIM PAULISTA,ITAIM PAULISTA,1,23:16,1,60.0,1,20.0,21.27,21.49,0.0,10000,2.06,800,3.0,22.5,45.0,0,4.56,23.5,0.2,0.333,100.0,2,1,0.4168,Estabilizado,Operação Normal
2026-08-18T02:17:18.150100,6812-10,1242,1,JD. ANGELA,JD. CAPELA,1,23:16,3,20.0,3,20.0,21.27,21.49,0.0,10000,2.06,800,3.0,22.5,45.0,0,4.56,23.5,0.2,1.0,66.67,4,1,0.2668,Estabilizado,Operação Normal
2026-08-18T02:17:18.150100,7040-10,33544,2,PINHEIROS,PARAISÓPOLIS,1,23:16,4,15.0,4,20.0,21.27,21.49,0.0,10000,2.06,800,3.0,22.5,45.0,0,4.56,23.5,0.2,1.0,62.5,5,1,0.2564,Estabilizado,Operação Normal
2026-08-18T02:17:18.150100,930P-10,2115,1,TERM. PINHEIROS,TERM. PQ. D. PEDRO II,1,23:16,3,20.0,3,20.0,21.27,21.49,0.0,10000,2.06,800,3.0,22.5,45.0,0,4.56,23.5,0.2,1.0,66.67,4,1,0.2668,Estabilizado,Operação Normal
2026-08-18T02:17:18.150100,637J-10,32871,2,PINHEIROS,VL. SÃO JOSÉ,1,23:16,6,10.0,6,20.0,21.27,21.49,0.0,10000,2.06,800,3.0,22.5,45.0,0,4.56,23.5,0.2,1.0,58.33,7,1,0.246,Estabilizado,Operação Normal
2026-08-18T02:17:18.150100,6063-41,34541,2,TERM. EST. VARGINHA,JD. NOVO MARILDA,1,23:16,1,60.0,1,20.0,21.27,21.49,0.0,10000,2.06,800,3.0,22.5,45.0,0,4.56,23.5,0.2,0.333,100.0,2,1,0.4168,Estabilizado,Operação Normal
2026-08-18T02:17:18.150100,2363-10,32903,2,TERM. PQ. D. PEDRO II,JD. DANFER,1,23:16,3,20.0,3,20.0,21.27,21.49,0.0,10000,2.06,800,3.0,22.5,45.0,0,4.56,23.5,0.2,1.0,66.67,4,1,0.2668,Estabilizado,Operação Normal
2026-08-18T02:17:18.150100,9019-10,34201,2,TERM. PIRITUBA,JD. PAULISTANO,1,23:16,2,30.0,2,20.0,21.27,21.49,0.0,10000,2.06,800,3.0,22.5,45.0,0,4.56,23.5,0.2,0.667,75.0,3,1,0.3209,Estabilizado,Operação Normal
2026-08-18T02:17:18.150100,351F-10,33455,2,TERM. VL. CARRÃO,JAÇANÃ,1,23:16,3,20.0,3,20.0,21.27,21.49,0.0,10000,2.06,800,3.0,22.5,45.0,0,4.56,23.5,0.2,1.0,66.67,4,1,0.2668,Estabilizado,Operação Normal
2026-08-18T02:17:18.150100,958P-10,465,1,VL. OLÍMPIA,JD. NARDINI,1,23:16,2,30.0,2,20.0,21.27,21.49,0.0,10000,2.06,800,3.0,22.5,45.0,0,4.56,23.5,0.2,0.667,75.0,3,1,0.3209,Estabilizado,Operação Normal
2026-08-18T02:17:18.150100,5022-10,1120,1,JABAQUARA,VL. STA. MARGARIDA,1,23:16,2,30.0,2,20.0,21.27,21.49,0.0,10000,2.06,800,3.0,22.5,45.0,0,4.56,23.5,0.2,0.667,75.0,3,1,0.3209,Estabilizado,Operação Normal
2026-08-18T02:17:18.150100,6084-10,33937,2,TERM. EST. VARGINHA,JD. CHÁC. DO SOL,1,23:16,5,12.0,5,20.0,21.27,21.49,0.0,10000,2.06,800,3.0,22.5,45.0,0,4.56,23.5,0.2,1.0,60.0,6,1,0.2501,Estabilizado,Operação Normal
2026-08-18T02:17:18.150100,477P-10,348,1,RIO PEQUENO,IPIRANGA,1,23:16,4,15.0,4,20.0,21.27,21.49,0.0,10000,2.06,800,3.0,22.5,45.0,0,4.56,23.5,0.2,1.0,62.5,5,1,0.2564,Estabilizado,Operação Normal
2026-08-18T02:17:18.150100,3459-10,33170,2,TERM. PQ. D. PEDRO II,ITAIM PAULISTA,1,23:16,15,4.0,16,20.0,21.27,21.49,0.0,10000,2.06,800,3.0,22.5,45.0,0,4.56,23.5,0.2,1.0,63.33,19,4,0.2585,Estabilizado,Operação Normal
2026-08-18T02:17:18.150100,7049-10,1912,1,TERM. CAMPO LIMPO,PQ. DO LAGO,1,23:16,9,6.7,9,20.0,21.27,21.49,0.0,10000,2.06,800,3.0,22.5,45.0,0,4.56,23.5,0.2,1.0,61.11,11,2,0.2529,Estabilizado,Operação Normal
2026-08-18T02:17:18.150100,373L-10,1027,1,METRÔ ITAQUERA,JD. LIMOEIRO,1,23:16,2,30.0,2,20.0,21.27,21.49,0.0,10000,2.06,800,3.0,22.5,45.0,0,4.56,23.5,0.2,0.667,75.0,3,1,0.3209,Estabilizado,Operação Normal
2026-08-18T02:17:18.150100,118Y-10,33609,2,LAPA,LAUZANE PAULISTA,1,23:16,4,15.0,4,20.0,21.27,21.49,0.0,10000,2.06,800,3.0,22.5,45.0,0,4.56,23.5,0.2,1.0,62.5,5,1,0.2564,Estabilizado,Operação Normal
2026-08-18T02:17:18.150100,856R-10,1428,1,SOCORRO,LAPA,1,23:16,6,10.0,6,20.0,21.27,21.49,0.0,10000,2.06,800,3.0,22.5,45.0,0,4.56,23.5,0.2,1.0,58.33,7,1,0.246,Estabilizado,Operação Normal
2026-08-18T02:17:18.150100,6291-10,358,1,TERM. BANDEIRA,INOCOOP CAMPO LIMPO,1,23:16,3,20.0,3,20.0,21.27,21.49,0.0,10000,2.06,800,3.0,22.5,45.0,0,4.56,23.5,0.2,1.0,66.67,4,1,0.2668,Estabilizado,Operação Normal
2026-08-18T02:17:18.150100,4013-10,2186,1,TERM. SÃO MATEUS,JD. STO. ANDRÉ,1,23:16,2,30.0,2,20.0,21.27,21.49,0.0,10000,2.06,800,3.0,22.5,45.0,0,4.56,23.5,0.2,0.667,75.0,3,1,0.3209,Estabilizado,Operação Normal
2026-08-18T02:17:18.150100,8545-10,1364,1,METRÔ BARRA FUNDA,PENTEADO,1,23:16,3,20.0,3,20.0,21.27,21.49,0.0,10000,2.06,800,3.0,22.5,45.0,0,4.56,23.5,0.2,1.0,66.67,4,1,0.2668,Estabilizado,Operação Normal
2026-08-18T02:17:18.150100,403A-10,34960,2,TERM. PENHA,CPTM JOSÉ BONIFÁCIO,1,23:16,3,20.0,3,20.0,21.27,21.49,0.0,10000,2.06,800,3.0,22.5,45.0,0,4.56,23.5,0.2,1.0,66.67,4,1,0.2668,Estabilizado,Operação Normal
2026-08-18T02:17:18.150100,273V-10,32999,2,METRÔ PENHA,PARADA XV DE NOVEMBRO,1,23:16,1,60.0,1,20.0,21.27,21.49,0.0,10000,2.06,800,3.0,22.5,45.0,0,4.56,23.5,0.2,0.333,100.0,2,1,0.4168,Estabilizado,Operação Normal
2026-08-18T02:17:18.150100,857C-10,34669,2,METRÔ CONCEIÇÃO,TERM. CAMPO LIMPO,1,23:16,4,15.0,4,20.0,21.27,21.49,0.0,10000,2.06,800,3.0,22.5,45.0,0,4.56,23.5,0.2,1.0,62.5,5,1,0.2564,Estabilizado,Operação Normal
2026-08-18T02:17:18.150100,8086-10,2621,1,PINHEIROS,JAGUARÉ,1,23:16,5,12.0,5,20.0,21.27,21.49,0.0,10000,2.06,800,3.0,22.5,45.0,0,4.56,23.5,0.2,1.0,60.0,6,1,0.2501,Estabilizado,Operação Normal
2026-08-18T02:17:18.150100,2755-10,33001,2,METRÔ PENHA,GUAIANASES,1,23:16,7,8.6,7,20.0,21.27,21.49,0.0,10000,2.06,800,3.0,22.5,45.0,0,4.56,23.5,0.2,1.0,57.14,8,1,0.243,Estabilizado,Operação Normal
2026-08-18T02:17:18.150100,8705-10,34840,2,ANHANGABAÚ,SHOP. CONTINENTAL,1,23:16,4,15.0,4,20.0,21.27,21.49,0.0,10000,2.06,800,3.0,22.5,45.0,0,4.56,23.5,0.2,1.0,62.5,5,1,0.2564,Estabilizado,Operação Normal
2026-08-18T02:17:18.150100,677V-10,32880,2,TERM. GRAJAÚ,JD. ALPINO,1,23:16,5,12.0,5,20.0,21.27,21.49,0.0,10000,2.06,800,3.0,22.5,45.0,0,4.56,23.5,0.2,1.0,60.0,6,1,0.2501,Estabilizado,Operação Normal
2026-08-18T02:17:18.150100,3737-10,1037,1,SHOP.ARICANDUVA,METRÔ GUILHERMINA/ESPERANÇA,1,23:16,6,10.0,6,20.0,21.27,21.49,0.0,10000,2.06,800,3.0,22.5,45.0,0,4.56,23.5,0.2,1.0,58.33,7,1,0.246,Estabilizado,Operação Normal
2026-08-18T02:17:18.150100,778R-10,509,1,TERM. PRINC. ISABEL,COHAB RAPOSO TAVARES,1,23:16,10,6.0,11,20.0,21.27,21.49,0.0,10000,2.06,800,3.0,22.5,45.0,0,4.56,23.5,0.2,1.0,65.0,13,3,0.2626,Estabilizado,Operação Normal
2026-08-18T02:17:18.150100,6835-31,1407,1,TERM. CAPELINHA,VALO VELHO,1,23:16,2,30.0,2,20.0,21.27,21.49,0.0,10000,2.06,800,3.0,22.5,45.0,0,4.56,23.5,0.2,0.667,75.0,3,1,0.3209,Estabilizado,Operação Normal
2026-08-18T02:17:18.150100,6035-10,1213,1,STO. AMARO,VL. GILDA,1,23:16,3,20.0,3,20.0,21.27,21.49,0.0,10000,2.06,800,3.0,22.5,45.0,0,4.56,23.5,0.2,1.0,66.67,4,1,0.2668,Estabilizado,Operação Normal
2026-08-18T02:17:18.150100,930P-10,34883,2,TERM. PINHEIROS,TERM. PQ. D. PEDRO II,1,23:16,5,12.0,5,20.0,21.27,21.49,0.0,10000,2.06,800,3.0,22.5,45.0,0,4.56,23.5,0.2,1.0,60.0,6,1,0.2501,Estabilizado,Operação Normal
2026-08-18T02:17:18.150100,6056-10,33915,2,TERM. GRAJAÚ,PQ. STA. CECÍLIA,1,23:16,2,30.0,2,20.0,21.27,21.49,0.0,10000,2.06,800,3.0,22.5,45.0,0,4.56,23.5,0.2,0.667,75.0,3,1,0.3209,Estabilizado,Operação Normal
2026-08-18T02:17:18.150100,273J-10,389,1,METRÔ PENHA,JD. ROMANO,1,23:16,2,30.0,2,20.0,21.27,21.49,0.0,10000,2.06,800,3.0,22.5,45.0,0,4.56,23.5,0.2,0.667,75.0,3,1,0.3209,Estabilizado,Operação Normal
2026-08-18T02:17:18.150100,475R-10,344,1,TERM. PQ. D. PEDRO II,JD. SÃO SAVÉRIO,1,23:16,15,4.0,16,20.0,21.27,21.49,0.0,10000,2.06,800,3.0,22.5,45.0,0,4.56,23.5,0.2,1.0,63.33,19,4,0.2585,Estabilizado,Operação Normal
2026-08-18T02:17:18.150100,5031-10,1746,1,TERM. SACOMÃ,VL. ARAPUÁ,1,23:16,9,6.7,9,20.0,21.27,21.49,0.0,10000,2.06,800,3.0,22.5,45.0,0,4.56,23.5,0.2,1.0,61.11,11,2,0.2529,Estabilizado,Operação Normal
2026-08-18T02:17:18.150100,809T-10,2246,1,LAPA,COHAB RAPOSO TAVARES,1,23:16,2,30.0,2,20.0,21.27,21.49,0.0,10000,2.06,800,3.0,22.5,45.0,0,4.56,23.5,0.2,0.667,75.0,3,1,0.3209,Estabilizado,Operação Normal
2026-08-18T02:17:18.150100,3729-10,33794,2,METRÔ CARRÃO,SHOP. ARICANDUVA,1,23:16,4,15.0,4,20.0,21.27,21.49,0.0,10000,2.06,800,3.0,22.5,45.0,0,4.56,23.5,0.2,1.0,62.5,5,1,0.2564,Estabilizado,Operação Normal
2026-08-18T02:17:18.150100,7006-51,1997,1,METRÔ CAPÃO REDONDO,JD. HORIZONTE AZUL,1,23:16,3,20.0,3,20.0,21.27,21.49,0.0,10000,2.06,800,3.0,22.5,45.0,0,4.56,23.5,0.2,1.0,66.67,4,1,0.2668,Estabilizado,Operação Normal
2026-08-18T02:17:18.150100,978J-10,33359,2,TERM. PRINC. ISABEL,VOITH,1,23:16,4,15.0,4,20.0,21.27,21.49,0.0,10000,2.06,800,3.0,22.5,45.0,0,4.56,23.5,0.2,1.0,62.5,5,1,0.2564,Estabilizado,Operação Normal
2026-08-18T02:17:18.150100,3773-10,1059,1,METRÔ CARRÃO,RES. STA. BÁRBARA,1,23:16,5,12.0,5,20.0,21.27,21.49,0.0,10000,2.06,800,3.0,22.5,45.0,0,4.56,23.5,0.2,1.0,60.0,6,1,0.2501,Estabilizado,Operação Normal
2026-08-18T02:17:18.150100,3791-10,33837,2,METRÔ ARTUR ALVIM,SHOP. ARICANDUVA,1,23:16,3,20.0,3,20.0,21.27,21.49,0.0,10000,2.06,800,3.0,22.5,45.0,0,4.56,23.5,0.2,1.0,66.67,4,1,0.2668,Estabilizado,Operação Normal
2026-08-18T02:17:18.150100,978L-10,33234,2,TERM. PRINC. ISABEL,TERM. CACHOEIRINHA,1,23:16,3,20.0,3,20.0,21.27,21.49,0.0,10000,2.06,800,3.0,22.5,45.0,0,4.56,23.5,0.2,1.0,66.67,4,1,0.2668,Estabilizado,Operação Normal
2026-08-18T02:17:18.150100,573A-10,34405,2,VL. ALPINA,METRÔ BRESSER,1,23:16,4,15.0,4,20.0,21.27,21.49,0.0,10000,2.06,800,3.0,22.5,45.0,0,4.56,23.5,0.2,1.0,62.5,5,1,0.2564,Estabilizado,Operação Normal
2026-08-18T02:17:18.150100,5759-31,1139,1,METRÔ CONCEIÇÃO,PQ. PRIMAVERA,1,23:16,2,30.0,2,20.0,21.27,21.49,0.0,10000,2.06,800,3.0,22.5,45.0,0,4.56,23.5,0.2,0.667,75.0,3,1,0.3209,Estabilizado,Operação Normal
2026-08-18T02:17:18.150100,4032-10,1102,1,OBJETIVO UNIP,VL. DAS MERCÊS,1,23:16,2,30.0,2,20.0,21.27,21.49,0.0,10000,2.06,800,3.0,22.5,45.0,0,4.56,23.5,0.2,0.667,75.0,3,1,0.3209,Estabilizado,Operação Normal
2026-08-18T02:17:18.150100,576M-10,33372,2,PINHEIROS,VL. CLARA,1,23:16,5,12.0,5,20.0,21.27,21.49,0.0,10000,2.06,800,3.0,22.5,45.0,0,4.56,23.5,0.2,1.0,60.0,6,1,0.2501,Estabilizado,Operação Normal
2026-08-18T02:17:18.150100,5290-10,33365,2,TERM. PQ. D. PEDRO II,DIV. DIADEMA,1,23:16,5,12.0,5,20.0,21.27,21.49,0.0,10000,2.06,800,3.0,22.5,45.0,0,4.56,23.5,0.2,1.0,60.0,6,1,0.2501,Estabilizado,Operação Normal
2026-08-18T02:17:18.150100,208V-10,32975,2,TERM. PQ. D. PEDRO II,TERM. A. E. CARVALHO,1,23:16,8,7.5,8,20.0,21.27,21.49,0.0,10000,2.06,800,3.0,22.5,45.0,0,4.56,23.5,0.2,1.0,62.5,10,2,0.2564,Estabilizado,Operação Normal
2026-08-18T02:17:18.150100,695H-10,1196,1,TERM. STO. AMARO,JD. HERPLIN,1,23:16,3,20.0,3,20.0,21.27,21.49,0.0,10000,2.06,800,3.0,22.5,45.0,0,4.56,23.5,0.2,1.0,66.67,4,1,0.2668,Estabilizado,Operação Normal
2026-08-18T02:17:18.150100,857R-10,1892,1,ACLIMAÇÃO,TERM. CAMPO LIMPO,1,23:16,5,12.0,5,20.0,21.27,21.49,0.0,10000,2.06,800,3.0,22.5,45.0,0,4.56,23.5,0.2,1.0,60.0,6,1,0.2501,Estabilizado,Operação Normal
2026-08-18T02:17:18.150100,5142-10,1626,1,TERM. PQ. D. PEDRO II,TERM. SAPOPEMBA,1,23:16,3,20.0,3,20.0,21.27,21.49,0.0,10000,2.06,800,3.0,22.5,45.0,0,4.56,23.5,0.2,1.0,66.67,4,1,0.2668,Estabilizado,Operação Normal
2026-08-18T02:17:18.150100,7245-10,363,1,HOSP. DAS CLÍNICAS,TERM. STO. AMARO,1,23:16,3,20.0,3,20.0,21.27,21.49,0.0,10000,2.06,800,3.0,22.5,45.0,0,4.56,23.5,0.2,1.0,66.67,4,1,0.2668,Estabilizado,Operação Normal
2026-08-18T02:17:18.150100,7903-10,33280,2,PÇA. RAMOS DE AZEVEDO,JD. JOÃO XXIII/EDUC.,1,23:16,3,20.0,3,20.0,21.27,21.49,0.0,10000,2.06,800,3.0,22.5,45.0,0,4.56,23.5,0.2,1.0,66.67,4,1,0.2668,Estabilizado,Operação Normal
2026-08-18T02:17:18.150100,189L-10,2450,1,LAPA,CONEXÃO VL. IÓRIO,1,23:16,2,30.0,2,20.0,21.27,21.49,0.0,10000,2.06,800,3.0,22.5,45.0,0,4.56,23.5,0.2,0.667,75.0,3,1,0.3209,Estabilizado,Operação Normal
2026-08-18T02:17:18.150100,273X-10,392,1,METRÔ ARTUR ALVIM,JD. DAS OLIVEIRAS,1,23:16,5,12.0,5,20.0,21.27,21.49,0.0,10000,2.06,800,3.0,22.5,45.0,0,4.56,23.5,0.2,1.0,60.0,6,1,0.2501,Estabilizado,Operação Normal
2026-08-18T02:17:18.150100,709M-10,35230,2,TERM. PINHEIROS,TERM. STO. AMARO,1,23:16,3,20.0,3,20.0,21.27,21.49,0.0,10000,2.06,800,3.0,22.5,45.0,0,4.56,23.5,0.2,1.0,66.67,4,1,0.2668,Estabilizado,Operação Normal
2026-08-18T02:17:18.150100,3785-10,1063,1,METRÔ ITAQUERA,COHAB BARRO BRANCO,1,23:16,4,15.0,4,20.0,21.27,21.49,0.0,10000,2.06,800,3.0,22.5,45.0,0,4.56,23.5,0.2,1.0,62.5,5,1,0.2564,Estabilizado,Operação Normal
2026-08-18T02:17:18.150100,675A-10,1318,1,METRÔ SÃO JUDAS,PQ. STO. ANTONIO,1,23:16,2,30.0,2,20.0,21.27,21.49,0.0,10000,2.06,800,3.0,22.5,45.0,0,4.56,23.5,0.2,0.667,75.0,3,1,0.3209,Estabilizado,Operação Normal
2026-08-18T02:17:18.150100,507T-10,34976,2,METRÔ CARRÃO,TERM. SAPOPEMBA,1,23:16,3,20.0,3,20.0,21.27,21.49,0.0,10000,2.06,800,3.0,22.5,45.0,0,4.56,23.5,0.2,1.0,66.67,4,1,0.2668,Estabilizado,Operação Normal
2026-08-18T02:17:18.150100,3141-10,734,1,TERM. PQ. D. PEDRO II,SÃO MATEUS,1,23:16,3,20.0,3,20.0,21.27,21.49,0.0,10000,2.06,800,3.0,22.5,45.0,0,4.56,23.5,0.2,1.0,66.67,4,1,0.2668,Estabilizado,Operação Normal
2026-08-18T02:17:18.150100,637R-10,32964,2,TERM. STO. AMARO,JD. ARACATI,1,23:16,3,20.0,3,20.0,21.27,21.49,0.0,10000,2.06,800,3.0,22.5,45.0,0,4.56,23.5,0.2,1.0,66.67,4,1,0.2668,Estabilizado,Operação Normal
2026-08-18T02:17:18.150100,8000-1,35274,2,PÇA. RAMOS DE AZEVEDO,TERM. LAPA,1,23:16,2,30.0,2,20.0,21.27,21.49,0.0,10000,2.06,800,3.0,22.5,45.0,0,4.56,23.5,0.2,0.667,75.0,3,1,0.3209,Estabilizado,Operação Normal
2026-08-18T02:17:18.150100,4210-10,2170,1,TERM. PQ. D. PEDRO II,TERM. CID. TIRADENTES,1,23:16,7,8.6,7,20.0,21.27,21.49,0.0,10000,2.06,800,3.0,22.5,45.0,0,4.56,23.5,0.2,1.0,57.14,8,1,0.243,Estabilizado,Operação Normal
2026-08-18T02:17:18.150100,6049-10,1309,1,STO. AMARO,VALO VELHO,1,23:16,5,12.0,5,20.0,21.27,21.49,0.0,10000,2.06,800,3.0,22.5,45.0,0,4.56,23.5,0.2,1.0,60.0,6,1,0.2501,Estabilizado,Operação Normal
2026-08-18T02:17:18.150100,4027-10,1097,1,JD. STO. ANDRÉ,HOSP. SÃO MATEUS,1,23:16,4,15.0,4,20.0,21.27,21.49,0.0,10000,2.06,800,3.0,22.5,45.0,0,4.56,23.5,0.2,1.0,62.5,5,1,0.2564,Estabilizado,Operação Normal
2026-08-18T02:17:18.150100,6045-10,33990,2,STO. AMARO,VALO VELHO,1,23:16,5,12.0,5,20.0,21.27,21.49,0.0,10000,2.06,800,3.0,22.5,45.0,0,4.56,23.5,0.2,1.0,60.0,6,1,0.2501,Estabilizado,Operação Normal
2026-08-18T02:17:18.150100,5129-41,34742,2,STO. AMARO,JD. MIRIAM,1,23:16,2,30.0,2,20.0,21.27,21.49,0.0,10000,2.06,800,3.0,22.5,45.0,0,4.56,23.5,0.2,0.667,75.0,3,1,0.3209,Estabilizado,Operação Normal
2026-08-18T02:17:18.150100,2021-10,33674,2,CPTM GUAIANASES,JD. BANDEIRANTES,1,23:16,2,30.0,2,20.0,21.27,21.49,0.0,10000,2.06,800,3.0,22.5,45.0,0,4.56,23.5,0.2,0.667,75.0,3,1,0.3209,Estabilizado,Operação Normal
2026-08-18T02:17:18.150100,6026-10,32855,2,TERM. STO. AMARO,JD. ICARAÍ,1,23:16,2,30.0,2,20.0,21.27,21.49,0.0,10000,2.06,800,3.0,22.5,45.0,0,4.56,23.5,0.2,0.667,75.0,3,1,0.3209,Estabilizado,Operação Normal
2026-08-18T02:17:18.150100,1024-10,2302,1,CONEXÃO PETRÔNIO PORTELA,JD. CAROMBÉ,1,23:16,3,20.0,3,20.0,21.27,21.49,0.0,10000,2.06,800,3.0,22.5,45.0,0,4.56,23.5,0.2,1.0,66.67,4,1,0.2668,Estabilizado,Operação Normal
2026-08-18T02:17:18.150100,3746-10,283,1,METRÔ BELÉM,JD. IMPERADOR,1,23:16,8,7.5,8,20.0,21.27,21.49,0.0,10000,2.06,800,3.0,22.5,45.0,0,4.56,23.5,0.2,1.0,62.5,10,2,0.2564,Estabilizado,Operação Normal
2026-08-18T02:17:18.150100,364A-10,1246,1,SHOP. ARICANDUVA,HOSP. IPIRANGA,1,23:16,8,7.5,8,20.0,21.27,21.49,0.0,10000,2.06,800,3.0,22.5,45.0,0,4.56,23.5,0.2,1.0,62.5,10,2,0.2564,Estabilizado,Operação Normal
2026-08-18T02:17:18.150100,2708-10,33689,2,METRÔ ITAQUERA,JD. LAJEADO,1,23:16,4,15.0,4,20.0,21.27,21.49,0.0,10000,2.06,800,3.0,22.5,45.0,0,4.56,23.5,0.2,1.0,62.5,5,1,0.2564,Estabilizado,Operação Normal
2026-08-18T02:17:18.150100,6116-10,33954,2,TERM. GRAJAÚ,JD. PRAINHA,1,23:16,3,20.0,3,20.0,21.27,21.49,0.0,10000,2.06,800,3.0,22.5,45.0,0,4.56,23.5,0.2,1.0,66.67,4,1,0.2668,Estabilizado,Operação Normal
2026-08-18T02:17:18.150100,6039-21,35261,2,COHAB JD. SÃO BENTO,TERM. CAPELINHA,1,23:16,2,30.0,2,20.0,21.27,21.49,0.0,10000,2.06,800,3.0,22.5,45.0,0,4.56,23.5,0.2,0.667,75.0,3,1,0.3209,Estabilizado,Operação Normal
2026-08-18T02:17:18.150100,5300-10,354,1,TERM. PQ. D. PEDRO II,TERM. STO. AMARO,1,23:16,3,20.0,3,20.0,21.27,21.49,0.0,10000,2.06,800,3.0,22.5,45.0,0,4.56,23.5,0.2,1.0,66.67,4,1,0.2668,Estabilizado,Operação Normal
2026-08-18T02:17:18.150100,6076-10,33933,2,TERM. STO. AMARO,JD. PROGRESSO,1,23:16,4,15.0,4,20.0,21.27,21.49,0.0,10000,2.06,800,3.0,22.5,45.0,0,4.56,23.5,0.2,1.0,62.5,5,1,0.2564,Estabilizado,Operação Normal
2026-08-18T02:17:18.150100,707K-10,2503,1,METRÔ JABAQUARA,TERM. GUARAPIRANGA,1,23:16,4,15.0,4,20.0,21.27,21.49,0.0,10000,2.06,800,3.0,22.5,45.0,0,4.56,23.5,0.2,1.0,62.5,5,1,0.2564,Estabilizado,Operação Normal
2026-08-18T02:17:18.150100,5131-10,1282,1,PQ. D. PEDRO II,CID. ADEMAR,1,23:16,3,20.0,3,20.0,21.27,21.49,0.0,10000,2.06,800,3.0,22.5,45.0,0,4.56,23.5,0.2,1.0,66.67,4,1,0.2668,Estabilizado,Operação Normal
2026-08-18T02:17:18.150100,7550-10,34861,2,METRÔ STA. CECÍLIA,TERM. STO. AMARO,1,23:16,5,12.0,5,20.0,21.27,21.49,0.0,10000,2.06,800,3.0,22.5,45.0,0,4.56,23.5,0.2,1.0,60.0,6,1,0.2501,Estabilizado,Operação Normal
2026-08-18T02:17:18.150100,208M-10,2478,1,TERM. PINHEIROS,METRÔ SANTANA,1,23:16,4,15.0,4,20.0,21.27,21.49,0.0,10000,2.06,800,3.0,22.5,45.0,0,4.56,23.5,0.2,1.0,62.5,5,1,0.2564,Estabilizado,Operação Normal
2026-08-18T02:17:18.150100,4025-10,33863,2,METRÔ TATUAPÉ,VL. ALPINA,1,23:16,12,5.0,13,20.0,21.27,21.49,0.0,10000,2.06,800,3.0,22.5,45.0,0,4.56,23.5,0.2,1.0,62.5,15,3,0.2564,Estabilizado,Operação Normal
2026-08-18T02:17:18.150100,4729-10,1108,1,METRÔ BELÉM,PQ. BANCÁRIO,1,23:16,3,20.0,3,20.0,21.27,21.49,0.0,10000,2.06,800,3.0,22.5,45.0,0,4.56,23.5,0.2,1.0,66.67,4,1,0.2668,Estabilizado,Operação Normal
2026-08-18T02:17:18.150100,PAEC-10,34190,2,PAESE CPTM IDA,PAESE CPTM VOLTA,1,23:16,1,60.0,1,20.0,21.27,21.49,0.0,10000,2.06,800,3.0,22.5,45.0,0,4.56,23.5,0.2,0.333,100.0,2,1,0.4168,Estabilizado,Operação Normal
2026-08-18T02:17:18.150100,938C-10,586,1,TERM. PRINC. ISABEL,COHAB TAIPAS,1,23:16,4,15.0,4,20.0,21.27,21.49,0.0,10000,2.06,800,3.0,22.5,45.0,0,4.56,23.5,0.2,1.0,62.5,5,1,0.2564,Estabilizado,Operação Normal
2026-08-18T02:17:18.150100,6012-31,1776,1,JD. ÂNGELA,PQ. INDEPENDÊNCIA,1,23:16,1,60.0,1,20.0,21.27,21.49,0.0,10000,2.06,800,3.0,22.5,45.0,0,4.56,23.5,0.2,0.333,100.0,2,1,0.4168,Estabilizado,Operação Normal
2026-08-18T02:17:18.150100,5175-10,593,1,PÇA. DA SÉ,BALN. SÃO FRANCISCO,1,23:16,4,15.0,4,20.0,21.27,21.49,0.0,10000,2.06,800,3.0,22.5,45.0,0,4.56,23.5,0.2,1.0,62.5,5,1,0.2564,Estabilizado,Operação Normal
2026-08-18T02:17:18.150100,809T-10,35014,2,LAPA,COHAB RAPOSO TAVARES,1,23:16,4,15.0,4,20.0,21.27,21.49,0.0,10000,2.06,800,3.0,22.5,45.0,0,4.56,23.5,0.2,1.0,62.5,5,1,0.2564,Estabilizado,Operação Normal
2026-08-18T02:17:18.150100,6062-51,34507,2,TERM. STO. AMARO,JD. CASTRO ALVES,1,23:16,1,60.0,1,20.0,21.27,21.49,0.0,10000,2.06,800,3.0,22.5,45.0,0,4.56,23.5,0.2,0.333,100.0,2,1,0.4168,Estabilizado,Operação Normal
2026-08-18T02:17:18.150100,478P-10,33117,2,VL. ROMANA,SACOMÃ,1,23:16,2,30.0,2,20.0,21.27,21.49,0.0,10000,2.06,800,3.0,22.5,45.0,0,4.56,23.5,0.2,0.667,75.0,3,1,0.3209,Estabilizado,Operação Normal
2026-08-18T02:17:18.150100,6003-10,34240,2,TERM. VARGINHA,TERM. GRAJAÚ,1,23:16,1,60.0,1,20.0,21.27,21.49,0.0,10000,2.06,800,3.0,22.5,45.0,0,4.56,23.5,0.2,0.333,100.0,2,1,0.4168,Estabilizado,Operação Normal
2026-08-18T02:17:18.150100,8538-10,34127,2,PÇA. DO CORREIO,FREGUESIA DO Ó,1,23:16,2,30.0,2,20.0,21.27,21.49,0.0,10000,2.06,800,3.0,22.5,45.0,0,4.56,23.5,0.2,0.667,75.0,3,1,0.3209,Estabilizado,Operação Normal
2026-08-18T02:17:18.150100,9002-10,870,1,TERM. CACHOEIRINHA,JD. PERY ALTO,1,23:16,2,30.0,2,20.0,21.27,21.49,0.0,10000,2.06,800,3.0,22.5,45.0,0,4.56,23.5,0.2,0.667,75.0,3,1,0.3209,Estabilizado,Operação Normal
2026-08-18T02:17:18.150100,6000-10,1140,1,TERM. STO. AMARO,TERM. PARELHEIROS,1,23:16,15,4.0,16,20.0,21.27,21.49,0.0,10000,2.06,800,3.0,22.5,45.0,0,4.56,23.5,0.2,1.0,63.33,19,4,0.2585,Estabilizado,Operação Normal
2026-08-18T02:17:18.150100,737A-10,34498,2,TERM. STO. AMARO,TERM. JD. ÂNGELA,1,23:16,4,15.0,4,20.0,21.27,21.49,0.0,10000,2.06,800,3.0,22.5,45.0,0,4.56,23.5,0.2,1.0,62.5,5,1,0.2564,Estabilizado,Operação Normal
2026-08-18T02:17:18.150100,5108-10,34443,2,TERM. PQ. D. PEDRO II,JD. CELESTE,1,23:16,3,20.0,3,20.0,21.27,21.49,0.0,10000,2.06,800,3.0,22.5,45.0,0,4.56,23.5,0.2,1.0,66.67,4,1,0.2668,Estabilizado,Operação Normal
2026-08-18T02:17:18.150100,278A-10,706,1,PENHA  ,METRÔ SANTANA,1,23:16,6,10.0,6,20.0,21.27,21.49,0.0,10000,2.06,800,3.0,22.5,45.0,0,4.56,23.5,0.2,1.0,58.33,7,1,0.246,Estabilizado,Operação Normal
2026-08-18T02:17:18.150100,8194-10,33573,2,TERM. CACHOEIRINHA,PERUS,1,23:16,3,20.0,3,20.0,21.27,21.49,0.0,10000,2.06,800,3.0,22.5,45.0,0,4.56,23.5,0.2,1.0,66.67,4,1,0.2668,Estabilizado,Operação Normal
2026-08-18T02:17:18.150100,6837-10,6,1,TERM. CAPELINHA,SHOP. PORTAL,1,23:16,2,30.0,2,20.0,21.27,21.49,0.0,10000,2.06,800,3.0,22.5,45.0,0,4.56,23.5,0.2,0.667,75.0,3,1,0.3209,Estabilizado,Operação Normal
2026-08-18T02:17:18.150100,607A-10,2139,1,SOCORRO,JD. APURÁ,1,23:16,2,30.0,2,20.0,21.27,21.49,0.0,10000,2.06,800,3.0,22.5,45.0,0,4.56,23.5,0.2,0.667,75.0,3,1,0.3209,Estabilizado,Operação Normal
2026-08-18T02:17:18.150100,8300-10,1264,1,TERM. LAPA,TERM. PIRITUBA,1,23:16,1,60.0,1,20.0,21.27,21.49,0.0,10000,2.06,800,3.0,22.5,45.0,0,4.56,23.5,0.2,0.333,100.0,2,1,0.4168,Estabilizado,Operação Normal
2026-08-18T02:17:18.150100,1701-23,2599,1,METRÔ SANTANA,JOVA RURAL,1,23:16,3,20.0,3,20.0,21.27,21.49,0.0,10000,2.06,800,3.0,22.5,45.0,0,4.56,23.5,0.2,1.0,66.67,4,1,0.2668,Estabilizado,Operação Normal
2026-08-18T02:17:18.150100,695H-10,33964,2,TERM. STO. AMARO,JD. HERPLIN,1,23:16,3,20.0,3,20.0,21.27,21.49,0.0,10000,2.06,800,3.0,22.5,45.0,0,4.56,23.5,0.2,1.0,66.67,4,1,0.2668,Estabilizado,Operação Normal
2026-08-18T02:17:18.150100,273R-10,32994,2,METRÔ ARTUR ALVIM,JD. ROBRU,1,23:16,6,10.0,6,20.0,21.27,21.49,0.0,10000,2.06,800,3.0,22.5,45.0,0,4.56,23.5,0.2,1.0,58.33,7,1,0.246,Estabilizado,Operação Normal
2026-08-18T02:17:18.150100,524M-10,34399,2,SHOP. ARICANDUVA,MASCARENHAS DE MORAIS,1,23:16,5,12.0,5,20.0,21.27,21.49,0.0,10000,2.06,800,3.0,22.5,45.0,0,4.56,23.5,0.2,1.0,60.0,6,1,0.2501,Estabilizado,Operação Normal
2026-08-18T02:17:18.150100,2731-10,33714,2,METRÔ ITAQUERA,VL. PROGRESSO,1,23:16,2,30.0,2,20.0,21.27,21.49,0.0,10000,2.06,800,3.0,22.5,45.0,0,4.56,23.5,0.2,0.667,75.0,3,1,0.3209,Estabilizado,Operação Normal
2026-08-18T02:17:18.150100,6082-10,2678,1,CONEXÃO TERMINAIS,CONEXÃO TERMINAIS,1,23:16,2,30.0,2,20.0,21.27,21.49,0.0,10000,2.06,800,3.0,22.5,45.0,0,4.56,23.5,0.2,0.667,75.0,3,1,0.3209,Estabilizado,Operação Normal
2026-08-18T02:17:18.150100,778J-10,33276,2,METRÔ BARRA FUNDA,JD. ARPOADOR,1,23:16,4,15.0,4,20.0,21.27,21.49,0.0,10000,2.06,800,3.0,22.5,45.0,0,4.56,23.5,0.2,1.0,62.5,5,1,0.2564,Estabilizado,Operação Normal
2026-08-18T02:17:18.150100,736I-10,33549,2,STO. AMARO,JD. INGÁ,1,23:16,3,20.0,3,20.0,21.27,21.49,0.0,10000,2.06,800,3.0,22.5,45.0,0,4.56,23.5,0.2,1.0,66.67,4,1,0.2668,Estabilizado,Operação Normal
2026-08-18T02:17:18.150100,9191-10,810,1,BOM RETIRO,JD. ELISA MARIA,1,23:16,2,30.0,2,20.0,21.27,21.49,0.0,10000,2.06,800,3.0,22.5,45.0,0,4.56,23.5,0.2,0.667,75.0,3,1,0.3209,Estabilizado,Operação Normal
2026-08-18T02:17:18.150100,3459-23,33172,2,ITAIM PAULISTA,METRÔ BRESSER,1,23:16,4,15.0,4,20.0,21.27,21.49,0.0,10000,2.06,800,3.0,22.5,45.0,0,4.56,23.5,0.2,1.0,62.5,5,1,0.2564,Estabilizado,Operação Normal
2026-08-18T02:17:18.150100,6044-10,33989,2,TERM. STO. AMARO,JD. D. JOSÉ,1,23:16,4,15.0,4,20.0,21.27,21.49,0.0,10000,2.06,800,3.0,22.5,45.0,0,4.56,23.5,0.2,1.0,62.5,5,1,0.2564,Estabilizado,Operação Normal
2026-08-18T02:17:18.150100,148P-10,534,1,METRÔ BARRA FUNDA,PEDRA BRANCA,1,23:16,3,20.0,3,20.0,21.27,21.49,0.0,10000,2.06,800,3.0,22.5,45.0,0,4.56,23.5,0.2,1.0,66.67,4,1,0.2668,Estabilizado,Operação Normal
2026-08-18T02:17:18.150100,4056-10,35005,2,TERM. SÃO MATEUS,PQ. BOA ESPERANÇA,1,23:16,3,20.0,3,20.0,21.27,21.49,0.0,10000,2.06,800,3.0,22.5,45.0,0,4.56,23.5,0.2,1.0,66.67,4,1,0.2668,Estabilizado,Operação Normal
2026-08-18T02:17:18.150100,4222-10,33056,2,MOOCA,PQ. STA. MADALENA,1,23:16,2,30.0,2,20.0,21.27,21.49,0.0,10000,2.06,800,3.0,22.5,45.0,0,4.56,23.5,0.2,0.667,75.0,3,1,0.3209,Estabilizado,Operação Normal
2026-08-18T02:17:18.150100,7004-22,35401,2,JD ÂNGELA,VL DO SOL,1,23:16,3,20.0,3,20.0,21.27,21.49,0.0,10000,2.06,800,3.0,22.5,45.0,0,4.56,23.5,0.2,1.0,66.67,4,1,0.2668,Estabilizado,Operação Normal
2026-08-18T02:17:18.150100,3787-10,34380,2,METRÔ ITAQUERA,CID. TIRADENTES,1,23:16,5,12.0,5,20.0,21.27,21.49,0.0,10000,2.06,800,3.0,22.5,45.0,0,4.56,23.5,0.2,1.0,60.0,6,1,0.2501,Estabilizado,Operação Normal
2026-08-18T02:17:18.150100,574J-10,34453,2,TERM. VL. CARRÃO,METRÔ CONCEIÇÃO,1,23:16,5,12.0,5,20.0,21.27,21.49,0.0,10000,2.06,800,3.0,22.5,45.0,0,4.56,23.5,0.2,1.0,60.0,6,1,0.2501,Estabilizado,Operação Normal
2026-08-18T02:17:18.150100,9784-10,827,1,METRÔ BARRA FUNDA,JD. DOS FRANCOS,1,23:16,6,10.0,6,20.0,21.27,21.49,0.0,10000,2.06,800,3.0,22.5,45.0,0,4.56,23.5,0.2,1.0,58.33,7,1,0.246,Estabilizado,Operação Normal
2026-08-18T02:17:18.150100,809D-10,34836,2,TERM. PINHEIROS,COHAB EDUCANDÁRIO,1,23:16,3,20.0,3,20.0,21.27,21.49,0.0,10000,2.06,800,3.0,22.5,45.0,0,4.56,23.5,0.2,1.0,66.67,4,1,0.2668,Estabilizado,Operação Normal
2026-08-18T02:17:18.150100,4312-10,34940,2,TERM. PQ. D. PEDRO II,JD. MARÍLIA,1,23:16,9,6.7,9,20.0,21.27,21.49,0.0,10000,2.06,800,3.0,22.5,45.0,0,4.56,23.5,0.2,1.0,61.11,11,2,0.2529,Estabilizado,Operação Normal
2026-08-18T02:17:18.150100,1020-10,35265,2,CONEXÃO VL. IÓRIO ,PERUS,1,23:16,5,12.0,5,20.0,21.27,21.49,0.0,10000,2.06,800,3.0,22.5,45.0,0,4.56,23.5,0.2,1.0,60.0,6,1,0.2501,Estabilizado,Operação Normal
2026-08-18T02:17:18.150100,5129-10,34049,2,TERM. GUARAPIRANGA,JD. MIRIAM,1,23:16,5,12.0,5,20.0,21.27,21.49,0.0,10000,2.06,800,3.0,22.5,45.0,0,4.56,23.5,0.2,1.0,60.0,6,1,0.2501,Estabilizado,Operação Normal
2026-08-18T02:17:18.150100,2582-10,33142,2,TERM. PQ. D. PEDRO II,VL. NOVA CURUÇÁ,1,23:16,4,15.0,4,20.0,21.27,21.49,0.0,10000,2.06,800,3.0,22.5,45.0,0,4.56,23.5,0.2,1.0,62.5,5,1,0.2564,Estabilizado,Operação Normal
2026-08-18T02:17:18.150100,546L-10,1285,1,TERM. STO. AMARO,JD. LUSO,1,23:16,2,30.0,2,20.0,21.27,21.49,0.0,10000,2.06,800,3.0,22.5,45.0,0,4.56,23.5,0.2,0.667,75.0,3,1,0.3209,Estabilizado,Operação Normal
2026-08-18T02:17:18.150100,6062-51,1739,1,TERM. STO. AMARO,JD. CASTRO ALVES,1,23:16,2,30.0,2,20.0,21.27,21.49,0.0,10000,2.06,800,3.0,22.5,45.0,0,4.56,23.5,0.2,0.667,75.0,3,1,0.3209,Estabilizado,Operação Normal
2026-08-18T02:17:18.150100,6052-10,33912,2,TERM. EST. VARGINHA,JD. SETE DE SETEMBRO,1,23:16,2,30.0,2,20.0,21.27,21.49,0.0,10000,2.06,800,3.0,22.5,45.0,0,4.56,23.5,0.2,0.667,75.0,3,1,0.3209,Estabilizado,Operação Normal
2026-08-18T02:17:18.150100,714C-10,487,1,PAULISTA,COHAB EDUCANDÁRIO,1,23:16,1,60.0,1,20.0,21.27,21.49,0.0,10000,2.06,800,3.0,22.5,45.0,0,4.56,23.5,0.2,0.333,100.0,2,1,0.4168,Estabilizado,Operação Normal
2026-08-18T02:17:18.150100,1741-10,33307,2,METRÔ SANTANA,VL. DIONISIA,1,23:16,3,20.0,3,20.0,21.27,21.49,0.0,10000,2.06,800,3.0,22.5,45.0,0,4.56,23.5,0.2,1.0,66.67,4,1,0.2668,Estabilizado,Operação Normal
2026-08-18T02:17:18.150100,407L-10,34967,2,METRÔ GUILHERMINA/ESPERANÇA,BARRO BRANCO,1,23:16,9,6.7,9,20.0,21.27,21.49,0.0,10000,2.06,800,3.0,22.5,45.0,0,4.56,23.5,0.2,1.0,61.11,11,2,0.2529,Estabilizado,Operação Normal
2026-08-18T02:17:18.150100,807M-10,1916,1,SHOP. MORUMBI,TERM. CAMPO LIMPO,1,23:16,3,20.0,3,20.0,21.27,21.49,0.0,10000,2.06,800,3.0,22.5,45.0,0,4.56,23.5,0.2,1.0,66.67,4,1,0.2668,Estabilizado,Operação Normal
2026-08-18T02:17:18.150100,2202-10,910,1,CPTM GUAIANASES,JD. DAS OLIVEIRAS,1,23:16,5,12.0,5,20.0,21.27,21.49,0.0,10000,2.06,800,3.0,22.5,45.0,0,4.56,23.5,0.2,1.0,60.0,6,1,0.2501,Estabilizado,Operação Normal
2026-08-18T02:17:18.150100,477U-10,33074,2,METRÔ VL. MARIANA,HELIÓPOLIS,1,23:16,1,60.0,1,20.0,21.27,21.49,0.0,10000,2.06,800,3.0,22.5,45.0,0,4.56,23.5,0.2,0.333,100.0,2,1,0.4168,Estabilizado,Operação Normal
2026-08-18T02:17:18.150100,3737-31,1354,1,CIRCULAR,METRÔ GUILHERMINA/ESPERANÇA ,1,23:16,2,30.0,2,20.0,21.27,21.49,0.0,10000,2.06,800,3.0,22.5,45.0,0,4.56,23.5,0.2,0.667,75.0,3,1,0.3209,Estabilizado,Operação Normal
2026-08-18T02:17:18.150100,128Y-10,33611,2,LAPA,JD. PERY ALTO,1,23:16,6,10.0,6,20.0,21.27,21.49,0.0,10000,2.06,800,3.0,22.5,45.0,0,4.56,23.5,0.2,1.0,58.33,7,1,0.246,Estabilizado,Operação Normal
2026-08-18T02:17:18.150100,5034-31,34432,2,VL. LIVIERO,TERM. SACOMÃ,1,23:16,2,30.0,2,20.0,21.27,21.49,0.0,10000,2.06,800,3.0,22.5,45.0,0,4.56,23.5,0.2,0.667,75.0,3,1,0.3209,Estabilizado,Operação Normal
2026-08-18T02:17:18.150100,2731-10,946,1,METRÔ ITAQUERA,VL. PROGRESSO,1,23:16,4,15.0,4,20.0,21.27,21.49,0.0,10000,2.06,800,3.0,22.5,45.0,0,4.56,23.5,0.2,1.0,62.5,5,1,0.2564,Estabilizado,Operação Normal
2026-08-18T02:17:18.150100,3763-10,1054,1,METRÔ TATUAPÉ,TERM. VL. CARRÃO,1,23:16,3,20.0,3,20.0,21.27,21.49,0.0,10000,2.06,800,3.0,22.5,45.0,0,4.56,23.5,0.2,1.0,66.67,4,1,0.2668,Estabilizado,Operação Normal
2026-08-18T02:17:18.150100,178T-10,33333,2,CEASA,METRÔ SANTANA,1,23:16,11,5.5,12,20.0,21.27,21.49,0.0,10000,2.06,800,3.0,22.5,45.0,0,4.56,23.5,0.2,1.0,63.64,14,3,0.2592,Estabilizado,Operação Normal
2026-08-18T02:17:18.150100,3053-10,973,1,METRÔ BELÉM,JD. ITÁPOLIS,1,23:16,3,20.0,3,20.0,21.27,21.49,0.0,10000,2.06,800,3.0,22.5,45.0,0,4.56,23.5,0.2,1.0,66.67,4,1,0.2668,Estabilizado,Operação Normal
2026-08-18T02:17:18.150100,8038-10,33565,2,LAPA,PQ. CONTINENTAL,1,23:16,3,20.0,3,20.0,21.27,21.49,0.0,10000,2.06,800,3.0,22.5,45.0,0,4.56,23.5,0.2,1.0,66.67,4,1,0.2668,Estabilizado,Operação Normal
2026-08-18T02:17:18.150100,8200-10,34031,2,TERM. LAPA,TERM. PIRITUBA,1,23:16,3,20.0,3,20.0,21.27,21.49,0.0,10000,2.06,800,3.0,22.5,45.0,0,4.56,23.5,0.2,1.0,66.67,4,1,0.2668,Estabilizado,Operação Normal
2026-08-18T02:17:18.150100,6451-10,61,1,TERM. BANDEIRA,TERM. CAPELINHA,1,23:16,2,30.0,2,20.0,21.27,21.49,0.0,10000,2.06,800,3.0,22.5,45.0,0,4.56,23.5,0.2,0.667,75.0,3,1,0.3209,Estabilizado,Operação Normal
2026-08-18T02:17:18.150100,8047-41,410,1,METRÔ VL. MADALENA,JARAGUÁ,1,23:16,2,30.0,2,20.0,21.27,21.49,0.0,10000,2.06,800,3.0,22.5,45.0,0,4.56,23.5,0.2,0.667,75.0,3,1,0.3209,Estabilizado,Operação Normal
2026-08-18T02:17:18.150100,2123-10,692,1,LIBERDADE,VL. MEDEIROS,1,23:16,2,30.0,2,20.0,21.27,21.49,0.0,10000,2.06,800,3.0,22.5,45.0,0,4.56,23.5,0.2,0.667,75.0,3,1,0.3209,Estabilizado,Operação Normal
2026-08-18T02:17:18.150100,819A-10,803,1,JD. PRIMAVERA,CPTM VL. AURORA,1,23:16,5,12.0,5,20.0,21.27,21.49,0.0,10000,2.06,800,3.0,22.5,45.0,0,4.56,23.5,0.2,1.0,60.0,6,1,0.2501,Estabilizado,Operação Normal
2026-08-18T02:17:18.150100,1758-10,33320,2,METRÔ SANTANA,JD. ANTÁRTICA,1,23:16,4,15.0,4,20.0,21.27,21.49,0.0,10000,2.06,800,3.0,22.5,45.0,0,4.56,23.5,0.2,1.0,62.5,5,1,0.2564,Estabilizado,Operação Normal
2026-08-18T02:17:18.150100,6007-10,32944,2,TERM. STO. AMARO,TERM. CAPELINHA,1,23:16,6,10.0,6,20.0,21.27,21.49,0.0,10000,2.06,800,3.0,22.5,45.0,0,4.56,23.5,0.2,1.0,58.33,7,1,0.246,Estabilizado,Operação Normal
2026-08-18T02:17:18.150100,948A-10,34191,2,METRÔ BARRA FUNDA,VL. ZATT,1,23:16,2,30.0,2,20.0,21.27,21.49,0.0,10000,2.06,800,3.0,22.5,45.0,0,4.56,23.5,0.2,0.667,75.0,3,1,0.3209,Estabilizado,Operação Normal
2026-08-18T02:17:18.150100,208V-10,207,1,TERM. PQ. D. PEDRO II,TERM. A. E. CARVALHO,1,23:16,10,6.0,11,20.0,21.27,21.49,0.0,10000,2.06,800,3.0,22.5,45.0,0,4.56,23.5,0.2,1.0,65.0,13,3,0.2626,Estabilizado,Operação Normal
2026-08-18T02:17:18.150100,8025-10,34844,2,TERM. VL. SÔNIA,JD. ROSA MARIA,1,23:16,2,30.0,2,20.0,21.27,21.49,0.0,10000,2.06,800,3.0,22.5,45.0,0,4.56,23.5,0.2,0.667,75.0,3,1,0.3209,Estabilizado,Operação Normal
2026-08-18T02:17:18.150100,6338-10,1293,1,PQ. IBIRAPUERA,JD. MIRIAM,1,23:16,1,60.0,1,20.0,21.27,21.49,0.0,10000,2.06,800,3.0,22.5,45.0,0,4.56,23.5,0.2,0.333,100.0,2,1,0.4168,Estabilizado,Operação Normal
2026-08-18T02:17:18.150100,775F-31,35256,2,PQ. DO POVO,JD. DAS PALMAS,1,23:16,6,10.0,6,20.0,21.27,21.49,0.0,10000,2.06,800,3.0,22.5,45.0,0,4.56,23.5,0.2,1.0,58.33,7,1,0.246,Estabilizado,Operação Normal
2026-08-18T02:17:18.150100,637P-10,47,1,TERM. PINHEIROS,TERM. STO. AMARO,1,23:16,4,15.0,4,20.0,21.27,21.49,0.0,10000,2.06,800,3.0,22.5,45.0,0,4.56,23.5,0.2,1.0,62.5,5,1,0.2564,Estabilizado,Operação Normal
2026-08-18T02:17:18.150100,2718-10,33699,2,METRÔ PENHA,VL. SÍLVIA,1,23:16,4,15.0,4,20.0,21.27,21.49,0.0,10000,2.06,800,3.0,22.5,45.0,0,4.56,23.5,0.2,1.0,62.5,5,1,0.2564,Estabilizado,Operação Normal
2026-08-18T02:17:18.150100,407A-10,2194,1,LGO. DA CONCÓRDIA,PQ. SAVOY,1,23:16,4,15.0,4,20.0,21.27,21.49,0.0,10000,2.06,800,3.0,22.5,45.0,0,4.56,23.5,0.2,1.0,62.5,5,1,0.2564,Estabilizado,Operação Normal
2026-08-18T02:17:18.150100,2013-10,33667,2,CACHOEIRINHA,COHAB ANTÁRTICA,1,23:16,2,30.0,2,20.0,21.27,21.49,0.0,10000,2.06,800,3.0,22.5,45.0,0,4.56,23.5,0.2,0.667,75.0,3,1,0.3209,Estabilizado,Operação Normal
2026-08-18T02:17:18.150100,507T-10,2208,1,METRÔ CARRÃO,TERM. SAPOPEMBA,1,23:16,5,12.0,5,20.0,21.27,21.49,0.0,10000,2.06,800,3.0,22.5,45.0,0,4.56,23.5,0.2,1.0,60.0,6,1,0.2501,Estabilizado,Operação Normal
2026-08-18T02:17:18.150100,6073-10,33928,2,TERM. VARGINHA,JD. STA. TEREZINHA,1,23:16,6,10.0,6,20.0,21.27,21.49,0.0,10000,2.06,800,3.0,22.5,45.0,0,4.56,23.5,0.2,1.0,58.33,7,1,0.246,Estabilizado,Operação Normal
2026-08-18T02:17:18.150100,647A-10,1315,1,PINHEIROS,VALO VELHO,1,23:16,6,10.0,6,20.0,21.27,21.49,0.0,10000,2.06,800,3.0,22.5,45.0,0,4.56,23.5,0.2,1.0,58.33,7,1,0.246,Estabilizado,Operação Normal
2026-08-18T02:17:18.150100,736I-10,781,1,STO. AMARO,JD. INGÁ,1,23:16,2,30.0,2,20.0,21.27,21.49,0.0,10000,2.06,800,3.0,22.5,45.0,0,4.56,23.5,0.2,0.667,75.0,3,1,0.3209,Estabilizado,Operação Normal
2026-08-18T02:17:18.150100,746P-10,788,1,STO. AMARO,PARAISÓPOLIS,1,23:16,4,15.0,4,20.0,21.27,21.49,0.0,10000,2.06,800,3.0,22.5,45.0,0,4.56,23.5,0.2,1.0,62.5,5,1,0.2564,Estabilizado,Operação Normal
2026-08-18T02:17:18.150100,875P-10,34109,2,METRÔ ANA ROSA,METRÔ BARRA FUNDA,1,23:16,3,20.0,3,20.0,21.27,21.49,0.0,10000,2.06,800,3.0,22.5,45.0,0,4.56,23.5,0.2,1.0,66.67,4,1,0.2668,Estabilizado,Operação Normal
2026-08-18T02:17:18.150100,307C-10,34882,2,METRÔ ARTUR ALVIM,CONJ. ENCOSTA NORTE,1,23:16,6,10.0,6,20.0,21.27,21.49,0.0,10000,2.06,800,3.0,22.5,45.0,0,4.56,23.5,0.2,1.0,58.33,7,1,0.246,Estabilizado,Operação Normal
2026-08-18T02:17:18.150100,4001-10,34944,2,TERM. VL. CARRÃO,ITAQUERA,1,23:16,2,30.0,2,20.0,21.27,21.49,0.0,10000,2.06,800,3.0,22.5,45.0,0,4.56,23.5,0.2,0.667,75.0,3,1,0.3209,Estabilizado,Operação Normal
2026-08-18T02:17:18.150100,3414-10,33514,2,TERM. PQ. D. PEDRO II,VL. DALILA,1,23:16,1,60.0,1,20.0,21.27,21.49,0.0,10000,2.06,800,3.0,22.5,45.0,0,4.56,23.5,0.2,0.333,100.0,2,1,0.4168,Estabilizado,Operação Normal
2026-08-18T02:17:18.150100,2708-10,921,1,METRÔ ITAQUERA,JD. LAJEADO,1,23:16,2,30.0,2,20.0,21.27,21.49,0.0,10000,2.06,800,3.0,22.5,45.0,0,4.56,23.5,0.2,0.667,75.0,3,1,0.3209,Estabilizado,Operação Normal
2026-08-18T02:17:18.150100,637P-10,32815,2,TERM. PINHEIROS,TERM. STO. AMARO,1,23:16,5,12.0,5,20.0,21.27,21.49,0.0,10000,2.06,800,3.0,22.5,45.0,0,4.56,23.5,0.2,1.0,60.0,6,1,0.2501,Estabilizado,Operação Normal
2026-08-18T02:17:18.150100,4312-10,2172,1,TERM. PQ. D. PEDRO II,JD. MARÍLIA,1,23:16,2,30.0,2,20.0,21.27,21.49,0.0,10000,2.06,800,3.0,22.5,45.0,0,4.56,23.5,0.2,0.667,75.0,3,1,0.3209,Estabilizado,Operação Normal
2026-08-18T02:17:18.150100,5317-10,32837,2,PÇA. DO CORREIO,SESC/ORION,1,23:16,2,30.0,2,20.0,21.27,21.49,0.0,10000,2.06,800,3.0,22.5,45.0,0,4.56,23.5,0.2,0.667,75.0,3,1,0.3209,Estabilizado,Operação Normal
2026-08-18T02:17:18.150100,1178-33,34778,2,SÃO MIGUEL,PÇA. DO CORREIO,1,23:16,3,20.0,3,20.0,21.27,21.49,0.0,10000,2.06,800,3.0,22.5,45.0,0,4.56,23.5,0.2,1.0,66.67,4,1,0.2668,Estabilizado,Operação Normal
2026-08-18T02:17:18.150100,174M-10,673,1,MUSEU DO IPIRANGA,VL. SABRINA,1,23:16,4,15.0,4,20.0,21.27,21.49,0.0,10000,2.06,800,3.0,22.5,45.0,0,4.56,23.5,0.2,1.0,62.5,5,1,0.2564,Estabilizado,Operação Normal
2026-08-18T02:17:18.150100,8013-41,34779,2,JD. PAINEIRAS,TERM. JD. BRITANIA,1,23:16,1,60.0,1,20.0,21.27,21.49,0.0,10000,2.06,800,3.0,22.5,45.0,0,4.56,23.5,0.2,0.333,100.0,2,1,0.4168,Estabilizado,Operação Normal
2026-08-18T02:17:18.150100,2182-10,33468,2,PÇA. DO CORREIO,JD. BRASIL,1,23:16,4,15.0,4,20.0,21.27,21.49,0.0,10000,2.06,800,3.0,22.5,45.0,0,4.56,23.5,0.2,1.0,62.5,5,1,0.2564,Estabilizado,Operação Normal
2026-08-18T02:17:18.150100,502J-10,34043,2,METRÔ STA. CRUZ,EST. AUTÓDROMO,1,23:16,6,10.0,6,20.0,21.27,21.49,0.0,10000,2.06,800,3.0,22.5,45.0,0,4.56,23.5,0.2,1.0,58.33,7,1,0.246,Estabilizado,Operação Normal
2026-08-18T02:17:18.150100,2703-10,915,1,METRÔ ITAQUERA,JD. ETELVINA,1,23:16,6,10.0,6,20.0,21.27,21.49,0.0,10000,2.06,800,3.0,22.5,45.0,0,4.56,23.5,0.2,1.0,58.33,7,1,0.246,Estabilizado,Operação Normal
2026-08-18T02:17:18.150100,709G-10,34788,2,ITAIM BIBI,TERM. GUARAPIRANGA,1,23:16,3,20.0,3,20.0,21.27,21.49,0.0,10000,2.06,800,3.0,22.5,45.0,0,4.56,23.5,0.2,1.0,66.67,4,1,0.2668,Estabilizado,Operação Normal
2026-08-18T02:17:18.150100,5013-10,1117,1,STO. AMARO,JD. LUSO,1,23:16,3,20.0,3,20.0,21.27,21.49,0.0,10000,2.06,800,3.0,22.5,45.0,0,4.56,23.5,0.2,1.0,66.67,4,1,0.2668,Estabilizado,Operação Normal
2026-08-18T02:17:18.150100,6078-10,33934,2,SHOP. INTERLAGOS,CANTINHO DO CÉU,1,23:16,3,20.0,3,20.0,21.27,21.49,0.0,10000,2.06,800,3.0,22.5,45.0,0,4.56,23.5,0.2,1.0,66.67,4,1,0.2668,Estabilizado,Operação Normal
2026-08-18T02:17:18.150100,637A-10,32953,2,TERM. PINHEIROS,TERM. JD. ÂNGELA,1,23:16,11,5.5,12,20.0,21.27,21.49,0.0,10000,2.06,800,3.0,22.5,45.0,0,4.56,23.5,0.2,1.0,63.64,14,3,0.2592,Estabilizado,Operação Normal
2026-08-18T02:17:18.150100,3751-10,1047,1,METRÔ ITAQUERA,COHAB PRESTES MAIA,1,23:16,3,20.0,3,20.0,21.27,21.49,0.0,10000,2.06,800,3.0,22.5,45.0,0,4.56,23.5,0.2,1.0,66.67,4,1,0.2668,Estabilizado,Operação Normal
2026-08-18T02:17:18.150100,8006-10,1256,1,TERM. PIRITUBA,JD. DONÁRIA,1,23:16,2,30.0,2,20.0,21.27,21.49,0.0,10000,2.06,800,3.0,22.5,45.0,0,4.56,23.5,0.2,0.667,75.0,3,1,0.3209,Estabilizado,Operação Normal
2026-08-18T02:17:18.150100,263J-10,219,1,CONJ. JOSÉ BONIFÁCIO,PENHA,1,23:16,5,12.0,5,20.0,21.27,21.49,0.0,10000,2.06,800,3.0,22.5,45.0,0,4.56,23.5,0.2,1.0,60.0,6,1,0.2501,Estabilizado,Operação Normal
2026-08-18T02:17:18.150100,5300-10,33122,2,TERM. PQ. D. PEDRO II,TERM. STO. AMARO,1,23:16,5,12.0,5,20.0,21.27,21.49,0.0,10000,2.06,800,3.0,22.5,45.0,0,4.56,23.5,0.2,1.0,60.0,6,1,0.2501,Estabilizado,Operação Normal
2026-08-18T02:17:18.150100,606Y-10,35357,2,CHÁC. DO CONDE,EST. MENDES/VL. NATAL,1,23:16,1,60.0,1,20.0,21.27,21.49,0.0,10000,2.06,800,3.0,22.5,45.0,0,4.56,23.5,0.2,0.333,100.0,2,1,0.4168,Estabilizado,Operação Normal
2026-08-18T02:17:18.150100,8077-10,2050,1,TERM. VL. SÔNIA,JD. JOÃO XXIII,1,23:16,1,60.0,1,20.0,21.27,21.49,0.0,10000,2.06,800,3.0,22.5,45.0,0,4.56,23.5,0.2,0.333,100.0,2,1,0.4168,Estabilizado,Operação Normal
2026-08-18T02:17:18.150100,6031-10,92,1,EST. MENDES/VL. NATAL,TERM. GRAJAÚ,1,23:16,2,30.0,2,20.0,21.27,21.49,0.0,10000,2.06,800,3.0,22.5,45.0,0,4.56,23.5,0.2,0.667,75.0,3,1,0.3209,Estabilizado,Operação Normal
2026-08-18T02:17:18.150100,6803-10,32797,2,TERM. JOÃO DIAS,JD. CAPELINHA,1,23:16,2,30.0,2,20.0,21.27,21.49,0.0,10000,2.06,800,3.0,22.5,45.0,0,4.56,23.5,0.2,0.667,75.0,3,1,0.3209,Estabilizado,Operação Normal
2026-08-18T02:17:18.150100,888P-10,33222,2,COHAB TAIPAS,PERUS,1,23:16,4,15.0,4,20.0,21.27,21.49,0.0,10000,2.06,800,3.0,22.5,45.0,0,4.56,23.5,0.2,1.0,62.5,5,1,0.2564,Estabilizado,Operação Normal
2026-08-18T02:17:18.150100,1702-10,33614,2,TIETÊ,JOVA RURAL,1,23:16,3,20.0,3,20.0,21.27,21.49,0.0,10000,2.06,800,3.0,22.5,45.0,0,4.56,23.5,0.2,1.0,66.67,4,1,0.2668,Estabilizado,Operação Normal
2026-08-18T02:17:18.150100,4025-10,1095,1,METRÔ TATUAPÉ,VL. ALPINA,1,23:16,14,4.3,15,20.0,21.27,21.49,0.0,10000,2.06,800,3.0,22.5,45.0,0,4.56,23.5,0.2,1.0,64.29,18,4,0.2609,Estabilizado,Operação Normal
2026-08-18T02:17:18.150100,253F-10,32926,2,TERM. SÃO MATEUS,TERM. A. E. CARVALHO,1,23:16,4,15.0,4,20.0,21.27,21.49,0.0,10000,2.06,800,3.0,22.5,45.0,0,4.56,23.5,0.2,1.0,62.5,5,1,0.2564,Estabilizado,Operação Normal
2026-08-18T02:17:18.150100,1156-10,659,1,PÇA. DO CORREIO,VL. SABRINA,1,23:16,3,20.0,3,20.0,21.27,21.49,0.0,10000,2.06,800,3.0,22.5,45.0,0,4.56,23.5,0.2,1.0,66.67,4,1,0.2668,Estabilizado,Operação Normal
2026-08-18T02:17:18.150100,3006-10,1865,1,CPTM GUAIANASES,JD. FANGANIELO,1,23:16,4,15.0,4,20.0,21.27,21.49,0.0,10000,2.06,800,3.0,22.5,45.0,0,4.56,23.5,0.2,1.0,62.5,5,1,0.2564,Estabilizado,Operação Normal
2026-08-18T02:17:18.150100,1177-10,32897,2,LUZ,TERM. A. E. CARVALHO,1,23:16,11,5.5,12,20.0,21.27,21.49,0.0,10000,2.06,800,3.0,22.5,45.0,0,4.56,23.5,0.2,1.0,63.64,14,3,0.2592,Estabilizado,Operação Normal
2026-08-18T02:17:18.150100,8055-51,33185,2,METRÔ BARRA FUNDA,PERUS,1,23:16,3,20.0,3,20.0,21.27,21.49,0.0,10000,2.06,800,3.0,22.5,45.0,0,4.56,23.5,0.2,1.0,66.67,4,1,0.2668,Estabilizado,Operação Normal
2026-08-18T02:17:18.150100,407H-10,34965,2,METRÔ ITAQUERA,JD. SÃO FRANCISCO,1,23:16,6,10.0,6,20.0,21.27,21.49,0.0,10000,2.06,800,3.0,22.5,45.0,0,4.56,23.5,0.2,1.0,58.33,7,1,0.246,Estabilizado,Operação Normal
2026-08-18T02:17:18.150100,6821-10,21,1,TERM. CAPELINHA,JD. JANGADEIRO,1,23:16,2,30.0,2,20.0,21.27,21.49,0.0,10000,2.06,800,3.0,22.5,45.0,0,4.56,23.5,0.2,0.667,75.0,3,1,0.3209,Estabilizado,Operação Normal
2026-08-18T02:17:18.150100,1701-21,2476,1,METRÔ TUCURUVI,JOVA RURAL,1,23:16,4,15.0,4,20.0,21.27,21.49,0.0,10000,2.06,800,3.0,22.5,45.0,0,4.56,23.5,0.2,1.0,62.5,5,1,0.2564,Estabilizado,Operação Normal
2026-08-18T02:17:18.150100,5110-10,34977,2,TERM. MERCADO,TERM. SÃO MATEUS,1,23:16,10,6.0,11,20.0,21.27,21.49,0.0,10000,2.06,800,3.0,22.5,45.0,0,4.56,23.5,0.2,1.0,65.0,13,3,0.2626,Estabilizado,Operação Normal
2026-08-18T02:17:18.150100,6071-10,1156,1,TERM. STO. AMARO,JD. ORION,1,23:16,3,20.0,3,20.0,21.27,21.49,0.0,10000,2.06,800,3.0,22.5,45.0,0,4.56,23.5,0.2,1.0,66.67,4,1,0.2668,Estabilizado,Operação Normal
2026-08-18T02:17:18.150100,5103-10,1646,1,MOEMA,TERM. SACOMÃ,1,23:16,5,12.0,5,20.0,21.27,21.49,0.0,10000,2.06,800,3.0,22.5,45.0,0,4.56,23.5,0.2,1.0,60.0,6,1,0.2501,Estabilizado,Operação Normal
2026-08-18T02:17:18.150100,5391-10,32939,2,LGO. SÃO FRANCISCO,JD. ÂNGELA,1,23:16,6,10.0,6,20.0,21.27,21.49,0.0,10000,2.06,800,3.0,22.5,45.0,0,4.56,23.5,0.2,1.0,58.33,7,1,0.246,Estabilizado,Operação Normal
2026-08-18T02:17:18.150100,148P-10,33302,2,METRÔ BARRA FUNDA,PEDRA BRANCA,1,23:16,6,10.0,6,20.0,21.27,21.49,0.0,10000,2.06,800,3.0,22.5,45.0,0,4.56,23.5,0.2,1.0,58.33,7,1,0.246,Estabilizado,Operação Normal
2026-08-18T02:17:18.150100,971R-10,33382,2,METRÔ SANTANA,CPTM JARAGUÁ,1,23:16,12,5.0,13,20.0,21.27,21.49,0.0,10000,2.06,800,3.0,22.5,45.0,0,4.56,23.5,0.2,1.0,62.5,15,3,0.2564,Estabilizado,Operação Normal
2026-08-18T02:17:18.150100,550P-10,35455,2,METRÔ BRÁS,TERM. VL. PRUDENTE,1,23:16,2,30.0,2,20.0,21.27,21.49,0.0,10000,2.06,800,3.0,22.5,45.0,0,4.56,23.5,0.2,0.667,75.0,3,1,0.3209,Estabilizado,Operação Normal
2026-08-18T02:17:18.150100,809V-10,35011,2,METRÔ - TRIANON - MASP,VL. GOMES,1,23:16,1,60.0,1,20.0,21.27,21.49,0.0,10000,2.06,800,3.0,22.5,45.0,0,4.56,23.5,0.2,0.333,100.0,2,1,0.4168,Estabilizado,Operação Normal
2026-08-18T02:17:18.150100,848L-10,33576,2,TERM. PIRITUBA,RECANTO DOS HUMILDES,1,23:16,5,12.0,5,20.0,21.27,21.49,0.0,10000,2.06,800,3.0,22.5,45.0,0,4.56,23.5,0.2,1.0,60.0,6,1,0.2501,Estabilizado,Operação Normal
2026-08-18T02:17:18.150100,917H-10,456,1,METRÔ VL. MARIANA,TERM. PIRITUBA,1,23:16,6,10.0,6,20.0,21.27,21.49,0.0,10000,2.06,800,3.0,22.5,45.0,0,4.56,23.5,0.2,1.0,58.33,7,1,0.246,Estabilizado,Operação Normal
2026-08-18T02:17:18.150100,4732-31,2127,1,METRÔ SAÚDE,VL. LIVIERO,1,23:16,3,20.0,3,20.0,21.27,21.49,0.0,10000,2.06,800,3.0,22.5,45.0,0,4.56,23.5,0.2,1.0,66.67,4,1,0.2668,Estabilizado,Operação Normal
2026-08-18T02:17:18.150100,2704-10,916,1,METRÔ ITAQUERA,JD. ROBRU,1,23:16,3,20.0,3,20.0,21.27,21.49,0.0,10000,2.06,800,3.0,22.5,45.0,0,4.56,23.5,0.2,1.0,66.67,4,1,0.2668,Estabilizado,Operação Normal
2026-08-18T02:17:18.150100,2005-10,33661,2,SÃO MIGUEL,JD. ROMANO,1,23:16,1,60.0,1,20.0,21.27,21.49,0.0,10000,2.06,800,3.0,22.5,45.0,0,4.56,23.5,0.2,0.333,100.0,2,1,0.4168,Estabilizado,Operação Normal
2026-08-18T02:17:18.150100,177H-10,33398,2,CID. UNIVERSITÁRIA,METRÔ SANTANA,1,23:16,5,12.0,5,20.0,21.27,21.49,0.0,10000,2.06,800,3.0,22.5,45.0,0,4.56,23.5,0.2,1.0,60.0,6,1,0.2501,Estabilizado,Operação Normal
2026-08-18T02:17:18.150100,175T-10,33391,2,METRÔ JABAQUARA,METRÔ SANTANA,1,23:16,9,6.7,9,20.0,21.27,21.49,0.0,10000,2.06,800,3.0,22.5,45.0,0,4.56,23.5,0.2,1.0,61.11,11,2,0.2529,Estabilizado,Operação Normal
2026-08-18T02:17:18.150100,6074-10,33929,2,EST. JURUBATUBA,JD. GAIVOTAS,1,23:16,3,20.0,3,20.0,21.27,21.49,0.0,10000,2.06,800,3.0,22.5,45.0,0,4.56,23.5,0.2,1.0,66.67,4,1,0.2668,Estabilizado,Operação Normal
2026-08-18T02:17:18.150100,273D-10,32990,2,METRÔ ARTUR ALVIM,PQ. D. JOÃO NERY,1,23:16,3,20.0,3,20.0,21.27,21.49,0.0,10000,2.06,800,3.0,22.5,45.0,0,4.56,23.5,0.2,1.0,66.67,4,1,0.2668,Estabilizado,Operação Normal
2026-08-18T02:17:18.150100,1765-10,1782,1,METRÔ TUCURUVI,JD. CABUÇU,1,23:16,2,30.0,2,20.0,21.27,21.49,0.0,10000,2.06,800,3.0,22.5,45.0,0,4.56,23.5,0.2,0.667,75.0,3,1,0.3209,Estabilizado,Operação Normal
2026-08-18T02:17:18.150100,807M-10,34684,2,SHOP. MORUMBI,TERM. CAMPO LIMPO,1,23:16,4,15.0,4,20.0,21.27,21.49,0.0,10000,2.06,800,3.0,22.5,45.0,0,4.56,23.5,0.2,1.0,62.5,5,1,0.2564,Estabilizado,Operação Normal
2026-08-18T02:17:18.150100,577T-10,34059,2,METRÔ ANA ROSA,JD. MIRIAM,1,23:16,4,15.0,4,20.0,21.27,21.49,0.0,10000,2.06,800,3.0,22.5,45.0,0,4.56,23.5,0.2,1.0,62.5,5,1,0.2564,Estabilizado,Operação Normal
2026-08-18T02:17:18.150100,2772-10,33166,2,METRÔ PENHA,JD. NAZARÉ,1,23:16,4,15.0,4,20.0,21.27,21.49,0.0,10000,2.06,800,3.0,22.5,45.0,0,4.56,23.5,0.2,1.0,62.5,5,1,0.2564,Estabilizado,Operação Normal
2026-08-18T02:17:18.150100,4210-10,34938,2,TERM. PQ. D. PEDRO II,TERM. CID. TIRADENTES,1,23:16,9,6.7,9,20.0,21.27,21.49,0.0,10000,2.06,800,3.0,22.5,45.0,0,4.56,23.5,0.2,1.0,61.11,11,2,0.2529,Estabilizado,Operação Normal
2026-08-18T02:17:18.150100,373T-10,33859,2,METRÔ BRESSER,JD. ITÁPOLIS,1,23:16,8,7.5,8,20.0,21.27,21.49,0.0,10000,2.06,800,3.0,22.5,45.0,0,4.56,23.5,0.2,1.0,62.5,10,2,0.2564,Estabilizado,Operação Normal
2026-08-18T02:17:18.150100,178Y-10,868,1,METRÔ JD. SÃO PAULO,VL. AMÉLIA,1,23:16,2,30.0,2,20.0,21.27,21.49,0.0,10000,2.06,800,3.0,22.5,45.0,0,4.56,23.5,0.2,0.667,75.0,3,1,0.3209,Estabilizado,Operação Normal
2026-08-18T02:17:18.150100,5143-10,34396,2,TERM. PQ. D. PEDRO II,TERM. SAPOPEMBA,1,23:16,3,20.0,3,20.0,21.27,21.49,0.0,10000,2.06,800,3.0,22.5,45.0,0,4.56,23.5,0.2,1.0,66.67,4,1,0.2668,Estabilizado,Operação Normal
2026-08-18T02:17:18.150100,342M-10,33515,2,TERM. PENHA,TERM. SÃO MATEUS,1,23:16,5,12.0,5,20.0,21.27,21.49,0.0,10000,2.06,800,3.0,22.5,45.0,0,4.56,23.5,0.2,1.0,60.0,6,1,0.2501,Estabilizado,Operação Normal
2026-08-18T02:17:18.150100,209P-10,2216,1,TERM. PINHEIROS,CACHOEIRINHA,1,23:16,5,12.0,5,20.0,21.27,21.49,0.0,10000,2.06,800,3.0,22.5,45.0,0,4.56,23.5,0.2,1.0,60.0,6,1,0.2501,Estabilizado,Operação Normal
2026-08-18T02:17:18.150100,2029-10,35038,2,METRÔ TUCURUVI,JD. FONTÁLIS,1,23:16,4,15.0,4,20.0,21.27,21.49,0.0,10000,2.06,800,3.0,22.5,45.0,0,4.56,23.5,0.2,1.0,62.5,5,1,0.2564,Estabilizado,Operação Normal
2026-08-18T02:17:18.150100,5106-21,1972,1,TERM. ÁGUA ESPRAIADA,JD. SELMA,1,23:16,4,15.0,4,20.0,21.27,21.49,0.0,10000,2.06,800,3.0,22.5,45.0,0,4.56,23.5,0.2,1.0,62.5,5,1,0.2564,Estabilizado,Operação Normal
2026-08-18T02:17:18.150100,7245-10,33131,2,HOSP. DAS CLÍNICAS,TERM. STO. AMARO,1,23:16,3,20.0,3,20.0,21.27,21.49,0.0,10000,2.06,800,3.0,22.5,45.0,0,4.56,23.5,0.2,1.0,66.67,4,1,0.2668,Estabilizado,Operação Normal
2026-08-18T02:17:18.150100,7005-10,34766,2,JD. ÂNGELA,JD. VERA CRUZ,1,23:16,2,30.0,2,20.0,21.27,21.49,0.0,10000,2.06,800,3.0,22.5,45.0,0,4.56,23.5,0.2,0.667,75.0,3,1,0.3209,Estabilizado,Operação Normal
2026-08-18T02:17:18.150100,3098-10,33846,2,SHOP. ARICANDUVA,JD. SÃO FRANCISCO,1,23:16,4,15.0,4,20.0,21.27,21.49,0.0,10000,2.06,800,3.0,22.5,45.0,0,4.56,23.5,0.2,1.0,62.5,5,1,0.2564,Estabilizado,Operação Normal
2026-08-18T02:17:18.150100,2678-10,33151,2,TERM. PQ. D. PEDRO II,OLIVEIRINHA,1,23:16,10,6.0,11,20.0,21.27,21.49,0.0,10000,2.06,800,3.0,22.5,45.0,0,4.56,23.5,0.2,1.0,65.0,13,3,0.2626,Estabilizado,Operação Normal
2026-08-18T02:17:18.150100,3390-10,738,1,TERM. PQ. D. PEDRO II,SÃO MATEUS,1,23:16,6,10.0,6,20.0,21.27,21.49,0.0,10000,2.06,800,3.0,22.5,45.0,0,4.56,23.5,0.2,1.0,58.33,7,1,0.246,Estabilizado,Operação Normal
2026-08-18T02:17:18.150100,809J-10,34834,2,METRÔ MORUMBI,JD. COLOMBO,1,23:16,1,60.0,1,20.0,21.27,21.49,0.0,10000,2.06,800,3.0,22.5,45.0,0,4.56,23.5,0.2,0.333,100.0,2,1,0.4168,Estabilizado,Operação Normal
2026-08-18T02:17:18.150100,2590-10,912,1,PQ. D. PEDRO II,UNIÃO DE VL. NOVA,1,23:16,4,15.0,4,20.0,21.27,21.49,0.0,10000,2.06,800,3.0,22.5,45.0,0,4.56,23.5,0.2,1.0,62.5,5,1,0.2564,Estabilizado,Operação Normal
2026-08-18T02:17:18.150100,8500-10,1267,1,METRÔ BARRA FUNDA,TERM. PIRITUBA,1,23:16,2,30.0,2,20.0,21.27,21.49,0.0,10000,2.06,800,3.0,22.5,45.0,0,4.56,23.5,0.2,0.667,75.0,3,1,0.3209,Estabilizado,Operação Normal
2026-08-18T02:17:18.150100,9002-10,33638,2,TERM. CACHOEIRINHA,JD. PERY ALTO,1,23:16,4,15.0,4,20.0,21.27,21.49,0.0,10000,2.06,800,3.0,22.5,45.0,0,4.56,23.5,0.2,1.0,62.5,5,1,0.2564,Estabilizado,Operação Normal
2026-08-18T02:17:18.150100,2435-10,32978,2,TERM. ARICANDUVA,JD. COIMBRA,1,23:16,3,20.0,3,20.0,21.27,21.49,0.0,10000,2.06,800,3.0,22.5,45.0,0,4.56,23.5,0.2,1.0,66.67,4,1,0.2668,Estabilizado,Operação Normal
2026-08-18T02:17:18.150100,527R-10,271,1,TERM. STO. AMARO,VL. IMPÉRIO,1,23:16,4,15.0,4,20.0,21.27,21.49,0.0,10000,2.06,800,3.0,22.5,45.0,0,4.56,23.5,0.2,1.0,62.5,5,1,0.2564,Estabilizado,Operação Normal
2026-08-18T02:17:18.150100,8538-10,1359,1,PÇA. DO CORREIO,FREGUESIA DO Ó,1,23:16,1,60.0,1,20.0,21.27,21.49,0.0,10000,2.06,800,3.0,22.5,45.0,0,4.56,23.5,0.2,0.333,100.0,2,1,0.4168,Estabilizado,Operação Normal
2026-08-18T02:17:18.150100,3795-10,33841,2,METRÔ ITAQUERA,JD. SÃO CARLOS,1,23:16,3,20.0,3,20.0,21.27,21.49,0.0,10000,2.06,800,3.0,22.5,45.0,0,4.56,23.5,0.2,1.0,66.67,4,1,0.2668,Estabilizado,Operação Normal
2026-08-18T02:17:18.150100,971M-10,33380,2,METRÔ SANTANA,VL. PENTEADO,1,23:16,6,10.0,6,20.0,21.27,21.49,0.0,10000,2.06,800,3.0,22.5,45.0,0,4.56,23.5,0.2,1.0,58.33,7,1,0.246,Estabilizado,Operação Normal
2026-08-18T02:17:18.150100,675A-10,34086,2,METRÔ SÃO JUDAS,PQ. STO. ANTONIO,1,23:16,5,12.0,5,20.0,21.27,21.49,0.0,10000,2.06,800,3.0,22.5,45.0,0,4.56,23.5,0.2,1.0,60.0,6,1,0.2501,Estabilizado,Operação Normal
2026-08-18T02:17:18.150100,407P-10,2200,1,METRÔ TATUAPÉ,TERM. CID. TIRADENTES,1,23:16,3,20.0,3,20.0,21.27,21.49,0.0,10000,2.06,800,3.0,22.5,45.0,0,4.56,23.5,0.2,1.0,66.67,4,1,0.2668,Estabilizado,Operação Normal
2026-08-18T02:17:18.150100,9300-10,32884,2,TERM. PQ. D. PEDRO II,TERM. CASA VERDE,1,23:16,3,20.0,3,20.0,21.27,21.49,0.0,10000,2.06,800,3.0,22.5,45.0,0,4.56,23.5,0.2,1.0,66.67,4,1,0.2668,Estabilizado,Operação Normal
2026-08-18T02:17:18.150100,5362-23,34628,2,VICENTE RAO,PQ. RES. COCAIA,1,23:16,2,30.0,2,20.0,21.27,21.49,0.0,10000,2.06,800,3.0,22.5,45.0,0,4.56,23.5,0.2,0.667,75.0,3,1,0.3209,Estabilizado,Operação Normal
2026-08-18T02:17:18.150100,7013-10,775,1,TERM. VL. SÔNIA,PQ. ARARIBA,1,23:16,4,15.0,4,20.0,21.27,21.49,0.0,10000,2.06,800,3.0,22.5,45.0,0,4.56,23.5,0.2,1.0,62.5,5,1,0.2564,Estabilizado,Operação Normal
2026-08-18T02:17:18.150100,9004-10,871,1,TERM. CACHOEIRINHA,JD. ELISA MARIA,1,23:16,15,4.0,16,20.0,21.27,21.49,0.0,10000,2.06,800,3.0,22.5,45.0,0,4.56,23.5,0.2,1.0,63.33,19,4,0.2585,Estabilizado,Operação Normal
2026-08-18T02:17:18.150100,3539-10,33516,2,METRÔ BRESSER,CID. TIRADENTES,1,23:16,7,8.6,7,20.0,21.27,21.49,0.0,10000,2.06,800,3.0,22.5,45.0,0,4.56,23.5,0.2,1.0,57.14,8,1,0.243,Estabilizado,Operação Normal
2026-08-18T02:17:18.150100,6048-10,32824,2,STO. AMARO,CAPÃO REDONDO,1,23:16,2,30.0,2,20.0,21.27,21.49,0.0,10000,2.06,800,3.0,22.5,45.0,0,4.56,23.5,0.2,0.667,75.0,3,1,0.3209,Estabilizado,Operação Normal
2026-08-18T02:17:18.150100,7004-10,1992,1,EST. STO. AMARO/GUIDO CALOI,TERM. JD. JACIRA,1,23:16,4,15.0,4,20.0,21.27,21.49,0.0,10000,2.06,800,3.0,22.5,45.0,0,4.56,23.5,0.2,1.0,62.5,5,1,0.2564,Estabilizado,Operação Normal
2026-08-18T02:17:18.150100,4726-10,1680,1,METRÔ TATUAPÉ,MOOCA,1,23:16,5,12.0,5,20.0,21.27,21.49,0.0,10000,2.06,800,3.0,22.5,45.0,0,4.56,23.5,0.2,1.0,60.0,6,1,0.2501,Estabilizado,Operação Normal
2026-08-18T02:17:18.150100,6063-42,34770,2,TERM. EST. VARGINHA,CHÁC. STO. AMARO,1,23:16,3,20.0,3,20.0,21.27,21.49,0.0,10000,2.06,800,3.0,22.5,45.0,0,4.56,23.5,0.2,1.0,66.67,4,1,0.2668,Estabilizado,Operação Normal
2026-08-18T02:17:18.150100,748R-10,501,1,METRÔ BARRA FUNDA,JD. JOÃO XXIII,1,23:16,4,15.0,4,20.0,21.27,21.49,0.0,10000,2.06,800,3.0,22.5,45.0,0,4.56,23.5,0.2,1.0,62.5,5,1,0.2564,Estabilizado,Operação Normal
2026-08-18T02:17:18.150100,1020-10,2497,1,CONEXÃO VL. IÓRIO ,PERUS,1,23:16,2,30.0,2,20.0,21.27,21.49,0.0,10000,2.06,800,3.0,22.5,45.0,0,4.56,23.5,0.2,0.667,75.0,3,1,0.3209,Estabilizado,Operação Normal
2026-08-18T02:17:18.150100,8017-10,34029,2,TERM. PIRITUBA,CPTM VL. AURORA,1,23:16,2,30.0,2,20.0,21.27,21.49,0.0,10000,2.06,800,3.0,22.5,45.0,0,4.56,23.5,0.2,0.667,75.0,3,1,0.3209,Estabilizado,Operação Normal
2026-08-18T02:17:18.150100,8600-10,1432,1,LGO. DO PAISSANDU,TERM. PIRITUBA,1,23:16,3,20.0,3,20.0,21.27,21.49,0.0,10000,2.06,800,3.0,22.5,45.0,0,4.56,23.5,0.2,1.0,66.67,4,1,0.2668,Estabilizado,Operação Normal
2026-08-18T02:17:18.150100,GUIN-10,3008,1,GUINCHO,GUINCHO,1,23:16,1,60.0,1,20.0,21.27,21.49,0.0,10000,2.06,800,3.0,22.5,45.0,0,4.56,23.5,0.2,0.333,100.0,2,1,0.4168,Estabilizado,Operação Normal
2026-08-18T02:17:18.150100,N535-11,35155,2,JD. CELESTE,TERM. SACOMÃ,1,23:16,1,60.0,1,20.0,21.27,21.49,0.0,10000,2.06,800,3.0,22.5,45.0,0,4.56,23.5,0.2,0.333,100.0,2,1,0.4168,Estabilizado,Operação Normal
2026-08-18T02:17:18.150100,6082-10,35446,2,CONEXÃO TERMINAIS,CONEXÃO TERMINAIS,1,23:16,2,30.0,2,20.0,21.27,21.49,0.0,10000,2.06,800,3.0,22.5,45.0,0,4.56,23.5,0.2,0.667,75.0,3,1,0.3209,Estabilizado,Operação Normal
2026-08-18T02:17:18.150100,6099-10,34355,2,DIVISA DE EMBU-GUAÇU,TERM. GRAJAÚ,1,23:16,2,30.0,2,20.0,21.27,21.49,0.0,10000,2.06,800,3.0,22.5,45.0,0,4.56,23.5,0.2,0.667,75.0,3,1,0.3209,Estabilizado,Operação Normal
2026-08-18T02:17:18.150100,5757-51,1976,1,METRÔ CONCEIÇÃO,PEDREIRA,1,23:16,5,12.0,5,20.0,21.27,21.49,0.0,10000,2.06,800,3.0,22.5,45.0,0,4.56,23.5,0.2,1.0,60.0,6,1,0.2501,Estabilizado,Operação Normal
2026-08-18T02:17:18.150100,2104-10,35023,2,TERM. PQ. D. PEDRO II,METRÔ SANTANA,1,23:16,2,30.0,2,20.0,21.27,21.49,0.0,10000,2.06,800,3.0,22.5,45.0,0,4.56,23.5,0.2,0.667,75.0,3,1,0.3209,Estabilizado,Operação Normal
2026-08-18T02:17:18.150100,745M-10,782,1,SHOP. SP MARKET,CAMPO LIMPO,1,23:16,5,12.0,5,20.0,21.27,21.49,0.0,10000,2.06,800,3.0,22.5,45.0,0,4.56,23.5,0.2,1.0,60.0,6,1,0.2501,Estabilizado,Operação Normal
2026-08-18T02:17:18.150100,1758-10,552,1,METRÔ SANTANA,JD. ANTÁRTICA,1,23:16,3,20.0,3,20.0,21.27,21.49,0.0,10000,2.06,800,3.0,22.5,45.0,0,4.56,23.5,0.2,1.0,66.67,4,1,0.2668,Estabilizado,Operação Normal
2026-08-18T02:17:18.150100,6022-10,33975,2,JD. ÂNGELA,PQ. CEREJEIRA,1,23:16,1,60.0,1,20.0,21.27,21.49,0.0,10000,2.06,800,3.0,22.5,45.0,0,4.56,23.5,0.2,0.333,100.0,2,1,0.4168,Estabilizado,Operação Normal
2026-08-18T02:17:18.150100,179X-10,680,1,METRÔ BARRA FUNDA,JD. FONTÁLIS,1,23:16,6,10.0,6,20.0,21.27,21.49,0.0,10000,2.06,800,3.0,22.5,45.0,0,4.56,23.5,0.2,1.0,58.33,7,1,0.246,Estabilizado,Operação Normal
2026-08-18T02:17:18.150100,2030-10,2264,1,METRÔ SANTANA,LAUZANE PAULISTA,1,23:16,1,60.0,1,20.0,21.27,21.49,0.0,10000,2.06,800,3.0,22.5,45.0,0,4.56,23.5,0.2,0.333,100.0,2,1,0.4168,Estabilizado,Operação Normal
2026-08-18T02:17:18.150100,6061-10,33918,2,TERM. GRAJAÚ,JD. MARILDA,1,23:16,5,12.0,5,20.0,21.27,21.49,0.0,10000,2.06,800,3.0,22.5,45.0,0,4.56,23.5,0.2,1.0,60.0,6,1,0.2501,Estabilizado,Operação Normal
2026-08-18T02:17:18.150100,407P-10,34968,2,METRÔ TATUAPÉ,TERM. CID. TIRADENTES,1,23:16,7,8.6,7,20.0,21.27,21.49,0.0,10000,2.06,800,3.0,22.5,45.0,0,4.56,23.5,0.2,1.0,57.14,8,1,0.243,Estabilizado,Operação Normal
2026-08-18T02:17:18.150100,5029-10,34440,2,TERM. SACOMÃ,JD. PATENTE,1,23:16,3,20.0,3,20.0,21.27,21.49,0.0,10000,2.06,800,3.0,22.5,45.0,0,4.56,23.5,0.2,1.0,66.67,4,1,0.2668,Estabilizado,Operação Normal
2026-08-18T02:17:18.150100,3735-41,34688,2,JD. SÃO JOSÉ,METRÔ ARTUR ALVIM,1,23:16,1,60.0,1,20.0,21.27,21.49,0.0,10000,2.06,800,3.0,22.5,45.0,0,4.56,23.5,0.2,0.333,100.0,2,1,0.4168,Estabilizado,Operação Normal
2026-08-18T02:17:18.150100,3766-10,33823,2,METRÔ ITAQUERA,COHAB II,1,23:16,6,10.0,6,20.0,21.27,21.49,0.0,10000,2.06,800,3.0,22.5,45.0,0,4.56,23.5,0.2,1.0,58.33,7,1,0.246,Estabilizado,Operação Normal
2026-08-18T02:17:18.150100,4734-10,1109,1,METRÔ SAÚDE,VL. MORAES,1,23:16,4,15.0,4,20.0,21.27,21.49,0.0,10000,2.06,800,3.0,22.5,45.0,0,4.56,23.5,0.2,1.0,62.5,5,1,0.2564,Estabilizado,Operação Normal
2026-08-18T02:17:18.150100,175T-10,623,1,METRÔ JABAQUARA,METRÔ SANTANA,1,23:16,6,10.0,6,20.0,21.27,21.49,0.0,10000,2.06,800,3.0,22.5,45.0,0,4.56,23.5,0.2,1.0,58.33,7,1,0.246,Estabilizado,Operação Normal
2026-08-18T02:17:18.150100,1036-10,35221,2,CONEXÃO VL. IÓRIO,COHAB BRASILÂNDIA,1,23:16,4,15.0,4,20.0,21.27,21.49,0.0,10000,2.06,800,3.0,22.5,45.0,0,4.56,23.5,0.2,1.0,62.5,5,1,0.2564,Estabilizado,Operação Normal
2026-08-18T02:17:18.150100,2100-10,33481,2,PÇA. DA SÉ,TERM. VL. CARRÃO,1,23:16,6,10.0,6,20.0,21.27,21.49,0.0,10000,2.06,800,3.0,22.5,45.0,0,4.56,23.5,0.2,1.0,58.33,7,1,0.246,Estabilizado,Operação Normal
2026-08-18T02:17:18.150100,847P-42,34192,2,VL. OLÍMPIA,BRASILÂNDIA,1,23:16,2,30.0,2,20.0,21.27,21.49,0.0,10000,2.06,800,3.0,22.5,45.0,0,4.56,23.5,0.2,0.667,75.0,3,1,0.3209,Estabilizado,Operação Normal
2026-08-18T02:17:18.150100,2363-10,135,1,TERM. PQ. D. PEDRO II,JD. DANFER,1,23:16,4,15.0,4,20.0,21.27,21.49,0.0,10000,2.06,800,3.0,22.5,45.0,0,4.56,23.5,0.2,1.0,62.5,5,1,0.2564,Estabilizado,Operação Normal
2026-08-18T02:17:18.150100,8019-31,35342,2,TERM. VL. SÔNIA,PQ. CONTINENTAL,1,23:16,3,20.0,3,20.0,21.27,21.49,0.0,10000,2.06,800,3.0,22.5,45.0,0,4.56,23.5,0.2,1.0,66.67,4,1,0.2668,Estabilizado,Operação Normal
2026-08-18T02:17:18.150100,6818-10,32796,2,TERM. CAPELINHA,JD. VALE DAS VIRTUDES,1,23:16,5,12.0,5,20.0,21.27,21.49,0.0,10000,2.06,800,3.0,22.5,45.0,0,4.56,23.5,0.2,1.0,60.0,6,1,0.2501,Estabilizado,Operação Normal
2026-08-18T02:17:18.150100,8010-10,33566,2,LAPA,PERUS,1,23:16,3,20.0,3,20.0,21.27,21.49,0.0,10000,2.06,800,3.0,22.5,45.0,0,4.56,23.5,0.2,1.0,66.67,4,1,0.2668,Estabilizado,Operação Normal
2026-08-18T02:17:18.150100,478P-10,349,1,VL. ROMANA,SACOMÃ,1,23:16,3,20.0,3,20.0,21.27,21.49,0.0,10000,2.06,800,3.0,22.5,45.0,0,4.56,23.5,0.2,1.0,66.67,4,1,0.2668,Estabilizado,Operação Normal
2026-08-18T02:17:18.150100,3390-10,33506,2,TERM. PQ. D. PEDRO II,SÃO MATEUS,1,23:16,3,20.0,3,20.0,21.27,21.49,0.0,10000,2.06,800,3.0,22.5,45.0,0,4.56,23.5,0.2,1.0,66.67,4,1,0.2668,Estabilizado,Operação Normal
2026-08-18T02:17:18.150100,8021-10,2073,1,BUTANTÃ,JD. MARIA LUIZA,1,23:16,1,60.0,1,20.0,21.27,21.49,0.0,10000,2.06,800,3.0,22.5,45.0,0,4.56,23.5,0.2,0.333,100.0,2,1,0.4168,Estabilizado,Operação Normal
2026-08-18T02:17:18.150100,4004-10,2178,1,BARRO BRANCO,TERM. CID. TIRADENTES,1,23:16,2,30.0,2,20.0,21.27,21.49,0.0,10000,2.06,800,3.0,22.5,45.0,0,4.56,23.5,0.2,0.667,75.0,3,1,0.3209,Estabilizado,Operação Normal
2026-08-18T02:17:18.150100,7006-51,34765,2,METRÔ CAPÃO REDONDO,JD. HORIZONTE AZUL,1,23:16,6,10.0,6,20.0,21.27,21.49,0.0,10000,2.06,800,3.0,22.5,45.0,0,4.56,23.5,0.2,1.0,58.33,7,1,0.246,Estabilizado,Operação Normal
2026-08-18T02:17:18.150100,9012-10,34036,2,TERM. LAPA,ITABERABA,1,23:16,2,30.0,2,20.0,21.27,21.49,0.0,10000,2.06,800,3.0,22.5,45.0,0,4.56,23.5,0.2,0.667,75.0,3,1,0.3209,Estabilizado,Operação Normal
2026-08-18T02:17:18.150100,2732-10,947,1,VL. REGINA,METRÔ ARTUR ALVIM,1,23:16,3,20.0,3,20.0,21.27,21.49,0.0,10000,2.06,800,3.0,22.5,45.0,0,4.56,23.5,0.2,1.0,66.67,4,1,0.2668,Estabilizado,Operação Normal
2026-08-18T02:17:18.150100,2079-10,370,1,CPTM ITAIM PAULISTA,JD. NÉLIA,1,23:16,8,7.5,8,20.0,21.27,21.49,0.0,10000,2.06,800,3.0,22.5,45.0,0,4.56,23.5,0.2,1.0,62.5,10,2,0.2564,Estabilizado,Operação Normal
2026-08-18T02:17:18.150100,209P-10,34984,2,TERM. PINHEIROS,CACHOEIRINHA,1,23:16,7,8.6,7,20.0,21.27,21.49,0.0,10000,2.06,800,3.0,22.5,45.0,0,4.56,23.5,0.2,1.0,57.14,8,1,0.243,Estabilizado,Operação Normal
2026-08-18T02:17:18.150100,609F-10,37,1,TERM. PRINC. ISABEL,CHÁC. SANTANA,1,23:16,4,15.0,4,20.0,21.27,21.49,0.0,10000,2.06,800,3.0,22.5,45.0,0,4.56,23.5,0.2,1.0,62.5,5,1,0.2564,Estabilizado,Operação Normal
2026-08-18T02:17:18.150100,273R-10,226,1,METRÔ ARTUR ALVIM,JD. ROBRU,1,23:16,4,15.0,4,20.0,21.27,21.49,0.0,10000,2.06,800,3.0,22.5,45.0,0,4.56,23.5,0.2,1.0,62.5,5,1,0.2564,Estabilizado,Operação Normal
2026-08-18T02:17:18.150100,6836-10,32781,2,TERM. JOÃO DIAS,CAPÃO REDONDO,1,23:16,5,12.0,5,20.0,21.27,21.49,0.0,10000,2.06,800,3.0,22.5,45.0,0,4.56,23.5,0.2,1.0,60.0,6,1,0.2501,Estabilizado,Operação Normal
2026-08-18T02:17:18.150100,4024-10,2158,1,E.T. ITAQUERA,COHAB FAZENDA DO CARMO,1,23:16,2,30.0,2,20.0,21.27,21.49,0.0,10000,2.06,800,3.0,22.5,45.0,0,4.56,23.5,0.2,0.667,75.0,3,1,0.3209,Estabilizado,Operação Normal
2026-08-18T02:17:18.150100,414P-10,33873,2,TERM. NORTE METRÔ CARRÃO,VL. INDUSTRIAL,1,23:16,6,10.0,6,20.0,21.27,21.49,0.0,10000,2.06,800,3.0,22.5,45.0,0,4.56,23.5,0.2,1.0,58.33,7,1,0.246,Estabilizado,Operação Normal
2026-08-18T02:17:18.150100,211L-10,2265,1,LAPA,MANDAQUI,1,23:16,2,30.0,2,20.0,21.27,21.49,0.0,10000,2.06,800,3.0,22.5,45.0,0,4.56,23.5,0.2,0.667,75.0,3,1,0.3209,Estabilizado,Operação Normal
2026-08-18T02:17:18.150100,274P-10,33000,2,METRÔ VL. MARIANA,PENHA,1,23:16,2,30.0,2,20.0,21.27,21.49,0.0,10000,2.06,800,3.0,22.5,45.0,0,4.56,23.5,0.2,0.667,75.0,3,1,0.3209,Estabilizado,Operação Normal
2026-08-18T02:17:18.150100,5127-10,33895,2,EST. JURUBATUBA,VL. GUACURI,1,23:16,7,8.6,7,20.0,21.27,21.49,0.0,10000,2.06,800,3.0,22.5,45.0,0,4.56,23.5,0.2,1.0,57.14,8,1,0.243,Estabilizado,Operação Normal
2026-08-18T02:17:18.150100,1732-10,33439,2,TERM. AMARAL GURGEL,VL. SABRINA,1,23:16,5,12.0,5,20.0,21.27,21.49,0.0,10000,2.06,800,3.0,22.5,45.0,0,4.56,23.5,0.2,1.0,60.0,6,1,0.2501,Estabilizado,Operação Normal
2026-08-18T02:17:18.150100,1709-10,33619,2,METRÔ TUCURUVI,JD. JOANA D'ARC,1,23:16,4,15.0,4,20.0,21.27,21.49,0.0,10000,2.06,800,3.0,22.5,45.0,0,4.56,23.5,0.2,1.0,62.5,5,1,0.2564,Estabilizado,Operação Normal
2026-08-18T02:17:18.150100,3902-10,1470,1,CPTM GUAIANASES,CPTM JD. ROMANO,1,23:16,5,12.0,5,20.0,21.27,21.49,0.0,10000,2.06,800,3.0,22.5,45.0,0,4.56,23.5,0.2,1.0,60.0,6,1,0.2501,Estabilizado,Operação Normal
2026-08-18T02:17:18.150100,6L04-10,33948,2,TERM. PARELHEIROS,JD. ORIENTAL/FONTES,1,23:16,3,20.0,3,20.0,21.27,21.49,0.0,10000,2.06,800,3.0,22.5,45.0,0,4.56,23.5,0.2,1.0,66.67,4,1,0.2668,Estabilizado,Operação Normal
2026-08-18T02:17:18.150100,271C-10,33450,2,TERM. PRINC. ISABEL - CIRCULAR,PQ. VL. MARIA,1,23:16,2,30.0,2,20.0,21.27,21.49,0.0,10000,2.06,800,3.0,22.5,45.0,0,4.56,23.5,0.2,0.667,75.0,3,1,0.3209,Estabilizado,Operação Normal
2026-08-18T02:17:18.150100,5010-10,33882,2,STO. AMARO,JABAQUARA,1,23:16,3,20.0,3,20.0,21.27,21.49,0.0,10000,2.06,800,3.0,22.5,45.0,0,4.56,23.5,0.2,1.0,66.67,4,1,0.2668,Estabilizado,Operação Normal
2026-08-18T02:17:18.150100,6037-10,33983,2,TERM. CAPELINHA,JD. MITSUTANI,1,23:16,3,20.0,3,20.0,21.27,21.49,0.0,10000,2.06,800,3.0,22.5,45.0,0,4.56,23.5,0.2,1.0,66.67,4,1,0.2668,Estabilizado,Operação Normal
2026-08-18T02:17:18.150100,8085-10,35376,2,CIRCULAR USP,P3,1,23:16,2,30.0,2,20.0,21.27,21.49,0.0,10000,2.06,800,3.0,22.5,45.0,0,4.56,23.5,0.2,0.667,75.0,3,1,0.3209,Estabilizado,Operação Normal
2026-08-18T02:17:18.150100,7272-10,34101,2,PÇA. RAMOS DE AZEVEDO,MERCADO DA LAPA,1,23:16,1,60.0,1,20.0,21.27,21.49,0.0,10000,2.06,800,3.0,22.5,45.0,0,4.56,23.5,0.2,0.333,100.0,2,1,0.4168,Estabilizado,Operação Normal
2026-08-18T02:17:18.150100,2724-10,938,1,CONJ. ARAUCÁRIA,METRÔ ARTUR ALVIM,1,23:16,5,12.0,5,20.0,21.27,21.49,0.0,10000,2.06,800,3.0,22.5,45.0,0,4.56,23.5,0.2,1.0,60.0,6,1,0.2501,Estabilizado,Operação Normal
2026-08-18T02:17:18.150100,8100-10,1262,1,TERM. LAPA,TERM. PIRITUBA,1,23:16,4,15.0,4,20.0,21.27,21.49,0.0,10000,2.06,800,3.0,22.5,45.0,0,4.56,23.5,0.2,1.0,62.5,5,1,0.2564,Estabilizado,Operação Normal
2026-08-18T02:17:18.150100,2707-10,919,1,METRÔ ITAQUERA,CHABILÂNDIA,1,23:16,3,20.0,3,20.0,21.27,21.49,0.0,10000,2.06,800,3.0,22.5,45.0,0,4.56,23.5,0.2,1.0,66.67,4,1,0.2668,Estabilizado,Operação Normal
2026-08-18T02:17:18.150100,271P-10,704,1,PÇA DO CORREIO,CANGAÍBA,1,23:16,3,20.0,3,20.0,21.27,21.49,0.0,10000,2.06,800,3.0,22.5,45.0,0,4.56,23.5,0.2,1.0,66.67,4,1,0.2668,Estabilizado,Operação Normal
2026-08-18T02:17:18.150100,6069-10,1154,1,TERM. STO. AMARO,JD. SÃO BERNARDO,1,23:16,2,30.0,2,20.0,21.27,21.49,0.0,10000,2.06,800,3.0,22.5,45.0,0,4.56,23.5,0.2,0.667,75.0,3,1,0.3209,Estabilizado,Operação Normal
2026-08-18T02:17:18.150100,2735-10,1921,1,METRÔ PENHA,JD. KERALUX,1,23:16,2,30.0,2,20.0,21.27,21.49,0.0,10000,2.06,800,3.0,22.5,45.0,0,4.56,23.5,0.2,0.667,75.0,3,1,0.3209,Estabilizado,Operação Normal
2026-08-18T02:17:18.150100,1745-10,546,1,SHOP. CENTER NORTE,VL.NOVA CACHOEIRINHA,1,23:16,4,15.0,4,20.0,21.27,21.49,0.0,10000,2.06,800,3.0,22.5,45.0,0,4.56,23.5,0.2,1.0,62.5,5,1,0.2564,Estabilizado,Operação Normal
2026-08-18T02:17:18.150100,3729-10,1026,1,METRÔ CARRÃO,SHOP. ARICANDUVA,1,23:16,6,10.0,6,20.0,21.27,21.49,0.0,10000,2.06,800,3.0,22.5,45.0,0,4.56,23.5,0.2,1.0,58.33,7,1,0.246,Estabilizado,Operação Normal
2026-08-18T02:17:18.150100,8622-10,438,1,PÇA. RAMOS DE AZEVEDO,MORRO DOCE,1,23:16,2,30.0,2,20.0,21.27,21.49,0.0,10000,2.06,800,3.0,22.5,45.0,0,4.56,23.5,0.2,0.667,75.0,3,1,0.3209,Estabilizado,Operação Normal
2026-08-18T02:17:18.150100,4113-10,33536,2,PÇA. DA REPÚBLICA,GENTIL DE MOURA,1,23:16,3,20.0,3,20.0,21.27,21.49,0.0,10000,2.06,800,3.0,22.5,45.0,0,4.56,23.5,0.2,1.0,66.67,4,1,0.2668,Estabilizado,Operação Normal
2026-08-18T02:17:18.150100,857P-10,34694,2,PARAÍSO,TERM. CAMPO LIMPO,1,23:16,9,6.7,9,20.0,21.27,21.49,0.0,10000,2.06,800,3.0,22.5,45.0,0,4.56,23.5,0.2,1.0,61.11,11,2,0.2529,Estabilizado,Operação Normal
2026-08-18T02:17:18.150100,273F-10,32927,2,METRÔ ITAQUERA,VL. MARA,1,23:16,1,60.0,1,20.0,21.27,21.49,0.0,10000,2.06,800,3.0,22.5,45.0,0,4.56,23.5,0.2,0.333,100.0,2,1,0.4168,Estabilizado,Operação Normal
2026-08-18T02:17:18.150100,6071-10,33924,2,TERM. STO. AMARO,JD. ORION,1,23:16,3,20.0,3,20.0,21.27,21.49,0.0,10000,2.06,800,3.0,22.5,45.0,0,4.56,23.5,0.2,1.0,66.67,4,1,0.2668,Estabilizado,Operação Normal
2026-08-18T02:17:18.150100,372U-10,33784,2,METRÔ TATUAPÉ,VL. STA. ISABEL,1,23:16,4,15.0,4,20.0,21.27,21.49,0.0,10000,2.06,800,3.0,22.5,45.0,0,4.56,23.5,0.2,1.0,62.5,5,1,0.2564,Estabilizado,Operação Normal
2026-08-18T02:17:18.150100,8400-10,1265,1,PÇA. RAMOS DE AZEVEDO,TERM. PIRITUBA,1,23:16,5,12.0,5,20.0,21.27,21.49,0.0,10000,2.06,800,3.0,22.5,45.0,0,4.56,23.5,0.2,1.0,60.0,6,1,0.2501,Estabilizado,Operação Normal
2026-08-18T02:17:18.150100,707A-10,34758,2,METRÔ PÇA. DA ÁRVORE,JD. ÂNGELA,1,23:16,8,7.5,8,20.0,21.27,21.49,0.0,10000,2.06,800,3.0,22.5,45.0,0,4.56,23.5,0.2,1.0,62.5,10,2,0.2564,Estabilizado,Operação Normal
2026-08-18T02:17:18.150100,9653-10,33356,2,PÇA. DO CORREIO,PEDRA BRANCA,1,23:16,3,20.0,3,20.0,21.27,21.49,0.0,10000,2.06,800,3.0,22.5,45.0,0,4.56,23.5,0.2,1.0,66.67,4,1,0.2668,Estabilizado,Operação Normal
2026-08-18T02:17:18.150100,3539-10,748,1,METRÔ BRESSER,CID. TIRADENTES,1,23:16,3,20.0,3,20.0,21.27,21.49,0.0,10000,2.06,800,3.0,22.5,45.0,0,4.56,23.5,0.2,1.0,66.67,4,1,0.2668,Estabilizado,Operação Normal
2026-08-18T02:17:18.150100,121G-10,691,1,METRÔ TUCURUVI,PQ. NOVO MUNDO,1,23:16,1,60.0,1,20.0,21.27,21.49,0.0,10000,2.06,800,3.0,22.5,45.0,0,4.56,23.5,0.2,0.333,100.0,2,1,0.4168,Estabilizado,Operação Normal
2026-08-18T02:17:18.150100,5144-10,34395,2,TERM. PRINC. ISABEL,TERM. SAPOPEMBA,1,23:16,4,15.0,4,20.0,21.27,21.49,0.0,10000,2.06,800,3.0,22.5,45.0,0,4.56,23.5,0.2,1.0,62.5,5,1,0.2564,Estabilizado,Operação Normal
2026-08-18T02:17:18.150100,9501-10,33230,2,LGO. DO PAISSANDÚ,TERM. CACHOEIRINHA,1,23:16,7,8.6,7,20.0,21.27,21.49,0.0,10000,2.06,800,3.0,22.5,45.0,0,4.56,23.5,0.2,1.0,57.14,8,1,0.243,Estabilizado,Operação Normal
2026-08-18T02:17:18.150100,5020-10,34438,2,TERM. SACOMÃ,HOSP. HELIÓPOLIS,1,23:16,1,60.0,1,20.0,21.27,21.49,0.0,10000,2.06,800,3.0,22.5,45.0,0,4.56,23.5,0.2,0.333,100.0,2,1,0.4168,Estabilizado,Operação Normal
2026-08-18T02:17:18.150100,2058-10,259,1,CPTM GUAIANASES,TERM. SÃO MIGUEL,1,23:16,1,60.0,1,20.0,21.27,21.49,0.0,10000,2.06,800,3.0,22.5,45.0,0,4.56,23.5,0.2,0.333,100.0,2,1,0.4168,Estabilizado,Operação Normal
2026-08-18T02:17:18.150100,8199-10,33575,2,CEM. VL. NOVA CACHOEIRINHA,PIRITUBA,1,23:16,3,20.0,3,20.0,21.27,21.49,0.0,10000,2.06,800,3.0,22.5,45.0,0,4.56,23.5,0.2,1.0,66.67,4,1,0.2668,Estabilizado,Operação Normal
2026-08-18T02:17:18.150100,6051-10,33911,2,TERM. EST. VARGINHA,JD. ITAJAÍ,1,23:16,2,30.0,2,20.0,21.27,21.49,0.0,10000,2.06,800,3.0,22.5,45.0,0,4.56,23.5,0.2,0.667,75.0,3,1,0.3209,Estabilizado,Operação Normal
2026-08-18T02:17:18.150100,8199-10,807,1,CEM. VL. NOVA CACHOEIRINHA,PIRITUBA,1,23:16,5,12.0,5,20.0,21.27,21.49,0.0,10000,2.06,800,3.0,22.5,45.0,0,4.56,23.5,0.2,1.0,60.0,6,1,0.2501,Estabilizado,Operação Normal
2026-08-18T02:17:18.150100,6L01-10,1171,1,TERM. VARGINHA,MARSILAC,1,23:16,4,15.0,4,20.0,21.27,21.49,0.0,10000,2.06,800,3.0,22.5,45.0,0,4.56,23.5,0.2,1.0,62.5,5,1,0.2564,Estabilizado,Operação Normal
2026-08-18T02:17:18.150100,2721-10,33702,2,METRÔ ITAQUERA,JD. NAZARÉ,1,23:16,7,8.6,7,20.0,21.27,21.49,0.0,10000,2.06,800,3.0,22.5,45.0,0,4.56,23.5,0.2,1.0,57.14,8,1,0.243,Estabilizado,Operação Normal
2026-08-18T02:17:18.150100,9020-10,1434,1,TERM. PIRITUBA,VL. MIRANTE,1,23:16,1,60.0,1,20.0,21.27,21.49,0.0,10000,2.06,800,3.0,22.5,45.0,0,4.56,23.5,0.2,0.333,100.0,2,1,0.4168,Estabilizado,Operação Normal
2026-08-18T02:17:18.150100,8319-10,476,1,SESC POMPÉIA,PQ. CONTINENTAL,1,23:16,2,30.0,2,20.0,21.27,21.49,0.0,10000,2.06,800,3.0,22.5,45.0,0,4.56,23.5,0.2,0.667,75.0,3,1,0.3209,Estabilizado,Operação Normal
2026-08-18T02:17:18.150100,2704-10,33684,2,METRÔ ITAQUERA,JD. ROBRU,1,23:16,5,12.0,5,20.0,21.27,21.49,0.0,10000,2.06,800,3.0,22.5,45.0,0,4.56,23.5,0.2,1.0,60.0,6,1,0.2501,Estabilizado,Operação Normal
2026-08-18T02:17:18.150100,177Y-10,867,1,PINHEIROS,METRÔ BARRA FUNDA,1,23:16,2,30.0,2,20.0,21.27,21.49,0.0,10000,2.06,800,3.0,22.5,45.0,0,4.56,23.5,0.2,0.667,75.0,3,1,0.3209,Estabilizado,Operação Normal
2026-08-18T02:17:18.150100,978J-10,591,1,TERM. PRINC. ISABEL,VOITH,1,23:16,4,15.0,4,20.0,21.27,21.49,0.0,10000,2.06,800,3.0,22.5,45.0,0,4.56,23.5,0.2,1.0,62.5,5,1,0.2564,Estabilizado,Operação Normal
2026-08-18T02:17:18.150100,1726-10,34171,2,METRÔ SANTANA,CEM. PQ. DOS PINHEIROS,1,23:16,8,7.5,8,20.0,21.27,21.49,0.0,10000,2.06,800,3.0,22.5,45.0,0,4.56,23.5,0.2,1.0,62.5,10,2,0.2564,Estabilizado,Operação Normal
2026-08-18T02:17:18.150100,9014-10,34193,2,TERM. LAPA,MORRO GRANDE,1,23:16,1,60.0,1,20.0,21.27,21.49,0.0,10000,2.06,800,3.0,22.5,45.0,0,4.56,23.5,0.2,0.333,100.0,2,1,0.4168,Estabilizado,Operação Normal
2026-08-18T02:17:18.150100,524L-10,1715,1,METRÔ TATUAPÉ,PQ. SÃO LUCAS,1,23:16,1,60.0,1,20.0,21.27,21.49,0.0,10000,2.06,800,3.0,22.5,45.0,0,4.56,23.5,0.2,0.333,100.0,2,1,0.4168,Estabilizado,Operação Normal
2026-08-18T02:17:18.150100,971R-10,614,1,METRÔ SANTANA,CPTM JARAGUÁ,1,23:16,7,8.6,7,20.0,21.27,21.49,0.0,10000,2.06,800,3.0,22.5,45.0,0,4.56,23.5,0.2,1.0,57.14,8,1,0.243,Estabilizado,Operação Normal
2026-08-18T02:17:18.150100,2033-10,2499,1,SHOP. D,VL. SABRINA,1,23:16,2,30.0,2,20.0,21.27,21.49,0.0,10000,2.06,800,3.0,22.5,45.0,0,4.56,23.5,0.2,0.667,75.0,3,1,0.3209,Estabilizado,Operação Normal
2026-08-18T02:17:18.150100,407F-10,2167,1,METRÔ BELÉM,TERM. SÃO MATEUS,1,23:16,2,30.0,2,20.0,21.27,21.49,0.0,10000,2.06,800,3.0,22.5,45.0,0,4.56,23.5,0.2,0.667,75.0,3,1,0.3209,Estabilizado,Operação Normal
2026-08-18T02:17:18.150100,4725-10,33106,2,SHOP. IBIRAPUERA,VL. BRASILINA,1,23:16,2,30.0,2,20.0,21.27,21.49,0.0,10000,2.06,800,3.0,22.5,45.0,0,4.56,23.5,0.2,0.667,75.0,3,1,0.3209,Estabilizado,Operação Normal
2026-08-18T02:17:18.150100,273N-10,390,1,METRÔ VL. MATILDE,CID. KEMEL II,1,23:16,6,10.0,6,20.0,21.27,21.49,0.0,10000,2.06,800,3.0,22.5,45.0,0,4.56,23.5,0.2,1.0,58.33,7,1,0.246,Estabilizado,Operação Normal
2026-08-18T02:17:18.150100,9009-10,33645,2,TERM. CACHOEIRINHA,COHAB BRASILÂNDIA,1,23:16,3,20.0,3,20.0,21.27,21.49,0.0,10000,2.06,800,3.0,22.5,45.0,0,4.56,23.5,0.2,1.0,66.67,4,1,0.2668,Estabilizado,Operação Normal
2026-08-18T02:17:18.150100,8594-10,33200,2,PÇA. RAMOS DE AZEVEDO,CID. D'ABRIL ,1,23:16,6,10.0,6,20.0,21.27,21.49,0.0,10000,2.06,800,3.0,22.5,45.0,0,4.56,23.5,0.2,1.0,58.33,7,1,0.246,Estabilizado,Operação Normal
2026-08-18T02:17:18.150100,6726-10,1193,1,JD. GAIVOTAS   ,TERM. GRAJAÚ,1,23:16,2,30.0,2,20.0,21.27,21.49,0.0,10000,2.06,800,3.0,22.5,45.0,0,4.56,23.5,0.2,0.667,75.0,3,1,0.3209,Estabilizado,Operação Normal
2026-08-18T02:17:18.150100,4111-10,320,1,PÇA. DA REPÚBLICA,VL. MONUMENTO,1,23:16,2,30.0,2,20.0,21.27,21.49,0.0,10000,2.06,800,3.0,22.5,45.0,0,4.56,23.5,0.2,0.667,75.0,3,1,0.3209,Estabilizado,Operação Normal
2026-08-18T02:17:18.150100,6026-10,87,1,TERM. STO. AMARO,JD. ICARAÍ,1,23:16,3,20.0,3,20.0,21.27,21.49,0.0,10000,2.06,800,3.0,22.5,45.0,0,4.56,23.5,0.2,1.0,66.67,4,1,0.2668,Estabilizado,Operação Normal
2026-08-18T02:17:18.150100,4024-10,34926,2,E.T. ITAQUERA,COHAB FAZENDA DO CARMO,1,23:16,2,30.0,2,20.0,21.27,21.49,0.0,10000,2.06,800,3.0,22.5,45.0,0,4.56,23.5,0.2,0.667,75.0,3,1,0.3209,Estabilizado,Operação Normal
2026-08-18T02:17:18.150100,8549-10,580,1,PÇA. DO CORREIO,TAIPAS,1,23:16,4,15.0,4,20.0,21.27,21.49,0.0,10000,2.06,800,3.0,22.5,45.0,0,4.56,23.5,0.2,1.0,62.5,5,1,0.2564,Estabilizado,Operação Normal
2026-08-18T02:17:18.150100,1771-10,33402,2,METRÔ SANTANA,JD. FONTÁLIS,1,23:16,3,20.0,3,20.0,21.27,21.49,0.0,10000,2.06,800,3.0,22.5,45.0,0,4.56,23.5,0.2,1.0,66.67,4,1,0.2668,Estabilizado,Operação Normal
2026-08-18T02:17:18.150100,2720-31,34610,2,METRÔ GUILHERMINA/ESPERANÇA,JD. BELÉM,1,23:16,1,60.0,1,20.0,21.27,21.49,0.0,10000,2.06,800,3.0,22.5,45.0,0,4.56,23.5,0.2,0.333,100.0,2,1,0.4168,Estabilizado,Operação Normal
2026-08-18T02:17:18.150100,3725-10,33790,2,VL. DALILA,METRÔ VL. MATILDE,1,23:16,2,30.0,2,20.0,21.27,21.49,0.0,10000,2.06,800,3.0,22.5,45.0,0,4.56,23.5,0.2,0.667,75.0,3,1,0.3209,Estabilizado,Operação Normal
2026-08-18T02:17:18.150100,6013-10,32954,2,TERM. STO. AMARO,JD. NAKAMURA,1,23:16,4,15.0,4,20.0,21.27,21.49,0.0,10000,2.06,800,3.0,22.5,45.0,0,4.56,23.5,0.2,1.0,62.5,5,1,0.2564,Estabilizado,Operação Normal
2026-08-18T02:17:18.150100,675G-10,106,1,METRÔ JABAQUARA,PQ. RES. COCAIA,1,23:16,3,20.0,3,20.0,21.27,21.49,0.0,10000,2.06,800,3.0,22.5,45.0,0,4.56,23.5,0.2,1.0,66.67,4,1,0.2668,Estabilizado,Operação Normal
2026-08-18T02:17:18.150100,407E-10,2215,1,METRÔ CARRÃO,JD. STO. ANDRÉ,1,23:16,4,15.0,4,20.0,21.27,21.49,0.0,10000,2.06,800,3.0,22.5,45.0,0,4.56,23.5,0.2,1.0,62.5,5,1,0.2564,Estabilizado,Operação Normal
2026-08-18T02:17:18.150100,4016-10,34957,2,TERM. SÃO MATEUS,PQ. SÃO RAFAEL,1,23:16,2,30.0,2,20.0,21.27,21.49,0.0,10000,2.06,800,3.0,22.5,45.0,0,4.56,23.5,0.2,0.667,75.0,3,1,0.3209,Estabilizado,Operação Normal
2026-08-18T02:17:18.150100,373L-10,33795,2,METRÔ ITAQUERA,JD. LIMOEIRO,1,23:16,3,20.0,3,20.0,21.27,21.49,0.0,10000,2.06,800,3.0,22.5,45.0,0,4.56,23.5,0.2,1.0,66.67,4,1,0.2668,Estabilizado,Operação Normal
2026-08-18T02:17:18.150100,2002-10,711,1,TERM. BANDEIRA,TERM. PQ. D. PEDRO II,1,23:16,2,30.0,2,20.0,21.27,21.49,0.0,10000,2.06,800,3.0,22.5,45.0,0,4.56,23.5,0.2,0.667,75.0,3,1,0.3209,Estabilizado,Operação Normal
2026-08-18T02:17:18.150100,7054-10,32809,2,TERM. CAMPO LIMPO,JD. MACEDÔNIA,1,23:16,2,30.0,2,20.0,21.27,21.49,0.0,10000,2.06,800,3.0,22.5,45.0,0,4.56,23.5,0.2,0.667,75.0,3,1,0.3209,Estabilizado,Operação Normal
2026-08-18T02:17:18.150100,3023-10,960,1,PQ. SÃO RAFAEL,SHOP. ARICANDUVA,1,23:16,3,20.0,3,20.0,21.27,21.49,0.0,10000,2.06,800,3.0,22.5,45.0,0,4.56,23.5,0.2,1.0,66.67,4,1,0.2668,Estabilizado,Operação Normal
2026-08-18T02:17:18.150100,233C-10,155,1,CERET,TERM. A. E. CARVALHO,1,23:16,7,8.6,7,20.0,21.27,21.49,0.0,10000,2.06,800,3.0,22.5,45.0,0,4.56,23.5,0.2,1.0,57.14,8,1,0.243,Estabilizado,Operação Normal
2026-08-18T02:17:18.150100,637G-10,32869,2,PINHEIROS,GRAJAÚ,1,23:16,4,15.0,4,20.0,21.27,21.49,0.0,10000,2.06,800,3.0,22.5,45.0,0,4.56,23.5,0.2,1.0,62.5,5,1,0.2564,Estabilizado,Operação Normal
2026-08-18T02:17:18.150100,1772-10,33403,2,METRÔ TUCURUVI,RECANTO VERDE,1,23:16,5,12.0,5,20.0,21.27,21.49,0.0,10000,2.06,800,3.0,22.5,45.0,0,4.56,23.5,0.2,1.0,60.0,6,1,0.2501,Estabilizado,Operação Normal
2026-08-18T02:17:18.150100,3112-10,1080,1,METRÔ BELÉM,VL. INDUSTRIAL,1,23:16,8,7.5,8,20.0,21.27,21.49,0.0,10000,2.06,800,3.0,22.5,45.0,0,4.56,23.5,0.2,1.0,62.5,10,2,0.2564,Estabilizado,Operação Normal
2026-08-18T02:17:18.150100,1178-10,32900,2,PÇA. DO CORREIO,SÃO MIGUEL,1,23:16,6,10.0,6,20.0,21.27,21.49,0.0,10000,2.06,800,3.0,22.5,45.0,0,4.56,23.5,0.2,1.0,58.33,7,1,0.246,Estabilizado,Operação Normal
2026-08-18T02:17:18.150100,2123-10,33460,2,LIBERDADE,VL. MEDEIROS,1,23:16,5,12.0,5,20.0,21.27,21.49,0.0,10000,2.06,800,3.0,22.5,45.0,0,4.56,23.5,0.2,1.0,60.0,6,1,0.2501,Estabilizado,Operação Normal
2026-08-18T02:17:18.150100,118C-10,519,1,TERM. AMARAL GURGEL,JD. PERY ALTO,1,23:16,6,10.0,6,20.0,21.27,21.49,0.0,10000,2.06,800,3.0,22.5,45.0,0,4.56,23.5,0.2,1.0,58.33,7,1,0.246,Estabilizado,Operação Normal
2026-08-18T02:17:18.150100,6014-10,32956,2,TERM. STO. AMARO,TERM. JD. JACIRA,1,23:16,4,15.0,4,20.0,21.27,21.49,0.0,10000,2.06,800,3.0,22.5,45.0,0,4.56,23.5,0.2,1.0,62.5,5,1,0.2564,Estabilizado,Operação Normal
2026-08-18T02:17:18.150100,7017-10,35270,2,TERM. GUARAPIRANGA,JD. GUARUJÁ,1,23:16,4,15.0,4,20.0,21.27,21.49,0.0,10000,2.06,800,3.0,22.5,45.0,0,4.56,23.5,0.2,1.0,62.5,5,1,0.2564,Estabilizado,Operação Normal
2026-08-18T02:17:18.150100,5105-10,1651,1,TERM. MERCADO,TERM. SACOMÃ,1,23:16,5,12.0,5,20.0,21.27,21.49,0.0,10000,2.06,800,3.0,22.5,45.0,0,4.56,23.5,0.2,1.0,60.0,6,1,0.2501,Estabilizado,Operação Normal
2026-08-18T02:17:18.150100,877T-10,34149,2,METRÔ PARAÍSO,VL. ANASTÁCIO,1,23:16,3,20.0,3,20.0,21.27,21.49,0.0,10000,2.06,800,3.0,22.5,45.0,0,4.56,23.5,0.2,1.0,66.67,4,1,0.2668,Estabilizado,Operação Normal
2026-08-18T02:17:18.150100,2011-10,2136,1,METRÔ SANTANA,VL. SABRINA,1,23:16,2,30.0,2,20.0,21.27,21.49,0.0,10000,2.06,800,3.0,22.5,45.0,0,4.56,23.5,0.2,0.667,75.0,3,1,0.3209,Estabilizado,Operação Normal
2026-08-18T02:17:18.150100,715M-10,33258,2,LGO. DA PÓLVORA,JD. MARIA LUIZA,1,23:16,6,10.0,6,20.0,21.27,21.49,0.0,10000,2.06,800,3.0,22.5,45.0,0,4.56,23.5,0.2,1.0,58.33,7,1,0.246,Estabilizado,Operação Normal
2026-08-18T02:17:18.150100,4310-10,2160,1,TERM. PQ. D. PEDRO II,E.T. ITAQUERA,1,23:16,9,6.7,9,20.0,21.27,21.49,0.0,10000,2.06,800,3.0,22.5,45.0,0,4.56,23.5,0.2,1.0,61.11,11,2,0.2529,Estabilizado,Operação Normal
2026-08-18T02:17:18.150100,3791-10,1069,1,METRÔ ARTUR ALVIM,SHOP. ARICANDUVA,1,23:16,2,30.0,2,20.0,21.27,21.49,0.0,10000,2.06,800,3.0,22.5,45.0,0,4.56,23.5,0.2,0.667,75.0,3,1,0.3209,Estabilizado,Operação Normal
2026-08-18T02:17:18.150100,4031-10,1101,1,METRÔ TAMANDUATEÍ,PQ. STA. MADALENA,1,23:16,4,15.0,4,20.0,21.27,21.49,0.0,10000,2.06,800,3.0,22.5,45.0,0,4.56,23.5,0.2,1.0,62.5,5,1,0.2564,Estabilizado,Operação Normal
2026-08-18T02:17:18.150100,148L-10,531,1,LAPA,COHAB ANTÁRTICA,1,23:16,6,10.0,6,20.0,21.27,21.49,0.0,10000,2.06,800,3.0,22.5,45.0,0,4.56,23.5,0.2,1.0,58.33,7,1,0.246,Estabilizado,Operação Normal
2026-08-18T02:17:18.150100,8019-31,2574,1,TERM. VL. SÔNIA,PQ. CONTINENTAL,1,23:16,2,30.0,2,20.0,21.27,21.49,0.0,10000,2.06,800,3.0,22.5,45.0,0,4.56,23.5,0.2,0.667,75.0,3,1,0.3209,Estabilizado,Operação Normal
2026-08-18T02:17:18.150100,6063-10,1152,1,TERM. EST. VARGINHA,JD. VARGINHA,1,23:16,8,7.5,8,20.0,21.27,21.49,0.0,10000,2.06,800,3.0,22.5,45.0,0,4.56,23.5,0.2,1.0,62.5,10,2,0.2564,Estabilizado,Operação Normal
2026-08-18T02:17:18.150100,407R-10,34969,2,METRÔ BELÉM,TERM. VL. CARRÃO,1,23:16,3,20.0,3,20.0,21.27,21.49,0.0,10000,2.06,800,3.0,22.5,45.0,0,4.56,23.5,0.2,1.0,66.67,4,1,0.2668,Estabilizado,Operação Normal
2026-08-18T02:17:18.150100,546L-10,34053,2,TERM. STO. AMARO,JD. LUSO,1,23:16,4,15.0,4,20.0,21.27,21.49,0.0,10000,2.06,800,3.0,22.5,45.0,0,4.56,23.5,0.2,1.0,62.5,5,1,0.2564,Estabilizado,Operação Normal
2026-08-18T02:17:18.150100,2722-10,33703,2,METRÔ GUILHERMINA/ESPERANÇA,JD. VERONIA,1,23:16,3,20.0,3,20.0,21.27,21.49,0.0,10000,2.06,800,3.0,22.5,45.0,0,4.56,23.5,0.2,1.0,66.67,4,1,0.2668,Estabilizado,Operação Normal
2026-08-18T02:17:18.150100,4706-10,299,1,METRÔ VL. MARIANA,JD. MARIA ESTELA II,1,23:16,2,30.0,2,20.0,21.27,21.49,0.0,10000,2.06,800,3.0,22.5,45.0,0,4.56,23.5,0.2,0.667,75.0,3,1,0.3209,Estabilizado,Operação Normal
2026-08-18T02:17:18.150100,475M-10,33111,2,TERM. AMARAL GURGEL,JD. DA SAÚDE,1,23:16,1,60.0,1,20.0,21.27,21.49,0.0,10000,2.06,800,3.0,22.5,45.0,0,4.56,23.5,0.2,0.333,100.0,2,1,0.4168,Estabilizado,Operação Normal
2026-08-18T02:17:18.150100,2451-10,32981,2,TERM. ARICANDUVA,VL. SÃO FRANCISCO,1,23:16,1,60.0,1,20.0,21.27,21.49,0.0,10000,2.06,800,3.0,22.5,45.0,0,4.56,23.5,0.2,0.333,100.0,2,1,0.4168,Estabilizado,Operação Normal
2026-08-18T02:17:18.150100,4010-10,34951,2,TERM. VL. CARRÃO,JD. NSA. SRA. DO CARMO,1,23:16,2,30.0,2,20.0,21.27,21.49,0.0,10000,2.06,800,3.0,22.5,45.0,0,4.56,23.5,0.2,0.667,75.0,3,1,0.3209,Estabilizado,Operação Normal
2026-08-18T02:17:18.150100,407G-10,34964,2,METRÔ CARRÃO,JD. NOVA VITÓRIA,1,23:16,7,8.6,7,20.0,21.27,21.49,0.0,10000,2.06,800,3.0,22.5,45.0,0,4.56,23.5,0.2,1.0,57.14,8,1,0.243,Estabilizado,Operação Normal
2026-08-18T02:17:18.150100,2727-10,33710,2,CONJ. A. E. CARVALHO,METRÔ ARTUR ALVIM,1,23:16,7,8.6,7,20.0,21.27,21.49,0.0,10000,2.06,800,3.0,22.5,45.0,0,4.56,23.5,0.2,1.0,57.14,8,1,0.243,Estabilizado,Operação Normal
2026-08-18T02:17:18.150100,6044-10,1221,1,TERM. STO. AMARO,JD. D. JOSÉ,1,23:16,3,20.0,3,20.0,21.27,21.49,0.0,10000,2.06,800,3.0,22.5,45.0,0,4.56,23.5,0.2,1.0,66.67,4,1,0.2668,Estabilizado,Operação Normal
2026-08-18T02:17:18.150100,775N-10,474,1,METRÔ VL. MADALENA,RIO PEQUENO,1,23:16,1,60.0,1,20.0,21.27,21.49,0.0,10000,2.06,800,3.0,22.5,45.0,0,4.56,23.5,0.2,0.333,100.0,2,1,0.4168,Estabilizado,Operação Normal
2026-08-18T02:17:18.150100,5652-10,274,1,PÇA. DA SÉ,JD. IV CENTENÁRIO,1,23:16,3,20.0,3,20.0,21.27,21.49,0.0,10000,2.06,800,3.0,22.5,45.0,0,4.56,23.5,0.2,1.0,66.67,4,1,0.2668,Estabilizado,Operação Normal
2026-08-18T02:17:18.150100,6030-10,1142,1,TERM. STO. AMARO,UNISA-CAMPUS 1,1,23:16,5,12.0,5,20.0,21.27,21.49,0.0,10000,2.06,800,3.0,22.5,45.0,0,4.56,23.5,0.2,1.0,60.0,6,1,0.2501,Estabilizado,Operação Normal
2026-08-18T02:17:18.150100,175P-10,675,1,ANA ROSA,METRÔ SANTANA,1,23:16,4,15.0,4,20.0,21.27,21.49,0.0,10000,2.06,800,3.0,22.5,45.0,0,4.56,23.5,0.2,1.0,62.5,5,1,0.2564,Estabilizado,Operação Normal
2026-08-18T02:17:18.150100,8252-10,1248,1,LAPA,METRÔ BARRA FUNDA,1,23:16,2,30.0,2,20.0,21.27,21.49,0.0,10000,2.06,800,3.0,22.5,45.0,0,4.56,23.5,0.2,0.667,75.0,3,1,0.3209,Estabilizado,Operação Normal
2026-08-18T02:17:18.150100,6051-31,34374,2,TERM. EST. VARGINHA,JD. ITAJAÍ,1,23:16,1,60.0,1,20.0,21.27,21.49,0.0,10000,2.06,800,3.0,22.5,45.0,0,4.56,23.5,0.2,0.333,100.0,2,1,0.4168,Estabilizado,Operação Normal
2026-08-18T02:17:18.150100,273F-10,159,1,METRÔ ITAQUERA,VL. MARA,1,23:16,3,20.0,3,20.0,21.27,21.49,0.0,10000,2.06,800,3.0,22.5,45.0,0,4.56,23.5,0.2,1.0,66.67,4,1,0.2668,Estabilizado,Operação Normal
2026-08-18T02:17:18.150100,6084-10,1169,1,TERM. EST. VARGINHA,JD. CHÁC. DO SOL,1,23:16,6,10.0,6,20.0,21.27,21.49,0.0,10000,2.06,800,3.0,22.5,45.0,0,4.56,23.5,0.2,1.0,58.33,7,1,0.246,Estabilizado,Operação Normal
2026-08-18T02:17:18.150100,407W-10,34972,2,METRÔ CARRÃO,JD. IV CENTENÁRIO,1,23:16,4,15.0,4,20.0,21.27,21.49,0.0,10000,2.06,800,3.0,22.5,45.0,0,4.56,23.5,0.2,1.0,62.5,5,1,0.2564,Estabilizado,Operação Normal
2026-08-18T02:17:18.150100,606Y-10,2589,1,CHÁC. DO CONDE,EST. MENDES/VL. NATAL,1,23:16,1,60.0,1,20.0,21.27,21.49,0.0,10000,2.06,800,3.0,22.5,45.0,0,4.56,23.5,0.2,0.333,100.0,2,1,0.4168,Estabilizado,Operação Normal
2026-08-18T02:17:18.150100,2020-10,2262,1,METRÔ TUCURUVI,HORTO FLORESTAL,1,23:16,1,60.0,1,20.0,21.27,21.49,0.0,10000,2.06,800,3.0,22.5,45.0,0,4.56,23.5,0.2,0.333,100.0,2,1,0.4168,Estabilizado,Operação Normal
2026-08-18T02:17:18.150100,509M-10,34045,2,TERM. PRINC. ISABEL,JD. MIRIAM,1,23:16,5,12.0,5,20.0,21.27,21.49,0.0,10000,2.06,800,3.0,22.5,45.0,0,4.56,23.5,0.2,1.0,60.0,6,1,0.2501,Estabilizado,Operação Normal
2026-08-18T02:17:18.150100,273J-10,33157,2,METRÔ PENHA,JD. ROMANO,1,23:16,6,10.0,6,20.0,21.27,21.49,0.0,10000,2.06,800,3.0,22.5,45.0,0,4.56,23.5,0.2,1.0,58.33,7,1,0.246,Estabilizado,Operação Normal
2026-08-18T02:17:18.150100,1720-10,33631,2,CANTAREIRA,JD. GUANCÃ,1,23:16,5,12.0,5,20.0,21.27,21.49,0.0,10000,2.06,800,3.0,22.5,45.0,0,4.56,23.5,0.2,1.0,60.0,6,1,0.2501,Estabilizado,Operação Normal
2026-08-18T02:17:18.150100,373T-10,1091,1,METRÔ BRESSER,JD. ITÁPOLIS,1,23:16,8,7.5,8,20.0,21.27,21.49,0.0,10000,2.06,800,3.0,22.5,45.0,0,4.56,23.5,0.2,1.0,62.5,10,2,0.2564,Estabilizado,Operação Normal
2026-08-18T02:17:18.150100,4729-10,33876,2,METRÔ BELÉM,PQ. BANCÁRIO,1,23:16,4,15.0,4,20.0,21.27,21.49,0.0,10000,2.06,800,3.0,22.5,45.0,0,4.56,23.5,0.2,1.0,62.5,5,1,0.2564,Estabilizado,Operação Normal
2026-08-18T02:17:18.150100,3024-10,277,1,TERM. VL PRUDENTE,VL. INDUSTRIAL,1,23:16,1,60.0,1,20.0,21.27,21.49,0.0,10000,2.06,800,3.0,22.5,45.0,0,4.56,23.5,0.2,0.333,100.0,2,1,0.4168,Estabilizado,Operação Normal
2026-08-18T02:17:18.150100,1017-10,2141,1,CONEXÃO VL. IÓRIO,PERUS,1,23:16,4,15.0,4,20.0,21.27,21.49,0.0,10000,2.06,800,3.0,22.5,45.0,0,4.56,23.5,0.2,1.0,62.5,5,1,0.2564,Estabilizado,Operação Normal
2026-08-18T02:17:18.150100,6016-41,34474,2,TERM. GRAJAÚ,JD. PORTO VELHO,1,23:16,4,15.0,4,20.0,21.27,21.49,0.0,10000,2.06,800,3.0,22.5,45.0,0,4.56,23.5,0.2,1.0,62.5,5,1,0.2564,Estabilizado,Operação Normal
2026-08-18T02:17:18.150100,476G-10,33879,2,IBIRAPUERA,JD. ELBA,1,23:16,2,30.0,2,20.0,21.27,21.49,0.0,10000,2.06,800,3.0,22.5,45.0,0,4.56,23.5,0.2,0.667,75.0,3,1,0.3209,Estabilizado,Operação Normal
2026-08-18T02:17:18.150100,7013-10,33543,2,TERM. VL. SÔNIA,PQ. ARARIBA,1,23:16,3,20.0,3,20.0,21.27,21.49,0.0,10000,2.06,800,3.0,22.5,45.0,0,4.56,23.5,0.2,1.0,66.67,4,1,0.2668,Estabilizado,Operação Normal
2026-08-18T02:17:18.150100,3731-10,1028,1,SHOP. ARICANDUVA,METRÔ VL. MATILDE,1,23:16,8,7.5,8,20.0,21.27,21.49,0.0,10000,2.06,800,3.0,22.5,45.0,0,4.56,23.5,0.2,1.0,62.5,10,2,0.2564,Estabilizado,Operação Normal
2026-08-18T02:17:18.150100,5119-10,1,1,LGO. SÃO FRANCISCO,TERM. CAPELINHA,1,23:16,10,6.0,11,20.0,21.27,21.49,0.0,10000,2.06,800,3.0,22.5,45.0,0,4.56,23.5,0.2,1.0,65.0,13,3,0.2626,Estabilizado,Operação Normal
2026-08-18T02:17:18.150100,3063-1,35394,2,TERM. SÃO MATEUS,GUAIANASES,1,23:16,3,20.0,3,20.0,21.27,21.49,0.0,10000,2.06,800,3.0,22.5,45.0,0,4.56,23.5,0.2,1.0,66.67,4,1,0.2668,Estabilizado,Operação Normal
2026-08-18T02:17:18.150100,8544-10,33198,2,PÇA. DO CORREIO,CID. D'ABRIL 3ª GLEBA,1,23:16,3,20.0,3,20.0,21.27,21.49,0.0,10000,2.06,800,3.0,22.5,45.0,0,4.56,23.5,0.2,1.0,66.67,4,1,0.2668,Estabilizado,Operação Normal
2026-08-18T02:17:18.150100,6L10-10,1159,1,PQ. FLORESTAL   ,TERM. VARGINHA,1,23:16,3,20.0,3,20.0,21.27,21.49,0.0,10000,2.06,800,3.0,22.5,45.0,0,4.56,23.5,0.2,1.0,66.67,4,1,0.2668,Estabilizado,Operação Normal
2026-08-18T02:17:18.150100,2010-10,2104,1,SHOP. D,PQ. EDU CHAVES,1,23:16,3,20.0,3,20.0,21.27,21.49,0.0,10000,2.06,800,3.0,22.5,45.0,0,4.56,23.5,0.2,1.0,66.67,4,1,0.2668,Estabilizado,Operação Normal
2026-08-18T02:17:18.150100,2703-10,33683,2,METRÔ ITAQUERA,JD. ETELVINA,1,23:16,3,20.0,3,20.0,21.27,21.49,0.0,10000,2.06,800,3.0,22.5,45.0,0,4.56,23.5,0.2,1.0,66.67,4,1,0.2668,Estabilizado,Operação Normal
2026-08-18T02:17:18.150100,8009-31,1260,1,TERM. PIRITUBA,CID. D'ABRIL 3ª GLEBA,1,23:16,2,30.0,2,20.0,21.27,21.49,0.0,10000,2.06,800,3.0,22.5,45.0,0,4.56,23.5,0.2,0.667,75.0,3,1,0.3209,Estabilizado,Operação Normal
2026-08-18T02:17:18.150100,2720-10,33701,2,METRÔ GUILHERMINA/ESPERANÇA,JD. BELÉM,1,23:16,5,12.0,5,20.0,21.27,21.49,0.0,10000,2.06,800,3.0,22.5,45.0,0,4.56,23.5,0.2,1.0,60.0,6,1,0.2501,Estabilizado,Operação Normal
2026-08-18T02:17:18.150100,5012-10,33884,2,JABAQUARA,VL. GUACURI,1,23:16,12,5.0,13,20.0,21.27,21.49,0.0,10000,2.06,800,3.0,22.5,45.0,0,4.56,23.5,0.2,1.0,62.5,15,3,0.2564,Estabilizado,Operação Normal
2026-08-18T02:17:18.150100,524L-10,34483,2,METRÔ TATUAPÉ,PQ. SÃO LUCAS,1,23:16,4,15.0,4,20.0,21.27,21.49,0.0,10000,2.06,800,3.0,22.5,45.0,0,4.56,23.5,0.2,1.0,62.5,5,1,0.2564,Estabilizado,Operação Normal
2026-08-18T02:17:18.150100,709M-10,2462,1,TERM. PINHEIROS,TERM. STO. AMARO,1,23:16,4,15.0,4,20.0,21.27,21.49,0.0,10000,2.06,800,3.0,22.5,45.0,0,4.56,23.5,0.2,1.0,62.5,5,1,0.2564,Estabilizado,Operação Normal
2026-08-18T02:17:18.150100,4003-10,2159,1,E.T. ITAQUERA,INÁCIO MONTEIRO,1,23:16,3,20.0,3,20.0,21.27,21.49,0.0,10000,2.06,800,3.0,22.5,45.0,0,4.56,23.5,0.2,1.0,66.67,4,1,0.2668,Estabilizado,Operação Normal
2026-08-18T02:17:18.150100,5178-10,33363,2,PÇA. JOÃO MENDES,JD. MIRIAM,1,23:16,4,15.0,4,20.0,21.27,21.49,0.0,10000,2.06,800,3.0,22.5,45.0,0,4.56,23.5,0.2,1.0,62.5,5,1,0.2564,Estabilizado,Operação Normal
2026-08-18T02:17:18.150100,4008-10,34950,2,TERM. VL. CARRÃO,JD. CIBELE,1,23:16,4,15.0,4,20.0,21.27,21.49,0.0,10000,2.06,800,3.0,22.5,45.0,0,4.56,23.5,0.2,1.0,62.5,5,1,0.2564,Estabilizado,Operação Normal
2026-08-18T02:17:18.150100,574C-10,34407,2,DIV. DE SÃO CAETANO,SÃO MATEUS,1,23:16,1,60.0,1,20.0,21.27,21.49,0.0,10000,2.06,800,3.0,22.5,45.0,0,4.56,23.5,0.2,0.333,100.0,2,1,0.4168,Estabilizado,Operação Normal
2026-08-18T02:17:18.150100,2666-10,33146,2,TERM. PQ. D. PEDRO II,JD. CAMARGO VELHO,1,23:16,9,6.7,9,20.0,21.27,21.49,0.0,10000,2.06,800,3.0,22.5,45.0,0,4.56,23.5,0.2,1.0,61.11,11,2,0.2529,Estabilizado,Operação Normal
2026-08-18T02:17:18.150100,2008-10,33665,2,CPTM ITAIM PAULISTA,JD. NSA. SRA. DO CAMINHO,1,23:16,4,15.0,4,20.0,21.27,21.49,0.0,10000,2.06,800,3.0,22.5,45.0,0,4.56,23.5,0.2,1.0,62.5,5,1,0.2564,Estabilizado,Operação Normal
2026-08-18T02:17:18.150100,6014-10,188,1,TERM. STO. AMARO,TERM. JD. JACIRA,1,23:16,4,15.0,4,20.0,21.27,21.49,0.0,10000,2.06,800,3.0,22.5,45.0,0,4.56,23.5,0.2,1.0,62.5,5,1,0.2564,Estabilizado,Operação Normal
2026-08-18T02:17:18.150100,1722-10,864,1,METRÔ TUCURUVI,JD. MARINA,1,23:16,7,8.6,7,20.0,21.27,21.49,0.0,10000,2.06,800,3.0,22.5,45.0,0,4.56,23.5,0.2,1.0,57.14,8,1,0.243,Estabilizado,Operação Normal
2026-08-18T02:17:18.150100,5630-10,78,1,METRÔ BRÁS,TERM. GRAJAÚ,1,23:16,5,12.0,5,20.0,21.27,21.49,0.0,10000,2.06,800,3.0,22.5,45.0,0,4.56,23.5,0.2,1.0,60.0,6,1,0.2501,Estabilizado,Operação Normal
2026-08-18T02:17:18.150100,3761-10,1051,1,METRÔ CARRÃO,3A. DIVISÃO,1,23:16,4,15.0,4,20.0,21.27,21.49,0.0,10000,2.06,800,3.0,22.5,45.0,0,4.56,23.5,0.2,1.0,62.5,5,1,0.2564,Estabilizado,Operação Normal
2026-08-18T02:17:18.150100,874C-10,33245,2,METRÔ - TRIANON - MASP ,PQ. CONTINENTAL,1,23:16,4,15.0,4,20.0,21.27,21.49,0.0,10000,2.06,800,3.0,22.5,45.0,0,4.56,23.5,0.2,1.0,62.5,5,1,0.2564,Estabilizado,Operação Normal
2026-08-18T02:17:18.150100,5106-10,34048,2,LGO. SÃO FRANCISCO,MAR PAULISTA,1,23:16,5,12.0,5,20.0,21.27,21.49,0.0,10000,2.06,800,3.0,22.5,45.0,0,4.56,23.5,0.2,1.0,60.0,6,1,0.2501,Estabilizado,Operação Normal
2026-08-18T02:17:18.150100,3031-10,967,1,METRÔ ITAQUERA,JD. ALTO PAULISTANO,1,23:16,5,12.0,5,20.0,21.27,21.49,0.0,10000,2.06,800,3.0,22.5,45.0,0,4.56,23.5,0.2,1.0,60.0,6,1,0.2501,Estabilizado,Operação Normal
2026-08-18T02:17:18.150100,374V-10,1647,1,METRÔ ITAQUERA,JD. SANTANA,1,23:16,2,30.0,2,20.0,21.27,21.49,0.0,10000,2.06,800,3.0,22.5,45.0,0,4.56,23.5,0.2,0.667,75.0,3,1,0.3209,Estabilizado,Operação Normal
2026-08-18T02:17:18.150100,3903-10,34239,2,PENHA,JD. VL. NOVA,1,23:16,1,60.0,1,20.0,21.27,21.49,0.0,10000,2.06,800,3.0,22.5,45.0,0,4.56,23.5,0.2,0.333,100.0,2,1,0.4168,Estabilizado,Operação Normal
2026-08-18T02:17:18.150100,3787-10,1612,1,METRÔ ITAQUERA,CID. TIRADENTES,1,23:16,5,12.0,5,20.0,21.27,21.49,0.0,10000,2.06,800,3.0,22.5,45.0,0,4.56,23.5,0.2,1.0,60.0,6,1,0.2501,Estabilizado,Operação Normal
2026-08-18T02:17:18.150100,106A-10,516,1,ITAIM BIBI,METRÔ SANTANA,1,23:16,5,12.0,5,20.0,21.27,21.49,0.0,10000,2.06,800,3.0,22.5,45.0,0,4.56,23.5,0.2,1.0,60.0,6,1,0.2501,Estabilizado,Operação Normal
2026-08-18T02:17:18.150100,807A-10,1900,1,TERM. STO. AMARO,TERM. CAMPO LIMPO,1,23:16,4,15.0,4,20.0,21.27,21.49,0.0,10000,2.06,800,3.0,22.5,45.0,0,4.56,23.5,0.2,1.0,62.5,5,1,0.2564,Estabilizado,Operação Normal
2026-08-18T02:17:18.150100,695X-10,34209,2,METRÔ JABAQUARA,TERM. VARGINHA,1,23:16,4,15.0,4,20.0,21.27,21.49,0.0,10000,2.06,800,3.0,22.5,45.0,0,4.56,23.5,0.2,1.0,62.5,5,1,0.2564,Estabilizado,Operação Normal
2026-08-18T02:17:18.150100,5128-10,33896,2,METRÔ CONCEIÇÃO,JD. APURÁ,1,23:16,4,15.0,4,20.0,21.27,21.49,0.0,10000,2.06,800,3.0,22.5,45.0,0,4.56,23.5,0.2,1.0,62.5,5,1,0.2564,Estabilizado,Operação Normal
2026-08-18T02:17:18.150100,6414-10,33128,2,TERM. BANDEIRA,SOCORRO,1,23:16,3,20.0,3,20.0,21.27,21.49,0.0,10000,2.06,800,3.0,22.5,45.0,0,4.56,23.5,0.2,1.0,66.67,4,1,0.2668,Estabilizado,Operação Normal
2026-08-18T02:17:18.150100,5013-10,33885,2,STO. AMARO,JD. LUSO,1,23:16,3,20.0,3,20.0,21.27,21.49,0.0,10000,2.06,800,3.0,22.5,45.0,0,4.56,23.5,0.2,1.0,66.67,4,1,0.2668,Estabilizado,Operação Normal
2026-08-18T02:17:18.150100,312N-10,990,1,SÃO MIGUEL PAULISTA,TERM. CID. TIRADENTES,1,23:16,4,15.0,4,20.0,21.27,21.49,0.0,10000,2.06,800,3.0,22.5,45.0,0,4.56,23.5,0.2,1.0,62.5,5,1,0.2564,Estabilizado,Operação Normal
2026-08-18T02:17:18.150100,5652-10,33042,2,PÇA. DA SÉ,JD. IV CENTENÁRIO,1,23:16,4,15.0,4,20.0,21.27,21.49,0.0,10000,2.06,800,3.0,22.5,45.0,0,4.56,23.5,0.2,1.0,62.5,5,1,0.2564,Estabilizado,Operação Normal
2026-08-18T02:17:18.150100,908T-10,34884,2,BUTANTÃ,TERM. PQ. D. PEDRO II,1,23:16,3,20.0,3,20.0,21.27,21.49,0.0,10000,2.06,800,3.0,22.5,45.0,0,4.56,23.5,0.2,1.0,66.67,4,1,0.2668,Estabilizado,Operação Normal
2026-08-18T02:17:18.150100,8029-10,35308,2,TERM. MORUMBI,SHOP. PORTAL,1,23:16,5,12.0,5,20.0,21.27,21.49,0.0,10000,2.06,800,3.0,22.5,45.0,0,4.56,23.5,0.2,1.0,60.0,6,1,0.2501,Estabilizado,Operação Normal
2026-08-18T02:17:18.150100,4017-10,2190,1,VL. YOLANDA,METALÚRGICOS,1,23:16,4,15.0,4,20.0,21.27,21.49,0.0,10000,2.06,800,3.0,22.5,45.0,0,4.56,23.5,0.2,1.0,62.5,5,1,0.2564,Estabilizado,Operação Normal
2026-08-18T02:17:18.150100,875P-10,1341,1,METRÔ ANA ROSA,METRÔ BARRA FUNDA,1,23:16,3,20.0,3,20.0,21.27,21.49,0.0,10000,2.06,800,3.0,22.5,45.0,0,4.56,23.5,0.2,1.0,66.67,4,1,0.2668,Estabilizado,Operação Normal
2026-08-18T02:17:18.150100,702C-10,485,1,METRÔ BELÉM,JD. BONFIGLIOLI,1,23:16,1,60.0,1,20.0,21.27,21.49,0.0,10000,2.06,800,3.0,22.5,45.0,0,4.56,23.5,0.2,0.333,100.0,2,1,0.4168,Estabilizado,Operação Normal
2026-08-18T02:17:18.150100,2031-10,367,1,TERM. A. E. CARVALHO,CID. KEMEL II,1,23:16,2,30.0,2,20.0,21.27,21.49,0.0,10000,2.06,800,3.0,22.5,45.0,0,4.56,23.5,0.2,0.667,75.0,3,1,0.3209,Estabilizado,Operação Normal
2026-08-18T02:17:18.150100,2733-10,33716,2,METRÔ ITAQUERA,PQ. GUARANI,1,23:16,3,20.0,3,20.0,21.27,21.49,0.0,10000,2.06,800,3.0,22.5,45.0,0,4.56,23.5,0.2,1.0,66.67,4,1,0.2668,Estabilizado,Operação Normal
2026-08-18T02:17:18.150100,3063-1,2626,1,TERM. SÃO MATEUS,GUAIANASES,1,23:16,7,8.6,7,20.0,21.27,21.49,0.0,10000,2.06,800,3.0,22.5,45.0,0,4.56,23.5,0.2,1.0,57.14,8,1,0.243,Estabilizado,Operação Normal
2026-08-18T02:17:18.150100,407Y-10,2206,1,METRÔ VL. PRUDENTE,PQ. SAVOY CITY,1,23:16,2,30.0,2,20.0,21.27,21.49,0.0,10000,2.06,800,3.0,22.5,45.0,0,4.56,23.5,0.2,0.667,75.0,3,1,0.3209,Estabilizado,Operação Normal
2026-08-18T02:17:18.150100,213E-10,2498,1,METRÔ BELÉM,PQ. EDU CHAVES,1,23:16,3,20.0,3,20.0,21.27,21.49,0.0,10000,2.06,800,3.0,22.5,45.0,0,4.56,23.5,0.2,1.0,66.67,4,1,0.2668,Estabilizado,Operação Normal
2026-08-18T02:17:18.150100,2769-10,397,1,METRÔ TATUAPÉ,JD. ROMANO,1,23:16,5,12.0,5,20.0,21.27,21.49,0.0,10000,2.06,800,3.0,22.5,45.0,0,4.56,23.5,0.2,1.0,60.0,6,1,0.2501,Estabilizado,Operação Normal
2026-08-18T02:17:18.150100,2755-10,233,1,METRÔ PENHA,GUAIANASES,1,23:16,6,10.0,6,20.0,21.27,21.49,0.0,10000,2.06,800,3.0,22.5,45.0,0,4.56,23.5,0.2,1.0,58.33,7,1,0.246,Estabilizado,Operação Normal
2026-08-18T02:17:18.150100,3020-10,33726,2,SHOP. ARICANDUVA,COHAB JOSÉ BONIFÁCIO ,1,23:16,3,20.0,3,20.0,21.27,21.49,0.0,10000,2.06,800,3.0,22.5,45.0,0,4.56,23.5,0.2,1.0,66.67,4,1,0.2668,Estabilizado,Operação Normal
2026-08-18T02:17:18.150100,875C-1,2510,1,METRÔ STA. CRUZ,TERM. LAPA,1,23:16,4,15.0,4,20.0,21.27,21.49,0.0,10000,2.06,800,3.0,22.5,45.0,0,4.56,23.5,0.2,1.0,62.5,5,1,0.2564,Estabilizado,Operação Normal
2026-08-18T02:17:18.150100,609J-10,2242,1,METRÔ SÃO JUDAS,AEROPORTO,1,23:16,1,60.0,1,20.0,21.27,21.49,0.0,10000,2.06,800,3.0,22.5,45.0,0,4.56,23.5,0.2,0.333,100.0,2,1,0.4168,Estabilizado,Operação Normal
2026-08-18T02:17:18.150100,809A-10,2069,1,TERM. PINHEIROS,JD. D'ABRIL,1,23:16,1,60.0,1,20.0,21.27,21.49,0.0,10000,2.06,800,3.0,22.5,45.0,0,4.56,23.5,0.2,0.333,100.0,2,1,0.4168,Estabilizado,Operação Normal
2026-08-18T02:17:18.150100,2756-10,33006,2,METRÔ PATRIARCA,GUAIANASES,1,23:16,3,20.0,3,20.0,21.27,21.49,0.0,10000,2.06,800,3.0,22.5,45.0,0,4.56,23.5,0.2,1.0,66.67,4,1,0.2668,Estabilizado,Operação Normal
2026-08-18T02:17:18.150100,3099-10,1079,1,JD. DA CONQUISTA,HOSP. SÃO MATEUS,1,23:16,3,20.0,3,20.0,21.27,21.49,0.0,10000,2.06,800,3.0,22.5,45.0,0,4.56,23.5,0.2,1.0,66.67,4,1,0.2668,Estabilizado,Operação Normal
2026-08-18T02:17:18.150100,8075-21,2537,1,TERM. VL. SÔNIA,TERM. CAMPO LIMPO,1,23:16,2,30.0,2,20.0,21.27,21.49,0.0,10000,2.06,800,3.0,22.5,45.0,0,4.56,23.5,0.2,0.667,75.0,3,1,0.3209,Estabilizado,Operação Normal
2026-08-18T02:17:18.150100,N703-11,35176,2,TERM. STO. AMARO,TERM. JD. ÂNGELA,1,23:16,2,30.0,2,20.0,21.27,21.49,0.0,10000,2.06,800,3.0,22.5,45.0,0,4.56,23.5,0.2,0.667,75.0,3,1,0.3209,Estabilizado,Operação Normal
2026-08-18T02:17:18.150100,3785-10,33831,2,METRÔ ITAQUERA,COHAB BARRO BRANCO,1,23:16,6,10.0,6,20.0,21.27,21.49,0.0,10000,2.06,800,3.0,22.5,45.0,0,4.56,23.5,0.2,1.0,58.33,7,1,0.246,Estabilizado,Operação Normal
2026-08-18T02:17:18.150100,4012-10,34953,2,TERM. SÃO MATEUS,JD. IGUATEMI,1,23:16,1,60.0,1,20.0,21.27,21.49,0.0,10000,2.06,800,3.0,22.5,45.0,0,4.56,23.5,0.2,0.333,100.0,2,1,0.4168,Estabilizado,Operação Normal
2026-08-18T02:17:18.150100,546T-10,33040,2,TERM. STO. AMARO,VL. GUACURI,1,23:16,4,15.0,4,20.0,21.27,21.49,0.0,10000,2.06,800,3.0,22.5,45.0,0,4.56,23.5,0.2,1.0,62.5,5,1,0.2564,Estabilizado,Operação Normal
2026-08-18T02:17:18.150100,967A-10,33336,2,PINHEIROS,IMIRIM,1,23:16,7,8.6,7,20.0,21.27,21.49,0.0,10000,2.06,800,3.0,22.5,45.0,0,4.56,23.5,0.2,1.0,57.14,8,1,0.243,Estabilizado,Operação Normal
2026-08-18T02:17:18.150100,2735-21,514,1,METRÔ PENHA,JD. SÃO FRANCISCO,1,23:16,1,60.0,1,20.0,21.27,21.49,0.0,10000,2.06,800,3.0,22.5,45.0,0,4.56,23.5,0.2,0.333,100.0,2,1,0.4168,Estabilizado,Operação Normal
2026-08-18T02:17:18.150100,1721-10,33434,2,METRÔ CARANDIRU,VL. SABRINA,1,23:16,3,20.0,3,20.0,21.27,21.49,0.0,10000,2.06,800,3.0,22.5,45.0,0,4.56,23.5,0.2,1.0,66.67,4,1,0.2668,Estabilizado,Operação Normal
2026-08-18T02:17:18.150100,314V-10,33079,2,PÇA. ALMEIDA JR.,VL. EMA,1,23:16,3,20.0,3,20.0,21.27,21.49,0.0,10000,2.06,800,3.0,22.5,45.0,0,4.56,23.5,0.2,1.0,66.67,4,1,0.2668,Estabilizado,Operação Normal
2026-08-18T02:17:18.150100,8078-10,34848,2,HOSP. CAMPO LIMPO,JD. DAS PALMAS,1,23:16,3,20.0,3,20.0,21.27,21.49,0.0,10000,2.06,800,3.0,22.5,45.0,0,4.56,23.5,0.2,1.0,66.67,4,1,0.2668,Estabilizado,Operação Normal
2026-08-18T02:17:18.150100,3739-10,1039,1,METRÔ ITAQUERA,RECANTO VERDE SOL,1,23:16,7,8.6,7,20.0,21.27,21.49,0.0,10000,2.06,800,3.0,22.5,45.0,0,4.56,23.5,0.2,1.0,57.14,8,1,0.243,Estabilizado,Operação Normal
2026-08-18T02:17:18.150100,3745-10,33812,2,METRÔ TATUAPÉ,JD. IMPERADOR,1,23:16,5,12.0,5,20.0,21.27,21.49,0.0,10000,2.06,800,3.0,22.5,45.0,0,4.56,23.5,0.2,1.0,60.0,6,1,0.2501,Estabilizado,Operação Normal
2026-08-18T02:17:18.150100,5031-10,34514,2,TERM. SACOMÃ,VL. ARAPUÁ,1,23:16,7,8.6,7,20.0,21.27,21.49,0.0,10000,2.06,800,3.0,22.5,45.0,0,4.56,23.5,0.2,1.0,57.14,8,1,0.243,Estabilizado,Operação Normal
2026-08-18T02:17:18.150100,4036-10,2561,1,TERM. VL. CARRÃO,METRÔ ITAQUERA,1,23:16,2,30.0,2,20.0,21.27,21.49,0.0,10000,2.06,800,3.0,22.5,45.0,0,4.56,23.5,0.2,0.667,75.0,3,1,0.3209,Estabilizado,Operação Normal
2026-08-18T02:17:18.150100,4113-10,768,1,PÇA. DA REPÚBLICA,GENTIL DE MOURA,1,23:16,7,8.6,7,20.0,21.27,21.49,0.0,10000,2.06,800,3.0,22.5,45.0,0,4.56,23.5,0.2,1.0,57.14,8,1,0.243,Estabilizado,Operação Normal
2026-08-18T02:17:18.150100,272N-10,33473,2,PQ. D. PEDRO II,PQ. NOVO MUNDO,1,23:16,1,60.0,1,20.0,21.27,21.49,0.0,10000,2.06,800,3.0,22.5,45.0,0,4.56,23.5,0.2,0.333,100.0,2,1,0.4168,Estabilizado,Operação Normal
2026-08-18T02:17:18.150100,2290-10,33486,2,TERM. PQ. D. PEDRO II,TERM. SÃO MATEUS,1,23:16,9,6.7,9,20.0,21.27,21.49,0.0,10000,2.06,800,3.0,22.5,45.0,0,4.56,23.5,0.2,1.0,61.11,11,2,0.2529,Estabilizado,Operação Normal
2026-08-18T02:17:18.150100,516N-10,33034,2,PÇA. D. GASTÃO,JD. MIRIAM,1,23:16,4,15.0,4,20.0,21.27,21.49,0.0,10000,2.06,800,3.0,22.5,45.0,0,4.56,23.5,0.2,1.0,62.5,5,1,0.2564,Estabilizado,Operação Normal
2026-08-18T02:17:18.150100,233A-10,33017,2,TERM. VL. CARRÃO,JD. HELENA,1,23:16,2,30.0,2,20.0,21.27,21.49,0.0,10000,2.06,800,3.0,22.5,45.0,0,4.56,23.5,0.2,0.667,75.0,3,1,0.3209,Estabilizado,Operação Normal
2026-08-18T02:17:18.150100,807A-10,34668,2,TERM. STO. AMARO,TERM. CAMPO LIMPO,1,23:16,5,12.0,5,20.0,21.27,21.49,0.0,10000,2.06,800,3.0,22.5,45.0,0,4.56,23.5,0.2,1.0,60.0,6,1,0.2501,Estabilizado,Operação Normal
2026-08-18T02:17:18.150100,4115-10,33090,2,PÇA. DA REPÚBLICA,SHOP. PLAZA SUL,1,23:16,1,60.0,1,20.0,21.27,21.49,0.0,10000,2.06,800,3.0,22.5,45.0,0,4.56,23.5,0.2,0.333,100.0,2,1,0.4168,Estabilizado,Operação Normal
2026-08-18T02:17:18.150100,6825-10,32782,2,TERM. CAPELINHA,VALO VELHO,1,23:16,1,60.0,1,20.0,21.27,21.49,0.0,10000,2.06,800,3.0,22.5,45.0,0,4.56,23.5,0.2,0.333,100.0,2,1,0.4168,Estabilizado,Operação Normal
2026-08-18T02:17:18.150100,5012-10,1116,1,JABAQUARA,VL. GUACURI,1,23:16,5,12.0,5,20.0,21.27,21.49,0.0,10000,2.06,800,3.0,22.5,45.0,0,4.56,23.5,0.2,1.0,60.0,6,1,0.2501,Estabilizado,Operação Normal
2026-08-18T02:17:18.150100,5141-10,1625,1,PÇA. DO CORREIO,TERM. SAPOPEMBA,1,23:16,1,60.0,1,20.0,21.27,21.49,0.0,10000,2.06,800,3.0,22.5,45.0,0,4.56,23.5,0.2,0.333,100.0,2,1,0.4168,Estabilizado,Operação Normal
2026-08-18T02:17:18.150100,477A-10,346,1,TERM. PINHEIROS,SACOMÃ,1,23:16,8,7.5,8,20.0,21.27,21.49,0.0,10000,2.06,800,3.0,22.5,45.0,0,4.56,23.5,0.2,1.0,62.5,10,2,0.2564,Estabilizado,Operação Normal
2026-08-18T02:17:18.150100,174M-10,33441,2,MUSEU DO IPIRANGA,VL. SABRINA,1,23:16,4,15.0,4,20.0,21.27,21.49,0.0,10000,2.06,800,3.0,22.5,45.0,0,4.56,23.5,0.2,1.0,62.5,5,1,0.2564,Estabilizado,Operação Normal
2026-08-18T02:17:18.150100,3778-10,1062,1,METRÔ CARRÃO,JD. STA. TEREZINHA,1,23:16,5,12.0,5,20.0,21.27,21.49,0.0,10000,2.06,800,3.0,22.5,45.0,0,4.56,23.5,0.2,1.0,60.0,6,1,0.2501,Estabilizado,Operação Normal
2026-08-18T02:17:18.150100,2721-10,934,1,METRÔ ITAQUERA,JD. NAZARÉ,1,23:16,6,10.0,6,20.0,21.27,21.49,0.0,10000,2.06,800,3.0,22.5,45.0,0,4.56,23.5,0.2,1.0,58.33,7,1,0.246,Estabilizado,Operação Normal
2026-08-18T02:17:18.150100,6015-10,33973,2,JD. ÂNGELA,VL. CALÚ,1,23:16,2,30.0,2,20.0,21.27,21.49,0.0,10000,2.06,800,3.0,22.5,45.0,0,4.56,23.5,0.2,0.667,75.0,3,1,0.3209,Estabilizado,Operação Normal
2026-08-18T02:17:18.150100,4313-10,34941,2,TERM. PQ. D. PEDRO II,TERM. CID. TIRADENTES,1,23:16,5,12.0,5,20.0,21.27,21.49,0.0,10000,2.06,800,3.0,22.5,45.0,0,4.56,23.5,0.2,1.0,60.0,6,1,0.2501,Estabilizado,Operação Normal
2026-08-18T02:17:18.150100,273G-10,32991,2,METRÔ ARTUR ALVIM,JD. HELENA,1,23:16,6,10.0,6,20.0,21.27,21.49,0.0,10000,2.06,800,3.0,22.5,45.0,0,4.56,23.5,0.2,1.0,58.33,7,1,0.246,Estabilizado,Operação Normal
2026-08-18T02:17:18.150100,4093-10,2448,1,TERM. CID. TIRADENTES,CID. TIRADENTES,1,23:16,1,60.0,1,20.0,21.27,21.49,0.0,10000,2.06,800,3.0,22.5,45.0,0,4.56,23.5,0.2,0.333,100.0,2,1,0.4168,Estabilizado,Operação Normal
2026-08-18T02:17:18.150100,5028-10,1634,1,METRÔ ALTO DO IPIRANGA,CONJ. HAB. HELIÓPOLIS,1,23:16,1,60.0,1,20.0,21.27,21.49,0.0,10000,2.06,800,3.0,22.5,45.0,0,4.56,23.5,0.2,0.333,100.0,2,1,0.4168,Estabilizado,Operação Normal
2026-08-18T02:17:18.150100,1742-10,33310,2,METRÔ SANTANA,JD. ANTÁRTICA,1,23:16,3,20.0,3,20.0,21.27,21.49,0.0,10000,2.06,800,3.0,22.5,45.0,0,4.56,23.5,0.2,1.0,66.67,4,1,0.2668,Estabilizado,Operação Normal
2026-08-18T02:17:18.150100,909T-10,35024,2,TERM. PQ. D. PEDRO II,TERM. PINHEIROS,1,23:16,2,30.0,2,20.0,21.27,21.49,0.0,10000,2.06,800,3.0,22.5,45.0,0,4.56,23.5,0.2,0.667,75.0,3,1,0.3209,Estabilizado,Operação Normal
2026-08-18T02:17:18.150100,6250-10,468,1,TERM. BANDEIRA,JD. JAQUELINE,1,23:16,1,60.0,1,20.0,21.27,21.49,0.0,10000,2.06,800,3.0,22.5,45.0,0,4.56,23.5,0.2,0.333,100.0,2,1,0.4168,Estabilizado,Operação Normal
2026-08-18T02:17:18.150100,6913-10,34233,2,TERM. BANDEIRA,TERM. VARGINHA,1,23:16,4,15.0,4,20.0,21.27,21.49,0.0,10000,2.06,800,3.0,22.5,45.0,0,4.56,23.5,0.2,1.0,62.5,5,1,0.2564,Estabilizado,Operação Normal
2026-08-18T02:17:18.150100,647A-10,34083,2,PINHEIROS,VALO VELHO,1,23:16,6,10.0,6,20.0,21.27,21.49,0.0,10000,2.06,800,3.0,22.5,45.0,0,4.56,23.5,0.2,1.0,58.33,7,1,0.246,Estabilizado,Operação Normal
2026-08-18T02:17:18.150100,2582-10,374,1,TERM. PQ. D. PEDRO II,VL. NOVA CURUÇÁ,1,23:16,7,8.6,7,20.0,21.27,21.49,0.0,10000,2.06,800,3.0,22.5,45.0,0,4.56,23.5,0.2,1.0,57.14,8,1,0.243,Estabilizado,Operação Normal
2026-08-18T02:17:18.150100,607M-10,34804,2,TERM. ÁGUA ESPRAIADA,TERM. GRAJAÚ,1,23:16,1,60.0,1,20.0,21.27,21.49,0.0,10000,2.06,800,3.0,22.5,45.0,0,4.56,23.5,0.2,0.333,100.0,2,1,0.4168,Estabilizado,Operação Normal
2026-08-18T02:17:18.150100,3761-10,33819,2,METRÔ CARRÃO,3A. DIVISÃO,1,23:16,4,15.0,4,20.0,21.27,21.49,0.0,10000,2.06,800,3.0,22.5,45.0,0,4.56,23.5,0.2,1.0,62.5,5,1,0.2564,Estabilizado,Operação Normal
2026-08-18T02:17:18.150100,354M-10,34387,2,TERM. SÃO MATEUS,TERM. SÃO MIGUEL,1,23:16,5,12.0,5,20.0,21.27,21.49,0.0,10000,2.06,800,3.0,22.5,45.0,0,4.56,23.5,0.2,1.0,60.0,6,1,0.2501,Estabilizado,Operação Normal
2026-08-18T02:17:18.150100,2705-10,33685,2,METRÔ ITAQUERA,JD. FANGANIELO,1,23:16,4,15.0,4,20.0,21.27,21.49,0.0,10000,2.06,800,3.0,22.5,45.0,0,4.56,23.5,0.2,1.0,62.5,5,1,0.2564,Estabilizado,Operação Normal
2026-08-18T02:17:18.150100,771P-10,33274,2,TERM. PINHEIROS,JD. JOÃO XXIII,1,23:16,2,30.0,2,20.0,21.27,21.49,0.0,10000,2.06,800,3.0,22.5,45.0,0,4.56,23.5,0.2,0.667,75.0,3,1,0.3209,Estabilizado,Operação Normal
2026-08-18T02:17:18.150100,7004-21,2583,1,VL. DO SOL,TERM. JD. JACIRA,1,23:16,2,30.0,2,20.0,21.27,21.49,0.0,10000,2.06,800,3.0,22.5,45.0,0,4.56,23.5,0.2,0.667,75.0,3,1,0.3209,Estabilizado,Operação Normal
2026-08-18T02:17:18.150100,5038-10,1661,1,TERM. SACOMÃ,PQ. BRISTOL,1,23:16,1,60.0,1,20.0,21.27,21.49,0.0,10000,2.06,800,3.0,22.5,45.0,0,4.56,23.5,0.2,0.333,100.0,2,1,0.4168,Estabilizado,Operação Normal
2026-08-18T02:17:18.150100,2726-10,940,1,METRÔ PENHA,LIMOEIRO,1,23:16,3,20.0,3,20.0,21.27,21.49,0.0,10000,2.06,800,3.0,22.5,45.0,0,4.56,23.5,0.2,1.0,66.67,4,1,0.2668,Estabilizado,Operação Normal
2026-08-18T02:17:18.150100,6058-10,1149,1,TERM. EST. VARGINHA,JD. NORONHA,1,23:16,1,60.0,1,20.0,21.27,21.49,0.0,10000,2.06,800,3.0,22.5,45.0,0,4.56,23.5,0.2,0.333,100.0,2,1,0.4168,Estabilizado,Operação Normal
2026-08-18T02:17:18.150100,233A-10,249,1,TERM. VL. CARRÃO,JD. HELENA,1,23:16,3,20.0,3,20.0,21.27,21.49,0.0,10000,2.06,800,3.0,22.5,45.0,0,4.56,23.5,0.2,1.0,66.67,4,1,0.2668,Estabilizado,Operação Normal
2026-08-18T02:17:18.150100,2766-10,405,1,METRÔ ITAQUERA,JD. CAMARGO VELHO,1,23:16,6,10.0,6,20.0,21.27,21.49,0.0,10000,2.06,800,3.0,22.5,45.0,0,4.56,23.5,0.2,1.0,58.33,7,1,0.246,Estabilizado,Operação Normal
2026-08-18T02:17:18.150100,669A-10,4,1,TERM. PRINC. ISABEL,TERM. STO. AMARO,1,23:16,4,15.0,4,20.0,21.27,21.49,0.0,10000,2.06,800,3.0,22.5,45.0,0,4.56,23.5,0.2,1.0,62.5,5,1,0.2564,Estabilizado,Operação Normal
2026-08-18T02:17:18.150100,2203-10,911,1,SHOP. PENHA,BURGO PAULISTA,1,23:16,1,60.0,1,20.0,21.27,21.49,0.0,10000,2.06,800,3.0,22.5,45.0,0,4.56,23.5,0.2,0.333,100.0,2,1,0.4168,Estabilizado,Operação Normal
2026-08-18T02:17:18.150100,8549-10,33348,2,PÇA. DO CORREIO,TAIPAS,1,23:16,5,12.0,5,20.0,21.27,21.49,0.0,10000,2.06,800,3.0,22.5,45.0,0,4.56,23.5,0.2,1.0,60.0,6,1,0.2501,Estabilizado,Operação Normal
2026-08-18T02:17:18.150100,6078-10,1166,1,SHOP. INTERLAGOS,CANTINHO DO CÉU,1,23:16,6,10.0,6,20.0,21.27,21.49,0.0,10000,2.06,800,3.0,22.5,45.0,0,4.56,23.5,0.2,1.0,58.33,7,1,0.246,Estabilizado,Operação Normal
2026-08-18T02:17:18.150100,342M-10,747,1,TERM. PENHA,TERM. SÃO MATEUS,1,23:16,4,15.0,4,20.0,21.27,21.49,0.0,10000,2.06,800,3.0,22.5,45.0,0,4.56,23.5,0.2,1.0,62.5,5,1,0.2564,Estabilizado,Operação Normal
2026-08-18T02:17:18.150100,2725-10,939,1,JD. SÃO CARLOS,METRÔ ARTUR ALVIM,1,23:16,5,12.0,5,20.0,21.27,21.49,0.0,10000,2.06,800,3.0,22.5,45.0,0,4.56,23.5,0.2,1.0,60.0,6,1,0.2501,Estabilizado,Operação Normal
2026-08-18T02:17:18.150100,1764-10,625,1,METRÔ SANTANA,JD. CORISCO,1,23:16,6,10.0,6,20.0,21.27,21.49,0.0,10000,2.06,800,3.0,22.5,45.0,0,4.56,23.5,0.2,1.0,58.33,7,1,0.246,Estabilizado,Operação Normal
2026-08-18T02:17:18.150100,364A-10,34014,2,SHOP. ARICANDUVA,HOSP. IPIRANGA,1,23:16,6,10.0,6,20.0,21.27,21.49,0.0,10000,2.06,800,3.0,22.5,45.0,0,4.56,23.5,0.2,1.0,58.33,7,1,0.246,Estabilizado,Operação Normal
2026-08-18T02:17:18.150100,271A-51,703,1,METRÔ SANTANA,CANGAÍBA,1,23:16,2,30.0,2,20.0,21.27,21.49,0.0,10000,2.06,800,3.0,22.5,45.0,0,4.56,23.5,0.2,0.667,75.0,3,1,0.3209,Estabilizado,Operação Normal
2026-08-18T02:17:18.150100,372F-10,1015,1,METRÔ BRESSER,UNIV. SÃO JUDAS TADEU,1,23:16,2,30.0,2,20.0,21.27,21.49,0.0,10000,2.06,800,3.0,22.5,45.0,0,4.56,23.5,0.2,0.667,75.0,3,1,0.3209,Estabilizado,Operação Normal
2026-08-18T02:17:18.150100,4491-10,33095,2,TERM. PQ. D. PEDRO II,VL. LIVIERO,1,23:16,2,30.0,2,20.0,21.27,21.49,0.0,10000,2.06,800,3.0,22.5,45.0,0,4.56,23.5,0.2,0.667,75.0,3,1,0.3209,Estabilizado,Operação Normal
2026-08-18T02:17:18.150100,148L-10,33299,2,LAPA,COHAB ANTÁRTICA,1,23:16,11,5.5,12,20.0,21.27,21.49,0.0,10000,2.06,800,3.0,22.5,45.0,0,4.56,23.5,0.2,1.0,63.64,14,3,0.2592,Estabilizado,Operação Normal
2026-08-18T02:17:18.150100,1026-10,35074,2,CONEXÃO PETRÔNIO PORTELA,VL. IARA,1,23:16,2,30.0,2,20.0,21.27,21.49,0.0,10000,2.06,800,3.0,22.5,45.0,0,4.56,23.5,0.2,0.667,75.0,3,1,0.3209,Estabilizado,Operação Normal
2026-08-18T02:17:18.150100,5164-21,1616,1,PQ. IBIRAPUERA,CID. LEONOR,1,23:16,5,12.0,5,20.0,21.27,21.49,0.0,10000,2.06,800,3.0,22.5,45.0,0,4.56,23.5,0.2,1.0,60.0,6,1,0.2501,Estabilizado,Operação Normal
2026-08-18T02:17:18.150100,971A-10,658,1,SHOP. D,JD. PRIMAVERA,1,23:16,3,20.0,3,20.0,21.27,21.49,0.0,10000,2.06,800,3.0,22.5,45.0,0,4.56,23.5,0.2,1.0,66.67,4,1,0.2668,Estabilizado,Operação Normal
2026-08-18T02:17:18.150100,2031-10,33135,2,TERM. A. E. CARVALHO,CID. KEMEL II,1,23:16,5,12.0,5,20.0,21.27,21.49,0.0,10000,2.06,800,3.0,22.5,45.0,0,4.56,23.5,0.2,1.0,60.0,6,1,0.2501,Estabilizado,Operação Normal
2026-08-18T02:17:18.150100,978T-10,33657,2,METRÔ BARRA FUNDA,JD. GUARANI,1,23:16,7,8.6,7,20.0,21.27,21.49,0.0,10000,2.06,800,3.0,22.5,45.0,0,4.56,23.5,0.2,1.0,57.14,8,1,0.243,Estabilizado,Operação Normal
2026-08-18T02:17:18.150100,2010-10,34872,2,SHOP. D,PQ. EDU CHAVES,1,23:16,4,15.0,4,20.0,21.27,21.49,0.0,10000,2.06,800,3.0,22.5,45.0,0,4.56,23.5,0.2,1.0,62.5,5,1,0.2564,Estabilizado,Operação Normal
2026-08-18T02:17:18.150100,5127-10,1127,1,EST. JURUBATUBA,VL. GUACURI,1,23:16,5,12.0,5,20.0,21.27,21.49,0.0,10000,2.06,800,3.0,22.5,45.0,0,4.56,23.5,0.2,1.0,60.0,6,1,0.2501,Estabilizado,Operação Normal
2026-08-18T02:17:18.150100,352A-10,32932,2,TERM. SÃO MATEUS,JD. HELENA,1,23:16,4,15.0,4,20.0,21.27,21.49,0.0,10000,2.06,800,3.0,22.5,45.0,0,4.56,23.5,0.2,1.0,62.5,5,1,0.2564,Estabilizado,Operação Normal
2026-08-18T02:17:18.150100,7545-10,33272,2,PÇA. RAMOS DE AZEVEDO,JD. JOÃO XXIII,1,23:16,7,8.6,7,20.0,21.27,21.49,0.0,10000,2.06,800,3.0,22.5,45.0,0,4.56,23.5,0.2,1.0,57.14,8,1,0.243,Estabilizado,Operação Normal
2026-08-18T02:17:18.150100,857A-10,1925,1,METRÔ STA. CRUZ,TERM. CAMPO LIMPO,1,23:16,3,20.0,3,20.0,21.27,21.49,0.0,10000,2.06,800,3.0,22.5,45.0,0,4.56,23.5,0.2,1.0,66.67,4,1,0.2668,Estabilizado,Operação Normal
2026-08-18T02:17:18.150100,2024-10,2261,1,CACHOEIRA,DIB,1,23:16,1,60.0,1,20.0,21.27,21.49,0.0,10000,2.06,800,3.0,22.5,45.0,0,4.56,23.5,0.2,0.333,100.0,2,1,0.4168,Estabilizado,Operação Normal
2026-08-18T02:17:18.150100,2705-10,917,1,METRÔ ITAQUERA,JD. FANGANIELO,1,23:16,2,30.0,2,20.0,21.27,21.49,0.0,10000,2.06,800,3.0,22.5,45.0,0,4.56,23.5,0.2,0.667,75.0,3,1,0.3209,Estabilizado,Operação Normal
2026-08-18T02:17:18.150100,2020-10,35030,2,METRÔ TUCURUVI,HORTO FLORESTAL,1,23:16,2,30.0,2,20.0,21.27,21.49,0.0,10000,2.06,800,3.0,22.5,45.0,0,4.56,23.5,0.2,0.667,75.0,3,1,0.3209,Estabilizado,Operação Normal
2026-08-18T02:17:18.150100,1705-10,33617,2,METRÔ TUCURUVI,JD. SÃO JOÃO,1,23:16,6,10.0,6,20.0,21.27,21.49,0.0,10000,2.06,800,3.0,22.5,45.0,0,4.56,23.5,0.2,1.0,58.33,7,1,0.246,Estabilizado,Operação Normal
2026-08-18T02:17:18.150100,6L01-10,33939,2,TERM. VARGINHA,MARSILAC,1,23:16,8,7.5,8,20.0,21.27,21.49,0.0,10000,2.06,800,3.0,22.5,45.0,0,4.56,23.5,0.2,1.0,62.5,10,2,0.2564,Estabilizado,Operação Normal
2026-08-18T02:17:18.150100,1178-31,34580,2,PÇA. DO CORREIO,SÃO MIGUEL,1,23:16,4,15.0,4,20.0,21.27,21.49,0.0,10000,2.06,800,3.0,22.5,45.0,0,4.56,23.5,0.2,1.0,62.5,5,1,0.2564,Estabilizado,Operação Normal
2026-08-18T02:17:18.150100,6422-10,361,1,TERM. BANDEIRA,VL. CRUZEIRO,1,23:16,2,30.0,2,20.0,21.27,21.49,0.0,10000,2.06,800,3.0,22.5,45.0,0,4.56,23.5,0.2,0.667,75.0,3,1,0.3209,Estabilizado,Operação Normal
2026-08-18T02:17:18.150100,2702-10,914,1,METRÔ ARTUR ALVIM,VL. AMERICANA,1,23:16,4,15.0,4,20.0,21.27,21.49,0.0,10000,2.06,800,3.0,22.5,45.0,0,4.56,23.5,0.2,1.0,62.5,5,1,0.2564,Estabilizado,Operação Normal
2026-08-18T02:17:18.150100,2709-10,33690,2,VL. UNIÃO,METRÔ PATRIARCA,1,23:16,1,60.0,1,20.0,21.27,21.49,0.0,10000,2.06,800,3.0,22.5,45.0,0,4.56,23.5,0.2,0.333,100.0,2,1,0.4168,Estabilizado,Operação Normal
2026-08-18T02:17:18.150100,5164-10,1283,1,PQ. IBIRAPUERA,VL. STA. CATARINA,1,23:16,4,15.0,4,20.0,21.27,21.49,0.0,10000,2.06,800,3.0,22.5,45.0,0,4.56,23.5,0.2,1.0,62.5,5,1,0.2564,Estabilizado,Operação Normal
2026-08-18T02:17:18.150100,4002-10,2177,1,TERM. VL. CARRÃO,GUAIANASES,1,23:16,3,20.0,3,20.0,21.27,21.49,0.0,10000,2.06,800,3.0,22.5,45.0,0,4.56,23.5,0.2,1.0,66.67,4,1,0.2668,Estabilizado,Operação Normal
2026-08-18T02:17:18.150100,809A-10,34837,2,TERM. PINHEIROS,JD. D'ABRIL,1,23:16,3,20.0,3,20.0,21.27,21.49,0.0,10000,2.06,800,3.0,22.5,45.0,0,4.56,23.5,0.2,1.0,66.67,4,1,0.2668,Estabilizado,Operação Normal
2026-08-18T02:17:18.150100,746C-10,33551,2,STO. AMARO,JD. TABOÃO,1,23:16,4,15.0,4,20.0,21.27,21.49,0.0,10000,2.06,800,3.0,22.5,45.0,0,4.56,23.5,0.2,1.0,62.5,5,1,0.2564,Estabilizado,Operação Normal
2026-08-18T02:17:18.150100,7012-10,2043,1,TERM. GUARAPIRANGA,PQ. DO LAGO,1,23:16,1,60.0,1,20.0,21.27,21.49,0.0,10000,2.06,800,3.0,22.5,45.0,0,4.56,23.5,0.2,0.333,100.0,2,1,0.4168,Estabilizado,Operação Normal
2026-08-18T02:17:18.150100,5757-10,34056,2,METRÔ CONCEIÇÃO,CID. JÚLIA,1,23:16,5,12.0,5,20.0,21.27,21.49,0.0,10000,2.06,800,3.0,22.5,45.0,0,4.56,23.5,0.2,1.0,60.0,6,1,0.2501,Estabilizado,Operação Normal
2026-08-18T02:17:18.150100,3025-10,33729,2,CPTM GUAIANASES,SÍTIO CONCEIÇÃO,1,23:16,4,15.0,4,20.0,21.27,21.49,0.0,10000,2.06,800,3.0,22.5,45.0,0,4.56,23.5,0.2,1.0,62.5,5,1,0.2564,Estabilizado,Operação Normal
2026-08-18T02:17:18.150100,2552-10,32910,2,TERM. PQ. D. PEDRO II,VL. MARA,1,23:16,10,6.0,11,20.0,21.27,21.49,0.0,10000,2.06,800,3.0,22.5,45.0,0,4.56,23.5,0.2,1.0,65.0,13,3,0.2626,Estabilizado,Operação Normal
2026-08-18T02:17:18.150100,508L-10,32885,2,ACLIMAÇÃO,TERM. PRINC. ISABEL,1,23:16,2,30.0,2,20.0,21.27,21.49,0.0,10000,2.06,800,3.0,22.5,45.0,0,4.56,23.5,0.2,0.667,75.0,3,1,0.3209,Estabilizado,Operação Normal
2026-08-18T02:17:18.150100,407J-10,34966,2,METRÔ TATUAPÉ,JD. SOARES,1,23:16,9,6.7,9,20.0,21.27,21.49,0.0,10000,2.06,800,3.0,22.5,45.0,0,4.56,23.5,0.2,1.0,61.11,11,2,0.2529,Estabilizado,Operação Normal
2026-08-18T02:17:18.150100,5018-31,34629,2,JABAQUARA,SHOP. INTERLAGOS,1,23:16,2,30.0,2,20.0,21.27,21.49,0.0,10000,2.06,800,3.0,22.5,45.0,0,4.56,23.5,0.2,0.667,75.0,3,1,0.3209,Estabilizado,Operação Normal
2026-08-18T02:17:18.150100,9011-21,1768,1,CITY JARAGUÁ,CPTM JARAGUÁ,1,23:16,5,12.0,5,20.0,21.27,21.49,0.0,10000,2.06,800,3.0,22.5,45.0,0,4.56,23.5,0.2,1.0,60.0,6,1,0.2501,Estabilizado,Operação Normal
2026-08-18T02:17:18.150100,407I-10,34990,2,METRÔ BRESSER,CONJ. MANOEL DA NÓBREGA,1,23:16,3,20.0,3,20.0,21.27,21.49,0.0,10000,2.06,800,3.0,22.5,45.0,0,4.56,23.5,0.2,1.0,66.67,4,1,0.2668,Estabilizado,Operação Normal
2026-08-18T02:17:18.150100,4033-10,1103,1,NOVA CONQUISTA,JD. GUAIRACÁ,1,23:16,6,10.0,6,20.0,21.27,21.49,0.0,10000,2.06,800,3.0,22.5,45.0,0,4.56,23.5,0.2,1.0,58.33,7,1,0.246,Estabilizado,Operação Normal
2026-08-18T02:17:18.150100,875C-10,33246,2,METRÔ STA. CRUZ,TERM. LAPA,1,23:16,7,8.6,7,20.0,21.27,21.49,0.0,10000,2.06,800,3.0,22.5,45.0,0,4.56,23.5,0.2,1.0,57.14,8,1,0.243,Estabilizado,Operação Normal
2026-08-18T02:17:18.150100,3026-10,962,1,CPTM GUAIANASES,VL. IOLANDA II,1,23:16,2,30.0,2,20.0,21.27,21.49,0.0,10000,2.06,800,3.0,22.5,45.0,0,4.56,23.5,0.2,0.667,75.0,3,1,0.3209,Estabilizado,Operação Normal
2026-08-18T02:17:18.150100,3738-10,1038,1,METRÔ ITAQUERA,COHAB JUSCELINO,1,23:16,3,20.0,3,20.0,21.27,21.49,0.0,10000,2.06,800,3.0,22.5,45.0,0,4.56,23.5,0.2,1.0,66.67,4,1,0.2668,Estabilizado,Operação Normal
2026-08-18T02:17:18.150100,2551-10,32909,2,TERM. PQ. D. PEDRO II,TERM. A. E. CARVALHO,1,23:16,8,7.5,8,20.0,21.27,21.49,0.0,10000,2.06,800,3.0,22.5,45.0,0,4.56,23.5,0.2,1.0,62.5,10,2,0.2564,Estabilizado,Operação Normal
2026-08-18T02:17:18.150100,888P-10,454,1,COHAB TAIPAS,PERUS,1,23:16,5,12.0,5,20.0,21.27,21.49,0.0,10000,2.06,800,3.0,22.5,45.0,0,4.56,23.5,0.2,1.0,60.0,6,1,0.2501,Estabilizado,Operação Normal
2026-08-18T02:17:18.150100,118C-10,33287,2,TERM. AMARAL GURGEL,JD. PERY ALTO,1,23:16,9,6.7,9,20.0,21.27,21.49,0.0,10000,2.06,800,3.0,22.5,45.0,0,4.56,23.5,0.2,1.0,61.11,11,2,0.2529,Estabilizado,Operação Normal
2026-08-18T02:17:18.150100,271P-10,33472,2,PÇA DO CORREIO,CANGAÍBA,1,23:16,4,15.0,4,20.0,21.27,21.49,0.0,10000,2.06,800,3.0,22.5,45.0,0,4.56,23.5,0.2,1.0,62.5,5,1,0.2564,Estabilizado,Operação Normal
2026-08-18T02:17:18.150100,6057-10,1148,1,TERM. GRAJAÚ,VL. NATAL,1,23:16,3,20.0,3,20.0,21.27,21.49,0.0,10000,2.06,800,3.0,22.5,45.0,0,4.56,23.5,0.2,1.0,66.67,4,1,0.2668,Estabilizado,Operação Normal
2026-08-18T02:17:18.150100,576C-10,1290,1,TERM. STO. AMARO,METRÔ JABAQUARA,1,23:16,10,6.0,11,20.0,21.27,21.49,0.0,10000,2.06,800,3.0,22.5,45.0,0,4.56,23.5,0.2,1.0,65.0,13,3,0.2626,Estabilizado,Operação Normal
2026-08-18T02:17:18.150100,775F-10,796,1,HOSP. DAS CLÍNICAS,JD. DAS PALMAS,1,23:16,4,15.0,4,20.0,21.27,21.49,0.0,10000,2.06,800,3.0,22.5,45.0,0,4.56,23.5,0.2,1.0,62.5,5,1,0.2564,Estabilizado,Operação Normal
2026-08-18T02:17:18.150100,8594-10,432,1,PÇA. RAMOS DE AZEVEDO,CID. D'ABRIL ,1,23:16,4,15.0,4,20.0,21.27,21.49,0.0,10000,2.06,800,3.0,22.5,45.0,0,4.56,23.5,0.2,1.0,62.5,5,1,0.2564,Estabilizado,Operação Normal
2026-08-18T02:17:18.150100,746P-10,33556,2,STO. AMARO,PARAISÓPOLIS,1,23:16,9,6.7,9,20.0,21.27,21.49,0.0,10000,2.06,800,3.0,22.5,45.0,0,4.56,23.5,0.2,1.0,61.11,11,2,0.2529,Estabilizado,Operação Normal
2026-08-18T02:17:18.150100,6806-10,32800,2,TERM. JOÃO DIAS,JD. NOVO ORIENTE,1,23:16,1,60.0,1,20.0,21.27,21.49,0.0,10000,2.06,800,3.0,22.5,45.0,0,4.56,23.5,0.2,0.333,100.0,2,1,0.4168,Estabilizado,Operação Normal
2026-08-18T02:17:18.150100,607C-10,34745,2,ITAIM BIBI,JD. MIRIAM,1,23:16,4,15.0,4,20.0,21.27,21.49,0.0,10000,2.06,800,3.0,22.5,45.0,0,4.56,23.5,0.2,1.0,62.5,5,1,0.2564,Estabilizado,Operação Normal
2026-08-18T02:17:18.150100,107T-10,33389,2,TERM. PINHEIROS,METRÔ TUCURUVI,1,23:16,4,15.0,4,20.0,21.27,21.49,0.0,10000,2.06,800,3.0,22.5,45.0,0,4.56,23.5,0.2,1.0,62.5,5,1,0.2564,Estabilizado,Operação Normal
2026-08-18T02:17:18.150100,971T-10,33386,2,METRÔ SANTANA,VL. STA. MARIA,1,23:16,2,30.0,2,20.0,21.27,21.49,0.0,10000,2.06,800,3.0,22.5,45.0,0,4.56,23.5,0.2,0.667,75.0,3,1,0.3209,Estabilizado,Operação Normal
2026-08-18T02:17:18.150100,8082-10,35373,2,METRÔ BUTANTÃ,CID. UNIVERSITÁRIA,1,23:16,2,30.0,2,20.0,21.27,21.49,0.0,10000,2.06,800,3.0,22.5,45.0,0,4.56,23.5,0.2,0.667,75.0,3,1,0.3209,Estabilizado,Operação Normal
2026-08-18T02:17:18.150100,5370-10,34210,2,LGO. SÃO FRANCISCO,TERM. VARGINHA,1,23:16,5,12.0,5,20.0,21.27,21.49,0.0,10000,2.06,800,3.0,22.5,45.0,0,4.56,23.5,0.2,1.0,60.0,6,1,0.2501,Estabilizado,Operação Normal
2026-08-18T02:17:18.150100,875A-10,33377,2,PERDIZES,AEROPORTO,1,23:16,7,8.6,7,20.0,21.27,21.49,0.0,10000,2.06,800,3.0,22.5,45.0,0,4.56,23.5,0.2,1.0,57.14,8,1,0.243,Estabilizado,Operação Normal
2026-08-18T02:17:18.150100,278A-10,33474,2,PENHA  ,METRÔ SANTANA,1,23:16,1,60.0,1,20.0,21.27,21.49,0.0,10000,2.06,800,3.0,22.5,45.0,0,4.56,23.5,0.2,0.333,100.0,2,1,0.4168,Estabilizado,Operação Normal
2026-08-18T02:17:18.150100,271A-10,702,1,METRÔ SANTANA,TERM. PENHA,1,23:16,5,12.0,5,20.0,21.27,21.49,0.0,10000,2.06,800,3.0,22.5,45.0,0,4.56,23.5,0.2,1.0,60.0,6,1,0.2501,Estabilizado,Operação Normal
2026-08-18T02:17:18.150100,7059-10,1924,1,TERM. CAMPO LIMPO,PQ. DO ENGENHO,1,23:16,2,30.0,2,20.0,21.27,21.49,0.0,10000,2.06,800,3.0,22.5,45.0,0,4.56,23.5,0.2,0.667,75.0,3,1,0.3209,Estabilizado,Operação Normal
2026-08-18T02:17:18.150100,5175-10,33361,2,PÇA. DA SÉ,BALN. SÃO FRANCISCO,1,23:16,20,3.0,22,20.0,21.27,21.49,0.0,10000,2.06,800,3.0,22.5,45.0,0,4.56,23.5,0.2,1.0,65.0,26,6,0.2626,Estabilizado,Operação Normal
2026-08-18T02:17:18.150100,574R-10,1623,1,METRÔ BELÉM,TERM. SAPOPEMBA,1,23:16,2,30.0,2,20.0,21.27,21.49,0.0,10000,2.06,800,3.0,22.5,45.0,0,4.56,23.5,0.2,0.667,75.0,3,1,0.3209,Estabilizado,Operação Normal
2026-08-18T02:17:18.150100,524M-10,1631,1,SHOP. ARICANDUVA,MASCARENHAS DE MORAIS,1,23:16,5,12.0,5,20.0,21.27,21.49,0.0,10000,2.06,800,3.0,22.5,45.0,0,4.56,23.5,0.2,1.0,60.0,6,1,0.2501,Estabilizado,Operação Normal
2026-08-18T02:17:18.150100,6817-10,27,1,TERM. CAPELINHA,JD. SÃO BENTO,1,23:16,1,60.0,1,20.0,21.27,21.49,0.0,10000,2.06,800,3.0,22.5,45.0,0,4.56,23.5,0.2,0.333,100.0,2,1,0.4168,Estabilizado,Operação Normal
2026-08-18T02:17:18.150100,5318-10,32813,2,PÇA. DA SÉ,CHÁC. SANTANA,1,23:16,4,15.0,4,20.0,21.27,21.49,0.0,10000,2.06,800,3.0,22.5,45.0,0,4.56,23.5,0.2,1.0,62.5,5,1,0.2564,Estabilizado,Operação Normal
2026-08-18T02:17:18.150100,8615-10,34107,2,TERM. PQ. D. PEDRO II,PQ. DA LAPA,1,23:16,3,20.0,3,20.0,21.27,21.49,0.0,10000,2.06,800,3.0,22.5,45.0,0,4.56,23.5,0.2,1.0,66.67,4,1,0.2668,Estabilizado,Operação Normal
2026-08-18T02:17:18.150100,3712-10,1009,1,METRÔ ITAQUERA,JD. SÃO JOÃO,1,23:16,7,8.6,7,20.0,21.27,21.49,0.0,10000,2.06,800,3.0,22.5,45.0,0,4.56,23.5,0.2,1.0,57.14,8,1,0.243,Estabilizado,Operação Normal
2026-08-18T02:17:18.150100,1773-10,637,1,MANDAQUI,CEM. PQ. DOS PINHEIROS,1,23:16,3,20.0,3,20.0,21.27,21.49,0.0,10000,2.06,800,3.0,22.5,45.0,0,4.56,23.5,0.2,1.0,66.67,4,1,0.2668,Estabilizado,Operação Normal
2026-08-18T02:17:18.150100,6028-10,33979,2,TERM. STO. AMARO,RIVIERA,1,23:16,4,15.0,4,20.0,21.27,21.49,0.0,10000,2.06,800,3.0,22.5,45.0,0,4.56,23.5,0.2,1.0,62.5,5,1,0.2564,Estabilizado,Operação Normal
2026-08-18T02:17:18.150100,509J-10,33032,2,PQ. IBIRAPUERA,JD. SELMA,1,23:16,2,30.0,2,20.0,21.27,21.49,0.0,10000,2.06,800,3.0,22.5,45.0,0,4.56,23.5,0.2,0.667,75.0,3,1,0.3209,Estabilizado,Operação Normal
2026-08-18T02:17:18.150100,746H-10,33553,2,STO. AMARO,JD. JAQUELINE,1,23:16,2,30.0,2,20.0,21.27,21.49,0.0,10000,2.06,800,3.0,22.5,45.0,0,4.56,23.5,0.2,0.667,75.0,3,1,0.3209,Estabilizado,Operação Normal
2026-08-18T02:17:18.150100,209P-1,35069,2,TERM. PINHEIROS,CACHOEIRINHA,1,23:16,2,30.0,2,20.0,21.27,21.49,0.0,10000,2.06,800,3.0,22.5,45.0,0,4.56,23.5,0.2,0.667,75.0,3,1,0.3209,Estabilizado,Operação Normal
2026-08-18T02:17:18.150100,2014-10,900,1,METRÔ BARRA FUNDA,JD. PERY ALTO,1,23:16,3,20.0,3,20.0,21.27,21.49,0.0,10000,2.06,800,3.0,22.5,45.0,0,4.56,23.5,0.2,1.0,66.67,4,1,0.2668,Estabilizado,Operação Normal
2026-08-18T02:17:18.150100,314J-10,310,1,PÇA. ALMEIDA JR.,PQ. STA. MADALENA,1,23:16,3,20.0,3,20.0,21.27,21.49,0.0,10000,2.06,800,3.0,22.5,45.0,0,4.56,23.5,0.2,1.0,66.67,4,1,0.2668,Estabilizado,Operação Normal
2026-08-18T02:17:18.150100,8065-10,421,1,LAPA,HAB. TURÍSTICA,1,23:16,1,60.0,1,20.0,21.27,21.49,0.0,10000,2.06,800,3.0,22.5,45.0,0,4.56,23.5,0.2,0.333,100.0,2,1,0.4168,Estabilizado,Operação Normal
2026-08-18T02:17:18.150100,3789-10,33835,2,METRÔ ITAQUERA,CID. TIRADENTES,1,23:16,9,6.7,9,20.0,21.27,21.49,0.0,10000,2.06,800,3.0,22.5,45.0,0,4.56,23.5,0.2,1.0,61.11,11,2,0.2529,Estabilizado,Operação Normal
2026-08-18T02:17:18.150100,2161-10,694,1,PÇA. DO CORREIO,PQ. EDU CHAVES,1,23:16,3,20.0,3,20.0,21.27,21.49,0.0,10000,2.06,800,3.0,22.5,45.0,0,4.56,23.5,0.2,1.0,66.67,4,1,0.2668,Estabilizado,Operação Normal
2026-08-18T02:17:18.150100,3731-10,33796,2,SHOP. ARICANDUVA,METRÔ VL. MATILDE,1,23:16,4,15.0,4,20.0,21.27,21.49,0.0,10000,2.06,800,3.0,22.5,45.0,0,4.56,23.5,0.2,1.0,62.5,5,1,0.2564,Estabilizado,Operação Normal
2026-08-18T02:17:18.150100,714C-10,33255,2,PAULISTA,COHAB EDUCANDÁRIO,1,23:16,5,12.0,5,20.0,21.27,21.49,0.0,10000,2.06,800,3.0,22.5,45.0,0,4.56,23.5,0.2,1.0,60.0,6,1,0.2501,Estabilizado,Operação Normal
2026-08-18T02:17:18.150100,1786-10,33417,2,METRÔ SANTANA,VL. ALBERTINA,1,23:16,2,30.0,2,20.0,21.27,21.49,0.0,10000,2.06,800,3.0,22.5,45.0,0,4.56,23.5,0.2,0.667,75.0,3,1,0.3209,Estabilizado,Operação Normal
2026-08-18T02:17:18.150100,778J-10,508,1,METRÔ BARRA FUNDA,JD. ARPOADOR,1,23:16,2,30.0,2,20.0,21.27,21.49,0.0,10000,2.06,800,3.0,22.5,45.0,0,4.56,23.5,0.2,0.667,75.0,3,1,0.3209,Estabilizado,Operação Normal
2026-08-18T02:17:18.150100,3721-41,1693,1,METRÔ ITAQUERA,SHOP. ARICANDUVA,1,23:16,4,15.0,4,20.0,21.27,21.49,0.0,10000,2.06,800,3.0,22.5,45.0,0,4.56,23.5,0.2,1.0,62.5,5,1,0.2564,Estabilizado,Operação Normal
2026-08-18T02:17:18.150100,3796-10,33842,2,METRÔ ITAQUERA,GLEBA DO PESSEGO,1,23:16,3,20.0,3,20.0,21.27,21.49,0.0,10000,2.06,800,3.0,22.5,45.0,0,4.56,23.5,0.2,1.0,66.67,4,1,0.2668,Estabilizado,Operação Normal
2026-08-18T02:17:18.150100,6726-10,33961,2,JD. GAIVOTAS   ,TERM. GRAJAÚ,1,23:16,4,15.0,4,20.0,21.27,21.49,0.0,10000,2.06,800,3.0,22.5,45.0,0,4.56,23.5,0.2,1.0,62.5,5,1,0.2564,Estabilizado,Operação Normal
2026-08-18T02:17:18.150100,2717-10,930,1,CANGAÍBA,METRÔ GUILHERMINA/ESPERANÇA,1,23:16,3,20.0,3,20.0,21.27,21.49,0.0,10000,2.06,800,3.0,22.5,45.0,0,4.56,23.5,0.2,1.0,66.67,4,1,0.2668,Estabilizado,Operação Normal
2026-08-18T02:17:18.150100,4221-10,33093,2,TERM. PQ. D. PEDRO II,JD. PLANALTO,1,23:16,3,20.0,3,20.0,21.27,21.49,0.0,10000,2.06,800,3.0,22.5,45.0,0,4.56,23.5,0.2,1.0,66.67,4,1,0.2668,Estabilizado,Operação Normal
2026-08-18T02:17:18.150100,695Y-42,2632,1,TERM. EST. VARGINHA,TERM. PARELHEIROS,1,23:16,8,7.5,8,20.0,21.27,21.49,0.0,10000,2.06,800,3.0,22.5,45.0,0,4.56,23.5,0.2,1.0,62.5,10,2,0.2564,Estabilizado,Operação Normal
2026-08-18T02:17:18.150100,917M-10,1366,1,METRÔ ANA ROSA,MORRO GRANDE,1,23:16,4,15.0,4,20.0,21.27,21.49,0.0,10000,2.06,800,3.0,22.5,45.0,0,4.56,23.5,0.2,1.0,62.5,5,1,0.2564,Estabilizado,Operação Normal
2026-08-18T02:17:18.150100,9354-10,33476,2,PÇA. DO CORREIO,TERM. CACHOEIRINHA,1,23:16,4,15.0,4,20.0,21.27,21.49,0.0,10000,2.06,800,3.0,22.5,45.0,0,4.56,23.5,0.2,1.0,62.5,5,1,0.2564,Estabilizado,Operação Normal
2026-08-18T02:17:18.150100,6051-10,1143,1,TERM. EST. VARGINHA,JD. ITAJAÍ,1,23:16,2,30.0,2,20.0,21.27,21.49,0.0,10000,2.06,800,3.0,22.5,45.0,0,4.56,23.5,0.2,0.667,75.0,3,1,0.3209,Estabilizado,Operação Normal
2026-08-18T02:17:18.150100,857P-10,1926,1,PARAÍSO,TERM. CAMPO LIMPO,1,23:16,5,12.0,5,20.0,21.27,21.49,0.0,10000,2.06,800,3.0,22.5,45.0,0,4.56,23.5,0.2,1.0,60.0,6,1,0.2501,Estabilizado,Operação Normal
2026-08-18T02:17:18.150100,3754-10,33817,2,METRÔ ITAQUERA,INÁCIO MONTEIRO,1,23:16,3,20.0,3,20.0,21.27,21.49,0.0,10000,2.06,800,3.0,22.5,45.0,0,4.56,23.5,0.2,1.0,66.67,4,1,0.2668,Estabilizado,Operação Normal
2026-08-18T02:17:18.150100,5108-10,1675,1,TERM. PQ. D. PEDRO II,JD. CELESTE,1,23:16,3,20.0,3,20.0,21.27,21.49,0.0,10000,2.06,800,3.0,22.5,45.0,0,4.56,23.5,0.2,1.0,66.67,4,1,0.2668,Estabilizado,Operação Normal
2026-08-18T02:17:18.150100,6006-10,175,1,SHOP. INTERLAGOS,JD. HERCULANO,1,23:16,5,12.0,5,20.0,21.27,21.49,0.0,10000,2.06,800,3.0,22.5,45.0,0,4.56,23.5,0.2,1.0,60.0,6,1,0.2501,Estabilizado,Operação Normal
2026-08-18T02:17:18.150100,695T-10,1322,1,METRÔ VL. MARIANA,TERM. CAPELINHA,1,23:16,2,30.0,2,20.0,21.27,21.49,0.0,10000,2.06,800,3.0,22.5,45.0,0,4.56,23.5,0.2,0.667,75.0,3,1,0.3209,Estabilizado,Operação Normal
2026-08-18T02:17:18.150100,273G-10,223,1,METRÔ ARTUR ALVIM,JD. HELENA,1,23:16,3,20.0,3,20.0,21.27,21.49,0.0,10000,2.06,800,3.0,22.5,45.0,0,4.56,23.5,0.2,1.0,66.67,4,1,0.2668,Estabilizado,Operação Normal
2026-08-18T02:17:18.150100,3008-10,2515,1,CPTM ITAIM PAULISTA,JD. MIRIAM,1,23:16,3,20.0,3,20.0,21.27,21.49,0.0,10000,2.06,800,3.0,22.5,45.0,0,4.56,23.5,0.2,1.0,66.67,4,1,0.2668,Estabilizado,Operação Normal
2026-08-18T02:17:18.150100,745M-10,33550,2,SHOP. SP MARKET,CAMPO LIMPO,1,23:16,4,15.0,4,20.0,21.27,21.49,0.0,10000,2.06,800,3.0,22.5,45.0,0,4.56,23.5,0.2,1.0,62.5,5,1,0.2564,Estabilizado,Operação Normal
2026-08-18T02:17:18.150100,574W-10,1629,1,METRÔ BELÉM,JD. WALKIRIA,1,23:16,6,10.0,6,20.0,21.27,21.49,0.0,10000,2.06,800,3.0,22.5,45.0,0,4.56,23.5,0.2,1.0,58.33,7,1,0.246,Estabilizado,Operação Normal
2026-08-18T02:17:18.150100,2740-10,34560,2,METRÔ SANTANA,PEDRA BRANCA,1,23:16,2,30.0,2,20.0,21.27,21.49,0.0,10000,2.06,800,3.0,22.5,45.0,0,4.56,23.5,0.2,0.667,75.0,3,1,0.3209,Estabilizado,Operação Normal
2026-08-18T02:17:18.150100,6412-10,770,1,PAULISTA,PARAISÓPOLIS,1,23:16,2,30.0,2,20.0,21.27,21.49,0.0,10000,2.06,800,3.0,22.5,45.0,0,4.56,23.5,0.2,0.667,75.0,3,1,0.3209,Estabilizado,Operação Normal
2026-08-18T02:17:18.150100,6475-10,34085,2,TERM. BANDEIRA,JD. VAZ DE LIMA,1,23:16,3,20.0,3,20.0,21.27,21.49,0.0,10000,2.06,800,3.0,22.5,45.0,0,4.56,23.5,0.2,1.0,66.67,4,1,0.2668,Estabilizado,Operação Normal
2026-08-18T02:17:18.150100,7009-10,34719,2,JD. ÂNGELA,JD. SÃO LOURENÇO,1,23:16,2,30.0,2,20.0,21.27,21.49,0.0,10000,2.06,800,3.0,22.5,45.0,0,4.56,23.5,0.2,0.667,75.0,3,1,0.3209,Estabilizado,Operação Normal
2026-08-18T02:17:18.150100,675N-10,33130,2,METRÔ ANA ROSA,TERM. STO. AMARO,1,23:16,5,12.0,5,20.0,21.27,21.49,0.0,10000,2.06,800,3.0,22.5,45.0,0,4.56,23.5,0.2,1.0,60.0,6,1,0.2501,Estabilizado,Operação Normal
2026-08-18T02:17:18.150100,978L-10,466,1,TERM. PRINC. ISABEL,TERM. CACHOEIRINHA,1,23:16,3,20.0,3,20.0,21.27,21.49,0.0,10000,2.06,800,3.0,22.5,45.0,0,4.56,23.5,0.2,1.0,66.67,4,1,0.2668,Estabilizado,Operação Normal
2026-08-18T02:17:18.150100,2028-10,35031,2,METRÔ TUCURUVI,VL. AYROSA,1,23:16,2,30.0,2,20.0,21.27,21.49,0.0,10000,2.06,800,3.0,22.5,45.0,0,4.56,23.5,0.2,0.667,75.0,3,1,0.3209,Estabilizado,Operação Normal
2026-08-18T02:17:18.150100,2713-10,32988,2,CHÁC. BELA VISTA,METRÔ PENHA,1,23:16,1,60.0,1,20.0,21.27,21.49,0.0,10000,2.06,800,3.0,22.5,45.0,0,4.56,23.5,0.2,0.333,100.0,2,1,0.4168,Estabilizado,Operação Normal
2026-08-18T02:17:18.150100,5185-10,34076,2,TERM. PQ. D. PEDRO II,TERM. GUARAPIRANGA,1,23:16,4,15.0,4,20.0,21.27,21.49,0.0,10000,2.06,800,3.0,22.5,45.0,0,4.56,23.5,0.2,1.0,62.5,5,1,0.2564,Estabilizado,Operação Normal
2026-08-18T02:17:18.150100,6840-10,32969,2,TERM. CAPELINHA,TERM. JD. JACIRA,1,23:16,7,8.6,7,20.0,21.27,21.49,0.0,10000,2.06,800,3.0,22.5,45.0,0,4.56,23.5,0.2,1.0,57.14,8,1,0.243,Estabilizado,Operação Normal
2026-08-18T02:17:18.150100,675P-10,275,1,METRÔ CONCEIÇÃO,SHOP. SP MARKET,1,23:16,4,15.0,4,20.0,21.27,21.49,0.0,10000,2.06,800,3.0,22.5,45.0,0,4.56,23.5,0.2,1.0,62.5,5,1,0.2564,Estabilizado,Operação Normal
2026-08-18T02:17:18.150100,3161-10,33852,2,TERM. PQ. D. PEDRO II,JD. COLORADO,1,23:16,1,60.0,1,20.0,21.27,21.49,0.0,10000,2.06,800,3.0,22.5,45.0,0,4.56,23.5,0.2,0.333,100.0,2,1,0.4168,Estabilizado,Operação Normal
2026-08-18T02:17:18.150100,8677-10,443,1,LGO. DO PAISSANDÚ,JD. LÍBANO,1,23:16,6,10.0,6,20.0,21.27,21.49,0.0,10000,2.06,800,3.0,22.5,45.0,0,4.56,23.5,0.2,1.0,58.33,7,1,0.246,Estabilizado,Operação Normal
2026-08-18T02:17:18.150100,775P-10,33275,2,METRÔ ANA ROSA,JD. GUARAÚ,1,23:16,3,20.0,3,20.0,21.27,21.49,0.0,10000,2.06,800,3.0,22.5,45.0,0,4.56,23.5,0.2,1.0,66.67,4,1,0.2668,Estabilizado,Operação Normal
2026-08-18T02:17:18.150100,273D-10,222,1,METRÔ ARTUR ALVIM,PQ. D. JOÃO NERY,1,23:16,4,15.0,4,20.0,21.27,21.49,0.0,10000,2.06,800,3.0,22.5,45.0,0,4.56,23.5,0.2,1.0,62.5,5,1,0.2564,Estabilizado,Operação Normal
2026-08-18T02:17:18.150100,856R-10,34196,2,SOCORRO,LAPA,1,23:16,4,15.0,4,20.0,21.27,21.49,0.0,10000,2.06,800,3.0,22.5,45.0,0,4.56,23.5,0.2,1.0,62.5,5,1,0.2564,Estabilizado,Operação Normal
2026-08-18T02:17:18.150100,1756-10,547,1,METRÔ SANTANA,PEDRA BRANCA,1,23:16,4,15.0,4,20.0,21.27,21.49,0.0,10000,2.06,800,3.0,22.5,45.0,0,4.56,23.5,0.2,1.0,62.5,5,1,0.2564,Estabilizado,Operação Normal
2026-08-18T02:17:18.150100,719R-10,33237,2,METRÔ BARRA FUNDA,RIO PEQUENO,1,23:16,3,20.0,3,20.0,21.27,21.49,0.0,10000,2.06,800,3.0,22.5,45.0,0,4.56,23.5,0.2,1.0,66.67,4,1,0.2668,Estabilizado,Operação Normal
2026-08-18T02:17:18.150100,2722-10,935,1,METRÔ GUILHERMINA/ESPERANÇA,JD. VERONIA,1,23:16,4,15.0,4,20.0,21.27,21.49,0.0,10000,2.06,800,3.0,22.5,45.0,0,4.56,23.5,0.2,1.0,62.5,5,1,0.2564,Estabilizado,Operação Normal
2026-08-18T02:17:18.150100,476A-10,33072,2,TERM. STO. AMARO,IPIRANGA,1,23:16,3,20.0,3,20.0,21.27,21.49,0.0,10000,2.06,800,3.0,22.5,45.0,0,4.56,23.5,0.2,1.0,66.67,4,1,0.2668,Estabilizado,Operação Normal
2026-08-18T02:17:18.150100,4028-10,33866,2,DIV. DE MAUÁ,HOSP. SÃO MATEUS,1,23:16,2,30.0,2,20.0,21.27,21.49,0.0,10000,2.06,800,3.0,22.5,45.0,0,4.56,23.5,0.2,0.667,75.0,3,1,0.3209,Estabilizado,Operação Normal
2026-08-18T02:17:18.150100,1701-23,35367,2,METRÔ SANTANA,JOVA RURAL,1,23:16,3,20.0,3,20.0,21.27,21.49,0.0,10000,2.06,800,3.0,22.5,45.0,0,4.56,23.5,0.2,1.0,66.67,4,1,0.2668,Estabilizado,Operação Normal
2026-08-18T02:17:18.150100,5317-10,69,1,PÇA. DO CORREIO,SESC/ORION,1,23:16,3,20.0,3,20.0,21.27,21.49,0.0,10000,2.06,800,3.0,22.5,45.0,0,4.56,23.5,0.2,1.0,66.67,4,1,0.2668,Estabilizado,Operação Normal
2026-08-18T02:17:18.150100,2702-10,33682,2,METRÔ ARTUR ALVIM,VL. AMERICANA,1,23:16,2,30.0,2,20.0,21.27,21.49,0.0,10000,2.06,800,3.0,22.5,45.0,0,4.56,23.5,0.2,0.667,75.0,3,1,0.3209,Estabilizado,Operação Normal
2026-08-18T02:17:18.150100,1021-10,33601,2,TERM. PIRITUBA,COHAB BRASILÂNDIA,1,23:16,1,60.0,1,20.0,21.27,21.49,0.0,10000,2.06,800,3.0,22.5,45.0,0,4.56,23.5,0.2,0.333,100.0,2,1,0.4168,Estabilizado,Operação Normal
2026-08-18T02:17:18.150100,574C-10,1639,1,DIV. DE SÃO CAETANO,SÃO MATEUS,1,23:16,2,30.0,2,20.0,21.27,21.49,0.0,10000,2.06,800,3.0,22.5,45.0,0,4.56,23.5,0.2,0.667,75.0,3,1,0.3209,Estabilizado,Operação Normal
2026-08-18T02:17:18.150100,N633-11,2398,1,MORUMBI SHOP.,METRÔ JABAQUARA,1,23:16,1,60.0,1,20.0,21.27,21.49,0.0,10000,2.06,800,3.0,22.5,45.0,0,4.56,23.5,0.2,0.333,100.0,2,1,0.4168,Estabilizado,Operação Normal
2026-08-18T02:17:18.150100,9090-10,884,1,TERM. CASA VERDE,PQ. TIETÊ,1,23:16,6,10.0,6,20.0,21.27,21.49,0.0,10000,2.06,800,3.0,22.5,45.0,0,4.56,23.5,0.2,1.0,58.33,7,1,0.246,Estabilizado,Operação Normal
2026-08-18T02:17:18.150100,4742-10,342,1,METRÔ SÃO JUDAS,JD. CLÍMAX,1,23:16,1,60.0,1,20.0,21.27,21.49,0.0,10000,2.06,800,3.0,22.5,45.0,0,4.56,23.5,0.2,0.333,100.0,2,1,0.4168,Estabilizado,Operação Normal
2026-08-18T02:17:18.150100,172N-10,664,1,METRÔ BELÉM,SHOP. CENTER NORTE,1,23:16,4,15.0,4,20.0,21.27,21.49,0.0,10000,2.06,800,3.0,22.5,45.0,0,4.56,23.5,0.2,1.0,62.5,5,1,0.2564,Estabilizado,Operação Normal
2026-08-18T02:17:18.150100,4053-10,2146,1,CPTM GUAIANASES,GUAIANASES,1,23:16,3,20.0,3,20.0,21.27,21.49,0.0,10000,2.06,800,3.0,22.5,45.0,0,4.56,23.5,0.2,1.0,66.67,4,1,0.2668,Estabilizado,Operação Normal
2026-08-18T02:17:18.150100,6837-10,32774,2,TERM. CAPELINHA,SHOP. PORTAL,1,23:16,4,15.0,4,20.0,21.27,21.49,0.0,10000,2.06,800,3.0,22.5,45.0,0,4.56,23.5,0.2,1.0,62.5,5,1,0.2564,Estabilizado,Operação Normal
2026-08-18T02:17:18.150100,6041-10,33986,2,STO. AMARO,JD. JANGADEIRO,1,23:16,3,20.0,3,20.0,21.27,21.49,0.0,10000,2.06,800,3.0,22.5,45.0,0,4.56,23.5,0.2,1.0,66.67,4,1,0.2668,Estabilizado,Operação Normal
2026-08-18T02:17:18.150100,6072-10,1588,1,TERM. VARGINHA,JD. SÃO NICOLAU,1,23:16,3,20.0,3,20.0,21.27,21.49,0.0,10000,2.06,800,3.0,22.5,45.0,0,4.56,23.5,0.2,1.0,66.67,4,1,0.2668,Estabilizado,Operação Normal
2026-08-18T02:17:18.150100,5611-10,598,1,PÇA. JOÃO MENDES,ELDORADO,1,23:16,4,15.0,4,20.0,21.27,21.49,0.0,10000,2.06,800,3.0,22.5,45.0,0,4.56,23.5,0.2,1.0,62.5,5,1,0.2564,Estabilizado,Operação Normal
2026-08-18T02:17:18.150100,172R-10,33627,2,METRÔ BELÉM,JAÇANÃ,1,23:16,6,10.0,6,20.0,21.27,21.49,0.0,10000,2.06,800,3.0,22.5,45.0,0,4.56,23.5,0.2,1.0,58.33,7,1,0.246,Estabilizado,Operação Normal
2026-08-18T02:17:18.150100,675G-10,32874,2,METRÔ JABAQUARA,PQ. RES. COCAIA,1,23:16,4,15.0,4,20.0,21.27,21.49,0.0,10000,2.06,800,3.0,22.5,45.0,0,4.56,23.5,0.2,1.0,62.5,5,1,0.2564,Estabilizado,Operação Normal
2026-08-18T02:17:18.150100,8707-10,34832,2,TERM. PRINC. ISABEL,RIO PEQUENO,1,23:16,4,15.0,4,20.0,21.27,21.49,0.0,10000,2.06,800,3.0,22.5,45.0,0,4.56,23.5,0.2,1.0,62.5,5,1,0.2564,Estabilizado,Operação Normal
2026-08-18T02:17:18.150100,6115-10,1185,1,TERM. GRAJAÚ,CANTINHO DO CÉU,1,23:16,4,15.0,4,20.0,21.27,21.49,0.0,10000,2.06,800,3.0,22.5,45.0,0,4.56,23.5,0.2,1.0,62.5,5,1,0.2564,Estabilizado,Operação Normal
2026-08-18T02:17:18.150100,8677-10,33211,2,LGO. DO PAISSANDÚ,JD. LÍBANO,1,23:16,5,12.0,5,20.0,21.27,21.49,0.0,10000,2.06,800,3.0,22.5,45.0,0,4.56,23.5,0.2,1.0,60.0,6,1,0.2501,Estabilizado,Operação Normal
2026-08-18T02:17:18.150100,7016-10,34886,2,TERM. STO. AMARO,JD. ÂNGELA,1,23:16,3,20.0,3,20.0,21.27,21.49,0.0,10000,2.06,800,3.0,22.5,45.0,0,4.56,23.5,0.2,1.0,66.67,4,1,0.2668,Estabilizado,Operação Normal
2026-08-18T02:17:18.150100,709A-10,34860,2,METRÔ ANA ROSA,TERM. ÁGUA ESPRAIADA,1,23:16,3,20.0,3,20.0,21.27,21.49,0.0,10000,2.06,800,3.0,22.5,45.0,0,4.56,23.5,0.2,1.0,66.67,4,1,0.2668,Estabilizado,Operação Normal
2026-08-18T02:17:18.150100,312N-10,33758,2,SÃO MIGUEL PAULISTA,TERM. CID. TIRADENTES,1,23:16,7,8.6,7,20.0,21.27,21.49,0.0,10000,2.06,800,3.0,22.5,45.0,0,4.56,23.5,0.2,1.0,57.14,8,1,0.243,Estabilizado,Operação Normal
2026-08-18T02:17:18.150100,3029-10,33734,2,METRÔ TATUAPÉ,JD. DAS ROSAS,1,23:16,4,15.0,4,20.0,21.27,21.49,0.0,10000,2.06,800,3.0,22.5,45.0,0,4.56,23.5,0.2,1.0,62.5,5,1,0.2564,Estabilizado,Operação Normal
2026-08-18T02:17:18.150100,6010-10,33970,2,TERM. GUARAPIRANGA,CHÁC. STA. MARIA,1,23:16,4,15.0,4,20.0,21.27,21.49,0.0,10000,2.06,800,3.0,22.5,45.0,0,4.56,23.5,0.2,1.0,62.5,5,1,0.2564,Estabilizado,Operação Normal
2026-08-18T02:17:18.150100,6250-10,33236,2,TERM. BANDEIRA,JD. JAQUELINE,1,23:16,1,60.0,1,20.0,21.27,21.49,0.0,10000,2.06,800,3.0,22.5,45.0,0,4.56,23.5,0.2,0.333,100.0,2,1,0.4168,Estabilizado,Operação Normal
2026-08-18T02:17:18.150100,6091-10,33943,2,TERM. STO. AMARO,VARGEM GRANDE,1,23:16,6,10.0,6,20.0,21.27,21.49,0.0,10000,2.06,800,3.0,22.5,45.0,0,4.56,23.5,0.2,1.0,58.33,7,1,0.246,Estabilizado,Operação Normal
2026-08-18T02:17:18.150100,675X-10,32879,2,AACD-SERVIDOR,TERM. GRAJAÚ,1,23:16,1,60.0,1,20.0,21.27,21.49,0.0,10000,2.06,800,3.0,22.5,45.0,0,4.56,23.5,0.2,0.333,100.0,2,1,0.4168,Estabilizado,Operação Normal
2026-08-18T02:17:18.150100,8528-10,33343,2,PÇA. DO CORREIO,JD. GUARANI,1,23:16,5,12.0,5,20.0,21.27,21.49,0.0,10000,2.06,800,3.0,22.5,45.0,0,4.56,23.5,0.2,1.0,60.0,6,1,0.2501,Estabilizado,Operação Normal
2026-08-18T02:17:18.150100,1756-10,33315,2,METRÔ SANTANA,PEDRA BRANCA,1,23:16,3,20.0,3,20.0,21.27,21.49,0.0,10000,2.06,800,3.0,22.5,45.0,0,4.56,23.5,0.2,1.0,66.67,4,1,0.2668,Estabilizado,Operação Normal
2026-08-18T02:17:18.150100,546L-41,1286,1,COL. STA. MARIA,JD. LUSO,1,23:16,1,60.0,1,20.0,21.27,21.49,0.0,10000,2.06,800,3.0,22.5,45.0,0,4.56,23.5,0.2,0.333,100.0,2,1,0.4168,Estabilizado,Operação Normal
2026-08-18T02:17:18.150100,957T-10,33232,2,VL. OLÍMPIA,COHAB TAIPAS,1,23:16,9,6.7,9,20.0,21.27,21.49,0.0,10000,2.06,800,3.0,22.5,45.0,0,4.56,23.5,0.2,1.0,61.11,11,2,0.2529,Estabilizado,Operação Normal
2026-08-18T02:17:18.150100,7022-10,34852,2,TERM. STO. AMARO,JD. CAIÇARA,1,23:16,1,60.0,1,20.0,21.27,21.49,0.0,10000,2.06,800,3.0,22.5,45.0,0,4.56,23.5,0.2,0.333,100.0,2,1,0.4168,Estabilizado,Operação Normal
2026-08-18T02:17:18.150100,8686-10,33214,2,LGO. DO PAISSANDÚ,MANGALOT,1,23:16,2,30.0,2,20.0,21.27,21.49,0.0,10000,2.06,800,3.0,22.5,45.0,0,4.56,23.5,0.2,0.667,75.0,3,1,0.3209,Estabilizado,Operação Normal
2026-08-18T02:17:18.150100,675M-10,32876,2,METRÔ JABAQUARA,CENTRO SESC,1,23:16,4,15.0,4,20.0,21.27,21.49,0.0,10000,2.06,800,3.0,22.5,45.0,0,4.56,23.5,0.2,1.0,62.5,5,1,0.2564,Estabilizado,Operação Normal
2026-08-18T02:17:18.150100,374V-10,34415,2,METRÔ ITAQUERA,JD. SANTANA,1,23:16,3,20.0,3,20.0,21.27,21.49,0.0,10000,2.06,800,3.0,22.5,45.0,0,4.56,23.5,0.2,1.0,66.67,4,1,0.2668,Estabilizado,Operação Normal
2026-08-18T02:17:18.150100,407G-10,2196,1,METRÔ CARRÃO,JD. NOVA VITÓRIA,1,23:16,5,12.0,5,20.0,21.27,21.49,0.0,10000,2.06,800,3.0,22.5,45.0,0,4.56,23.5,0.2,1.0,60.0,6,1,0.2501,Estabilizado,Operação Normal
2026-08-18T02:17:18.150100,253F-10,158,1,TERM. SÃO MATEUS,TERM. A. E. CARVALHO,1,23:16,3,20.0,3,20.0,21.27,21.49,0.0,10000,2.06,800,3.0,22.5,45.0,0,4.56,23.5,0.2,1.0,66.67,4,1,0.2668,Estabilizado,Operação Normal
2026-08-18T02:17:18.150100,263J-10,32987,2,CONJ. JOSÉ BONIFÁCIO,PENHA,1,23:16,8,7.5,8,20.0,21.27,21.49,0.0,10000,2.06,800,3.0,22.5,45.0,0,4.56,23.5,0.2,1.0,62.5,10,2,0.2564,Estabilizado,Operação Normal
2026-08-18T02:17:18.150100,1732-10,671,1,TERM. AMARAL GURGEL,VL. SABRINA,1,23:16,4,15.0,4,20.0,21.27,21.49,0.0,10000,2.06,800,3.0,22.5,45.0,0,4.56,23.5,0.2,1.0,62.5,5,1,0.2564,Estabilizado,Operação Normal
2026-08-18T02:17:18.150100,2523-10,33018,2,TERM. A. E. CARVALHO,VL. PROGRESSO,1,23:16,2,30.0,2,20.0,21.27,21.49,0.0,10000,2.06,800,3.0,22.5,45.0,0,4.56,23.5,0.2,0.667,75.0,3,1,0.3209,Estabilizado,Operação Normal
2026-08-18T02:17:18.150100,576C-10,34058,2,TERM. STO. AMARO,METRÔ JABAQUARA,1,23:16,5,12.0,5,20.0,21.27,21.49,0.0,10000,2.06,800,3.0,22.5,45.0,0,4.56,23.5,0.2,1.0,60.0,6,1,0.2501,Estabilizado,Operação Normal
2026-08-18T02:17:18.150100,1760-10,557,1,SHOP. CENTER NORTE,COHAB ANTÁRTICA,1,23:16,3,20.0,3,20.0,21.27,21.49,0.0,10000,2.06,800,3.0,22.5,45.0,0,4.56,23.5,0.2,1.0,66.67,4,1,0.2668,Estabilizado,Operação Normal
2026-08-18T02:17:18.150100,8705-10,2072,1,ANHANGABAÚ,SHOP. CONTINENTAL,1,23:16,2,30.0,2,20.0,21.27,21.49,0.0,10000,2.06,800,3.0,22.5,45.0,0,4.56,23.5,0.2,0.667,75.0,3,1,0.3209,Estabilizado,Operação Normal
2026-08-18T02:17:18.150100,311C-10,309,1,BOM RETIRO,PQ. SÃO LUCAS,1,23:16,3,20.0,3,20.0,21.27,21.49,0.0,10000,2.06,800,3.0,22.5,45.0,0,4.56,23.5,0.2,1.0,66.67,4,1,0.2668,Estabilizado,Operação Normal
2026-08-18T02:17:18.150100,8215-10,33342,2,PÇA. DO CORREIO,JD. PAULISTANO,1,23:16,4,15.0,4,20.0,21.27,21.49,0.0,10000,2.06,800,3.0,22.5,45.0,0,4.56,23.5,0.2,1.0,62.5,5,1,0.2564,Estabilizado,Operação Normal
2026-08-18T02:17:18.150100,6L11-10,33935,2,TERM. GRAJAÚ,ILHA DO BORORÉ,1,23:16,4,15.0,4,20.0,21.27,21.49,0.0,10000,2.06,800,3.0,22.5,45.0,0,4.56,23.5,0.2,1.0,62.5,5,1,0.2564,Estabilizado,Operação Normal
2026-08-18T02:17:18.150100,2080-10,33139,2,TERM. ARICANDUVA,CID. KEMEL,1,23:16,5,12.0,5,20.0,21.27,21.49,0.0,10000,2.06,800,3.0,22.5,45.0,0,4.56,23.5,0.2,1.0,60.0,6,1,0.2501,Estabilizado,Operação Normal
2026-08-18T02:17:18.150100,5318-10,45,1,PÇA. DA SÉ,CHÁC. SANTANA,1,23:16,2,30.0,2,20.0,21.27,21.49,0.0,10000,2.06,800,3.0,22.5,45.0,0,4.56,23.5,0.2,0.667,75.0,3,1,0.3209,Estabilizado,Operação Normal
2026-08-18T02:17:18.150100,5106-31,1305,1,METRÔ ANA ROSA,JD. UBIRAJARA,1,23:16,4,15.0,4,20.0,21.27,21.49,0.0,10000,2.06,800,3.0,22.5,45.0,0,4.56,23.5,0.2,1.0,62.5,5,1,0.2564,Estabilizado,Operação Normal
2026-08-18T02:17:18.150100,2076-10,33136,2,TERM. PENHA,JD. DAS OLIVEIRAS,1,23:16,4,15.0,4,20.0,21.27,21.49,0.0,10000,2.06,800,3.0,22.5,45.0,0,4.56,23.5,0.2,1.0,62.5,5,1,0.2564,Estabilizado,Operação Normal
2026-08-18T02:17:18.150100,6072-10,34356,2,TERM. VARGINHA,JD. SÃO NICOLAU,1,23:16,16,3.8,17,20.0,21.27,21.49,0.0,10000,2.06,800,3.0,22.5,45.0,0,4.56,23.5,0.2,1.0,62.5,20,4,0.2564,Estabilizado,Operação Normal
2026-08-18T02:17:18.150100,573T-10,1632,1,METRÔ CARRÃO,TERM. SAPOPEMBA,1,23:16,7,8.6,7,20.0,21.27,21.49,0.0,10000,2.06,800,3.0,22.5,45.0,0,4.56,23.5,0.2,1.0,57.14,8,1,0.243,Estabilizado,Operação Normal
2026-08-18T02:17:18.150100,4315-10,34943,2,TERM. PQ. D. PEDRO II,TERM. VL. CARRÃO,1,23:16,4,15.0,4,20.0,21.27,21.49,0.0,10000,2.06,800,3.0,22.5,45.0,0,4.56,23.5,0.2,1.0,62.5,5,1,0.2564,Estabilizado,Operação Normal
2026-08-18T02:17:18.150100,975A-10,33357,2,METRÔ ANA ROSA,VL. BRASILÂNDIA,1,23:16,5,12.0,5,20.0,21.27,21.49,0.0,10000,2.06,800,3.0,22.5,45.0,0,4.56,23.5,0.2,1.0,60.0,6,1,0.2501,Estabilizado,Operação Normal
2026-08-18T02:17:18.150100,6010-10,1202,1,TERM. GUARAPIRANGA,CHÁC. STA. MARIA,1,23:16,2,30.0,2,20.0,21.27,21.49,0.0,10000,2.06,800,3.0,22.5,45.0,0,4.56,23.5,0.2,0.667,75.0,3,1,0.3209,Estabilizado,Operação Normal
2026-08-18T02:17:18.150100,2127-10,33461,2,LIBERDADE,PQ. EDU CHAVES,1,23:16,4,15.0,4,20.0,21.27,21.49,0.0,10000,2.06,800,3.0,22.5,45.0,0,4.56,23.5,0.2,1.0,62.5,5,1,0.2564,Estabilizado,Operação Normal
2026-08-18T02:17:18.150100,3063-10,33021,2,TERM. SÃO MATEUS,GUAIANASES,1,23:16,6,10.0,6,20.0,21.27,21.49,0.0,10000,2.06,800,3.0,22.5,45.0,0,4.56,23.5,0.2,1.0,58.33,7,1,0.246,Estabilizado,Operação Normal
2026-08-18T02:17:18.150100,6505-10,1450,1,TERM. BANDEIRA,TERM. GUARAPIRANGA,1,23:16,4,15.0,4,20.0,21.27,21.49,0.0,10000,2.06,800,3.0,22.5,45.0,0,4.56,23.5,0.2,1.0,62.5,5,1,0.2564,Estabilizado,Operação Normal
2026-08-18T02:17:18.150100,6028-10,1211,1,TERM. STO. AMARO,RIVIERA,1,23:16,3,20.0,3,20.0,21.27,21.49,0.0,10000,2.06,800,3.0,22.5,45.0,0,4.56,23.5,0.2,1.0,66.67,4,1,0.2668,Estabilizado,Operação Normal
2026-08-18T02:17:18.150100,8700-10,34645,2,PÇA. RAMOS DE AZEVEDO,TERM. CAMPO LIMPO,1,23:16,5,12.0,5,20.0,21.27,21.49,0.0,10000,2.06,800,3.0,22.5,45.0,0,4.56,23.5,0.2,1.0,60.0,6,1,0.2501,Estabilizado,Operação Normal
2026-08-18T02:17:18.150100,8605-10,1917,1,TERM. BANDEIRA,TERM. CAMPO LIMPO,1,23:16,3,20.0,3,20.0,21.27,21.49,0.0,10000,2.06,800,3.0,22.5,45.0,0,4.56,23.5,0.2,1.0,66.67,4,1,0.2668,Estabilizado,Operação Normal
2026-08-18T02:17:18.150100,756A-10,793,1,TERM. ÁGUA ESPRAIADA,JD. PAULO VI,1,23:16,4,15.0,4,20.0,21.27,21.49,0.0,10000,2.06,800,3.0,22.5,45.0,0,4.56,23.5,0.2,1.0,62.5,5,1,0.2564,Estabilizado,Operação Normal
2026-08-18T02:17:18.150100,2626-10,33144,2,TERM. PQ. D. PEDRO II,JD. NAZARÉ,1,23:16,8,7.5,8,20.0,21.27,21.49,0.0,10000,2.06,800,3.0,22.5,45.0,0,4.56,23.5,0.2,1.0,62.5,10,2,0.2564,Estabilizado,Operação Normal
2026-08-18T02:17:18.150100,172K-10,33625,2,METRÔ TATUAPÉ,JD. TREMEMBÉ,1,23:16,5,12.0,5,20.0,21.27,21.49,0.0,10000,2.06,800,3.0,22.5,45.0,0,4.56,23.5,0.2,1.0,60.0,6,1,0.2501,Estabilizado,Operação Normal
2026-08-18T02:17:18.150100,971R-42,616,1,METRÔ SANTANA,CDHU VOITH,1,23:16,3,20.0,3,20.0,21.27,21.49,0.0,10000,2.06,800,3.0,22.5,45.0,0,4.56,23.5,0.2,1.0,66.67,4,1,0.2668,Estabilizado,Operação Normal
2026-08-18T02:17:18.150100,178L-10,560,1,HOSP. DAS CLÍNICAS,LAUZANE PAULISTA,1,23:16,5,12.0,5,20.0,21.27,21.49,0.0,10000,2.06,800,3.0,22.5,45.0,0,4.56,23.5,0.2,1.0,60.0,6,1,0.2501,Estabilizado,Operação Normal
2026-08-18T02:17:18.150100,715M-10,490,1,LGO. DA PÓLVORA,JD. MARIA LUIZA,1,23:16,6,10.0,6,20.0,21.27,21.49,0.0,10000,2.06,800,3.0,22.5,45.0,0,4.56,23.5,0.2,1.0,58.33,7,1,0.246,Estabilizado,Operação Normal
2026-08-18T02:17:18.150100,6118-10,1188,1,TERM. STO. AMARO,JD. ICARAÍ,1,23:16,2,30.0,2,20.0,21.27,21.49,0.0,10000,2.06,800,3.0,22.5,45.0,0,4.56,23.5,0.2,0.667,75.0,3,1,0.3209,Estabilizado,Operação Normal
2026-08-18T02:17:18.150100,4491-10,327,1,TERM. PQ. D. PEDRO II,VL. LIVIERO,1,23:16,2,30.0,2,20.0,21.27,21.49,0.0,10000,2.06,800,3.0,22.5,45.0,0,4.56,23.5,0.2,0.667,75.0,3,1,0.3209,Estabilizado,Operação Normal
2026-08-18T02:17:18.150100,8021-10,34841,2,BUTANTÃ,JD. MARIA LUIZA,1,23:16,1,60.0,1,20.0,21.27,21.49,0.0,10000,2.06,800,3.0,22.5,45.0,0,4.56,23.5,0.2,0.333,100.0,2,1,0.4168,Estabilizado,Operação Normal
2026-08-18T02:17:18.150100,6052-31,34600,2,TERM. EST. VARGINHA,JD. ALMEIDA PRADO,1,23:16,1,60.0,1,20.0,21.27,21.49,0.0,10000,2.06,800,3.0,22.5,45.0,0,4.56,23.5,0.2,0.333,100.0,2,1,0.4168,Estabilizado,Operação Normal
2026-08-18T02:17:18.150100,8013-10,800,1,LAPA,TERM. JD. BRITANIA,1,23:16,2,30.0,2,20.0,21.27,21.49,0.0,10000,2.06,800,3.0,22.5,45.0,0,4.56,23.5,0.2,0.667,75.0,3,1,0.3209,Estabilizado,Operação Normal
2026-08-18T02:17:18.150100,5164-41,34385,2,METRÔ CONCEIÇÃO,VL. GUARANI,1,23:16,2,30.0,2,20.0,21.27,21.49,0.0,10000,2.06,800,3.0,22.5,45.0,0,4.56,23.5,0.2,0.667,75.0,3,1,0.3209,Estabilizado,Operação Normal
2026-08-18T02:17:18.150100,2013-10,899,1,CACHOEIRINHA,COHAB ANTÁRTICA,1,23:16,4,15.0,4,20.0,21.27,21.49,0.0,10000,2.06,800,3.0,22.5,45.0,0,4.56,23.5,0.2,1.0,62.5,5,1,0.2564,Estabilizado,Operação Normal
2026-08-18T02:17:18.150100,199D-10,2135,1,TERM. PINHEIROS,CONEXÃO VL. IÓRIO,1,23:16,3,20.0,3,20.0,21.27,21.49,0.0,10000,2.06,800,3.0,22.5,45.0,0,4.56,23.5,0.2,1.0,66.67,4,1,0.2668,Estabilizado,Operação Normal
2026-08-18T02:17:18.150100,273L-10,224,1,METRÔ ARTUR ALVIM,CPTM JOSÉ BONIFÁCIO,1,23:16,7,8.6,7,20.0,21.27,21.49,0.0,10000,2.06,800,3.0,22.5,45.0,0,4.56,23.5,0.2,1.0,57.14,8,1,0.243,Estabilizado,Operação Normal
2026-08-18T02:17:18.150100,9011-10,33646,2,TERM. CACHOEIRINHA,CPTM JARAGUÁ,1,23:16,6,10.0,6,20.0,21.27,21.49,0.0,10000,2.06,800,3.0,22.5,45.0,0,4.56,23.5,0.2,1.0,58.33,7,1,0.246,Estabilizado,Operação Normal
2026-08-18T02:17:18.150100,2756-10,238,1,METRÔ PATRIARCA,GUAIANASES,1,23:16,1,60.0,1,20.0,21.27,21.49,0.0,10000,2.06,800,3.0,22.5,45.0,0,4.56,23.5,0.2,0.333,100.0,2,1,0.4168,Estabilizado,Operação Normal
2026-08-18T02:17:18.150100,177Y-10,33635,2,PINHEIROS,METRÔ BARRA FUNDA,1,23:16,2,30.0,2,20.0,21.27,21.49,0.0,10000,2.06,800,3.0,22.5,45.0,0,4.56,23.5,0.2,0.667,75.0,3,1,0.3209,Estabilizado,Operação Normal
2026-08-18T02:17:18.150100,637R-10,196,1,TERM. STO. AMARO,JD. ARACATI,1,23:16,3,20.0,3,20.0,21.27,21.49,0.0,10000,2.06,800,3.0,22.5,45.0,0,4.56,23.5,0.2,1.0,66.67,4,1,0.2668,Estabilizado,Operação Normal
2026-08-18T02:17:18.150100,2523-10,250,1,TERM. A. E. CARVALHO,VL. PROGRESSO,1,23:16,2,30.0,2,20.0,21.27,21.49,0.0,10000,2.06,800,3.0,22.5,45.0,0,4.56,23.5,0.2,0.667,75.0,3,1,0.3209,Estabilizado,Operação Normal
2026-08-18T02:17:18.150100,1206-10,842,1,CORREIO,PQ. VL. MARIA,1,23:16,2,30.0,2,20.0,21.27,21.49,0.0,10000,2.06,800,3.0,22.5,45.0,0,4.56,23.5,0.2,0.667,75.0,3,1,0.3209,Estabilizado,Operação Normal
2026-08-18T02:17:18.150100,5194-10,33037,2,PQ. IBIRAPUERA,JD. APURÁ,1,23:16,5,12.0,5,20.0,21.27,21.49,0.0,10000,2.06,800,3.0,22.5,45.0,0,4.56,23.5,0.2,1.0,60.0,6,1,0.2501,Estabilizado,Operação Normal
2026-08-18T02:17:18.150100,6L04-10,1180,1,TERM. PARELHEIROS,JD. ORIENTAL/FONTES,1,23:16,2,30.0,2,20.0,21.27,21.49,0.0,10000,2.06,800,3.0,22.5,45.0,0,4.56,23.5,0.2,0.667,75.0,3,1,0.3209,Estabilizado,Operação Normal
2026-08-18T02:17:18.150100,5029-10,1672,1,TERM. SACOMÃ,JD. PATENTE,1,23:16,1,60.0,1,20.0,21.27,21.49,0.0,10000,2.06,800,3.0,22.5,45.0,0,4.56,23.5,0.2,0.333,100.0,2,1,0.4168,Estabilizado,Operação Normal
2026-08-18T02:17:18.150100,8610-10,2063,1,TERM. BANDEIRA,JD. PAULO VI,1,23:16,2,30.0,2,20.0,21.27,21.49,0.0,10000,2.06,800,3.0,22.5,45.0,0,4.56,23.5,0.2,0.667,75.0,3,1,0.3209,Estabilizado,Operação Normal
2026-08-18T02:17:18.150100,5752-10,34055,2,METRÔ CONCEIÇÃO,VL. MISSIONÁRIA,1,23:16,6,10.0,6,20.0,21.27,21.49,0.0,10000,2.06,800,3.0,22.5,45.0,0,4.56,23.5,0.2,1.0,58.33,7,1,0.246,Estabilizado,Operação Normal
2026-08-18T02:17:18.150100,407E-10,34983,2,METRÔ CARRÃO,JD. STO. ANDRÉ,1,23:16,5,12.0,5,20.0,21.27,21.49,0.0,10000,2.06,800,3.0,22.5,45.0,0,4.56,23.5,0.2,1.0,60.0,6,1,0.2501,Estabilizado,Operação Normal
2026-08-18T02:17:18.150100,172U-10,860,1,MOOCA,CEM. PQ. DOS PINHEIROS,1,23:16,10,6.0,11,20.0,21.27,21.49,0.0,10000,2.06,800,3.0,22.5,45.0,0,4.56,23.5,0.2,1.0,65.0,13,3,0.2626,Estabilizado,Operação Normal
2026-08-18T02:17:18.150100,1742-10,542,1,METRÔ SANTANA,JD. ANTÁRTICA,1,23:16,4,15.0,4,20.0,21.27,21.49,0.0,10000,2.06,800,3.0,22.5,45.0,0,4.56,23.5,0.2,1.0,62.5,5,1,0.2564,Estabilizado,Operação Normal
2026-08-18T02:17:18.150100,707A-10,1990,1,METRÔ PÇA. DA ÁRVORE,JD. ÂNGELA,1,23:16,3,20.0,3,20.0,21.27,21.49,0.0,10000,2.06,800,3.0,22.5,45.0,0,4.56,23.5,0.2,1.0,66.67,4,1,0.2668,Estabilizado,Operação Normal
2026-08-18T02:17:18.150100,5038-10,34429,2,TERM. SACOMÃ,PQ. BRISTOL,1,23:16,3,20.0,3,20.0,21.27,21.49,0.0,10000,2.06,800,3.0,22.5,45.0,0,4.56,23.5,0.2,1.0,66.67,4,1,0.2668,Estabilizado,Operação Normal
2026-08-18T02:17:18.150100,809D-10,2068,1,TERM. PINHEIROS,COHAB EDUCANDÁRIO,1,23:16,2,30.0,2,20.0,21.27,21.49,0.0,10000,2.06,800,3.0,22.5,45.0,0,4.56,23.5,0.2,0.667,75.0,3,1,0.3209,Estabilizado,Operação Normal
2026-08-18T02:17:18.150100,3064-10,33748,2,CPTM GUAIANASES,CID. TIRADENTES,1,23:16,4,15.0,4,20.0,21.27,21.49,0.0,10000,2.06,800,3.0,22.5,45.0,0,4.56,23.5,0.2,1.0,62.5,5,1,0.2564,Estabilizado,Operação Normal
2026-08-18T02:17:18.150100,7006-10,1995,1,JD. ÂNGELA,JD. HORIZONTE AZUL,1,23:16,3,20.0,3,20.0,21.27,21.49,0.0,10000,2.06,800,3.0,22.5,45.0,0,4.56,23.5,0.2,1.0,66.67,4,1,0.2668,Estabilizado,Operação Normal
2026-08-18T02:17:18.150100,958P-10,33233,2,VL. OLÍMPIA,JD. NARDINI,1,23:16,4,15.0,4,20.0,21.27,21.49,0.0,10000,2.06,800,3.0,22.5,45.0,0,4.56,23.5,0.2,1.0,62.5,5,1,0.2564,Estabilizado,Operação Normal
2026-08-18T02:17:18.150100,425E-10,34404,2,JD. ESTER,TERM. SAPOPEMBA,1,23:16,1,60.0,1,20.0,21.27,21.49,0.0,10000,2.06,800,3.0,22.5,45.0,0,4.56,23.5,0.2,0.333,100.0,2,1,0.4168,Estabilizado,Operação Normal
2026-08-18T02:17:18.150100,N506-11,35148,2,METRÔ VL. MADALENA,TERM. SACOMÃ,1,23:16,1,60.0,1,20.0,21.27,21.49,0.0,10000,2.06,800,3.0,22.5,45.0,0,4.56,23.5,0.2,0.333,100.0,2,1,0.4168,Estabilizado,Operação Normal
2026-08-18T02:17:18.150100,3739-10,33807,2,METRÔ ITAQUERA,RECANTO VERDE SOL,1,23:16,4,15.0,4,20.0,21.27,21.49,0.0,10000,2.06,800,3.0,22.5,45.0,0,4.56,23.5,0.2,1.0,62.5,5,1,0.2564,Estabilizado,Operação Normal
2026-08-18T02:17:18.150100,5035-10,1668,1,TERM. SACOMÃ,VL. ARAPUÁ,1,23:16,2,30.0,2,20.0,21.27,21.49,0.0,10000,2.06,800,3.0,22.5,45.0,0,4.56,23.5,0.2,0.667,75.0,3,1,0.3209,Estabilizado,Operação Normal
2026-08-18T02:17:18.150100,809R-10,34835,2,TERM. PINHEIROS,RIO PEQUENO,1,23:16,2,30.0,2,20.0,21.27,21.49,0.0,10000,2.06,800,3.0,22.5,45.0,0,4.56,23.5,0.2,0.667,75.0,3,1,0.3209,Estabilizado,Operação Normal
2026-08-18T02:17:18.150100,6006-10,32943,2,SHOP. INTERLAGOS,JD. HERCULANO,1,23:16,1,60.0,1,20.0,21.27,21.49,0.0,10000,2.06,800,3.0,22.5,45.0,0,4.56,23.5,0.2,0.333,100.0,2,1,0.4168,Estabilizado,Operação Normal
2026-08-18T02:17:18.150100,874T-10,33075,2,LAPA,IPIRANGA,1,23:16,3,20.0,3,20.0,21.27,21.49,0.0,10000,2.06,800,3.0,22.5,45.0,0,4.56,23.5,0.2,1.0,66.67,4,1,0.2668,Estabilizado,Operação Normal
2026-08-18T02:17:18.150100,809H-10,2245,1,LAPA,JD. BOA VISTA,1,23:16,5,12.0,5,20.0,21.27,21.49,0.0,10000,2.06,800,3.0,22.5,45.0,0,4.56,23.5,0.2,1.0,60.0,6,1,0.2501,Estabilizado,Operação Normal
2026-08-18T02:17:18.150100,7411-10,1376,1,PÇA. DA SÉ,CID. UNIVERSITÁRIA,1,23:16,1,60.0,1,20.0,21.27,21.49,0.0,10000,2.06,800,3.0,22.5,45.0,0,4.56,23.5,0.2,0.333,100.0,2,1,0.4168,Estabilizado,Operação Normal
2026-08-18T02:17:18.150100,6099-10,1587,1,DIVISA DE EMBU-GUAÇU,TERM. GRAJAÚ,1,23:16,3,20.0,3,20.0,21.27,21.49,0.0,10000,2.06,800,3.0,22.5,45.0,0,4.56,23.5,0.2,1.0,66.67,4,1,0.2668,Estabilizado,Operação Normal
2026-08-18T02:17:18.150100,6045-10,1222,1,STO. AMARO,VALO VELHO,1,23:16,3,20.0,3,20.0,21.27,21.49,0.0,10000,2.06,800,3.0,22.5,45.0,0,4.56,23.5,0.2,1.0,66.67,4,1,0.2668,Estabilizado,Operação Normal
2026-08-18T02:17:18.150100,857C-10,1901,1,METRÔ CONCEIÇÃO,TERM. CAMPO LIMPO,1,23:16,4,15.0,4,20.0,21.27,21.49,0.0,10000,2.06,800,3.0,22.5,45.0,0,4.56,23.5,0.2,1.0,62.5,5,1,0.2564,Estabilizado,Operação Normal
2026-08-18T02:17:18.150100,2201-10,909,1,CPTM GUAIANASES,DIV. DE FERRAZ,1,23:16,3,20.0,3,20.0,21.27,21.49,0.0,10000,2.06,800,3.0,22.5,45.0,0,4.56,23.5,0.2,1.0,66.67,4,1,0.2668,Estabilizado,Operação Normal
2026-08-18T02:17:18.150100,8028-10,35300,2,METRÔ MORUMBI,PARAISÓPOLIS,1,23:16,5,12.0,5,20.0,21.27,21.49,0.0,10000,2.06,800,3.0,22.5,45.0,0,4.56,23.5,0.2,1.0,60.0,6,1,0.2501,Estabilizado,Operação Normal
2026-08-18T02:17:18.150100,3020-10,958,1,SHOP. ARICANDUVA,COHAB JOSÉ BONIFÁCIO ,1,23:16,4,15.0,4,20.0,21.27,21.49,0.0,10000,2.06,800,3.0,22.5,45.0,0,4.56,23.5,0.2,1.0,62.5,5,1,0.2564,Estabilizado,Operação Normal
2026-08-18T02:17:18.150100,342C-10,33770,2,PENHA,JD. MARÍLIA,1,23:16,4,15.0,4,20.0,21.27,21.49,0.0,10000,2.06,800,3.0,22.5,45.0,0,4.56,23.5,0.2,1.0,62.5,5,1,0.2564,Estabilizado,Operação Normal
2026-08-18T02:17:18.150100,6042-21,34543,2,CEU CAPÃO REDONDO,TERM. CAPELINHA,1,23:16,2,30.0,2,20.0,21.27,21.49,0.0,10000,2.06,800,3.0,22.5,45.0,0,4.56,23.5,0.2,0.667,75.0,3,1,0.3209,Estabilizado,Operação Normal
2026-08-18T02:17:18.150100,2735-21,33282,2,METRÔ PENHA,JD. SÃO FRANCISCO,1,23:16,1,60.0,1,20.0,21.27,21.49,0.0,10000,2.06,800,3.0,22.5,45.0,0,4.56,23.5,0.2,0.333,100.0,2,1,0.4168,Estabilizado,Operação Normal
2026-08-18T02:17:18.150100,390E-10,34650,2,TERM. PQ. D. PEDRO II,TERM. PENHA,1,23:16,2,30.0,2,20.0,21.27,21.49,0.0,10000,2.06,800,3.0,22.5,45.0,0,4.56,23.5,0.2,0.667,75.0,3,1,0.3209,Estabilizado,Operação Normal
2026-08-18T02:17:18.150100,677A-10,34007,2,ITAIM BIBI,TERM. JD. ÂNGELA,1,23:16,4,15.0,4,20.0,21.27,21.49,0.0,10000,2.06,800,3.0,22.5,45.0,0,4.56,23.5,0.2,1.0,62.5,5,1,0.2564,Estabilizado,Operação Normal
2026-08-18T02:17:18.150100,3756-10,33818,2,METRÔ ITAQUERA ,BARRO BRANCO,1,23:16,4,15.0,4,20.0,21.27,21.49,0.0,10000,2.06,800,3.0,22.5,45.0,0,4.56,23.5,0.2,1.0,62.5,5,1,0.2564,Estabilizado,Operação Normal
2026-08-18T02:17:18.150100,274P-10,232,1,METRÔ VL. MARIANA,PENHA,1,23:16,2,30.0,2,20.0,21.27,21.49,0.0,10000,2.06,800,3.0,22.5,45.0,0,4.56,23.5,0.2,0.667,75.0,3,1,0.3209,Estabilizado,Operação Normal
2026-08-18T02:17:18.150100,971C-10,33339,2,METRÔ SANTANA,COHAB BRASILÂNDIA,1,23:16,5,12.0,5,20.0,21.27,21.49,0.0,10000,2.06,800,3.0,22.5,45.0,0,4.56,23.5,0.2,1.0,60.0,6,1,0.2501,Estabilizado,Operação Normal
2026-08-18T02:17:18.150100,3054-10,33743,2,HOSP. SAPOPEMBA,JD. PALANQUE,1,23:16,4,15.0,4,20.0,21.27,21.49,0.0,10000,2.06,800,3.0,22.5,45.0,0,4.56,23.5,0.2,1.0,62.5,5,1,0.2564,Estabilizado,Operação Normal
2026-08-18T02:17:18.150100,637A-10,185,1,TERM. PINHEIROS,TERM. JD. ÂNGELA,1,23:16,3,20.0,3,20.0,21.27,21.49,0.0,10000,2.06,800,3.0,22.5,45.0,0,4.56,23.5,0.2,1.0,66.67,4,1,0.2668,Estabilizado,Operação Normal
2026-08-18T02:17:18.150100,677Y-10,1240,1,TERM. CAPELINHA,JD. GUARUJÁ,1,23:16,3,20.0,3,20.0,21.27,21.49,0.0,10000,2.06,800,3.0,22.5,45.0,0,4.56,23.5,0.2,1.0,66.67,4,1,0.2668,Estabilizado,Operação Normal
2026-08-18T02:17:18.150100,2060-10,134,1,METRÔ ARTUR ALVIM,TERM. A. E. CARVALHO,1,23:16,1,60.0,1,20.0,21.27,21.49,0.0,10000,2.06,800,3.0,22.5,45.0,0,4.56,23.5,0.2,0.333,100.0,2,1,0.4168,Estabilizado,Operação Normal
2026-08-18T02:17:18.150100,8009-10,1259,1,TERM. PIRITUBA,CID. D'ABRIL 3ª GLEBA,1,23:16,1,60.0,1,20.0,21.27,21.49,0.0,10000,2.06,800,3.0,22.5,45.0,0,4.56,23.5,0.2,0.333,100.0,2,1,0.4168,Estabilizado,Operação Normal
2026-08-18T02:17:18.150100,199D-10,34903,2,TERM. PINHEIROS,CONEXÃO VL. IÓRIO,1,23:16,3,20.0,3,20.0,21.27,21.49,0.0,10000,2.06,800,3.0,22.5,45.0,0,4.56,23.5,0.2,1.0,66.67,4,1,0.2668,Estabilizado,Operação Normal
2026-08-18T02:17:18.150100,513L-10,1655,1,PQ. BELÉM,TERM. SACOMÃ,1,23:16,2,30.0,2,20.0,21.27,21.49,0.0,10000,2.06,800,3.0,22.5,45.0,0,4.56,23.5,0.2,0.667,75.0,3,1,0.3209,Estabilizado,Operação Normal
2026-08-18T02:17:18.150100,574R-10,34391,2,METRÔ BELÉM,TERM. SAPOPEMBA,1,23:16,4,15.0,4,20.0,21.27,21.49,0.0,10000,2.06,800,3.0,22.5,45.0,0,4.56,23.5,0.2,1.0,62.5,5,1,0.2564,Estabilizado,Operação Normal
2026-08-18T02:17:18.150100,978A-10,1369,1,METRÔ BARRA FUNDA,TERM. CACHOEIRINHA,1,23:16,3,20.0,3,20.0,21.27,21.49,0.0,10000,2.06,800,3.0,22.5,45.0,0,4.56,23.5,0.2,1.0,66.67,4,1,0.2668,Estabilizado,Operação Normal
2026-08-18T02:17:18.150100,6027-10,32858,2,TERM. STO. AMARO,JD. GRAUNA,1,23:16,6,10.0,6,20.0,21.27,21.49,0.0,10000,2.06,800,3.0,22.5,45.0,0,4.56,23.5,0.2,1.0,58.33,7,1,0.246,Estabilizado,Operação Normal
2026-08-18T02:17:18.150100,5370-10,1442,1,LGO. SÃO FRANCISCO,TERM. VARGINHA,1,23:16,3,20.0,3,20.0,21.27,21.49,0.0,10000,2.06,800,3.0,22.5,45.0,0,4.56,23.5,0.2,1.0,66.67,4,1,0.2668,Estabilizado,Operação Normal
2026-08-18T02:17:18.150100,407K-10,34936,2,METRÔ CARRÃO,TERM. SÃO MATEUS,1,23:16,2,30.0,2,20.0,21.27,21.49,0.0,10000,2.06,800,3.0,22.5,45.0,0,4.56,23.5,0.2,0.667,75.0,3,1,0.3209,Estabilizado,Operação Normal
2026-08-18T02:17:18.150100,2734-10,34528,2,METRÔ ITAQUERA,JD. CAMPOS,1,23:16,3,20.0,3,20.0,21.27,21.49,0.0,10000,2.06,800,3.0,22.5,45.0,0,4.56,23.5,0.2,1.0,66.67,4,1,0.2668,Estabilizado,Operação Normal
2026-08-18T02:17:18.150100,5128-10,1128,1,METRÔ CONCEIÇÃO,JD. APURÁ,1,23:16,2,30.0,2,20.0,21.27,21.49,0.0,10000,2.06,800,3.0,22.5,45.0,0,4.56,23.5,0.2,0.667,75.0,3,1,0.3209,Estabilizado,Operação Normal
2026-08-18T02:17:18.150100,5362-10,32838,2,PÇA. DA SÉ,PQ. RES. COCAIA,1,23:16,6,10.0,6,20.0,21.27,21.49,0.0,10000,2.06,800,3.0,22.5,45.0,0,4.56,23.5,0.2,1.0,58.33,7,1,0.246,Estabilizado,Operação Normal
2026-08-18T02:17:18.150100,271M-10,33452,2,METRÔ SANTANA,PQ. NOVO MUNDO,1,23:16,4,15.0,4,20.0,21.27,21.49,0.0,10000,2.06,800,3.0,22.5,45.0,0,4.56,23.5,0.2,1.0,62.5,5,1,0.2564,Estabilizado,Operação Normal
2026-08-18T02:17:18.150100,3686-10,32934,2,TERM. PQ. D. PEDRO II,JD. SÃO PAULO,1,23:16,6,10.0,6,20.0,21.27,21.49,0.0,10000,2.06,800,3.0,22.5,45.0,0,4.56,23.5,0.2,1.0,58.33,7,1,0.246,Estabilizado,Operação Normal
2026-08-18T02:17:18.150100,N603-11,35162,2,TERM. PINHEIROS,METRÔ JABAQUARA,1,23:16,2,30.0,2,20.0,21.27,21.49,0.0,10000,2.06,800,3.0,22.5,45.0,0,4.56,23.5,0.2,0.667,75.0,3,1,0.3209,Estabilizado,Operação Normal
2026-08-18T02:17:18.150100,8548-10,33346,2,TERM. LAPA,PARADA DE TAIPAS,1,23:16,3,20.0,3,20.0,21.27,21.49,0.0,10000,2.06,800,3.0,22.5,45.0,0,4.56,23.5,0.2,1.0,66.67,4,1,0.2668,Estabilizado,Operação Normal
2026-08-18T02:17:18.150100,7545-10,504,1,PÇA. RAMOS DE AZEVEDO,JD. JOÃO XXIII,1,23:16,2,30.0,2,20.0,21.27,21.49,0.0,10000,2.06,800,3.0,22.5,45.0,0,4.56,23.5,0.2,0.667,75.0,3,1,0.3209,Estabilizado,Operação Normal
2026-08-18T02:17:18.150100,6042-10,33987,2,STO. AMARO,JD. TRÊS ESTRELAS,1,23:16,2,30.0,2,20.0,21.27,21.49,0.0,10000,2.06,800,3.0,22.5,45.0,0,4.56,23.5,0.2,0.667,75.0,3,1,0.3209,Estabilizado,Operação Normal
2026-08-18T02:17:18.150100,6262-10,34139,2,TERM. BANDEIRA,CEASA,1,23:16,4,15.0,4,20.0,21.27,21.49,0.0,10000,2.06,800,3.0,22.5,45.0,0,4.56,23.5,0.2,1.0,62.5,5,1,0.2564,Estabilizado,Operação Normal
2026-08-18T02:17:18.150100,4056-10,2237,1,TERM. SÃO MATEUS,PQ. BOA ESPERANÇA,1,23:16,1,60.0,1,20.0,21.27,21.49,0.0,10000,2.06,800,3.0,22.5,45.0,0,4.56,23.5,0.2,0.333,100.0,2,1,0.4168,Estabilizado,Operação Normal
2026-08-18T02:17:18.150100,6450-10,32827,2,TERM. BANDEIRA,TERM. CAPELINHA,1,23:16,5,12.0,5,20.0,21.27,21.49,0.0,10000,2.06,800,3.0,22.5,45.0,0,4.56,23.5,0.2,1.0,60.0,6,1,0.2501,Estabilizado,Operação Normal
2026-08-18T02:17:18.150100,746C-10,783,1,STO. AMARO,JD. TABOÃO,1,23:16,3,20.0,3,20.0,21.27,21.49,0.0,10000,2.06,800,3.0,22.5,45.0,0,4.56,23.5,0.2,1.0,66.67,4,1,0.2668,Estabilizado,Operação Normal
2026-08-18T02:17:18.150100,2014-10,33668,2,METRÔ BARRA FUNDA,JD. PERY ALTO,1,23:16,7,8.6,7,20.0,21.27,21.49,0.0,10000,2.06,800,3.0,22.5,45.0,0,4.56,23.5,0.2,1.0,57.14,8,1,0.243,Estabilizado,Operação Normal
2026-08-18T02:17:18.150100,3053-10,33741,2,METRÔ BELÉM,JD. ITÁPOLIS,1,23:16,6,10.0,6,20.0,21.27,21.49,0.0,10000,2.06,800,3.0,22.5,45.0,0,4.56,23.5,0.2,1.0,58.33,7,1,0.246,Estabilizado,Operação Normal
2026-08-18T02:17:18.150100,8215-10,574,1,PÇA. DO CORREIO,JD. PAULISTANO,1,23:16,3,20.0,3,20.0,21.27,21.49,0.0,10000,2.06,800,3.0,22.5,45.0,0,4.56,23.5,0.2,1.0,66.67,4,1,0.2668,Estabilizado,Operação Normal
2026-08-18T02:17:18.150100,3763-10,33822,2,METRÔ TATUAPÉ,TERM. VL. CARRÃO,1,23:16,5,12.0,5,20.0,21.27,21.49,0.0,10000,2.06,800,3.0,22.5,45.0,0,4.56,23.5,0.2,1.0,60.0,6,1,0.2501,Estabilizado,Operação Normal
2026-08-18T02:17:18.150100,7181-10,34100,2,TERM. PRINC. ISABEL,CID. UNIVERSITÁRIA,1,23:16,2,30.0,2,20.0,21.27,21.49,0.0,10000,2.06,800,3.0,22.5,45.0,0,4.56,23.5,0.2,0.667,75.0,3,1,0.3209,Estabilizado,Operação Normal
2026-08-18T02:17:18.150100,1720-10,863,1,CANTAREIRA,JD. GUANCÃ,1,23:16,5,12.0,5,20.0,21.27,21.49,0.0,10000,2.06,800,3.0,22.5,45.0,0,4.56,23.5,0.2,1.0,60.0,6,1,0.2501,Estabilizado,Operação Normal
2026-08-18T02:17:18.150100,5025-10,34332,2,METRÔ TAMANDUATEÍ,JD. GUAIRACÁ,1,23:16,3,20.0,3,20.0,21.27,21.49,0.0,10000,2.06,800,3.0,22.5,45.0,0,4.56,23.5,0.2,1.0,66.67,4,1,0.2668,Estabilizado,Operação Normal
2026-08-18T02:17:18.150100,5123-10,33893,2,HOSP. SÃO PAULO,JD. MIRIAM,1,23:16,4,15.0,4,20.0,21.27,21.49,0.0,10000,2.06,800,3.0,22.5,45.0,0,4.56,23.5,0.2,1.0,62.5,5,1,0.2564,Estabilizado,Operação Normal
2026-08-18T02:17:18.150100,809U-10,2254,1,METRÔ BARRA FUNDA,CID. UNIVERSITÁRIA,1,23:16,1,60.0,1,20.0,21.27,21.49,0.0,10000,2.06,800,3.0,22.5,45.0,0,4.56,23.5,0.2,0.333,100.0,2,1,0.4168,Estabilizado,Operação Normal
2026-08-18T02:17:18.150100,5757-51,34744,2,METRÔ CONCEIÇÃO,PEDREIRA,1,23:16,9,6.7,9,20.0,21.27,21.49,0.0,10000,2.06,800,3.0,22.5,45.0,0,4.56,23.5,0.2,1.0,61.11,11,2,0.2529,Estabilizado,Operação Normal
2026-08-18T02:17:18.150100,637V-10,104,1,TERM. STO. AMARO,PQ. AMÉRICA,1,23:16,2,30.0,2,20.0,21.27,21.49,0.0,10000,2.06,800,3.0,22.5,45.0,0,4.56,23.5,0.2,0.667,75.0,3,1,0.3209,Estabilizado,Operação Normal
2026-08-18T02:17:18.150100,1702-10,846,1,TIETÊ,JOVA RURAL,1,23:16,3,20.0,3,20.0,21.27,21.49,0.0,10000,2.06,800,3.0,22.5,45.0,0,4.56,23.5,0.2,1.0,66.67,4,1,0.2668,Estabilizado,Operação Normal
2026-08-18T02:17:18.150100,8060-10,33186,2,TERM. LAPA,VL. PIAUÍ,1,23:16,2,30.0,2,20.0,21.27,21.49,0.0,10000,2.06,800,3.0,22.5,45.0,0,4.56,23.5,0.2,0.667,75.0,3,1,0.3209,Estabilizado,Operação Normal
2026-08-18T02:17:18.150100,6036-10,1214,1,TERM. CAPELINHA,JD. MACEDÔNIA,1,23:16,4,15.0,4,20.0,21.27,21.49,0.0,10000,2.06,800,3.0,22.5,45.0,0,4.56,23.5,0.2,1.0,62.5,5,1,0.2564,Estabilizado,Operação Normal
2026-08-18T02:17:18.150100,4085-10,34924,2,METRÔ ITAQUERA,COHAB FAZENDA DO CARMO,1,23:16,4,15.0,4,20.0,21.27,21.49,0.0,10000,2.06,800,3.0,22.5,45.0,0,4.56,23.5,0.2,1.0,62.5,5,1,0.2564,Estabilizado,Operação Normal
2026-08-18T02:17:18.150100,4315-10,2175,1,TERM. PQ. D. PEDRO II,TERM. VL. CARRÃO,1,23:16,2,30.0,2,20.0,21.27,21.49,0.0,10000,2.06,800,3.0,22.5,45.0,0,4.56,23.5,0.2,0.667,75.0,3,1,0.3209,Estabilizado,Operação Normal
2026-08-18T02:17:18.150100,3902-10,34238,2,CPTM GUAIANASES,CPTM JD. ROMANO,1,23:16,2,30.0,2,20.0,21.27,21.49,0.0,10000,2.06,800,3.0,22.5,45.0,0,4.56,23.5,0.2,0.667,75.0,3,1,0.3209,Estabilizado,Operação Normal
2026-08-18T02:17:18.150100,2590-10,33680,2,PQ. D. PEDRO II,UNIÃO DE VL. NOVA,1,23:16,3,20.0,3,20.0,21.27,21.49,0.0,10000,2.06,800,3.0,22.5,45.0,0,4.56,23.5,0.2,1.0,66.67,4,1,0.2668,Estabilizado,Operação Normal
2026-08-18T02:17:18.150100,208M-10,35246,2,TERM. PINHEIROS,METRÔ SANTANA,1,23:16,2,30.0,2,20.0,21.27,21.49,0.0,10000,2.06,800,3.0,22.5,45.0,0,4.56,23.5,0.2,0.667,75.0,3,1,0.3209,Estabilizado,Operação Normal
2026-08-18T02:17:18.150100,6L02-10,33946,2,TERM. PARELHEIROS,JD. EUCALIPTOS,1,23:16,1,60.0,1,20.0,21.27,21.49,0.0,10000,2.06,800,3.0,22.5,45.0,0,4.56,23.5,0.2,0.333,100.0,2,1,0.4168,Estabilizado,Operação Normal
2026-08-18T02:17:18.150100,3741-10,1041,1,METRÔ ITAQUERA,CPTM D. BOSCO,1,23:16,1,60.0,1,20.0,21.27,21.49,0.0,10000,2.06,800,3.0,22.5,45.0,0,4.56,23.5,0.2,0.333,100.0,2,1,0.4168,Estabilizado,Operação Normal
2026-08-18T02:17:18.150100,909T-1,35280,2,TERM. PQ. D. PEDRO II,TERM. PINHEIROS,1,23:16,2,30.0,2,20.0,21.27,21.49,0.0,10000,2.06,800,3.0,22.5,45.0,0,4.56,23.5,0.2,0.667,75.0,3,1,0.3209,Estabilizado,Operação Normal
2026-08-18T02:17:18.150100,178L-10,33328,2,HOSP. DAS CLÍNICAS,LAUZANE PAULISTA,1,23:16,3,20.0,3,20.0,21.27,21.49,0.0,10000,2.06,800,3.0,22.5,45.0,0,4.56,23.5,0.2,1.0,66.67,4,1,0.2668,Estabilizado,Operação Normal
2026-08-18T02:17:18.150100,1896-10,2520,1,PÇA. RAMOS DE AZEVEDO,JARAGUÁ,1,23:16,3,20.0,3,20.0,21.27,21.49,0.0,10000,2.06,800,3.0,22.5,45.0,0,4.56,23.5,0.2,1.0,66.67,4,1,0.2668,Estabilizado,Operação Normal
2026-08-18T02:17:18.150100,8004-10,34022,2,TERM. LAPA,HAB. TURÍSTICA,1,23:16,4,15.0,4,20.0,21.27,21.49,0.0,10000,2.06,800,3.0,22.5,45.0,0,4.56,23.5,0.2,1.0,62.5,5,1,0.2564,Estabilizado,Operação Normal
2026-08-18T02:17:18.150100,177H-10,630,1,CID. UNIVERSITÁRIA,METRÔ SANTANA,1,23:16,3,20.0,3,20.0,21.27,21.49,0.0,10000,2.06,800,3.0,22.5,45.0,0,4.56,23.5,0.2,1.0,66.67,4,1,0.2668,Estabilizado,Operação Normal
2026-08-18T02:17:18.150100,695Y-10,33966,2,METRÔ VL. MARIANA,TERM. PARELHEIROS,1,23:16,6,10.0,6,20.0,21.27,21.49,0.0,10000,2.06,800,3.0,22.5,45.0,0,4.56,23.5,0.2,1.0,58.33,7,1,0.246,Estabilizado,Operação Normal
2026-08-18T02:17:18.150100,N743-11,35192,2,JD. PLANALTO,TERM. JOÃO DIAS,1,23:16,1,60.0,1,20.0,21.27,21.49,0.0,10000,2.06,800,3.0,22.5,45.0,0,4.56,23.5,0.2,0.333,100.0,2,1,0.4168,Estabilizado,Operação Normal
2026-08-18T02:17:18.150100,648P-10,66,1,TERM. PINHEIROS,TERM. CAPELINHA,1,23:16,3,20.0,3,20.0,21.27,21.49,0.0,10000,2.06,800,3.0,22.5,45.0,0,4.56,23.5,0.2,1.0,66.67,4,1,0.2668,Estabilizado,Operação Normal
2026-08-18T02:17:18.150100,675R-10,109,1,METRÔ JABAQUARA,GRAJAÚ,1,23:16,2,30.0,2,20.0,21.27,21.49,0.0,10000,2.06,800,3.0,22.5,45.0,0,4.56,23.5,0.2,0.667,75.0,3,1,0.3209,Estabilizado,Operação Normal
2026-08-18T02:17:18.150100,118Y-10,841,1,LAPA,LAUZANE PAULISTA,1,23:16,3,20.0,3,20.0,21.27,21.49,0.0,10000,2.06,800,3.0,22.5,45.0,0,4.56,23.5,0.2,1.0,66.67,4,1,0.2668,Estabilizado,Operação Normal
2026-08-18T02:17:18.150100,514T-10,34439,2,CONJ. TEOTÔNIO VILELA,TERM. SACOMÃ,1,23:16,4,15.0,4,20.0,21.27,21.49,0.0,10000,2.06,800,3.0,22.5,45.0,0,4.56,23.5,0.2,1.0,62.5,5,1,0.2564,Estabilizado,Operação Normal
2026-08-18T02:17:18.150100,172J-10,33624,2,TATUAPÉ,JD. BRASIL,1,23:16,5,12.0,5,20.0,21.27,21.49,0.0,10000,2.06,800,3.0,22.5,45.0,0,4.56,23.5,0.2,1.0,60.0,6,1,0.2501,Estabilizado,Operação Normal
2026-08-18T02:17:18.150100,407T-10,2202,1,METRÔ ITAQUERA,JD. REDIL,1,23:16,3,20.0,3,20.0,21.27,21.49,0.0,10000,2.06,800,3.0,22.5,45.0,0,4.56,23.5,0.2,1.0,66.67,4,1,0.2668,Estabilizado,Operação Normal
2026-08-18T02:17:18.150100,6045-21,2164,1,CHÁC. STA. MARIA,TERM. CAPELINHA,1,23:16,1,60.0,1,20.0,21.27,21.49,0.0,10000,2.06,800,3.0,22.5,45.0,0,4.56,23.5,0.2,0.333,100.0,2,1,0.4168,Estabilizado,Operação Normal
2026-08-18T02:17:18.150100,6820-10,32787,2,TERM. CAPELINHA,JD. DAS ROSAS,1,23:16,3,20.0,3,20.0,21.27,21.49,0.0,10000,2.06,800,3.0,22.5,45.0,0,4.56,23.5,0.2,1.0,66.67,4,1,0.2668,Estabilizado,Operação Normal
2026-08-18T02:17:18.150100,5110-10,2209,1,TERM. MERCADO,TERM. SÃO MATEUS,1,23:16,4,15.0,4,20.0,21.27,21.49,0.0,10000,2.06,800,3.0,22.5,45.0,0,4.56,23.5,0.2,1.0,62.5,5,1,0.2564,Estabilizado,Operação Normal
2026-08-18T02:17:18.150100,5362-10,70,1,PÇA. DA SÉ,PQ. RES. COCAIA,1,23:16,1,60.0,1,20.0,21.27,21.49,0.0,10000,2.06,800,3.0,22.5,45.0,0,4.56,23.5,0.2,0.333,100.0,2,1,0.4168,Estabilizado,Operação Normal
2026-08-18T02:17:18.150100,809P-10,34659,2,TERM. PINHEIROS,TERM. CAMPO LIMPO,1,23:16,4,15.0,4,20.0,21.27,21.49,0.0,10000,2.06,800,3.0,22.5,45.0,0,4.56,23.5,0.2,1.0,62.5,5,1,0.2564,Estabilizado,Operação Normal
2026-08-18T02:17:18.150100,403A-10,2192,1,TERM. PENHA,CPTM JOSÉ BONIFÁCIO,1,23:16,6,10.0,6,20.0,21.27,21.49,0.0,10000,2.06,800,3.0,22.5,45.0,0,4.56,23.5,0.2,1.0,58.33,7,1,0.246,Estabilizado,Operação Normal
2026-08-18T02:17:18.150100,8047-10,408,1,LAPA,JARAGUÁ,1,23:16,4,15.0,4,20.0,21.27,21.49,0.0,10000,2.06,800,3.0,22.5,45.0,0,4.56,23.5,0.2,1.0,62.5,5,1,0.2564,Estabilizado,Operação Normal
2026-08-18T02:17:18.150100,3134-10,33761,2,METRÔ TAMANDUATEÍ,SHOP. ARICANDUVA,1,23:16,4,15.0,4,20.0,21.27,21.49,0.0,10000,2.06,800,3.0,22.5,45.0,0,4.56,23.5,0.2,1.0,62.5,5,1,0.2564,Estabilizado,Operação Normal
2026-08-18T02:17:18.150100,373M-10,281,1,SHOP. METRÔ TATUAPÉ,JD. GUAIRACÁ,1,23:16,2,30.0,2,20.0,21.27,21.49,0.0,10000,2.06,800,3.0,22.5,45.0,0,4.56,23.5,0.2,0.667,75.0,3,1,0.3209,Estabilizado,Operação Normal
2026-08-18T02:17:18.150100,971A-10,33426,2,SHOP. D,JD. PRIMAVERA,1,23:16,5,12.0,5,20.0,21.27,21.49,0.0,10000,2.06,800,3.0,22.5,45.0,0,4.56,23.5,0.2,1.0,60.0,6,1,0.2501,Estabilizado,Operação Normal
2026-08-18T02:17:18.150100,2762-10,32912,2,METRÔ TATUAPÉ,ERMELINO MATARAZZO,1,23:16,4,15.0,4,20.0,21.27,21.49,0.0,10000,2.06,800,3.0,22.5,45.0,0,4.56,23.5,0.2,1.0,62.5,5,1,0.2564,Estabilizado,Operação Normal
2026-08-18T02:17:18.150100,1036-10,2453,1,CONEXÃO VL. IÓRIO,COHAB BRASILÂNDIA,1,23:16,1,60.0,1,20.0,21.27,21.49,0.0,10000,2.06,800,3.0,22.5,45.0,0,4.56,23.5,0.2,0.333,100.0,2,1,0.4168,Estabilizado,Operação Normal
2026-08-18T02:17:18.150100,5034-10,34431,2,TERM. SACOMÃ,VL. LIVIERO,1,23:16,4,15.0,4,20.0,21.27,21.49,0.0,10000,2.06,800,3.0,22.5,45.0,0,4.56,23.5,0.2,1.0,62.5,5,1,0.2564,Estabilizado,Operação Normal
2026-08-18T02:17:18.150100,1156-10,33427,2,PÇA. DO CORREIO,VL. SABRINA,1,23:16,3,20.0,3,20.0,21.27,21.49,0.0,10000,2.06,800,3.0,22.5,45.0,0,4.56,23.5,0.2,1.0,66.67,4,1,0.2668,Estabilizado,Operação Normal
2026-08-18T02:17:18.150100,4017-10,34958,2,VL. YOLANDA,METALÚRGICOS,1,23:16,2,30.0,2,20.0,21.27,21.49,0.0,10000,2.06,800,3.0,22.5,45.0,0,4.56,23.5,0.2,0.667,75.0,3,1,0.3209,Estabilizado,Operação Normal
2026-08-18T02:17:18.150100,2016-10,902,1,SÃO MIGUEL,JD. DAS OLIVEIRAS,1,23:16,1,60.0,1,20.0,21.27,21.49,0.0,10000,2.06,800,3.0,22.5,45.0,0,4.56,23.5,0.2,0.333,100.0,2,1,0.4168,Estabilizado,Operação Normal
2026-08-18T02:17:18.150100,1722-10,33632,2,METRÔ TUCURUVI,JD. MARINA,1,23:16,6,10.0,6,20.0,21.27,21.49,0.0,10000,2.06,800,3.0,22.5,45.0,0,4.56,23.5,0.2,1.0,58.33,7,1,0.246,Estabilizado,Operação Normal
2026-08-18T02:17:18.150100,6258-10,34000,2,TERM. STO. AMARO,JD. SÃO FRANCISCO,1,23:16,5,12.0,5,20.0,21.27,21.49,0.0,10000,2.06,800,3.0,22.5,45.0,0,4.56,23.5,0.2,1.0,60.0,6,1,0.2501,Estabilizado,Operação Normal
2026-08-18T02:17:18.150100,2026-10,2269,1,PQ. NOVO MUNDO,JAÇANÃ,1,23:16,3,20.0,3,20.0,21.27,21.49,0.0,10000,2.06,800,3.0,22.5,45.0,0,4.56,23.5,0.2,1.0,66.67,4,1,0.2668,Estabilizado,Operação Normal
2026-08-18T02:17:18.150100,6118-10,33956,2,TERM. STO. AMARO,JD. ICARAÍ,1,23:16,2,30.0,2,20.0,21.27,21.49,0.0,10000,2.06,800,3.0,22.5,45.0,0,4.56,23.5,0.2,0.667,75.0,3,1,0.3209,Estabilizado,Operação Normal
2026-08-18T02:17:18.150100,119C-10,33429,2,TERM. PRINC. ISABEL,PQ. EDU CHAVES,1,23:16,2,30.0,2,20.0,21.27,21.49,0.0,10000,2.06,800,3.0,22.5,45.0,0,4.56,23.5,0.2,0.667,75.0,3,1,0.3209,Estabilizado,Operação Normal
2026-08-18T02:17:18.150100,938L-10,1368,1,LAPA,TERM. CACHOEIRINHA,1,23:16,1,60.0,1,20.0,21.27,21.49,0.0,10000,2.06,800,3.0,22.5,45.0,0,4.56,23.5,0.2,0.333,100.0,2,1,0.4168,Estabilizado,Operação Normal
2026-08-18T02:17:18.150100,2723-10,33705,2,METRÔ ITAQUERA,UNIÃO DE VL. NOVA,1,23:16,5,12.0,5,20.0,21.27,21.49,0.0,10000,2.06,800,3.0,22.5,45.0,0,4.56,23.5,0.2,1.0,60.0,6,1,0.2501,Estabilizado,Operação Normal
2026-08-18T02:17:18.150100,407R-10,2201,1,METRÔ BELÉM,TERM. VL. CARRÃO,1,23:16,3,20.0,3,20.0,21.27,21.49,0.0,10000,2.06,800,3.0,22.5,45.0,0,4.56,23.5,0.2,1.0,66.67,4,1,0.2668,Estabilizado,Operação Normal
2026-08-18T02:17:18.150100,4718-10,33104,2,METRÔ STA. CRUZ,JD. CELESTE,1,23:16,1,60.0,1,20.0,21.27,21.49,0.0,10000,2.06,800,3.0,22.5,45.0,0,4.56,23.5,0.2,0.333,100.0,2,1,0.4168,Estabilizado,Operação Normal
2026-08-18T02:17:18.150100,701A-10,33457,2,METRÔ VL. MADALENA,PQ. EDU CHAVES,1,23:16,6,10.0,6,20.0,21.27,21.49,0.0,10000,2.06,800,3.0,22.5,45.0,0,4.56,23.5,0.2,1.0,58.33,7,1,0.246,Estabilizado,Operação Normal
2026-08-18T02:17:18.150100,273X-10,33160,2,METRÔ ARTUR ALVIM,JD. DAS OLIVEIRAS,1,23:16,8,7.5,8,20.0,21.27,21.49,0.0,10000,2.06,800,3.0,22.5,45.0,0,4.56,23.5,0.2,1.0,62.5,10,2,0.2564,Estabilizado,Operação Normal
2026-08-18T02:17:18.150100,5020-10,1670,1,TERM. SACOMÃ,HOSP. HELIÓPOLIS,1,23:16,1,60.0,1,20.0,21.27,21.49,0.0,10000,2.06,800,3.0,22.5,45.0,0,4.56,23.5,0.2,0.333,100.0,2,1,0.4168,Estabilizado,Operação Normal
2026-08-18T02:17:18.150100,9051-10,34857,2,TERM. PINHEIROS,LAPA,1,23:16,2,30.0,2,20.0,21.27,21.49,0.0,10000,2.06,800,3.0,22.5,45.0,0,4.56,23.5,0.2,0.667,75.0,3,1,0.3209,Estabilizado,Operação Normal
2026-08-18T02:17:18.150100,971V-10,33387,2,SHOP. CENTER NORTE,JD. VISTA ALEGRE,1,23:16,7,8.6,7,20.0,21.27,21.49,0.0,10000,2.06,800,3.0,22.5,45.0,0,4.56,23.5,0.2,1.0,57.14,8,1,0.243,Estabilizado,Operação Normal
2026-08-18T02:17:18.150100,139A-10,2451,1,LAPA,VL. IÓRIO,1,23:16,1,60.0,1,20.0,21.27,21.49,0.0,10000,2.06,800,3.0,22.5,45.0,0,4.56,23.5,0.2,0.333,100.0,2,1,0.4168,Estabilizado,Operação Normal
2026-08-18T02:17:18.150100,736G-10,780,1,SHOP. MORUMBI,JD. INGÁ,1,23:16,1,60.0,1,20.0,21.27,21.49,0.0,10000,2.06,800,3.0,22.5,45.0,0,4.56,23.5,0.2,0.333,100.0,2,1,0.4168,Estabilizado,Operação Normal
2026-08-18T02:17:18.150100,4018-10,34959,2,TERM. SÃO MATEUS,METALÚRGICOS,1,23:16,8,7.5,8,20.0,21.27,21.49,0.0,10000,2.06,800,3.0,22.5,45.0,0,4.56,23.5,0.2,1.0,62.5,10,2,0.2564,Estabilizado,Operação Normal
2026-08-18T02:17:18.150100,809U-10,35022,2,METRÔ BARRA FUNDA,CID. UNIVERSITÁRIA,1,23:16,1,60.0,1,20.0,21.27,21.49,0.0,10000,2.06,800,3.0,22.5,45.0,0,4.56,23.5,0.2,0.333,100.0,2,1,0.4168,Estabilizado,Operação Normal
2026-08-18T02:17:18.150100,6092-10,33945,2,TERM. GRAJAÚ,JD. DAS PEDRAS,1,23:16,2,30.0,2,20.0,21.27,21.49,0.0,10000,2.06,800,3.0,22.5,45.0,0,4.56,23.5,0.2,0.667,75.0,3,1,0.3209,Estabilizado,Operação Normal
2026-08-18T02:17:18.150100,971M-10,612,1,METRÔ SANTANA,VL. PENTEADO,1,23:16,5,12.0,5,20.0,21.27,21.49,0.0,10000,2.06,800,3.0,22.5,45.0,0,4.56,23.5,0.2,1.0,60.0,6,1,0.2501,Estabilizado,Operação Normal
2026-08-18T02:17:18.150100,8050-10,33180,2,LAPA,PQ. MORRO DOCE,1,23:16,2,30.0,2,20.0,21.27,21.49,0.0,10000,2.06,800,3.0,22.5,45.0,0,4.56,23.5,0.2,0.667,75.0,3,1,0.3209,Estabilizado,Operação Normal
2026-08-18T02:17:18.150100,971R-42,33384,2,METRÔ SANTANA,CDHU VOITH,1,23:16,2,30.0,2,20.0,21.27,21.49,0.0,10000,2.06,800,3.0,22.5,45.0,0,4.56,23.5,0.2,0.667,75.0,3,1,0.3209,Estabilizado,Operação Normal
2026-08-18T02:17:18.150100,2025-10,35035,2,SANTANA,VL. NOVA GALVÃO,1,23:16,5,12.0,5,20.0,21.27,21.49,0.0,10000,2.06,800,3.0,22.5,45.0,0,4.56,23.5,0.2,1.0,60.0,6,1,0.2501,Estabilizado,Operação Normal
2026-08-18T02:17:18.150100,476G-41,33880,2,METRÔ ANA ROSA,VL. INDUSTRIAL,1,23:16,3,20.0,3,20.0,21.27,21.49,0.0,10000,2.06,800,3.0,22.5,45.0,0,4.56,23.5,0.2,1.0,66.67,4,1,0.2668,Estabilizado,Operação Normal
2026-08-18T02:17:18.150100,3778-10,33830,2,METRÔ CARRÃO,JD. STA. TEREZINHA,1,23:16,6,10.0,6,20.0,21.27,21.49,0.0,10000,2.06,800,3.0,22.5,45.0,0,4.56,23.5,0.2,1.0,58.33,7,1,0.246,Estabilizado,Operação Normal
2026-08-18T02:17:18.150100,8300-1,35275,2,TERM. LAPA,TERM. PIRITUBA,1,23:16,1,60.0,1,20.0,21.27,21.49,0.0,10000,2.06,800,3.0,22.5,45.0,0,4.56,23.5,0.2,0.333,100.0,2,1,0.4168,Estabilizado,Operação Normal
2026-08-18T02:17:18.150100,8001-10,1251,1,TERM. LAPA,VL. PIAUÍ,1,23:16,1,60.0,1,20.0,21.27,21.49,0.0,10000,2.06,800,3.0,22.5,45.0,0,4.56,23.5,0.2,0.333,100.0,2,1,0.4168,Estabilizado,Operação Normal
2026-08-18T02:17:18.150100,8013-10,33568,2,LAPA,TERM. JD. BRITANIA,1,23:16,4,15.0,4,20.0,21.27,21.49,0.0,10000,2.06,800,3.0,22.5,45.0,0,4.56,23.5,0.2,1.0,62.5,5,1,0.2564,Estabilizado,Operação Normal
2026-08-18T02:17:18.150100,5018-31,1861,1,JABAQUARA,SHOP. INTERLAGOS,1,23:16,1,60.0,1,20.0,21.27,21.49,0.0,10000,2.06,800,3.0,22.5,45.0,0,4.56,23.5,0.2,0.333,100.0,2,1,0.4168,Estabilizado,Operação Normal
2026-08-18T02:17:18.150100,2035-10,35450,2,CONJ. HAB. SONDA II,METRÔ PARADA INGLESA,1,23:16,1,60.0,1,20.0,21.27,21.49,0.0,10000,2.06,800,3.0,22.5,45.0,0,4.56,23.5,0.2,0.333,100.0,2,1,0.4168,Estabilizado,Operação Normal
2026-08-18T02:17:18.150100,2032-10,35034,2,METRÔ CARANDIRU,JD. BRASIL,1,23:16,3,20.0,3,20.0,21.27,21.49,0.0,10000,2.06,800,3.0,22.5,45.0,0,4.56,23.5,0.2,1.0,66.67,4,1,0.2668,Estabilizado,Operação Normal
2026-08-18T02:17:18.150100,3721-41,34461,2,METRÔ ITAQUERA,SHOP. ARICANDUVA,1,23:16,7,8.6,7,20.0,21.27,21.49,0.0,10000,2.06,800,3.0,22.5,45.0,0,4.56,23.5,0.2,1.0,57.14,8,1,0.243,Estabilizado,Operação Normal
2026-08-18T02:17:18.150100,6093-10,34353,2,TERM. GRAJAÚ,VARGEM GRANDE,1,23:16,6,10.0,6,20.0,21.27,21.49,0.0,10000,2.06,800,3.0,22.5,45.0,0,4.56,23.5,0.2,1.0,58.33,7,1,0.246,Estabilizado,Operação Normal
2026-08-18T02:17:18.150100,3738-10,33806,2,METRÔ ITAQUERA,COHAB JUSCELINO,1,23:16,4,15.0,4,20.0,21.27,21.49,0.0,10000,2.06,800,3.0,22.5,45.0,0,4.56,23.5,0.2,1.0,62.5,5,1,0.2564,Estabilizado,Operação Normal
2026-08-18T02:17:18.150100,3736-10,33804,2,METRÔ ARTUR ALVIM,JD. NSA. SRA. DO CARMO,1,23:16,4,15.0,4,20.0,21.27,21.49,0.0,10000,2.06,800,3.0,22.5,45.0,0,4.56,23.5,0.2,1.0,62.5,5,1,0.2564,Estabilizado,Operação Normal
2026-08-18T02:17:18.150100,2712-10,33694,2,SHOP. METRÔ ITAQUERA,JD. SÃO NICOLAU,1,23:16,2,30.0,2,20.0,21.27,21.49,0.0,10000,2.06,800,3.0,22.5,45.0,0,4.56,23.5,0.2,0.667,75.0,3,1,0.3209,Estabilizado,Operação Normal
2026-08-18T02:17:18.150100,8542-21,34129,2,TERM. LAPA,BRASILÂNDIA,1,23:16,5,12.0,5,20.0,21.27,21.49,0.0,10000,2.06,800,3.0,22.5,45.0,0,4.56,23.5,0.2,1.0,60.0,6,1,0.2501,Estabilizado,Operação Normal
2026-08-18T02:17:18.150100,407K-10,2168,1,METRÔ CARRÃO,TERM. SÃO MATEUS,1,23:16,3,20.0,3,20.0,21.27,21.49,0.0,10000,2.06,800,3.0,22.5,45.0,0,4.56,23.5,0.2,1.0,66.67,4,1,0.2668,Estabilizado,Operação Normal
2026-08-18T02:17:18.150100,1782-10,643,1,METRÔ SANTANA,VL. NOVA GALVÃO,1,23:16,2,30.0,2,20.0,21.27,21.49,0.0,10000,2.06,800,3.0,22.5,45.0,0,4.56,23.5,0.2,0.667,75.0,3,1,0.3209,Estabilizado,Operação Normal
2026-08-18T02:17:18.150100,4311-10,2171,1,TERM. PQ. D. PEDRO II,TERM. SÃO MATEUS,1,23:16,4,15.0,4,20.0,21.27,21.49,0.0,10000,2.06,800,3.0,22.5,45.0,0,4.56,23.5,0.2,1.0,62.5,5,1,0.2564,Estabilizado,Operação Normal
2026-08-18T02:17:18.150100,6232-10,33251,2,METRÔ BARRA FUNDA,PINHEIROS/VILA IDA ,1,23:16,1,60.0,1,20.0,21.27,21.49,0.0,10000,2.06,800,3.0,22.5,45.0,0,4.56,23.5,0.2,0.333,100.0,2,1,0.4168,Estabilizado,Operação Normal
2026-08-18T02:17:18.150100,546J-31,34783,2,STO. AMARO,JD. SELMA,1,23:16,3,20.0,3,20.0,21.27,21.49,0.0,10000,2.06,800,3.0,22.5,45.0,0,4.56,23.5,0.2,1.0,66.67,4,1,0.2668,Estabilizado,Operação Normal
2026-08-18T02:17:18.150100,675K-10,198,1,METRÔ STA. CRUZ,TERM. JD. ÂNGELA,1,23:16,6,10.0,6,20.0,21.27,21.49,0.0,10000,2.06,800,3.0,22.5,45.0,0,4.56,23.5,0.2,1.0,58.33,7,1,0.246,Estabilizado,Operação Normal
2026-08-18T02:17:18.150100,4035-10,35328,2,METRÔ ITAQUERA,GUAIANASES,1,23:16,4,15.0,4,20.0,21.27,21.49,0.0,10000,2.06,800,3.0,22.5,45.0,0,4.56,23.5,0.2,1.0,62.5,5,1,0.2564,Estabilizado,Operação Normal
2026-08-18T02:17:18.150100,647P-10,1316,1,TERM. PINHEIROS,COHAB ADVENTISTA,1,23:16,5,12.0,5,20.0,21.27,21.49,0.0,10000,2.06,800,3.0,22.5,45.0,0,4.56,23.5,0.2,1.0,60.0,6,1,0.2501,Estabilizado,Operação Normal
2026-08-18T02:17:18.150100,3756-10,1050,1,METRÔ ITAQUERA ,BARRO BRANCO,1,23:16,1,60.0,1,20.0,21.27,21.49,0.0,10000,2.06,800,3.0,22.5,45.0,0,4.56,23.5,0.2,0.333,100.0,2,1,0.4168,Estabilizado,Operação Normal
2026-08-18T02:17:18.150100,3789-10,1067,1,METRÔ ITAQUERA,CID. TIRADENTES,1,23:16,5,12.0,5,20.0,21.27,21.49,0.0,10000,2.06,800,3.0,22.5,45.0,0,4.56,23.5,0.2,1.0,60.0,6,1,0.2501,Estabilizado,Operação Normal
2026-08-18T02:17:18.150100,8083-10,2606,1,METRÔ BUTANTÃ,CID. UNIVERSITÁRIA,1,23:16,2,30.0,2,20.0,21.27,21.49,0.0,10000,2.06,800,3.0,22.5,45.0,0,4.56,23.5,0.2,0.667,75.0,3,1,0.3209,Estabilizado,Operação Normal
2026-08-18T02:17:18.150100,5011-10,1115,1,STO. AMARO,ELDORADO,1,23:16,3,20.0,3,20.0,21.27,21.49,0.0,10000,2.06,800,3.0,22.5,45.0,0,4.56,23.5,0.2,1.0,66.67,4,1,0.2668,Estabilizado,Operação Normal
2026-08-18T02:17:18.150100,6093-10,1585,1,TERM. GRAJAÚ,VARGEM GRANDE,1,23:16,3,20.0,3,20.0,21.27,21.49,0.0,10000,2.06,800,3.0,22.5,45.0,0,4.56,23.5,0.2,1.0,66.67,4,1,0.2668,Estabilizado,Operação Normal
2026-08-18T02:17:18.150100,7281-10,34102,2,PÇA. RAMOS DE AZEVEDO,LAPA,1,23:16,1,60.0,1,20.0,21.27,21.49,0.0,10000,2.06,800,3.0,22.5,45.0,0,4.56,23.5,0.2,0.333,100.0,2,1,0.4168,Estabilizado,Operação Normal
2026-08-18T02:17:18.150100,756A-10,33561,2,TERM. ÁGUA ESPRAIADA,JD. PAULO VI,1,23:16,7,8.6,7,20.0,21.27,21.49,0.0,10000,2.06,800,3.0,22.5,45.0,0,4.56,23.5,0.2,1.0,57.14,8,1,0.243,Estabilizado,Operação Normal
2026-08-18T02:17:18.150100,3745-10,1044,1,METRÔ TATUAPÉ,JD. IMPERADOR,1,23:16,2,30.0,2,20.0,21.27,21.49,0.0,10000,2.06,800,3.0,22.5,45.0,0,4.56,23.5,0.2,0.667,75.0,3,1,0.3209,Estabilizado,Operação Normal
2026-08-18T02:17:18.150100,875H-10,1340,1,METRÔ VL. MARIANA,TERM. LAPA,1,23:16,2,30.0,2,20.0,21.27,21.49,0.0,10000,2.06,800,3.0,22.5,45.0,0,4.56,23.5,0.2,0.667,75.0,3,1,0.3209,Estabilizado,Operação Normal
2026-08-18T02:17:18.150100,971V-10,619,1,SHOP. CENTER NORTE,JD. VISTA ALEGRE,1,23:16,4,15.0,4,20.0,21.27,21.49,0.0,10000,2.06,800,3.0,22.5,45.0,0,4.56,23.5,0.2,1.0,62.5,5,1,0.2564,Estabilizado,Operação Normal
2026-08-18T02:17:18.150100,172N-10,33432,2,METRÔ BELÉM,SHOP. CENTER NORTE,1,23:16,7,8.6,7,20.0,21.27,21.49,0.0,10000,2.06,800,3.0,22.5,45.0,0,4.56,23.5,0.2,1.0,57.14,8,1,0.243,Estabilizado,Operação Normal
2026-08-18T02:17:18.150100,2175-10,33465,2,TERM. PQ. D. PEDRO II,PQ. EDU CHAVES,1,23:16,2,30.0,2,20.0,21.27,21.49,0.0,10000,2.06,800,3.0,22.5,45.0,0,4.56,23.5,0.2,0.667,75.0,3,1,0.3209,Estabilizado,Operação Normal
2026-08-18T02:17:18.150100,4002-10,34945,2,TERM. VL. CARRÃO,GUAIANASES,1,23:16,5,12.0,5,20.0,21.27,21.49,0.0,10000,2.06,800,3.0,22.5,45.0,0,4.56,23.5,0.2,1.0,60.0,6,1,0.2501,Estabilizado,Operação Normal
2026-08-18T02:17:18.150100,8040-10,406,1,TERM. LAPA,SOL NASCENTE,1,23:16,5,12.0,5,20.0,21.27,21.49,0.0,10000,2.06,800,3.0,22.5,45.0,0,4.56,23.5,0.2,1.0,60.0,6,1,0.2501,Estabilizado,Operação Normal
2026-08-18T02:17:18.150100,6012-31,34544,2,JD. ÂNGELA,PQ. INDEPENDÊNCIA,1,23:16,1,60.0,1,20.0,21.27,21.49,0.0,10000,2.06,800,3.0,22.5,45.0,0,4.56,23.5,0.2,0.333,100.0,2,1,0.4168,Estabilizado,Operação Normal
2026-08-18T02:17:18.150100,6003-21,35344,2,EST. MENDES/VL. NATAL,TERM. VARGINHA,1,23:16,2,30.0,2,20.0,21.27,21.49,0.0,10000,2.06,800,3.0,22.5,45.0,0,4.56,23.5,0.2,0.667,75.0,3,1,0.3209,Estabilizado,Operação Normal
2026-08-18T02:17:18.150100,3025-10,961,1,CPTM GUAIANASES,SÍTIO CONCEIÇÃO,1,23:16,3,20.0,3,20.0,21.27,21.49,0.0,10000,2.06,800,3.0,22.5,45.0,0,4.56,23.5,0.2,1.0,66.67,4,1,0.2668,Estabilizado,Operação Normal
2026-08-18T02:17:18.150100,3069-10,33752,2,TERM. SÃO MATEUS,JD. RECANTO VERDE SOL,1,23:16,3,20.0,3,20.0,21.27,21.49,0.0,10000,2.06,800,3.0,22.5,45.0,0,4.56,23.5,0.2,1.0,66.67,4,1,0.2668,Estabilizado,Operação Normal
2026-08-18T02:17:18.150100,407N-10,34937,2,METRÔ PENHA,TERM. CID. TIRADENTES,1,23:16,5,12.0,5,20.0,21.27,21.49,0.0,10000,2.06,800,3.0,22.5,45.0,0,4.56,23.5,0.2,1.0,60.0,6,1,0.2501,Estabilizado,Operação Normal
2026-08-18T02:17:18.150100,5024-10,33890,2,STO. AMARO,MISSIONÁRIA,1,23:16,2,30.0,2,20.0,21.27,21.49,0.0,10000,2.06,800,3.0,22.5,45.0,0,4.56,23.5,0.2,0.667,75.0,3,1,0.3209,Estabilizado,Operação Normal
2026-08-18T02:17:18.150100,2182-10,700,1,PÇA. DO CORREIO,JD. BRASIL,1,23:16,3,20.0,3,20.0,21.27,21.49,0.0,10000,2.06,800,3.0,22.5,45.0,0,4.56,23.5,0.2,1.0,66.67,4,1,0.2668,Estabilizado,Operação Normal
2026-08-18T02:17:18.150100,809U-21,2307,1,METRÔ VILA MADALENA,METRÔ BARRA FUNDA,1,23:16,2,30.0,2,20.0,21.27,21.49,0.0,10000,2.06,800,3.0,22.5,45.0,0,4.56,23.5,0.2,0.667,75.0,3,1,0.3209,Estabilizado,Operação Normal
2026-08-18T02:17:18.150100,2100-10,713,1,PÇA. DA SÉ,TERM. VL. CARRÃO,1,23:16,4,15.0,4,20.0,21.27,21.49,0.0,10000,2.06,800,3.0,22.5,45.0,0,4.56,23.5,0.2,1.0,62.5,5,1,0.2564,Estabilizado,Operação Normal
2026-08-18T02:17:18.150100,1741-10,539,1,METRÔ SANTANA,VL. DIONISIA,1,23:16,1,60.0,1,20.0,21.27,21.49,0.0,10000,2.06,800,3.0,22.5,45.0,0,4.56,23.5,0.2,0.333,100.0,2,1,0.4168,Estabilizado,Operação Normal
2026-08-18T02:17:18.150100,857R-10,34660,2,ACLIMAÇÃO,TERM. CAMPO LIMPO,1,23:16,5,12.0,5,20.0,21.27,21.49,0.0,10000,2.06,800,3.0,22.5,45.0,0,4.56,23.5,0.2,1.0,60.0,6,1,0.2501,Estabilizado,Operação Normal
2026-08-18T02:17:18.150100,2105-10,35015,2,LGO. DA CONCÓRDIA,JD. FILHOS DA TERRA,1,23:16,2,30.0,2,20.0,21.27,21.49,0.0,10000,2.06,800,3.0,22.5,45.0,0,4.56,23.5,0.2,0.667,75.0,3,1,0.3209,Estabilizado,Operação Normal
2026-08-18T02:17:18.150100,407W-10,2204,1,METRÔ CARRÃO,JD. IV CENTENÁRIO,1,23:16,1,60.0,1,20.0,21.27,21.49,0.0,10000,2.06,800,3.0,22.5,45.0,0,4.56,23.5,0.2,0.333,100.0,2,1,0.4168,Estabilizado,Operação Normal
2026-08-18T02:17:18.150100,407A-10,34962,2,LGO. DA CONCÓRDIA,PQ. SAVOY,1,23:16,4,15.0,4,20.0,21.27,21.49,0.0,10000,2.06,800,3.0,22.5,45.0,0,4.56,23.5,0.2,1.0,62.5,5,1,0.2564,Estabilizado,Operação Normal
2026-08-18T02:17:18.150100,8050-10,412,1,LAPA,PQ. MORRO DOCE,1,23:16,3,20.0,3,20.0,21.27,21.49,0.0,10000,2.06,800,3.0,22.5,45.0,0,4.56,23.5,0.2,1.0,66.67,4,1,0.2668,Estabilizado,Operação Normal
2026-08-18T02:17:18.150100,172P-10,33626,2,METRÔ BELÉM,VL. ZILDA,1,23:16,5,12.0,5,20.0,21.27,21.49,0.0,10000,2.06,800,3.0,22.5,45.0,0,4.56,23.5,0.2,1.0,60.0,6,1,0.2501,Estabilizado,Operação Normal
2026-08-18T02:17:18.150100,8707-10,2064,1,TERM. PRINC. ISABEL,RIO PEQUENO,1,23:16,3,20.0,3,20.0,21.27,21.49,0.0,10000,2.06,800,3.0,22.5,45.0,0,4.56,23.5,0.2,1.0,66.67,4,1,0.2668,Estabilizado,Operação Normal
2026-08-18T02:17:18.150100,573A-10,1637,1,VL. ALPINA,METRÔ BRESSER,1,23:16,1,60.0,1,20.0,21.27,21.49,0.0,10000,2.06,800,3.0,22.5,45.0,0,4.56,23.5,0.2,0.333,100.0,2,1,0.4168,Estabilizado,Operação Normal
2026-08-18T02:17:18.150100,2723-10,937,1,METRÔ ITAQUERA,UNIÃO DE VL. NOVA,1,23:16,3,20.0,3,20.0,21.27,21.49,0.0,10000,2.06,800,3.0,22.5,45.0,0,4.56,23.5,0.2,1.0,66.67,4,1,0.2668,Estabilizado,Operação Normal
2026-08-18T02:17:18.150100,4031-10,33869,2,METRÔ TAMANDUATEÍ,PQ. STA. MADALENA,1,23:16,2,30.0,2,20.0,21.27,21.49,0.0,10000,2.06,800,3.0,22.5,45.0,0,4.56,23.5,0.2,0.667,75.0,3,1,0.3209,Estabilizado,Operação Normal
2026-08-18T02:17:18.150100,3206-10,2112,1,CONJ. CHAPARRAL,METRÔ PENHA,1,23:16,3,20.0,3,20.0,21.27,21.49,0.0,10000,2.06,800,3.0,22.5,45.0,0,4.56,23.5,0.2,1.0,66.67,4,1,0.2668,Estabilizado,Operação Normal
2026-08-18T02:17:18.150100,7458-10,496,1,TERM. VL. SÔNIA,JD. BOA VISTA,1,23:16,3,20.0,3,20.0,21.27,21.49,0.0,10000,2.06,800,3.0,22.5,45.0,0,4.56,23.5,0.2,1.0,66.67,4,1,0.2668,Estabilizado,Operação Normal
2026-08-18T02:17:18.150100,3766-10,1055,1,METRÔ ITAQUERA,COHAB II,1,23:16,9,6.7,9,20.0,21.27,21.49,0.0,10000,2.06,800,3.0,22.5,45.0,0,4.56,23.5,0.2,1.0,61.11,11,2,0.2529,Estabilizado,Operação Normal
2026-08-18T02:17:18.150100,3732-10,33797,2,METRÔ ITAQUERA,CPTM JOSÉ BONIFÁCIO,1,23:16,3,20.0,3,20.0,21.27,21.49,0.0,10000,2.06,800,3.0,22.5,45.0,0,4.56,23.5,0.2,1.0,66.67,4,1,0.2668,Estabilizado,Operação Normal
2026-08-18T02:17:18.150100,5185-10,1308,1,TERM. PQ. D. PEDRO II,TERM. GUARAPIRANGA,1,23:16,3,20.0,3,20.0,21.27,21.49,0.0,10000,2.06,800,3.0,22.5,45.0,0,4.56,23.5,0.2,1.0,66.67,4,1,0.2668,Estabilizado,Operação Normal
2026-08-18T02:17:18.150100,4709-10,333,1,METRÔ VL. MARIANA,JD. SÃO SAVÉRIO,1,23:16,7,8.6,7,20.0,21.27,21.49,0.0,10000,2.06,800,3.0,22.5,45.0,0,4.56,23.5,0.2,1.0,57.14,8,1,0.243,Estabilizado,Operação Normal
2026-08-18T02:17:18.150100,5145-10,1641,1,PÇA. ALMEIDA JR.,TERM. SAPOPEMBA,1,23:16,3,20.0,3,20.0,21.27,21.49,0.0,10000,2.06,800,3.0,22.5,45.0,0,4.56,23.5,0.2,1.0,66.67,4,1,0.2668,Estabilizado,Operação Normal
2026-08-18T02:17:18.150100,6L05-10,1173,1,TERM. PARELHEIROS,BARRAGEM,1,23:16,2,30.0,2,20.0,21.27,21.49,0.0,10000,2.06,800,3.0,22.5,45.0,0,4.56,23.5,0.2,0.667,75.0,3,1,0.3209,Estabilizado,Operação Normal
2026-08-18T02:17:18.150100,7001-10,1722,1,JD. ÂNGELA,VL. GILDA,1,23:16,3,20.0,3,20.0,21.27,21.49,0.0,10000,2.06,800,3.0,22.5,45.0,0,4.56,23.5,0.2,1.0,66.67,4,1,0.2668,Estabilizado,Operação Normal
2026-08-18T02:17:18.150100,N201-11,35079,2,TERM. PQ. D. PEDRO II,METRÔ TUCURUVI,1,23:16,1,60.0,1,20.0,21.27,21.49,0.0,10000,2.06,800,3.0,22.5,45.0,0,4.56,23.5,0.2,0.333,100.0,2,1,0.4168,Estabilizado,Operação Normal
2026-08-18T02:17:18.150100,805L-10,32892,2,ACLIMAÇÃO,TERM. PRINC. ISABEL,1,23:16,4,15.0,4,20.0,21.27,21.49,0.0,10000,2.06,800,3.0,22.5,45.0,0,4.56,23.5,0.2,1.0,62.5,5,1,0.2564,Estabilizado,Operação Normal
2026-08-18T02:17:18.150100,4310-10,34928,2,TERM. PQ. D. PEDRO II,E.T. ITAQUERA,1,23:16,7,8.6,7,20.0,21.27,21.49,0.0,10000,2.06,800,3.0,22.5,45.0,0,4.56,23.5,0.2,1.0,57.14,8,1,0.243,Estabilizado,Operação Normal
2026-08-18T02:17:18.150100,6091-10,1175,1,TERM. STO. AMARO,VARGEM GRANDE,1,23:16,4,15.0,4,20.0,21.27,21.49,0.0,10000,2.06,800,3.0,22.5,45.0,0,4.56,23.5,0.2,1.0,62.5,5,1,0.2564,Estabilizado,Operação Normal
2026-08-18T02:17:18.150100,N206-11,35084,2,METRÔ VL. MADALENA,METRÔ SANTANA,1,23:16,1,60.0,1,20.0,21.27,21.49,0.0,10000,2.06,800,3.0,22.5,45.0,0,4.56,23.5,0.2,0.333,100.0,2,1,0.4168,Estabilizado,Operação Normal
2026-08-18T02:17:18.150100,3051-10,2446,1,TERM. A. E. CARVALHO,ERMELINO MATARAZZO,1,23:16,2,30.0,2,20.0,21.27,21.49,0.0,10000,2.06,800,3.0,22.5,45.0,0,4.56,23.5,0.2,0.667,75.0,3,1,0.3209,Estabilizado,Operação Normal
2026-08-18T02:17:18.150100,7903-10,512,1,PÇA. RAMOS DE AZEVEDO,JD. JOÃO XXIII/EDUC.,1,23:16,1,60.0,1,20.0,21.27,21.49,0.0,10000,2.06,800,3.0,22.5,45.0,0,4.56,23.5,0.2,0.333,100.0,2,1,0.4168,Estabilizado,Operação Normal
2026-08-18T02:17:18.150100,2626-10,376,1,TERM. PQ. D. PEDRO II,JD. NAZARÉ,1,23:16,3,20.0,3,20.0,21.27,21.49,0.0,10000,2.06,800,3.0,22.5,45.0,0,4.56,23.5,0.2,1.0,66.67,4,1,0.2668,Estabilizado,Operação Normal
2026-08-18T02:17:18.150100,6913-10,1465,1,TERM. BANDEIRA,TERM. VARGINHA,1,23:16,5,12.0,5,20.0,21.27,21.49,0.0,10000,2.06,800,3.0,22.5,45.0,0,4.56,23.5,0.2,1.0,60.0,6,1,0.2501,Estabilizado,Operação Normal
2026-08-18T02:17:18.150100,3732-10,1029,1,METRÔ ITAQUERA,CPTM JOSÉ BONIFÁCIO,1,23:16,3,20.0,3,20.0,21.27,21.49,0.0,10000,2.06,800,3.0,22.5,45.0,0,4.56,23.5,0.2,1.0,66.67,4,1,0.2668,Estabilizado,Operação Normal
2026-08-18T02:17:18.150100,7002-10,33540,2,HOSP. DAS CLÍNICAS,JD. ROSA MARIA,1,23:16,2,30.0,2,20.0,21.27,21.49,0.0,10000,2.06,800,3.0,22.5,45.0,0,4.56,23.5,0.2,0.667,75.0,3,1,0.3209,Estabilizado,Operação Normal
2026-08-18T02:17:18.150100,9789-10,33597,2,METRÔ BARRA FUNDA,JD. PAULISTANO,1,23:16,2,30.0,2,20.0,21.27,21.49,0.0,10000,2.06,800,3.0,22.5,45.0,0,4.56,23.5,0.2,0.667,75.0,3,1,0.3209,Estabilizado,Operação Normal
2026-08-18T02:17:18.150100,9785-10,33596,2,METRÔ BARRA FUNDA,VL. TEREZINHA,1,23:16,4,15.0,4,20.0,21.27,21.49,0.0,10000,2.06,800,3.0,22.5,45.0,0,4.56,23.5,0.2,1.0,62.5,5,1,0.2564,Estabilizado,Operação Normal
2026-08-18T02:17:18.150100,3754-10,1049,1,METRÔ ITAQUERA,INÁCIO MONTEIRO,1,23:16,1,60.0,1,20.0,21.27,21.49,0.0,10000,2.06,800,3.0,22.5,45.0,0,4.56,23.5,0.2,0.333,100.0,2,1,0.4168,Estabilizado,Operação Normal
2026-08-18T02:17:18.150100,107T-10,621,1,TERM. PINHEIROS,METRÔ TUCURUVI,1,23:16,5,12.0,5,20.0,21.27,21.49,0.0,10000,2.06,800,3.0,22.5,45.0,0,4.56,23.5,0.2,1.0,60.0,6,1,0.2501,Estabilizado,Operação Normal
2026-08-18T02:17:18.150100,4727-10,340,1,METRÔ PÇA. DA ÁRVORE,JD. CLÍMAX,1,23:16,1,60.0,1,20.0,21.27,21.49,0.0,10000,2.06,800,3.0,22.5,45.0,0,4.56,23.5,0.2,0.333,100.0,2,1,0.4168,Estabilizado,Operação Normal
2026-08-18T02:17:18.150100,2766-10,33173,2,METRÔ ITAQUERA,JD. CAMARGO VELHO,1,23:16,10,6.0,11,20.0,21.27,21.49,0.0,10000,2.06,800,3.0,22.5,45.0,0,4.56,23.5,0.2,1.0,65.0,13,3,0.2626,Estabilizado,Operação Normal
2026-08-18T02:17:18.150100,307C-10,2114,1,METRÔ ARTUR ALVIM,CONJ. ENCOSTA NORTE,1,23:16,3,20.0,3,20.0,21.27,21.49,0.0,10000,2.06,800,3.0,22.5,45.0,0,4.56,23.5,0.2,1.0,66.67,4,1,0.2668,Estabilizado,Operação Normal
2026-08-18T02:17:18.150100,9009-10,877,1,TERM. CACHOEIRINHA,COHAB BRASILÂNDIA,1,23:16,4,15.0,4,20.0,21.27,21.49,0.0,10000,2.06,800,3.0,22.5,45.0,0,4.56,23.5,0.2,1.0,62.5,5,1,0.2564,Estabilizado,Operação Normal
2026-08-18T02:17:18.150100,6200-10,33123,2,TERM. BANDEIRA,TERM. STO. AMARO,1,23:16,3,20.0,3,20.0,21.27,21.49,0.0,10000,2.06,800,3.0,22.5,45.0,0,4.56,23.5,0.2,1.0,66.67,4,1,0.2668,Estabilizado,Operação Normal
2026-08-18T02:17:18.150100,1014-10,35377,2,MORRO DOCE,CPTM PERUS,1,23:16,2,30.0,2,20.0,21.27,21.49,0.0,10000,2.06,800,3.0,22.5,45.0,0,4.56,23.5,0.2,0.667,75.0,3,1,0.3209,Estabilizado,Operação Normal
2026-08-18T02:17:18.150100,4716-10,1106,1,METRÔ STA. CRUZ,METRÔ TAMANDUATEÍ,1,23:16,3,20.0,3,20.0,21.27,21.49,0.0,10000,2.06,800,3.0,22.5,45.0,0,4.56,23.5,0.2,1.0,66.67,4,1,0.2668,Estabilizado,Operação Normal
2026-08-18T02:17:18.150100,N441-11,2374,1,VL. YOLANDA,TERM. CID. TIRADENTES,1,23:16,1,60.0,1,20.0,21.27,21.49,0.0,10000,2.06,800,3.0,22.5,45.0,0,4.56,23.5,0.2,0.333,100.0,2,1,0.4168,Estabilizado,Operação Normal
2026-08-18T02:17:18.150100,6L07-10,34313,2,TERM. VARGINHA,JD. STA. FÉ,1,23:16,2,30.0,2,20.0,21.27,21.49,0.0,10000,2.06,800,3.0,22.5,45.0,0,4.56,23.5,0.2,0.667,75.0,3,1,0.3209,Estabilizado,Operação Normal
2026-08-18T02:17:18.150100,875C-1,35278,2,METRÔ STA. CRUZ,TERM. LAPA,1,23:16,1,60.0,1,20.0,21.27,21.49,0.0,10000,2.06,800,3.0,22.5,45.0,0,4.56,23.5,0.2,0.333,100.0,2,1,0.4168,Estabilizado,Operação Normal
2026-08-18T02:17:18.150100,1703-10,33615,2,SHOP. CENTER NORTE,JD. FONTÁLIS,1,23:16,5,12.0,5,20.0,21.27,21.49,0.0,10000,2.06,800,3.0,22.5,45.0,0,4.56,23.5,0.2,1.0,60.0,6,1,0.2501,Estabilizado,Operação Normal
2026-08-18T02:17:18.150100,6338-10,34061,2,PQ. IBIRAPUERA,JD. MIRIAM,1,23:16,5,12.0,5,20.0,21.27,21.49,0.0,10000,2.06,800,3.0,22.5,45.0,0,4.56,23.5,0.2,1.0,60.0,6,1,0.2501,Estabilizado,Operação Normal
2026-08-18T02:17:18.150100,6358-10,34062,2,TERM. BANDEIRA,JD. LUSO,1,23:16,6,10.0,6,20.0,21.27,21.49,0.0,10000,2.06,800,3.0,22.5,45.0,0,4.56,23.5,0.2,1.0,58.33,7,1,0.246,Estabilizado,Operação Normal
2026-08-18T02:17:18.150100,5100-10,34138,2,TERM. PQ. D. PEDRO II,TERM. PINHEIROS,1,23:16,1,60.0,1,20.0,21.27,21.49,0.0,10000,2.06,800,3.0,22.5,45.0,0,4.56,23.5,0.2,0.333,100.0,2,1,0.4168,Estabilizado,Operação Normal
2026-08-18T02:17:18.150100,6418-10,33539,2,BROOKLIN NOVO,REAL PQ.,1,23:16,2,30.0,2,20.0,21.27,21.49,0.0,10000,2.06,800,3.0,22.5,45.0,0,4.56,23.5,0.2,0.667,75.0,3,1,0.3209,Estabilizado,Operação Normal
2026-08-18T02:17:18.150100,3021-10,33044,2,TERM. VL PRUDENTE,PQ. BANCÁRIO,1,23:16,1,60.0,1,20.0,21.27,21.49,0.0,10000,2.06,800,3.0,22.5,45.0,0,4.56,23.5,0.2,0.333,100.0,2,1,0.4168,Estabilizado,Operação Normal
2026-08-18T02:17:18.150100,4286-10,33094,2,TERM. VL PRUDENTE,VL. INDUSTRIAL,1,23:16,1,60.0,1,20.0,21.27,21.49,0.0,10000,2.06,800,3.0,22.5,45.0,0,4.56,23.5,0.2,0.333,100.0,2,1,0.4168,Estabilizado,Operação Normal
2026-08-18T02:17:18.150100,8028-10,2532,1,METRÔ MORUMBI,PARAISÓPOLIS,1,23:16,1,60.0,1,20.0,21.27,21.49,0.0,10000,2.06,800,3.0,22.5,45.0,0,4.56,23.5,0.2,0.333,100.0,2,1,0.4168,Estabilizado,Operação Normal
2026-08-18T02:17:18.150100,875A-10,609,1,PERDIZES,AEROPORTO,1,23:16,4,15.0,4,20.0,21.27,21.49,0.0,10000,2.06,800,3.0,22.5,45.0,0,4.56,23.5,0.2,1.0,62.5,5,1,0.2564,Estabilizado,Operação Normal
2026-08-18T02:17:18.150100,8194-10,805,1,TERM. CACHOEIRINHA,PERUS,1,23:16,4,15.0,4,20.0,21.27,21.49,0.0,10000,2.06,800,3.0,22.5,45.0,0,4.56,23.5,0.2,1.0,62.5,5,1,0.2564,Estabilizado,Operação Normal
2026-08-18T02:17:18.150100,8622-10,33206,2,PÇA. RAMOS DE AZEVEDO,MORRO DOCE,1,23:16,8,7.5,8,20.0,21.27,21.49,0.0,10000,2.06,800,3.0,22.5,45.0,0,4.56,23.5,0.2,1.0,62.5,10,2,0.2564,Estabilizado,Operação Normal
2026-08-18T02:17:18.150100,5614-10,1515,1,PÇA. JOÃO MENDES,ELDORADO,1,23:16,4,15.0,4,20.0,21.27,21.49,0.0,10000,2.06,800,3.0,22.5,45.0,0,4.56,23.5,0.2,1.0,62.5,5,1,0.2564,Estabilizado,Operação Normal
2026-08-18T02:17:18.150100,8008-10,1258,1,TERM. PIRITUBA,HAB. TURÍSTICA,1,23:16,1,60.0,1,20.0,21.27,21.49,0.0,10000,2.06,800,3.0,22.5,45.0,0,4.56,23.5,0.2,0.333,100.0,2,1,0.4168,Estabilizado,Operação Normal
2026-08-18T02:17:18.150100,7063-10,34667,2,TERM. CAMPO LIMPO,JD. MACEDÔNIA,1,23:16,1,60.0,1,20.0,21.27,21.49,0.0,10000,2.06,800,3.0,22.5,45.0,0,4.56,23.5,0.2,0.333,100.0,2,1,0.4168,Estabilizado,Operação Normal
2026-08-18T02:17:18.150100,2722-31,936,1,JD. VERÔNIA,METRÔ GUILHERMINA/ESPERANÇA,1,23:16,1,60.0,1,20.0,21.27,21.49,0.0,10000,2.06,800,3.0,22.5,45.0,0,4.56,23.5,0.2,0.333,100.0,2,1,0.4168,Estabilizado,Operação Normal
2026-08-18T02:17:18.150100,1760-10,33325,2,SHOP. CENTER NORTE,COHAB ANTÁRTICA,1,23:16,3,20.0,3,20.0,21.27,21.49,0.0,10000,2.06,800,3.0,22.5,45.0,0,4.56,23.5,0.2,1.0,66.67,4,1,0.2668,Estabilizado,Operação Normal
2026-08-18T02:17:18.150100,3099-10,33847,2,JD. DA CONQUISTA,HOSP. SÃO MATEUS,1,23:16,5,12.0,5,20.0,21.27,21.49,0.0,10000,2.06,800,3.0,22.5,45.0,0,4.56,23.5,0.2,1.0,60.0,6,1,0.2501,Estabilizado,Operação Normal
2026-08-18T02:17:18.150100,675K-10,32966,2,METRÔ STA. CRUZ,TERM. JD. ÂNGELA,1,23:16,5,12.0,5,20.0,21.27,21.49,0.0,10000,2.06,800,3.0,22.5,45.0,0,4.56,23.5,0.2,1.0,60.0,6,1,0.2501,Estabilizado,Operação Normal
2026-08-18T02:17:18.150100,6063-10,33920,2,TERM. EST. VARGINHA,JD. VARGINHA,1,23:16,3,20.0,3,20.0,21.27,21.49,0.0,10000,2.06,800,3.0,22.5,45.0,0,4.56,23.5,0.2,1.0,66.67,4,1,0.2668,Estabilizado,Operação Normal
2026-08-18T02:17:18.150100,6037-10,1215,1,TERM. CAPELINHA,JD. MITSUTANI,1,23:16,1,60.0,1,20.0,21.27,21.49,0.0,10000,2.06,800,3.0,22.5,45.0,0,4.56,23.5,0.2,0.333,100.0,2,1,0.4168,Estabilizado,Operação Normal
2026-08-18T02:17:18.150100,978A-10,34137,2,METRÔ BARRA FUNDA,TERM. CACHOEIRINHA,1,23:16,1,60.0,1,20.0,21.27,21.49,0.0,10000,2.06,800,3.0,22.5,45.0,0,4.56,23.5,0.2,0.333,100.0,2,1,0.4168,Estabilizado,Operação Normal
2026-08-18T02:17:18.150100,7057-10,34665,2,TERM. CAMPO LIMPO,JD. MITSUTANI,1,23:16,2,30.0,2,20.0,21.27,21.49,0.0,10000,2.06,800,3.0,22.5,45.0,0,4.56,23.5,0.2,0.667,75.0,3,1,0.3209,Estabilizado,Operação Normal
2026-08-18T02:17:18.150100,3206-10,34880,2,CONJ. CHAPARRAL,METRÔ PENHA,1,23:16,1,60.0,1,20.0,21.27,21.49,0.0,10000,2.06,800,3.0,22.5,45.0,0,4.56,23.5,0.2,0.333,100.0,2,1,0.4168,Estabilizado,Operação Normal
2026-08-18T02:17:18.150100,573H-10,1630,1,METRÔ BRESSER,HOSP. SAPOPEMBA,1,23:16,4,15.0,4,20.0,21.27,21.49,0.0,10000,2.06,800,3.0,22.5,45.0,0,4.56,23.5,0.2,1.0,62.5,5,1,0.2564,Estabilizado,Operação Normal
2026-08-18T02:17:18.150100,3721-10,33787,2,SHOP. ARICANDUVA,METRÔ ARTUR ALVIM,1,23:16,3,20.0,3,20.0,21.27,21.49,0.0,10000,2.06,800,3.0,22.5,45.0,0,4.56,23.5,0.2,1.0,66.67,4,1,0.2668,Estabilizado,Operação Normal
2026-08-18T02:17:18.150100,172Y-10,33630,2,METRÔ BELÉM,VL. CONSTANÇA,1,23:16,3,20.0,3,20.0,21.27,21.49,0.0,10000,2.06,800,3.0,22.5,45.0,0,4.56,23.5,0.2,1.0,66.67,4,1,0.2668,Estabilizado,Operação Normal
2026-08-18T02:17:18.150100,3013-10,33722,2,METALÚRGICOS,TERM. CID. TIRADENTES,1,23:16,1,60.0,1,20.0,21.27,21.49,0.0,10000,2.06,800,3.0,22.5,45.0,0,4.56,23.5,0.2,0.333,100.0,2,1,0.4168,Estabilizado,Operação Normal
2026-08-18T02:17:18.150100,6825-10,14,1,TERM. CAPELINHA,VALO VELHO,1,23:16,2,30.0,2,20.0,21.27,21.49,0.0,10000,2.06,800,3.0,22.5,45.0,0,4.56,23.5,0.2,0.667,75.0,3,1,0.3209,Estabilizado,Operação Normal
2026-08-18T02:17:18.150100,2710-10,924,1,BURGO PAULISTA,METRÔ PATRIARCA,1,23:16,2,30.0,2,20.0,21.27,21.49,0.0,10000,2.06,800,3.0,22.5,45.0,0,4.56,23.5,0.2,0.667,75.0,3,1,0.3209,Estabilizado,Operação Normal
2026-08-18T02:17:18.150100,9789-10,829,1,METRÔ BARRA FUNDA,JD. PAULISTANO,1,23:16,3,20.0,3,20.0,21.27,21.49,0.0,10000,2.06,800,3.0,22.5,45.0,0,4.56,23.5,0.2,1.0,66.67,4,1,0.2668,Estabilizado,Operação Normal
2026-08-18T02:17:18.150100,311C-10,33077,2,BOM RETIRO,PQ. SÃO LUCAS,1,23:16,3,20.0,3,20.0,21.27,21.49,0.0,10000,2.06,800,3.0,22.5,45.0,0,4.56,23.5,0.2,1.0,66.67,4,1,0.2668,Estabilizado,Operação Normal
2026-08-18T02:17:18.150100,6016-10,32852,2,TERM. GRAJAÚ,JD. NORONHA,1,23:16,2,30.0,2,20.0,21.27,21.49,0.0,10000,2.06,800,3.0,22.5,45.0,0,4.56,23.5,0.2,0.667,75.0,3,1,0.3209,Estabilizado,Operação Normal
2026-08-18T02:17:18.150100,574W-10,34397,2,METRÔ BELÉM,JD. WALKIRIA,1,23:16,7,8.6,7,20.0,21.27,21.49,0.0,10000,2.06,800,3.0,22.5,45.0,0,4.56,23.5,0.2,1.0,57.14,8,1,0.243,Estabilizado,Operação Normal
2026-08-18T02:17:18.150100,6072-23,2004,1,BALN. SÃO JOSÉ,TERM. VARGINHA,1,23:16,3,20.0,3,20.0,21.27,21.49,0.0,10000,2.06,800,3.0,22.5,45.0,0,4.56,23.5,0.2,1.0,66.67,4,1,0.2668,Estabilizado,Operação Normal
2026-08-18T02:17:18.150100,2004-10,33660,2,CPTM GUAIANASES,JD. NSA. SRA. DO CAMINHO,1,23:16,2,30.0,2,20.0,21.27,21.49,0.0,10000,2.06,800,3.0,22.5,45.0,0,4.56,23.5,0.2,0.667,75.0,3,1,0.3209,Estabilizado,Operação Normal
2026-08-18T02:17:18.150100,6455-10,32831,2,LGO. SÃO FRANCISCO,TERM. CAPELINHA,1,23:16,3,20.0,3,20.0,21.27,21.49,0.0,10000,2.06,800,3.0,22.5,45.0,0,4.56,23.5,0.2,1.0,66.67,4,1,0.2668,Estabilizado,Operação Normal
2026-08-18T02:17:18.150100,4115-10,322,1,PÇA. DA REPÚBLICA,SHOP. PLAZA SUL,1,23:16,2,30.0,2,20.0,21.27,21.49,0.0,10000,2.06,800,3.0,22.5,45.0,0,4.56,23.5,0.2,0.667,75.0,3,1,0.3209,Estabilizado,Operação Normal
2026-08-18T02:17:18.150100,8542-21,1361,1,TERM. LAPA,BRASILÂNDIA,1,23:16,3,20.0,3,20.0,21.27,21.49,0.0,10000,2.06,800,3.0,22.5,45.0,0,4.56,23.5,0.2,1.0,66.67,4,1,0.2668,Estabilizado,Operação Normal
2026-08-18T02:17:18.150100,N204-11,35082,2,TERM. PQ. D. PEDRO II,METRÔ TUCURUVI,1,23:16,2,30.0,2,20.0,21.27,21.49,0.0,10000,2.06,800,3.0,22.5,45.0,0,4.56,23.5,0.2,0.667,75.0,3,1,0.3209,Estabilizado,Operação Normal
2026-08-18T02:17:18.150100,2012-10,35049,2,SHOP.D,VL. MEDEIROS,1,23:16,2,30.0,2,20.0,21.27,21.49,0.0,10000,2.06,800,3.0,22.5,45.0,0,4.56,23.5,0.2,0.667,75.0,3,1,0.3209,Estabilizado,Operação Normal
2026-08-18T02:17:18.150100,2088-10,33140,2,TERM. A. E. CARVALHO,CONJ. ENCOSTA NORTE,1,23:16,3,20.0,3,20.0,21.27,21.49,0.0,10000,2.06,800,3.0,22.5,45.0,0,4.56,23.5,0.2,1.0,66.67,4,1,0.2668,Estabilizado,Operação Normal
2026-08-18T02:17:18.150100,407Y-10,34974,2,METRÔ VL. PRUDENTE,PQ. SAVOY CITY,1,23:16,3,20.0,3,20.0,21.27,21.49,0.0,10000,2.06,800,3.0,22.5,45.0,0,4.56,23.5,0.2,1.0,66.67,4,1,0.2668,Estabilizado,Operação Normal
2026-08-18T02:17:18.150100,5108-21,1927,1,METRÔ ALTO DO IPIRANGA,JD. CELESTE,1,23:16,1,60.0,1,20.0,21.27,21.49,0.0,10000,2.06,800,3.0,22.5,45.0,0,4.56,23.5,0.2,0.333,100.0,2,1,0.4168,Estabilizado,Operação Normal
2026-08-18T02:17:18.150100,971D-10,33477,2,SHOP. CENTER NORTE,JD. DAMASCENO,1,23:16,8,7.5,8,20.0,21.27,21.49,0.0,10000,2.06,800,3.0,22.5,45.0,0,4.56,23.5,0.2,1.0,62.5,10,2,0.2564,Estabilizado,Operação Normal
2026-08-18T02:17:18.150100,1765-10,34550,2,METRÔ TUCURUVI,JD. CABUÇU,1,23:16,2,30.0,2,20.0,21.27,21.49,0.0,10000,2.06,800,3.0,22.5,45.0,0,4.56,23.5,0.2,0.667,75.0,3,1,0.3209,Estabilizado,Operação Normal
2026-08-18T02:17:18.150100,N604-11,2395,1,TERM. PQ. D. PEDRO II,METRÔ JABAQUARA,1,23:16,1,60.0,1,20.0,21.27,21.49,0.0,10000,2.06,800,3.0,22.5,45.0,0,4.56,23.5,0.2,0.333,100.0,2,1,0.4168,Estabilizado,Operação Normal
2026-08-18T02:17:18.150100,9500-10,461,1,PÇA. DO CORREIO,TERM. CACHOEIRINHA,1,23:16,4,15.0,4,20.0,21.27,21.49,0.0,10000,2.06,800,3.0,22.5,45.0,0,4.56,23.5,0.2,1.0,62.5,5,1,0.2564,Estabilizado,Operação Normal
2026-08-18T02:17:18.150100,263C-10,252,1,COHAB II,JD. HELENA,1,23:16,3,20.0,3,20.0,21.27,21.49,0.0,10000,2.06,800,3.0,22.5,45.0,0,4.56,23.5,0.2,1.0,66.67,4,1,0.2668,Estabilizado,Operação Normal
2026-08-18T02:17:18.150100,3741-10,33809,2,METRÔ ITAQUERA,CPTM D. BOSCO,1,23:16,4,15.0,4,20.0,21.27,21.49,0.0,10000,2.06,800,3.0,22.5,45.0,0,4.56,23.5,0.2,1.0,62.5,5,1,0.2564,Estabilizado,Operação Normal
2026-08-18T02:17:18.150100,971C-10,571,1,METRÔ SANTANA,COHAB BRASILÂNDIA,1,23:16,6,10.0,6,20.0,21.27,21.49,0.0,10000,2.06,800,3.0,22.5,45.0,0,4.56,23.5,0.2,1.0,58.33,7,1,0.246,Estabilizado,Operação Normal
2026-08-18T02:17:18.150100,5129-41,1974,1,STO. AMARO,JD. MIRIAM,1,23:16,2,30.0,2,20.0,21.27,21.49,0.0,10000,2.06,800,3.0,22.5,45.0,0,4.56,23.5,0.2,0.667,75.0,3,1,0.3209,Estabilizado,Operação Normal
2026-08-18T02:17:18.150100,6052-10,1144,1,TERM. EST. VARGINHA,JD. SETE DE SETEMBRO,1,23:16,3,20.0,3,20.0,21.27,21.49,0.0,10000,2.06,800,3.0,22.5,45.0,0,4.56,23.5,0.2,1.0,66.67,4,1,0.2668,Estabilizado,Operação Normal
2026-08-18T02:17:18.150100,7004-22,2633,1,JD ÂNGELA,VL DO SOL,1,23:16,2,30.0,2,20.0,21.27,21.49,0.0,10000,2.06,800,3.0,22.5,45.0,0,4.56,23.5,0.2,0.667,75.0,3,1,0.3209,Estabilizado,Operação Normal
2026-08-18T02:17:18.150100,573T-10,34400,2,METRÔ CARRÃO,TERM. SAPOPEMBA,1,23:16,5,12.0,5,20.0,21.27,21.49,0.0,10000,2.06,800,3.0,22.5,45.0,0,4.56,23.5,0.2,1.0,60.0,6,1,0.2501,Estabilizado,Operação Normal
2026-08-18T02:17:18.150100,527R-10,33039,2,TERM. STO. AMARO,VL. IMPÉRIO,1,23:16,1,60.0,1,20.0,21.27,21.49,0.0,10000,2.06,800,3.0,22.5,45.0,0,4.56,23.5,0.2,0.333,100.0,2,1,0.4168,Estabilizado,Operação Normal
2026-08-18T02:17:18.150100,546A-10,1131,1,STO. AMARO,JD. APURÁ,1,23:16,2,30.0,2,20.0,21.27,21.49,0.0,10000,2.06,800,3.0,22.5,45.0,0,4.56,23.5,0.2,0.667,75.0,3,1,0.3209,Estabilizado,Operação Normal
2026-08-18T02:17:18.150100,6015-10,1205,1,JD. ÂNGELA,VL. CALÚ,1,23:16,4,15.0,4,20.0,21.27,21.49,0.0,10000,2.06,800,3.0,22.5,45.0,0,4.56,23.5,0.2,1.0,62.5,5,1,0.2564,Estabilizado,Operação Normal
2026-08-18T02:17:18.150100,8030-10,35330,2,TERM. VL. SÔNIA,PARAISÓPOLIS,1,23:16,2,30.0,2,20.0,21.27,21.49,0.0,10000,2.06,800,3.0,22.5,45.0,0,4.56,23.5,0.2,0.667,75.0,3,1,0.3209,Estabilizado,Operação Normal
2026-08-18T02:17:18.150100,675M-10,108,1,METRÔ JABAQUARA,CENTRO SESC,1,23:16,3,20.0,3,20.0,21.27,21.49,0.0,10000,2.06,800,3.0,22.5,45.0,0,4.56,23.5,0.2,1.0,66.67,4,1,0.2668,Estabilizado,Operação Normal
2026-08-18T02:17:18.150100,7059-10,34692,2,TERM. CAMPO LIMPO,PQ. DO ENGENHO,1,23:16,1,60.0,1,20.0,21.27,21.49,0.0,10000,2.06,800,3.0,22.5,45.0,0,4.56,23.5,0.2,0.333,100.0,2,1,0.4168,Estabilizado,Operação Normal
2026-08-18T02:17:18.150100,809L-10,34717,2,LAPA,CAMPO LIMPO,1,23:16,3,20.0,3,20.0,21.27,21.49,0.0,10000,2.06,800,3.0,22.5,45.0,0,4.56,23.5,0.2,1.0,66.67,4,1,0.2668,Estabilizado,Operação Normal
2026-08-18T02:17:18.150100,4033-10,33871,2,NOVA CONQUISTA,JD. GUAIRACÁ,1,23:16,5,12.0,5,20.0,21.27,21.49,0.0,10000,2.06,800,3.0,22.5,45.0,0,4.56,23.5,0.2,1.0,60.0,6,1,0.2501,Estabilizado,Operação Normal
2026-08-18T02:17:18.150100,695D-10,114,1,METRÔ JABAQUARA,JD. STA. BARBARA,1,23:16,3,20.0,3,20.0,21.27,21.49,0.0,10000,2.06,800,3.0,22.5,45.0,0,4.56,23.5,0.2,1.0,66.67,4,1,0.2668,Estabilizado,Operação Normal
2026-08-18T02:17:18.150100,172X-10,861,1,METRÔ TATUAPÉ,PQ. NOVO MUNDO,1,23:16,2,30.0,2,20.0,21.27,21.49,0.0,10000,2.06,800,3.0,22.5,45.0,0,4.56,23.5,0.2,0.667,75.0,3,1,0.3209,Estabilizado,Operação Normal
2026-08-18T02:17:18.150100,9011-10,878,1,TERM. CACHOEIRINHA,CPTM JARAGUÁ,1,23:16,10,6.0,11,20.0,21.27,21.49,0.0,10000,2.06,800,3.0,22.5,45.0,0,4.56,23.5,0.2,1.0,65.0,13,3,0.2626,Estabilizado,Operação Normal
2026-08-18T02:17:18.150100,6022-10,1207,1,JD. ÂNGELA,PQ. CEREJEIRA,1,23:16,2,30.0,2,20.0,21.27,21.49,0.0,10000,2.06,800,3.0,22.5,45.0,0,4.56,23.5,0.2,0.667,75.0,3,1,0.3209,Estabilizado,Operação Normal
2026-08-18T02:17:18.150100,8002-10,1252,1,TERM. LAPA,TERM. PIRITUBA,1,23:16,3,20.0,3,20.0,21.27,21.49,0.0,10000,2.06,800,3.0,22.5,45.0,0,4.56,23.5,0.2,1.0,66.67,4,1,0.2668,Estabilizado,Operação Normal
2026-08-18T02:17:18.150100,702U-10,34098,2,TERM. PQ. D. PEDRO II,CID. UNIVERSITÁRIA,1,23:16,4,15.0,4,20.0,21.27,21.49,0.0,10000,2.06,800,3.0,22.5,45.0,0,4.56,23.5,0.2,1.0,62.5,5,1,0.2564,Estabilizado,Operação Normal
2026-08-18T02:17:18.150100,971T-10,618,1,METRÔ SANTANA,VL. STA. MARIA,1,23:16,3,20.0,3,20.0,21.27,21.49,0.0,10000,2.06,800,3.0,22.5,45.0,0,4.56,23.5,0.2,1.0,66.67,4,1,0.2668,Estabilizado,Operação Normal
2026-08-18T02:17:18.150100,3064-10,980,1,CPTM GUAIANASES,CID. TIRADENTES,1,23:16,5,12.0,5,20.0,21.27,21.49,0.0,10000,2.06,800,3.0,22.5,45.0,0,4.56,23.5,0.2,1.0,60.0,6,1,0.2501,Estabilizado,Operação Normal
2026-08-18T02:17:18.150100,5105-10,34419,2,TERM. MERCADO,TERM. SACOMÃ,1,23:16,3,20.0,3,20.0,21.27,21.49,0.0,10000,2.06,800,3.0,22.5,45.0,0,4.56,23.5,0.2,1.0,66.67,4,1,0.2668,Estabilizado,Operação Normal
2026-08-18T02:17:18.150100,3046-10,971,1,METRÔ TATUAPÉ,VL. GUARANI,1,23:16,6,10.0,6,20.0,21.27,21.49,0.0,10000,2.06,800,3.0,22.5,45.0,0,4.56,23.5,0.2,1.0,58.33,7,1,0.246,Estabilizado,Operação Normal
2026-08-18T02:17:18.150100,2026-10,35037,2,PQ. NOVO MUNDO,JAÇANÃ,1,23:16,1,60.0,1,20.0,21.27,21.49,0.0,10000,2.06,800,3.0,22.5,45.0,0,4.56,23.5,0.2,0.333,100.0,2,1,0.4168,Estabilizado,Operação Normal
2026-08-18T02:17:18.150100,695D-10,32882,2,METRÔ JABAQUARA,JD. STA. BARBARA,1,23:16,6,10.0,6,20.0,21.27,21.49,0.0,10000,2.06,800,3.0,22.5,45.0,0,4.56,23.5,0.2,1.0,58.33,7,1,0.246,Estabilizado,Operação Normal
2026-08-18T02:17:18.150100,3734-10,33802,2,METRÔ ARTUR ALVIM,CID. LIDER,1,23:16,4,15.0,4,20.0,21.27,21.49,0.0,10000,2.06,800,3.0,22.5,45.0,0,4.56,23.5,0.2,1.0,62.5,5,1,0.2564,Estabilizado,Operação Normal
2026-08-18T02:17:18.150100,917H-10,33224,2,METRÔ VL. MARIANA,TERM. PIRITUBA,1,23:16,8,7.5,8,20.0,21.27,21.49,0.0,10000,2.06,800,3.0,22.5,45.0,0,4.56,23.5,0.2,1.0,62.5,10,2,0.2564,Estabilizado,Operação Normal
2026-08-18T02:17:18.150100,7006-10,34763,2,JD. ÂNGELA,JD. HORIZONTE AZUL,1,23:16,3,20.0,3,20.0,21.27,21.49,0.0,10000,2.06,800,3.0,22.5,45.0,0,4.56,23.5,0.2,1.0,66.67,4,1,0.2668,Estabilizado,Operação Normal
2026-08-18T02:17:18.150100,1743-10,33311,2,SHOP. D,JD. PERY ALTO,1,23:16,2,30.0,2,20.0,21.27,21.49,0.0,10000,2.06,800,3.0,22.5,45.0,0,4.56,23.5,0.2,0.667,75.0,3,1,0.3209,Estabilizado,Operação Normal
2026-08-18T02:17:18.150100,477P-10,33116,2,RIO PEQUENO,IPIRANGA,1,23:16,6,10.0,6,20.0,21.27,21.49,0.0,10000,2.06,800,3.0,22.5,45.0,0,4.56,23.5,0.2,1.0,58.33,7,1,0.246,Estabilizado,Operação Normal
2026-08-18T02:17:18.150100,7005-51,34767,2,METRÔ CAPÃO REDONDO ,JD. VERA CRUZ,1,23:16,3,20.0,3,20.0,21.27,21.49,0.0,10000,2.06,800,3.0,22.5,45.0,0,4.56,23.5,0.2,1.0,66.67,4,1,0.2668,Estabilizado,Operação Normal
2026-08-18T02:17:18.150100,6047-10,33992,2,STO. AMARO,JD. LÍDIA,1,23:16,1,60.0,1,20.0,21.27,21.49,0.0,10000,2.06,800,3.0,22.5,45.0,0,4.56,23.5,0.2,0.333,100.0,2,1,0.4168,Estabilizado,Operação Normal
2026-08-18T02:17:18.150100,4014-10,34955,2,TERM. VL. CARRÃO,JD. VL. CARRÃO,1,23:16,3,20.0,3,20.0,21.27,21.49,0.0,10000,2.06,800,3.0,22.5,45.0,0,4.56,23.5,0.2,1.0,66.67,4,1,0.2668,Estabilizado,Operação Normal
2026-08-18T02:17:18.150100,6030-10,33910,2,TERM. STO. AMARO,UNISA-CAMPUS 1,1,23:16,3,20.0,3,20.0,21.27,21.49,0.0,10000,2.06,800,3.0,22.5,45.0,0,4.56,23.5,0.2,1.0,66.67,4,1,0.2668,Estabilizado,Operação Normal
2026-08-18T02:17:18.150100,6057-10,33916,2,TERM. GRAJAÚ,VL. NATAL,1,23:16,3,20.0,3,20.0,21.27,21.49,0.0,10000,2.06,800,3.0,22.5,45.0,0,4.56,23.5,0.2,1.0,66.67,4,1,0.2668,Estabilizado,Operação Normal
2026-08-18T02:17:18.150100,709P-10,34761,2,TERM. PINHEIROS,EST. STO. AMARO/GUIDO CALOI,1,23:16,3,20.0,3,20.0,21.27,21.49,0.0,10000,2.06,800,3.0,22.5,45.0,0,4.56,23.5,0.2,1.0,66.67,4,1,0.2668,Estabilizado,Operação Normal
2026-08-18T02:17:18.150100,408A-10,766,1,CARDOSO DE ALMEIDA,MACHADO DE ASSIS,1,23:16,2,30.0,2,20.0,21.27,21.49,0.0,10000,2.06,800,3.0,22.5,45.0,0,4.56,23.5,0.2,0.667,75.0,3,1,0.3209,Estabilizado,Operação Normal
2026-08-18T02:17:18.150100,139A-10,35219,2,LAPA,VL. IÓRIO,1,23:16,1,60.0,1,20.0,21.27,21.49,0.0,10000,2.06,800,3.0,22.5,45.0,0,4.56,23.5,0.2,0.333,100.0,2,1,0.4168,Estabilizado,Operação Normal
2026-08-18T02:17:18.150100,2720-10,933,1,METRÔ GUILHERMINA/ESPERANÇA,JD. BELÉM,1,23:16,1,60.0,1,20.0,21.27,21.49,0.0,10000,2.06,800,3.0,22.5,45.0,0,4.56,23.5,0.2,0.333,100.0,2,1,0.4168,Estabilizado,Operação Normal
2026-08-18T02:17:18.150100,502J-10,1275,1,METRÔ STA. CRUZ,EST. AUTÓDROMO,1,23:16,5,12.0,5,20.0,21.27,21.49,0.0,10000,2.06,800,3.0,22.5,45.0,0,4.56,23.5,0.2,1.0,60.0,6,1,0.2501,Estabilizado,Operação Normal
2026-08-18T02:17:18.150100,4015-10,34956,2,TERM. SÃO MATEUS,PQ. SÃO RAFAEL,1,23:16,2,30.0,2,20.0,21.27,21.49,0.0,10000,2.06,800,3.0,22.5,45.0,0,4.56,23.5,0.2,0.667,75.0,3,1,0.3209,Estabilizado,Operação Normal
2026-08-18T02:17:18.150100,702C-10,33253,2,METRÔ BELÉM,JD. BONFIGLIOLI,1,23:16,4,15.0,4,20.0,21.27,21.49,0.0,10000,2.06,800,3.0,22.5,45.0,0,4.56,23.5,0.2,1.0,62.5,5,1,0.2564,Estabilizado,Operação Normal
2026-08-18T02:17:18.150100,938L-10,34136,2,LAPA,TERM. CACHOEIRINHA,1,23:16,1,60.0,1,20.0,21.27,21.49,0.0,10000,2.06,800,3.0,22.5,45.0,0,4.56,23.5,0.2,0.333,100.0,2,1,0.4168,Estabilizado,Operação Normal
2026-08-18T02:17:18.150100,6110-10,33952,2,AEROPORTO,CONJ. HAB. PALMARES,1,23:16,4,15.0,4,20.0,21.27,21.49,0.0,10000,2.06,800,3.0,22.5,45.0,0,4.56,23.5,0.2,1.0,62.5,5,1,0.2564,Estabilizado,Operação Normal
2026-08-18T02:17:18.150100,9032-10,33648,2,TERM. CACHOEIRINHA,JD. DAMASCENO,1,23:16,2,30.0,2,20.0,21.27,21.49,0.0,10000,2.06,800,3.0,22.5,45.0,0,4.56,23.5,0.2,0.667,75.0,3,1,0.3209,Estabilizado,Operação Normal
2026-08-18T02:17:18.150100,9014-10,1425,1,TERM. LAPA,MORRO GRANDE,1,23:16,2,30.0,2,20.0,21.27,21.49,0.0,10000,2.06,800,3.0,22.5,45.0,0,4.56,23.5,0.2,0.667,75.0,3,1,0.3209,Estabilizado,Operação Normal
2026-08-18T02:17:18.150100,8600-10,34200,2,LGO. DO PAISSANDÚ,TERM. PIRITUBA,1,23:16,1,60.0,1,20.0,21.27,21.49,0.0,10000,2.06,800,3.0,22.5,45.0,0,4.56,23.5,0.2,0.333,100.0,2,1,0.4168,Estabilizado,Operação Normal
2026-08-18T02:17:18.150100,3029-10,966,1,METRÔ TATUAPÉ,JD. DAS ROSAS,1,23:16,3,20.0,3,20.0,21.27,21.49,0.0,10000,2.06,800,3.0,22.5,45.0,0,4.56,23.5,0.2,1.0,66.67,4,1,0.2668,Estabilizado,Operação Normal
2026-08-18T02:17:18.150100,6059-10,1226,1,STO. AMARO,JD. UNIVERSAL,1,23:16,2,30.0,2,20.0,21.27,21.49,0.0,10000,2.06,800,3.0,22.5,45.0,0,4.56,23.5,0.2,0.667,75.0,3,1,0.3209,Estabilizado,Operação Normal
2026-08-18T02:17:18.150100,9701-10,569,1,METRÔ BARRA FUNDA,CEM. CACHOEIRINHA,1,23:16,2,30.0,2,20.0,21.27,21.49,0.0,10000,2.06,800,3.0,22.5,45.0,0,4.56,23.5,0.2,0.667,75.0,3,1,0.3209,Estabilizado,Operação Normal
2026-08-18T02:17:18.150100,2059-10,260,1,CPTM GUAIANASES,SÃO MIGUEL,1,23:16,5,12.0,5,20.0,21.27,21.49,0.0,10000,2.06,800,3.0,22.5,45.0,0,4.56,23.5,0.2,1.0,60.0,6,1,0.2501,Estabilizado,Operação Normal
2026-08-18T02:17:18.150100,6813-10,32801,2,TERM. CAPELINHA,JD. LÍDIA,1,23:16,1,60.0,1,20.0,21.27,21.49,0.0,10000,2.06,800,3.0,22.5,45.0,0,4.56,23.5,0.2,0.333,100.0,2,1,0.4168,Estabilizado,Operação Normal
2026-08-18T02:17:18.150100,3762-10,33821,2,METRÔ TATUAPÉ,JD. IVA,1,23:16,4,15.0,4,20.0,21.27,21.49,0.0,10000,2.06,800,3.0,22.5,45.0,0,4.56,23.5,0.2,1.0,62.5,5,1,0.2564,Estabilizado,Operação Normal
2026-08-18T02:17:18.150100,128Y-10,843,1,LAPA,JD. PERY ALTO,1,23:16,2,30.0,2,20.0,21.27,21.49,0.0,10000,2.06,800,3.0,22.5,45.0,0,4.56,23.5,0.2,0.667,75.0,3,1,0.3209,Estabilizado,Operação Normal
2026-08-18T02:17:18.150100,8700-1,35276,2,PÇA. RAMOS DE AZEVEDO,TERM. CAMPO LIMPO,1,23:16,1,60.0,1,20.0,21.27,21.49,0.0,10000,2.06,800,3.0,22.5,45.0,0,4.56,23.5,0.2,0.333,100.0,2,1,0.4168,Estabilizado,Operação Normal
2026-08-18T02:17:18.150100,3903-10,1471,1,PENHA,JD. VL. NOVA,1,23:16,1,60.0,1,20.0,21.27,21.49,0.0,10000,2.06,800,3.0,22.5,45.0,0,4.56,23.5,0.2,0.333,100.0,2,1,0.4168,Estabilizado,Operação Normal
2026-08-18T02:17:18.150100,574A-10,33370,2,LGO. CAMBUCI,AMERICANÓPOLIS,1,23:16,2,30.0,2,20.0,21.27,21.49,0.0,10000,2.06,800,3.0,22.5,45.0,0,4.56,23.5,0.2,0.667,75.0,3,1,0.3209,Estabilizado,Operação Normal
2026-08-18T02:17:18.150100,7181-10,1332,1,TERM. PRINC. ISABEL,CID. UNIVERSITÁRIA,1,23:16,1,60.0,1,20.0,21.27,21.49,0.0,10000,2.06,800,3.0,22.5,45.0,0,4.56,23.5,0.2,0.333,100.0,2,1,0.4168,Estabilizado,Operação Normal
2026-08-18T02:17:18.150100,3139-10,33763,2,PÇA. JOÃO MENDES,JD. VL. FORMOSA,1,23:16,2,30.0,2,20.0,21.27,21.49,0.0,10000,2.06,800,3.0,22.5,45.0,0,4.56,23.5,0.2,0.667,75.0,3,1,0.3209,Estabilizado,Operação Normal
2026-08-18T02:17:18.150100,1787-10,33418,2,METRÔ SANTANA,VL. MARIETA,1,23:16,3,20.0,3,20.0,21.27,21.49,0.0,10000,2.06,800,3.0,22.5,45.0,0,4.56,23.5,0.2,1.0,66.67,4,1,0.2668,Estabilizado,Operação Normal
2026-08-18T02:17:18.150100,6063-41,1773,1,TERM. EST. VARGINHA,JD. NOVO MARILDA,1,23:16,7,8.6,7,20.0,21.27,21.49,0.0,10000,2.06,800,3.0,22.5,45.0,0,4.56,23.5,0.2,1.0,57.14,8,1,0.243,Estabilizado,Operação Normal
2026-08-18T02:17:18.150100,5129-10,1281,1,TERM. GUARAPIRANGA,JD. MIRIAM,1,23:16,3,20.0,3,20.0,21.27,21.49,0.0,10000,2.06,800,3.0,22.5,45.0,0,4.56,23.5,0.2,1.0,66.67,4,1,0.2668,Estabilizado,Operação Normal
2026-08-18T02:17:18.150100,6826-10,32784,2,TERM. CAPELINHA,JD. D. JOSÉ,1,23:16,3,20.0,3,20.0,21.27,21.49,0.0,10000,2.06,800,3.0,22.5,45.0,0,4.56,23.5,0.2,1.0,66.67,4,1,0.2668,Estabilizado,Operação Normal
2026-08-18T02:17:18.150100,1786-10,649,1,METRÔ SANTANA,VL. ALBERTINA,1,23:16,3,20.0,3,20.0,21.27,21.49,0.0,10000,2.06,800,3.0,22.5,45.0,0,4.56,23.5,0.2,1.0,66.67,4,1,0.2668,Estabilizado,Operação Normal
2026-08-18T02:17:18.150100,2770-10,243,1,METRÔ VL. MATILDE,CPTM JOSÉ BONIFÁCIO,1,23:16,4,15.0,4,20.0,21.27,21.49,0.0,10000,2.06,800,3.0,22.5,45.0,0,4.56,23.5,0.2,1.0,62.5,5,1,0.2564,Estabilizado,Operação Normal
2026-08-18T02:17:18.150100,6069-10,33922,2,TERM. STO. AMARO,JD. SÃO BERNARDO,1,23:16,2,30.0,2,20.0,21.27,21.49,0.0,10000,2.06,800,3.0,22.5,45.0,0,4.56,23.5,0.2,0.667,75.0,3,1,0.3209,Estabilizado,Operação Normal
2026-08-18T02:17:18.150100,6039-10,33985,2,STO. AMARO,VALO VELHO,1,23:16,3,20.0,3,20.0,21.27,21.49,0.0,10000,2.06,800,3.0,22.5,45.0,0,4.56,23.5,0.2,1.0,66.67,4,1,0.2668,Estabilizado,Operação Normal
2026-08-18T02:17:18.150100,1709-10,851,1,METRÔ TUCURUVI,JD. JOANA D'ARC,1,23:16,2,30.0,2,20.0,21.27,21.49,0.0,10000,2.06,800,3.0,22.5,45.0,0,4.56,23.5,0.2,0.667,75.0,3,1,0.3209,Estabilizado,Operação Normal
2026-08-18T02:17:18.150100,372U-10,1016,1,METRÔ TATUAPÉ,VL. STA. ISABEL,1,23:16,5,12.0,5,20.0,21.27,21.49,0.0,10000,2.06,800,3.0,22.5,45.0,0,4.56,23.5,0.2,1.0,60.0,6,1,0.2501,Estabilizado,Operação Normal
2026-08-18T02:17:18.150100,4288-10,33058,2,TERM. PQ. D. PEDRO II,PQ. STA. MADALENA,1,23:16,2,30.0,2,20.0,21.27,21.49,0.0,10000,2.06,800,3.0,22.5,45.0,0,4.56,23.5,0.2,0.667,75.0,3,1,0.3209,Estabilizado,Operação Normal
2026-08-18T02:17:18.150100,2007-10,896,1,CPTM ITAIM PAULISTA,CID. KEMEL II,1,23:16,2,30.0,2,20.0,21.27,21.49,0.0,10000,2.06,800,3.0,22.5,45.0,0,4.56,23.5,0.2,0.667,75.0,3,1,0.3209,Estabilizado,Operação Normal
2026-08-18T02:17:18.150100,6021-10,177,1,JD. NOVA ERA,TERM. VARGINHA,1,23:16,7,8.6,7,20.0,21.27,21.49,0.0,10000,2.06,800,3.0,22.5,45.0,0,4.56,23.5,0.2,1.0,57.14,8,1,0.243,Estabilizado,Operação Normal
2026-08-18T02:17:18.150100,2725-10,33707,2,JD. SÃO CARLOS,METRÔ ARTUR ALVIM,1,23:16,2,30.0,2,20.0,21.27,21.49,0.0,10000,2.06,800,3.0,22.5,45.0,0,4.56,23.5,0.2,0.667,75.0,3,1,0.3209,Estabilizado,Operação Normal
2026-08-18T02:17:18.150100,607M-10,2036,1,TERM. ÁGUA ESPRAIADA,TERM. GRAJAÚ,1,23:16,2,30.0,2,20.0,21.27,21.49,0.0,10000,2.06,800,3.0,22.5,45.0,0,4.56,23.5,0.2,0.667,75.0,3,1,0.3209,Estabilizado,Operação Normal
2026-08-18T02:17:18.150100,3301-10,34386,2,TERM. PQ. D. PEDRO II,TERM. SÃO MIGUEL,1,23:16,5,12.0,5,20.0,21.27,21.49,0.0,10000,2.06,800,3.0,22.5,45.0,0,4.56,23.5,0.2,1.0,60.0,6,1,0.2501,Estabilizado,Operação Normal
2026-08-18T02:17:18.150100,4726-10,34448,2,METRÔ TATUAPÉ,MOOCA,1,23:16,2,30.0,2,20.0,21.27,21.49,0.0,10000,2.06,800,3.0,22.5,45.0,0,4.56,23.5,0.2,0.667,75.0,3,1,0.3209,Estabilizado,Operação Normal
2026-08-18T02:17:18.150100,846M-10,422,1,TERM. PINHEIROS,VL. PIAUÍ,1,23:16,3,20.0,3,20.0,21.27,21.49,0.0,10000,2.06,800,3.0,22.5,45.0,0,4.56,23.5,0.2,1.0,66.67,4,1,0.2668,Estabilizado,Operação Normal
2026-08-18T02:17:18.150100,875C-10,478,1,METRÔ STA. CRUZ,TERM. LAPA,1,23:16,6,10.0,6,20.0,21.27,21.49,0.0,10000,2.06,800,3.0,22.5,45.0,0,4.56,23.5,0.2,1.0,58.33,7,1,0.246,Estabilizado,Operação Normal
2026-08-18T02:17:18.150100,271M-10,684,1,METRÔ SANTANA,PQ. NOVO MUNDO,1,23:16,2,30.0,2,20.0,21.27,21.49,0.0,10000,2.06,800,3.0,22.5,45.0,0,4.56,23.5,0.2,0.667,75.0,3,1,0.3209,Estabilizado,Operação Normal
2026-08-18T02:17:18.150100,3768-10,33824,2,CPTM JOSÉ BONIFÁCIO,VL. YOLANDA,1,23:16,3,20.0,3,20.0,21.27,21.49,0.0,10000,2.06,800,3.0,22.5,45.0,0,4.56,23.5,0.2,1.0,66.67,4,1,0.2668,Estabilizado,Operação Normal
2026-08-18T02:17:18.150100,967A-10,568,1,PINHEIROS,IMIRIM,1,23:16,2,30.0,2,20.0,21.27,21.49,0.0,10000,2.06,800,3.0,22.5,45.0,0,4.56,23.5,0.2,0.667,75.0,3,1,0.3209,Estabilizado,Operação Normal
2026-08-18T02:17:18.150100,5178-10,595,1,PÇA. JOÃO MENDES,JD. MIRIAM,1,23:16,2,30.0,2,20.0,21.27,21.49,0.0,10000,2.06,800,3.0,22.5,45.0,0,4.56,23.5,0.2,0.667,75.0,3,1,0.3209,Estabilizado,Operação Normal
2026-08-18T02:17:18.150100,172U-10,33628,2,MOOCA,CEM. PQ. DOS PINHEIROS,1,23:16,6,10.0,6,20.0,21.27,21.49,0.0,10000,2.06,800,3.0,22.5,45.0,0,4.56,23.5,0.2,1.0,58.33,7,1,0.246,Estabilizado,Operação Normal
2026-08-18T02:17:18.150100,737A-10,1730,1,TERM. STO. AMARO,TERM. JD. ÂNGELA,1,23:16,4,15.0,4,20.0,21.27,21.49,0.0,10000,2.06,800,3.0,22.5,45.0,0,4.56,23.5,0.2,1.0,62.5,5,1,0.2564,Estabilizado,Operação Normal
2026-08-18T02:17:18.150100,1178-31,1812,1,PÇA. DO CORREIO,SÃO MIGUEL,1,23:16,5,12.0,5,20.0,21.27,21.49,0.0,10000,2.06,800,3.0,22.5,45.0,0,4.56,23.5,0.2,1.0,60.0,6,1,0.2501,Estabilizado,Operação Normal
2026-08-18T02:17:18.150100,775P-10,507,1,METRÔ ANA ROSA,JD. GUARAÚ,1,23:16,2,30.0,2,20.0,21.27,21.49,0.0,10000,2.06,800,3.0,22.5,45.0,0,4.56,23.5,0.2,0.667,75.0,3,1,0.3209,Estabilizado,Operação Normal
2026-08-18T02:17:18.150100,7060-10,34657,2,TERM. CAMPO LIMPO,VALO VELHO,1,23:16,1,60.0,1,20.0,21.27,21.49,0.0,10000,2.06,800,3.0,22.5,45.0,0,4.56,23.5,0.2,0.333,100.0,2,1,0.4168,Estabilizado,Operação Normal
2026-08-18T02:17:18.150100,5611-10,33366,2,PÇA. JOÃO MENDES,ELDORADO,1,23:16,5,12.0,5,20.0,21.27,21.49,0.0,10000,2.06,800,3.0,22.5,45.0,0,4.56,23.5,0.2,1.0,60.0,6,1,0.2501,Estabilizado,Operação Normal
2026-08-18T02:17:18.150100,1016-10,33599,2,SHOP. CENTER NORTE,CEM. DO HORTO,1,23:16,2,30.0,2,20.0,21.27,21.49,0.0,10000,2.06,800,3.0,22.5,45.0,0,4.56,23.5,0.2,0.667,75.0,3,1,0.3209,Estabilizado,Operação Normal
2026-08-18T02:17:18.150100,6036-10,33982,2,TERM. CAPELINHA,JD. MACEDÔNIA,1,23:16,3,20.0,3,20.0,21.27,21.49,0.0,10000,2.06,800,3.0,22.5,45.0,0,4.56,23.5,0.2,1.0,66.67,4,1,0.2668,Estabilizado,Operação Normal
2026-08-18T02:17:18.150100,6258-10,1232,1,TERM. STO. AMARO,JD. SÃO FRANCISCO,1,23:16,1,60.0,1,20.0,21.27,21.49,0.0,10000,2.06,800,3.0,22.5,45.0,0,4.56,23.5,0.2,0.333,100.0,2,1,0.4168,Estabilizado,Operação Normal
2026-08-18T02:17:18.150100,1782-10,33411,2,METRÔ SANTANA,VL. NOVA GALVÃO,1,23:16,3,20.0,3,20.0,21.27,21.49,0.0,10000,2.06,800,3.0,22.5,45.0,0,4.56,23.5,0.2,1.0,66.67,4,1,0.2668,Estabilizado,Operação Normal
2026-08-18T02:17:18.150100,3023-10,33728,2,PQ. SÃO RAFAEL,SHOP. ARICANDUVA,1,23:16,3,20.0,3,20.0,21.27,21.49,0.0,10000,2.06,800,3.0,22.5,45.0,0,4.56,23.5,0.2,1.0,66.67,4,1,0.2668,Estabilizado,Operação Normal
2026-08-18T02:17:18.150100,3762-10,1053,1,METRÔ TATUAPÉ,JD. IVA,1,23:16,3,20.0,3,20.0,21.27,21.49,0.0,10000,2.06,800,3.0,22.5,45.0,0,4.56,23.5,0.2,1.0,66.67,4,1,0.2668,Estabilizado,Operação Normal
2026-08-18T02:17:18.150100,775F-10,33564,2,HOSP. DAS CLÍNICAS,JD. DAS PALMAS,1,23:16,8,7.5,8,20.0,21.27,21.49,0.0,10000,2.06,800,3.0,22.5,45.0,0,4.56,23.5,0.2,1.0,62.5,10,2,0.2564,Estabilizado,Operação Normal
2026-08-18T02:17:18.150100,775N-10,33242,2,METRÔ VL. MADALENA,RIO PEQUENO,1,23:16,2,30.0,2,20.0,21.27,21.49,0.0,10000,2.06,800,3.0,22.5,45.0,0,4.56,23.5,0.2,0.667,75.0,3,1,0.3209,Estabilizado,Operação Normal
2026-08-18T02:17:18.150100,4027-10,33865,2,JD. STO. ANDRÉ,HOSP. SÃO MATEUS,1,23:16,5,12.0,5,20.0,21.27,21.49,0.0,10000,2.06,800,3.0,22.5,45.0,0,4.56,23.5,0.2,1.0,60.0,6,1,0.2501,Estabilizado,Operação Normal
2026-08-18T02:17:18.150100,5036-10,34434,2,TERM. SACOMÃ,JD. CELESTE,1,23:16,1,60.0,1,20.0,21.27,21.49,0.0,10000,2.06,800,3.0,22.5,45.0,0,4.56,23.5,0.2,0.333,100.0,2,1,0.4168,Estabilizado,Operação Normal
2026-08-18T02:17:18.150100,2058-10,33027,2,CPTM GUAIANASES,TERM. SÃO MIGUEL,1,23:16,3,20.0,3,20.0,21.27,21.49,0.0,10000,2.06,800,3.0,22.5,45.0,0,4.56,23.5,0.2,1.0,66.67,4,1,0.2668,Estabilizado,Operação Normal
2026-08-18T02:17:18.150100,701A-10,689,1,METRÔ VL. MADALENA,PQ. EDU CHAVES,1,23:16,4,15.0,4,20.0,21.27,21.49,0.0,10000,2.06,800,3.0,22.5,45.0,0,4.56,23.5,0.2,1.0,62.5,5,1,0.2564,Estabilizado,Operação Normal
2026-08-18T02:17:18.150100,3139-10,995,1,PÇA. JOÃO MENDES,JD. VL. FORMOSA,1,23:16,2,30.0,2,20.0,21.27,21.49,0.0,10000,2.06,800,3.0,22.5,45.0,0,4.56,23.5,0.2,0.667,75.0,3,1,0.3209,Estabilizado,Operação Normal
2026-08-18T02:17:18.150100,5111-10,32816,2,TERM. PQ. D. PEDRO II,TERM. STO. AMARO,1,23:16,5,12.0,5,20.0,21.27,21.49,0.0,10000,2.06,800,3.0,22.5,45.0,0,4.56,23.5,0.2,1.0,60.0,6,1,0.2501,Estabilizado,Operação Normal
2026-08-18T02:17:18.150100,748R-10,33269,2,METRÔ BARRA FUNDA,JD. JOÃO XXIII,1,23:16,6,10.0,6,20.0,21.27,21.49,0.0,10000,2.06,800,3.0,22.5,45.0,0,4.56,23.5,0.2,1.0,58.33,7,1,0.246,Estabilizado,Operação Normal
2026-08-18T02:17:18.150100,6049-10,34077,2,STO. AMARO,VALO VELHO,1,23:16,3,20.0,3,20.0,21.27,21.49,0.0,10000,2.06,800,3.0,22.5,45.0,0,4.56,23.5,0.2,1.0,66.67,4,1,0.2668,Estabilizado,Operação Normal
2026-08-18T02:17:18.150100,775A-10,473,1,PINHEIROS,JD. ADALGIZA,1,23:16,1,60.0,1,20.0,21.27,21.49,0.0,10000,2.06,800,3.0,22.5,45.0,0,4.56,23.5,0.2,0.333,100.0,2,1,0.4168,Estabilizado,Operação Normal
2026-08-18T02:17:18.150100,6816-10,26,1,TERM. CAPELINHA,JD. MITSUTANI,1,23:16,1,60.0,1,20.0,21.27,21.49,0.0,10000,2.06,800,3.0,22.5,45.0,0,4.56,23.5,0.2,0.333,100.0,2,1,0.4168,Estabilizado,Operação Normal
2026-08-18T02:17:18.150100,9004-10,33639,2,TERM. CACHOEIRINHA,JD. ELISA MARIA,1,23:16,2,30.0,2,20.0,21.27,21.49,0.0,10000,2.06,800,3.0,22.5,45.0,0,4.56,23.5,0.2,0.667,75.0,3,1,0.3209,Estabilizado,Operação Normal
2026-08-18T02:17:18.150100,2451-10,213,1,TERM. ARICANDUVA,VL. SÃO FRANCISCO,1,23:16,2,30.0,2,20.0,21.27,21.49,0.0,10000,2.06,800,3.0,22.5,45.0,0,4.56,23.5,0.2,0.667,75.0,3,1,0.3209,Estabilizado,Operação Normal
2026-08-18T02:17:18.150100,1767-10,628,1,METRÔ TUCURUVI,PQ. EDU CHAVES,1,23:16,2,30.0,2,20.0,21.27,21.49,0.0,10000,2.06,800,3.0,22.5,45.0,0,4.56,23.5,0.2,0.667,75.0,3,1,0.3209,Estabilizado,Operação Normal
2026-08-18T02:17:18.150100,709A-10,2092,1,METRÔ ANA ROSA,TERM. ÁGUA ESPRAIADA,1,23:16,1,60.0,1,20.0,21.27,21.49,0.0,10000,2.06,800,3.0,22.5,45.0,0,4.56,23.5,0.2,0.333,100.0,2,1,0.4168,Estabilizado,Operação Normal
2026-08-18T02:17:18.150100,3024-10,33045,2,TERM. VL PRUDENTE,VL. INDUSTRIAL,1,23:16,1,60.0,1,20.0,21.27,21.49,0.0,10000,2.06,800,3.0,22.5,45.0,0,4.56,23.5,0.2,0.333,100.0,2,1,0.4168,Estabilizado,Operação Normal
2026-08-18T02:17:18.150100,719R-10,469,1,METRÔ BARRA FUNDA,RIO PEQUENO,1,23:16,5,12.0,5,20.0,21.27,21.49,0.0,10000,2.06,800,3.0,22.5,45.0,0,4.56,23.5,0.2,1.0,60.0,6,1,0.2501,Estabilizado,Operação Normal
2026-08-18T02:17:18.150100,7022-10,2084,1,TERM. STO. AMARO,JD. CAIÇARA,1,23:16,2,30.0,2,20.0,21.27,21.49,0.0,10000,2.06,800,3.0,22.5,45.0,0,4.56,23.5,0.2,0.667,75.0,3,1,0.3209,Estabilizado,Operação Normal
2026-08-18T02:17:18.150100,4006-10,2180,1,CIRCULAR,JD. NOVA VITÓRIA,1,23:16,1,60.0,1,20.0,21.27,21.49,0.0,10000,2.06,800,3.0,22.5,45.0,0,4.56,23.5,0.2,0.333,100.0,2,1,0.4168,Estabilizado,Operação Normal
2026-08-18T02:17:18.150100,3743-10,1043,1,METRÔ ITAQUERA,SÃO MATEUS,1,23:16,3,20.0,3,20.0,21.27,21.49,0.0,10000,2.06,800,3.0,22.5,45.0,0,4.56,23.5,0.2,1.0,66.67,4,1,0.2668,Estabilizado,Operação Normal
2026-08-18T02:17:18.150100,N203-11,2313,1,TERM. PQ. D. PEDRO II,METRÔ TUCURUVI,1,23:16,1,60.0,1,20.0,21.27,21.49,0.0,10000,2.06,800,3.0,22.5,45.0,0,4.56,23.5,0.2,0.333,100.0,2,1,0.4168,Estabilizado,Operação Normal
2026-08-18T02:17:18.150100,3021-10,276,1,TERM. VL PRUDENTE,PQ. BANCÁRIO,1,23:16,1,60.0,1,20.0,21.27,21.49,0.0,10000,2.06,800,3.0,22.5,45.0,0,4.56,23.5,0.2,0.333,100.0,2,1,0.4168,Estabilizado,Operação Normal
2026-08-18T02:17:18.150100,695T-10,34090,2,METRÔ VL. MARIANA,TERM. CAPELINHA,1,23:16,2,30.0,2,20.0,21.27,21.49,0.0,10000,2.06,800,3.0,22.5,45.0,0,4.56,23.5,0.2,0.667,75.0,3,1,0.3209,Estabilizado,Operação Normal
2026-08-18T02:17:18.150100,3742-10,1042,1,METRÔ ITAQUERA,JD. LARANJEIRA,1,23:16,3,20.0,3,20.0,21.27,21.49,0.0,10000,2.06,800,3.0,22.5,45.0,0,4.56,23.5,0.2,1.0,66.67,4,1,0.2668,Estabilizado,Operação Normal
2026-08-18T02:17:18.150100,2707-10,33687,2,METRÔ ITAQUERA,CHABILÂNDIA,1,23:16,4,15.0,4,20.0,21.27,21.49,0.0,10000,2.06,800,3.0,22.5,45.0,0,4.56,23.5,0.2,1.0,62.5,5,1,0.2564,Estabilizado,Operação Normal
2026-08-18T02:17:18.150100,909T-1,2512,1,TERM. PQ. D. PEDRO II,TERM. PINHEIROS,1,23:16,1,60.0,1,20.0,21.27,21.49,0.0,10000,2.06,800,3.0,22.5,45.0,0,4.56,23.5,0.2,0.333,100.0,2,1,0.4168,Estabilizado,Operação Normal
2026-08-18T02:17:18.150100,5034-10,1663,1,TERM. SACOMÃ,VL. LIVIERO,1,23:16,1,60.0,1,20.0,21.27,21.49,0.0,10000,2.06,800,3.0,22.5,45.0,0,4.56,23.5,0.2,0.333,100.0,2,1,0.4168,Estabilizado,Operação Normal
2026-08-18T02:17:18.150100,1788-10,33421,2,METRÔ SANTANA,JD. FONTÁLIS,1,23:16,6,10.0,6,20.0,21.27,21.49,0.0,10000,2.06,800,3.0,22.5,45.0,0,4.56,23.5,0.2,1.0,58.33,7,1,0.246,Estabilizado,Operação Normal
2026-08-18T02:17:18.150100,477U-10,306,1,METRÔ VL. MARIANA,HELIÓPOLIS,1,23:16,1,60.0,1,20.0,21.27,21.49,0.0,10000,2.06,800,3.0,22.5,45.0,0,4.56,23.5,0.2,0.333,100.0,2,1,0.4168,Estabilizado,Operação Normal
2026-08-18T02:17:18.150100,746V-10,792,1,HOSP. CAMPO LIMPO,JD. REBOUÇAS,1,23:16,5,12.0,5,20.0,21.27,21.49,0.0,10000,2.06,800,3.0,22.5,45.0,0,4.56,23.5,0.2,1.0,60.0,6,1,0.2501,Estabilizado,Operação Normal
2026-08-18T02:17:18.150100,3098-10,1078,1,SHOP. ARICANDUVA,JD. SÃO FRANCISCO,1,23:16,4,15.0,4,20.0,21.27,21.49,0.0,10000,2.06,800,3.0,22.5,45.0,0,4.56,23.5,0.2,1.0,62.5,5,1,0.2564,Estabilizado,Operação Normal
2026-08-18T02:17:18.150100,1177-10,129,1,LUZ,TERM. A. E. CARVALHO,1,23:16,3,20.0,3,20.0,21.27,21.49,0.0,10000,2.06,800,3.0,22.5,45.0,0,4.56,23.5,0.2,1.0,66.67,4,1,0.2668,Estabilizado,Operação Normal
2026-08-18T02:17:18.150100,9300-10,116,1,TERM. PQ. D. PEDRO II,TERM. CASA VERDE,1,23:16,2,30.0,2,20.0,21.27,21.49,0.0,10000,2.06,800,3.0,22.5,45.0,0,4.56,23.5,0.2,0.667,75.0,3,1,0.3209,Estabilizado,Operação Normal
2026-08-18T02:17:18.150100,6043-10,33988,2,TERM. STO. AMARO,JD. CAPELINHA,1,23:16,2,30.0,2,20.0,21.27,21.49,0.0,10000,2.06,800,3.0,22.5,45.0,0,4.56,23.5,0.2,0.667,75.0,3,1,0.3209,Estabilizado,Operação Normal
2026-08-18T02:17:18.150100,3712-51,35273,2,METRÔ ITAQUERA,VL. COSMOPOLITA,1,23:16,3,20.0,3,20.0,21.27,21.49,0.0,10000,2.06,800,3.0,22.5,45.0,0,4.56,23.5,0.2,1.0,66.67,4,1,0.2668,Estabilizado,Operação Normal
2026-08-18T02:17:18.150100,917M-10,34134,2,METRÔ ANA ROSA,MORRO GRANDE,1,23:16,3,20.0,3,20.0,21.27,21.49,0.0,10000,2.06,800,3.0,22.5,45.0,0,4.56,23.5,0.2,1.0,66.67,4,1,0.2668,Estabilizado,Operação Normal
2026-08-18T02:17:18.150100,4013-10,34954,2,TERM. SÃO MATEUS,JD. STO. ANDRÉ,1,23:16,3,20.0,3,20.0,21.27,21.49,0.0,10000,2.06,800,3.0,22.5,45.0,0,4.56,23.5,0.2,1.0,66.67,4,1,0.2668,Estabilizado,Operação Normal
2026-08-18T02:17:18.150100,6815-10,32793,2,TERM. CAPELINHA,JD. COMERCIAL,1,23:16,1,60.0,1,20.0,21.27,21.49,0.0,10000,2.06,800,3.0,22.5,45.0,0,4.56,23.5,0.2,0.333,100.0,2,1,0.4168,Estabilizado,Operação Normal
2026-08-18T02:17:18.150100,3796-10,1074,1,METRÔ ITAQUERA,GLEBA DO PESSEGO,1,23:16,1,60.0,1,20.0,21.27,21.49,0.0,10000,2.06,800,3.0,22.5,45.0,0,4.56,23.5,0.2,0.333,100.0,2,1,0.4168,Estabilizado,Operação Normal
2026-08-18T02:17:18.150100,3001-10,34418,2,TERM. SÃO MIGUEL,ITAIM PAULISTA,1,23:16,3,20.0,3,20.0,21.27,21.49,0.0,10000,2.06,800,3.0,22.5,45.0,0,4.56,23.5,0.2,1.0,66.67,4,1,0.2668,Estabilizado,Operação Normal
2026-08-18T02:17:18.150100,776M-10,35448,2,AEROPORTO,TERM. ÁGUA ESPRAIADA,1,23:16,3,20.0,3,20.0,21.27,21.49,0.0,10000,2.06,800,3.0,22.5,45.0,0,4.56,23.5,0.2,1.0,66.67,4,1,0.2668,Estabilizado,Operação Normal
2026-08-18T02:17:18.150100,4011-10,2184,1,TERM. SÃO MATEUS,JD. LIMOEIRO,1,23:16,4,15.0,4,20.0,21.27,21.49,0.0,10000,2.06,800,3.0,22.5,45.0,0,4.56,23.5,0.2,1.0,62.5,5,1,0.2564,Estabilizado,Operação Normal
2026-08-18T02:17:18.150100,3746-10,33051,2,METRÔ BELÉM,JD. IMPERADOR,1,23:16,4,15.0,4,20.0,21.27,21.49,0.0,10000,2.06,800,3.0,22.5,45.0,0,4.56,23.5,0.2,1.0,62.5,5,1,0.2564,Estabilizado,Operação Normal
2026-08-18T02:17:18.150100,3462-10,33015,2,METRÔ TATUAPÉ,VL. SANTANA,1,23:16,2,30.0,2,20.0,21.27,21.49,0.0,10000,2.06,800,3.0,22.5,45.0,0,4.56,23.5,0.2,0.667,75.0,3,1,0.3209,Estabilizado,Operação Normal
2026-08-18T02:17:18.150100,9701-10,33337,2,METRÔ BARRA FUNDA,CEM. CACHOEIRINHA,1,23:16,2,30.0,2,20.0,21.27,21.49,0.0,10000,2.06,800,3.0,22.5,45.0,0,4.56,23.5,0.2,0.667,75.0,3,1,0.3209,Estabilizado,Operação Normal
2026-08-18T02:17:18.150100,2730-10,33713,2,METRÔ ARTUR ALVIM,VL. JACUI,1,23:16,5,12.0,5,20.0,21.27,21.49,0.0,10000,2.06,800,3.0,22.5,45.0,0,4.56,23.5,0.2,1.0,60.0,6,1,0.2501,Estabilizado,Operação Normal
2026-08-18T02:17:18.150100,314V-10,311,1,PÇA. ALMEIDA JR.,VL. EMA,1,23:16,2,30.0,2,20.0,21.27,21.49,0.0,10000,2.06,800,3.0,22.5,45.0,0,4.56,23.5,0.2,0.667,75.0,3,1,0.3209,Estabilizado,Operação Normal
2026-08-18T02:17:18.150100,8001-10,34019,2,TERM. LAPA,VL. PIAUÍ,1,23:16,2,30.0,2,20.0,21.27,21.49,0.0,10000,2.06,800,3.0,22.5,45.0,0,4.56,23.5,0.2,0.667,75.0,3,1,0.3209,Estabilizado,Operação Normal
2026-08-18T02:17:18.150100,5154-10,33121,2,TERM. PRINC. ISABEL,TERM. STO. AMARO,1,23:16,4,15.0,4,20.0,21.27,21.49,0.0,10000,2.06,800,3.0,22.5,45.0,0,4.56,23.5,0.2,1.0,62.5,5,1,0.2564,Estabilizado,Operação Normal
2026-08-18T02:17:18.150100,9023-10,1437,1,TERM. PIRITUBA,PQ. DE TAIPAS,1,23:16,1,60.0,1,20.0,21.27,21.49,0.0,10000,2.06,800,3.0,22.5,45.0,0,4.56,23.5,0.2,0.333,100.0,2,1,0.4168,Estabilizado,Operação Normal
2026-08-18T02:17:18.150100,390E-42,35302,2,METRÔ BELÉM,ETEC PQ. BELÉM,1,23:16,1,60.0,1,20.0,21.27,21.49,0.0,10000,2.06,800,3.0,22.5,45.0,0,4.56,23.5,0.2,0.333,100.0,2,1,0.4168,Estabilizado,Operação Normal
2026-08-18T02:17:18.150100,809L-10,1949,1,LAPA,CAMPO LIMPO,1,23:16,4,15.0,4,20.0,21.27,21.49,0.0,10000,2.06,800,3.0,22.5,45.0,0,4.56,23.5,0.2,1.0,62.5,5,1,0.2564,Estabilizado,Operação Normal
2026-08-18T02:17:18.150100,5111-10,48,1,TERM. PQ. D. PEDRO II,TERM. STO. AMARO,1,23:16,3,20.0,3,20.0,21.27,21.49,0.0,10000,2.06,800,3.0,22.5,45.0,0,4.56,23.5,0.2,1.0,66.67,4,1,0.2668,Estabilizado,Operação Normal
2026-08-18T02:17:18.150100,509J-10,264,1,PQ. IBIRAPUERA,JD. SELMA,1,23:16,4,15.0,4,20.0,21.27,21.49,0.0,10000,2.06,800,3.0,22.5,45.0,0,4.56,23.5,0.2,1.0,62.5,5,1,0.2564,Estabilizado,Operação Normal
2026-08-18T02:17:18.150100,6062-10,33919,2,JD. CASTRO ALVES,TERM. GRAJAÚ,1,23:16,1,60.0,1,20.0,21.27,21.49,0.0,10000,2.06,800,3.0,22.5,45.0,0,4.56,23.5,0.2,0.333,100.0,2,1,0.4168,Estabilizado,Operação Normal
2026-08-18T02:17:18.150100,6960-10,34211,2,TERM. STO. AMARO,TERM. VARGINHA,1,23:16,3,20.0,3,20.0,21.27,21.49,0.0,10000,2.06,800,3.0,22.5,45.0,0,4.56,23.5,0.2,1.0,66.67,4,1,0.2668,Estabilizado,Operação Normal
2026-08-18T02:17:18.150100,2780-10,399,1,METRÔ ITAQUERA,JD. CAMARGO NOVO,1,23:16,2,30.0,2,20.0,21.27,21.49,0.0,10000,2.06,800,3.0,22.5,45.0,0,4.56,23.5,0.2,0.667,75.0,3,1,0.3209,Estabilizado,Operação Normal
2026-08-18T02:17:18.150100,3027-10,963,1,SHOP. ARICANDUVA,CPTM GUAIANASES,1,23:16,4,15.0,4,20.0,21.27,21.49,0.0,10000,2.06,800,3.0,22.5,45.0,0,4.56,23.5,0.2,1.0,62.5,5,1,0.2564,Estabilizado,Operação Normal
2026-08-18T02:17:18.150100,6835-31,34175,2,TERM. CAPELINHA,VALO VELHO,1,23:16,1,60.0,1,20.0,21.27,21.49,0.0,10000,2.06,800,3.0,22.5,45.0,0,4.56,23.5,0.2,0.333,100.0,2,1,0.4168,Estabilizado,Operação Normal
2026-08-18T02:17:18.150100,1778-10,1789,1,METRÔ SANTANA,JD. CABUÇU,1,23:16,2,30.0,2,20.0,21.27,21.49,0.0,10000,2.06,800,3.0,22.5,45.0,0,4.56,23.5,0.2,0.667,75.0,3,1,0.3209,Estabilizado,Operação Normal
2026-08-18T02:17:18.150100,6805-31,34556,2,TERM. JOÃO DIAS,TERM. CAPELINHA,1,23:16,2,30.0,2,20.0,21.27,21.49,0.0,10000,2.06,800,3.0,22.5,45.0,0,4.56,23.5,0.2,0.667,75.0,3,1,0.3209,Estabilizado,Operação Normal
2026-08-18T02:17:18.150100,7053-10,34655,2,TERM. CAMPO LIMPO,JD. MACEDÔNIA,1,23:16,3,20.0,3,20.0,21.27,21.49,0.0,10000,2.06,800,3.0,22.5,45.0,0,4.56,23.5,0.2,1.0,66.67,4,1,0.2668,Estabilizado,Operação Normal
2026-08-18T02:17:18.150100,3725-10,1022,1,VL. DALILA,METRÔ VL. MATILDE,1,23:16,2,30.0,2,20.0,21.27,21.49,0.0,10000,2.06,800,3.0,22.5,45.0,0,4.56,23.5,0.2,0.667,75.0,3,1,0.3209,Estabilizado,Operação Normal
2026-08-18T02:17:18.150100,1744-10,33312,2,METRÔ SANTANA,LAUZANE PAULISTA,1,23:16,4,15.0,4,20.0,21.27,21.49,0.0,10000,2.06,800,3.0,22.5,45.0,0,4.56,23.5,0.2,1.0,62.5,5,1,0.2564,Estabilizado,Operação Normal
2026-08-18T02:17:18.150100,273V-10,231,1,METRÔ PENHA,PARADA XV DE NOVEMBRO,1,23:16,2,30.0,2,20.0,21.27,21.49,0.0,10000,2.06,800,3.0,22.5,45.0,0,4.56,23.5,0.2,0.667,75.0,3,1,0.3209,Estabilizado,Operação Normal
2026-08-18T02:17:18.150100,8002-10,34020,2,TERM. LAPA,TERM. PIRITUBA,1,23:16,1,60.0,1,20.0,21.27,21.49,0.0,10000,2.06,800,3.0,22.5,45.0,0,4.56,23.5,0.2,0.333,100.0,2,1,0.4168,Estabilizado,Operação Normal
2026-08-18T02:17:18.150100,7725-10,33240,2,TERM. LAPA,RIO PEQUENO,1,23:16,1,60.0,1,20.0,21.27,21.49,0.0,10000,2.06,800,3.0,22.5,45.0,0,4.56,23.5,0.2,0.333,100.0,2,1,0.4168,Estabilizado,Operação Normal
2026-08-18T02:17:18.150100,3003-10,34565,2,CPTM VL. MARA/ITAIM,JD. SÃO MARTINHO,1,23:16,1,60.0,1,20.0,21.27,21.49,0.0,10000,2.06,800,3.0,22.5,45.0,0,4.56,23.5,0.2,0.333,100.0,2,1,0.4168,Estabilizado,Operação Normal
2026-08-18T02:17:18.150100,7002-10,772,1,HOSP. DAS CLÍNICAS,JD. ROSA MARIA,1,23:16,3,20.0,3,20.0,21.27,21.49,0.0,10000,2.06,800,3.0,22.5,45.0,0,4.56,23.5,0.2,1.0,66.67,4,1,0.2668,Estabilizado,Operação Normal
2026-08-18T02:17:18.150100,5119-10,32769,2,LGO. SÃO FRANCISCO,TERM. CAPELINHA,1,23:16,9,6.7,9,20.0,21.27,21.49,0.0,10000,2.06,800,3.0,22.5,45.0,0,4.56,23.5,0.2,1.0,61.11,11,2,0.2529,Estabilizado,Operação Normal
2026-08-18T02:17:18.150100,9050-10,2088,1,ITAIM BIBI,TERM. LAPA,1,23:16,2,30.0,2,20.0,21.27,21.49,0.0,10000,2.06,800,3.0,22.5,45.0,0,4.56,23.5,0.2,0.667,75.0,3,1,0.3209,Estabilizado,Operação Normal
2026-08-18T02:17:18.150100,5752-10,1287,1,METRÔ CONCEIÇÃO,VL. MISSIONÁRIA,1,23:16,2,30.0,2,20.0,21.27,21.49,0.0,10000,2.06,800,3.0,22.5,45.0,0,4.56,23.5,0.2,0.667,75.0,3,1,0.3209,Estabilizado,Operação Normal
2026-08-18T02:17:18.150100,4020-10,2530,1,JD. NOVO HORIZONTE,E. T. ITAQUERA,1,23:16,3,20.0,3,20.0,21.27,21.49,0.0,10000,2.06,800,3.0,22.5,45.0,0,4.56,23.5,0.2,1.0,66.67,4,1,0.2668,Estabilizado,Operação Normal
2026-08-18T02:17:18.150100,4030-10,33868,2,SHOP. ARICANDUVA,FAZENDA DA JUTA,1,23:16,3,20.0,3,20.0,21.27,21.49,0.0,10000,2.06,800,3.0,22.5,45.0,0,4.56,23.5,0.2,1.0,66.67,4,1,0.2668,Estabilizado,Operação Normal
2026-08-18T02:17:18.150100,2127-10,693,1,LIBERDADE,PQ. EDU CHAVES,1,23:16,4,15.0,4,20.0,21.27,21.49,0.0,10000,2.06,800,3.0,22.5,45.0,0,4.56,23.5,0.2,1.0,62.5,5,1,0.2564,Estabilizado,Operação Normal
2026-08-18T02:17:18.150100,172R-10,859,1,METRÔ BELÉM,JAÇANÃ,1,23:16,4,15.0,4,20.0,21.27,21.49,0.0,10000,2.06,800,3.0,22.5,45.0,0,4.56,23.5,0.2,1.0,62.5,5,1,0.2564,Estabilizado,Operação Normal
2026-08-18T02:17:18.150100,4032-10,33870,2,OBJETIVO UNIP,VL. DAS MERCÊS,1,23:16,3,20.0,3,20.0,21.27,21.49,0.0,10000,2.06,800,3.0,22.5,45.0,0,4.56,23.5,0.2,1.0,66.67,4,1,0.2668,Estabilizado,Operação Normal
2026-08-18T02:17:18.150100,775V-10,33243,2,ITAIM BIBI,RIO PEQUENO,1,23:16,2,30.0,2,20.0,21.27,21.49,0.0,10000,2.06,800,3.0,22.5,45.0,0,4.56,23.5,0.2,0.667,75.0,3,1,0.3209,Estabilizado,Operação Normal
2026-08-18T02:17:18.150100,8077-10,34818,2,TERM. VL. SÔNIA,JD. JOÃO XXIII,1,23:16,1,60.0,1,20.0,21.27,21.49,0.0,10000,2.06,800,3.0,22.5,45.0,0,4.56,23.5,0.2,0.333,100.0,2,1,0.4168,Estabilizado,Operação Normal
2026-08-18T02:17:18.150100,2006-10,33663,2,CPTM ITAIM PAULISTA,CID. KEMEL I,1,23:16,3,20.0,3,20.0,21.27,21.49,0.0,10000,2.06,800,3.0,22.5,45.0,0,4.56,23.5,0.2,1.0,66.67,4,1,0.2668,Estabilizado,Operação Normal
2026-08-18T02:17:18.150100,546A-10,33899,2,STO. AMARO,JD. APURÁ,1,23:16,4,15.0,4,20.0,21.27,21.49,0.0,10000,2.06,800,3.0,22.5,45.0,0,4.56,23.5,0.2,1.0,62.5,5,1,0.2564,Estabilizado,Operação Normal
2026-08-18T02:17:18.150100,8009-31,34028,2,TERM. PIRITUBA,CID. D'ABRIL 3ª GLEBA,1,23:16,3,20.0,3,20.0,21.27,21.49,0.0,10000,2.06,800,3.0,22.5,45.0,0,4.56,23.5,0.2,1.0,66.67,4,1,0.2668,Estabilizado,Operação Normal
2026-08-18T02:17:18.150100,5028-10,34402,2,METRÔ ALTO DO IPIRANGA,CONJ. HAB. HELIÓPOLIS,1,23:16,2,30.0,2,20.0,21.27,21.49,0.0,10000,2.06,800,3.0,22.5,45.0,0,4.56,23.5,0.2,0.667,75.0,3,1,0.3209,Estabilizado,Operação Normal
2026-08-18T02:17:18.150100,6L08-10,33950,2,HOSP. PARELHEIROS,JD. SÃO NICOLAU,1,23:16,1,60.0,1,20.0,21.27,21.49,0.0,10000,2.06,800,3.0,22.5,45.0,0,4.56,23.5,0.2,0.333,100.0,2,1,0.4168,Estabilizado,Operação Normal
2026-08-18T02:17:18.150100,627J-10,34824,2,METRÔ SÃO JUDAS,JD. MIRIAM,1,23:16,2,30.0,2,20.0,21.27,21.49,0.0,10000,2.06,800,3.0,22.5,45.0,0,4.56,23.5,0.2,0.667,75.0,3,1,0.3209,Estabilizado,Operação Normal
2026-08-18T02:17:18.150100,8605-10,34685,2,TERM. BANDEIRA,TERM. CAMPO LIMPO,1,23:16,3,20.0,3,20.0,21.27,21.49,0.0,10000,2.06,800,3.0,22.5,45.0,0,4.56,23.5,0.2,1.0,66.67,4,1,0.2668,Estabilizado,Operação Normal
2026-08-18T02:17:18.150100,1018-10,832,1,METRÔ SANTANA,VL. ROSA,1,23:16,2,30.0,2,20.0,21.27,21.49,0.0,10000,2.06,800,3.0,22.5,45.0,0,4.56,23.5,0.2,0.667,75.0,3,1,0.3209,Estabilizado,Operação Normal
2026-08-18T02:17:18.150100,407J-10,2198,1,METRÔ TATUAPÉ,JD. SOARES,1,23:16,6,10.0,6,20.0,21.27,21.49,0.0,10000,2.06,800,3.0,22.5,45.0,0,4.56,23.5,0.2,1.0,58.33,7,1,0.246,Estabilizado,Operação Normal
2026-08-18T02:17:18.150100,701U-10,657,1,CID. UNIVERSITÁRIA,METRÔ SANTANA,1,23:16,4,15.0,4,20.0,21.27,21.49,0.0,10000,2.06,800,3.0,22.5,45.0,0,4.56,23.5,0.2,1.0,62.5,5,1,0.2564,Estabilizado,Operação Normal
2026-08-18T02:17:18.150100,390E-10,1882,1,TERM. PQ. D. PEDRO II,TERM. PENHA,1,23:16,2,30.0,2,20.0,21.27,21.49,0.0,10000,2.06,800,3.0,22.5,45.0,0,4.56,23.5,0.2,0.667,75.0,3,1,0.3209,Estabilizado,Operação Normal
2026-08-18T02:17:18.150100,7055-10,34656,2,TERM. CAMPO LIMPO,JD. GUARUJÁ,1,23:16,3,20.0,3,20.0,21.27,21.49,0.0,10000,2.06,800,3.0,22.5,45.0,0,4.56,23.5,0.2,1.0,66.67,4,1,0.2668,Estabilizado,Operação Normal
2026-08-18T02:17:18.150100,675L-10,1478,1,METRÔ STA. CRUZ,TERM. STO. AMARO,1,23:16,3,20.0,3,20.0,21.27,21.49,0.0,10000,2.06,800,3.0,22.5,45.0,0,4.56,23.5,0.2,1.0,66.67,4,1,0.2668,Estabilizado,Operação Normal
2026-08-18T02:17:18.150100,5034-31,1664,1,VL. LIVIERO,TERM. SACOMÃ,1,23:16,1,60.0,1,20.0,21.27,21.49,0.0,10000,2.06,800,3.0,22.5,45.0,0,4.56,23.5,0.2,0.333,100.0,2,1,0.4168,Estabilizado,Operação Normal
2026-08-18T02:17:18.150100,8319-21,34475,2,PQ. CONTINENTAL,SHOP. VILLA LOBOS,1,23:16,1,60.0,1,20.0,21.27,21.49,0.0,10000,2.06,800,3.0,22.5,45.0,0,4.56,23.5,0.2,0.333,100.0,2,1,0.4168,Estabilizado,Operação Normal
2026-08-18T02:17:18.150100,6L02-10,1178,1,TERM. PARELHEIROS,JD. EUCALIPTOS,1,23:16,1,60.0,1,20.0,21.27,21.49,0.0,10000,2.06,800,3.0,22.5,45.0,0,4.56,23.5,0.2,0.333,100.0,2,1,0.4168,Estabilizado,Operação Normal
2026-08-18T02:17:18.150100,4014-10,2187,1,TERM. VL. CARRÃO,JD. VL. CARRÃO,1,23:16,2,30.0,2,20.0,21.27,21.49,0.0,10000,2.06,800,3.0,22.5,45.0,0,4.56,23.5,0.2,0.667,75.0,3,1,0.3209,Estabilizado,Operação Normal
2026-08-18T02:17:18.150100,8038-10,797,1,LAPA,PQ. CONTINENTAL,1,23:16,2,30.0,2,20.0,21.27,21.49,0.0,10000,2.06,800,3.0,22.5,45.0,0,4.56,23.5,0.2,0.667,75.0,3,1,0.3209,Estabilizado,Operação Normal
2026-08-18T02:17:18.150100,6824-10,23,1,TERM. CAPELINHA,PQ. FERNANDA,1,23:16,1,60.0,1,20.0,21.27,21.49,0.0,10000,2.06,800,3.0,22.5,45.0,0,4.56,23.5,0.2,0.333,100.0,2,1,0.4168,Estabilizado,Operação Normal
2026-08-18T02:17:18.150100,1730-10,865,1,METRÔ SANTANA,CENTER NORTE,1,23:16,3,20.0,3,20.0,21.27,21.49,0.0,10000,2.06,800,3.0,22.5,45.0,0,4.56,23.5,0.2,1.0,66.67,4,1,0.2668,Estabilizado,Operação Normal
2026-08-18T02:17:18.150100,2011-10,34904,2,METRÔ SANTANA,VL. SABRINA,1,23:16,5,12.0,5,20.0,21.27,21.49,0.0,10000,2.06,800,3.0,22.5,45.0,0,4.56,23.5,0.2,1.0,60.0,6,1,0.2501,Estabilizado,Operação Normal
2026-08-18T02:17:18.150100,6818-10,28,1,TERM. CAPELINHA,JD. VALE DAS VIRTUDES,1,23:16,2,30.0,2,20.0,21.27,21.49,0.0,10000,2.06,800,3.0,22.5,45.0,0,4.56,23.5,0.2,0.667,75.0,3,1,0.3209,Estabilizado,Operação Normal
2026-08-18T02:17:18.150100,675L-10,34246,2,METRÔ STA. CRUZ,TERM. STO. AMARO,1,23:16,2,30.0,2,20.0,21.27,21.49,0.0,10000,2.06,800,3.0,22.5,45.0,0,4.56,23.5,0.2,0.667,75.0,3,1,0.3209,Estabilizado,Operação Normal
2026-08-18T02:17:18.150100,6L10-41,34773,2,TERM. VARGINHA,MESSIÂNICA,1,23:16,1,60.0,1,20.0,21.27,21.49,0.0,10000,2.06,800,3.0,22.5,45.0,0,4.56,23.5,0.2,0.333,100.0,2,1,0.4168,Estabilizado,Operação Normal
2026-08-18T02:17:18.150100,172K-10,857,1,METRÔ TATUAPÉ,JD. TREMEMBÉ,1,23:16,3,20.0,3,20.0,21.27,21.49,0.0,10000,2.06,800,3.0,22.5,45.0,0,4.56,23.5,0.2,1.0,66.67,4,1,0.2668,Estabilizado,Operação Normal
2026-08-18T02:17:18.150100,408A-10,33534,2,CARDOSO DE ALMEIDA,MACHADO DE ASSIS,1,23:16,1,60.0,1,20.0,21.27,21.49,0.0,10000,2.06,800,3.0,22.5,45.0,0,4.56,23.5,0.2,0.333,100.0,2,1,0.4168,Estabilizado,Operação Normal
2026-08-18T02:17:18.150100,5630-10,32846,2,METRÔ BRÁS,TERM. GRAJAÚ,1,23:16,4,15.0,4,20.0,21.27,21.49,0.0,10000,2.06,800,3.0,22.5,45.0,0,4.56,23.5,0.2,1.0,62.5,5,1,0.2564,Estabilizado,Operação Normal
2026-08-18T02:17:18.150100,1703-10,847,1,SHOP. CENTER NORTE,JD. FONTÁLIS,1,23:16,2,30.0,2,20.0,21.27,21.49,0.0,10000,2.06,800,3.0,22.5,45.0,0,4.56,23.5,0.2,0.667,75.0,3,1,0.3209,Estabilizado,Operação Normal
2026-08-18T02:17:18.150100,3019-10,957,1,VL. PAULISTA I,TERM. CID. TIRADENTES,1,23:16,1,60.0,1,20.0,21.27,21.49,0.0,10000,2.06,800,3.0,22.5,45.0,0,4.56,23.5,0.2,0.333,100.0,2,1,0.4168,Estabilizado,Operação Normal
2026-08-18T02:17:18.150100,2007-10,33664,2,CPTM ITAIM PAULISTA,CID. KEMEL II,1,23:16,4,15.0,4,20.0,21.27,21.49,0.0,10000,2.06,800,3.0,22.5,45.0,0,4.56,23.5,0.2,1.0,62.5,5,1,0.2564,Estabilizado,Operação Normal
2026-08-18T02:17:18.150100,1017-10,34909,2,CONEXÃO VL. IÓRIO,PERUS,1,23:16,5,12.0,5,20.0,21.27,21.49,0.0,10000,2.06,800,3.0,22.5,45.0,0,4.56,23.5,0.2,1.0,60.0,6,1,0.2501,Estabilizado,Operação Normal
2026-08-18T02:17:18.150100,6821-10,32789,2,TERM. CAPELINHA,JD. JANGADEIRO,1,23:16,1,60.0,1,20.0,21.27,21.49,0.0,10000,2.06,800,3.0,22.5,45.0,0,4.56,23.5,0.2,0.333,100.0,2,1,0.4168,Estabilizado,Operação Normal
2026-08-18T02:17:18.150100,574A-10,602,1,LGO. CAMBUCI,AMERICANÓPOLIS,1,23:16,4,15.0,4,20.0,21.27,21.49,0.0,10000,2.06,800,3.0,22.5,45.0,0,4.56,23.5,0.2,1.0,62.5,5,1,0.2564,Estabilizado,Operação Normal
2026-08-18T02:17:18.150100,971D-10,709,1,SHOP. CENTER NORTE,JD. DAMASCENO,1,23:16,5,12.0,5,20.0,21.27,21.49,0.0,10000,2.06,800,3.0,22.5,45.0,0,4.56,23.5,0.2,1.0,60.0,6,1,0.2501,Estabilizado,Operação Normal
2026-08-18T02:17:18.150100,6080-10,1168,1,SHOP. INTERLAGOS,JD. LUCÉLIA,1,23:16,2,30.0,2,20.0,21.27,21.49,0.0,10000,2.06,800,3.0,22.5,45.0,0,4.56,23.5,0.2,0.667,75.0,3,1,0.3209,Estabilizado,Operação Normal
2026-08-18T02:17:18.150100,695V-10,32776,2,METRÔ ANA ROSA,TERM. CAPELINHA,1,23:16,3,20.0,3,20.0,21.27,21.49,0.0,10000,2.06,800,3.0,22.5,45.0,0,4.56,23.5,0.2,1.0,66.67,4,1,0.2668,Estabilizado,Operação Normal
2026-08-18T02:17:18.150100,6817-10,32795,2,TERM. CAPELINHA,JD. SÃO BENTO,1,23:16,2,30.0,2,20.0,21.27,21.49,0.0,10000,2.06,800,3.0,22.5,45.0,0,4.56,23.5,0.2,0.667,75.0,3,1,0.3209,Estabilizado,Operação Normal
2026-08-18T02:17:18.150100,2711-10,33693,2,METRÔ PATRIARCA,PONTE RASA,1,23:16,1,60.0,1,20.0,21.27,21.49,0.0,10000,2.06,800,3.0,22.5,45.0,0,4.56,23.5,0.2,0.333,100.0,2,1,0.4168,Estabilizado,Operação Normal
2026-08-18T02:17:18.150100,748A-10,498,1,LAPA,JD. D'ABRIL,1,23:16,2,30.0,2,20.0,21.27,21.49,0.0,10000,2.06,800,3.0,22.5,45.0,0,4.56,23.5,0.2,0.667,75.0,3,1,0.3209,Estabilizado,Operação Normal
2026-08-18T02:17:18.150100,2727-10,942,1,CONJ. A. E. CARVALHO,METRÔ ARTUR ALVIM,1,23:16,4,15.0,4,20.0,21.27,21.49,0.0,10000,2.06,800,3.0,22.5,45.0,0,4.56,23.5,0.2,1.0,62.5,5,1,0.2564,Estabilizado,Operação Normal
2026-08-18T02:17:18.150100,3112-10,33848,2,METRÔ BELÉM,VL. INDUSTRIAL,1,23:16,4,15.0,4,20.0,21.27,21.49,0.0,10000,2.06,800,3.0,22.5,45.0,0,4.56,23.5,0.2,1.0,62.5,5,1,0.2564,Estabilizado,Operação Normal
2026-08-18T02:17:18.150100,5107-10,1659,1,PÇA. DO CORREIO,TERM. SACOMÃ,1,23:16,3,20.0,3,20.0,21.27,21.49,0.0,10000,2.06,800,3.0,22.5,45.0,0,4.56,23.5,0.2,1.0,66.67,4,1,0.2668,Estabilizado,Operação Normal
2026-08-18T02:17:18.150100,736G-10,33548,2,SHOP. MORUMBI,JD. INGÁ,1,23:16,2,30.0,2,20.0,21.27,21.49,0.0,10000,2.06,800,3.0,22.5,45.0,0,4.56,23.5,0.2,0.667,75.0,3,1,0.3209,Estabilizado,Operação Normal
2026-08-18T02:17:18.150100,2710-10,33692,2,BURGO PAULISTA,METRÔ PATRIARCA,1,23:16,1,60.0,1,20.0,21.27,21.49,0.0,10000,2.06,800,3.0,22.5,45.0,0,4.56,23.5,0.2,0.333,100.0,2,1,0.4168,Estabilizado,Operação Normal
2026-08-18T02:17:18.150100,4005-10,34947,2,BARRO BRANCO,TERM. CID. TIRADENTES,1,23:16,1,60.0,1,20.0,21.27,21.49,0.0,10000,2.06,800,3.0,22.5,45.0,0,4.56,23.5,0.2,0.333,100.0,2,1,0.4168,Estabilizado,Operação Normal
2026-08-18T02:17:18.150100,273N-10,33158,2,METRÔ VL. MATILDE,CID. KEMEL II,1,23:16,5,12.0,5,20.0,21.27,21.49,0.0,10000,2.06,800,3.0,22.5,45.0,0,4.56,23.5,0.2,1.0,60.0,6,1,0.2501,Estabilizado,Operação Normal
2026-08-18T02:17:18.150100,N402-11,35126,2,TERM. VL. CARRÃO,METRÔ ITAQUERA,1,23:16,1,60.0,1,20.0,21.27,21.49,0.0,10000,2.06,800,3.0,22.5,45.0,0,4.56,23.5,0.2,0.333,100.0,2,1,0.4168,Estabilizado,Operação Normal
2026-08-18T02:17:18.150100,4007-10,2181,1,TERM. VL. CARRÃO,COHAB JUSCELINO,1,23:16,2,30.0,2,20.0,21.27,21.49,0.0,10000,2.06,800,3.0,22.5,45.0,0,4.56,23.5,0.2,0.667,75.0,3,1,0.3209,Estabilizado,Operação Normal
2026-08-18T02:17:18.150100,7001-10,34490,2,JD. ÂNGELA,VL. GILDA,1,23:16,2,30.0,2,20.0,21.27,21.49,0.0,10000,2.06,800,3.0,22.5,45.0,0,4.56,23.5,0.2,0.667,75.0,3,1,0.3209,Estabilizado,Operação Normal
2026-08-18T02:17:18.150100,4021-10,2548,1,VL. CHUCA,METRÔ ITAQUERA,1,23:16,3,20.0,3,20.0,21.27,21.49,0.0,10000,2.06,800,3.0,22.5,45.0,0,4.56,23.5,0.2,1.0,66.67,4,1,0.2668,Estabilizado,Operação Normal
2026-08-18T02:17:18.150100,3725-41,1531,1,VL. ARICANDUVA,METRÔ VL. MATILDE,1,23:16,2,30.0,2,20.0,21.27,21.49,0.0,10000,2.06,800,3.0,22.5,45.0,0,4.56,23.5,0.2,0.667,75.0,3,1,0.3209,Estabilizado,Operação Normal
2026-08-18T02:17:18.150100,6053-10,1145,1,TERM. GRAJAÚ,JD. ELLUS,1,23:16,1,60.0,1,20.0,21.27,21.49,0.0,10000,2.06,800,3.0,22.5,45.0,0,4.56,23.5,0.2,0.333,100.0,2,1,0.4168,Estabilizado,Operação Normal
2026-08-18T02:17:18.150100,5290-10,597,1,TERM. PQ. D. PEDRO II,DIV. DIADEMA,1,23:16,3,20.0,3,20.0,21.27,21.49,0.0,10000,2.06,800,3.0,22.5,45.0,0,4.56,23.5,0.2,1.0,66.67,4,1,0.2668,Estabilizado,Operação Normal
2026-08-18T02:17:18.150100,847J-10,1342,1,JAGUARÉ,CITY JARAGUÁ,1,23:16,2,30.0,2,20.0,21.27,21.49,0.0,10000,2.06,800,3.0,22.5,45.0,0,4.56,23.5,0.2,0.667,75.0,3,1,0.3209,Estabilizado,Operação Normal
2026-08-18T02:17:18.150100,2728-10,33711,2,METRÔ PENHA,JD. DO CASTELO,1,23:16,3,20.0,3,20.0,21.27,21.49,0.0,10000,2.06,800,3.0,22.5,45.0,0,4.56,23.5,0.2,1.0,66.67,4,1,0.2668,Estabilizado,Operação Normal
2026-08-18T02:17:18.150100,8003-10,1253,1,TERM. LAPA,REMÉDIOS,1,23:16,1,60.0,1,20.0,21.27,21.49,0.0,10000,2.06,800,3.0,22.5,45.0,0,4.56,23.5,0.2,0.333,100.0,2,1,0.4168,Estabilizado,Operação Normal
2026-08-18T02:17:18.150100,2033-10,35267,2,SHOP. D,VL. SABRINA,1,23:16,3,20.0,3,20.0,21.27,21.49,0.0,10000,2.06,800,3.0,22.5,45.0,0,4.56,23.5,0.2,1.0,66.67,4,1,0.2668,Estabilizado,Operação Normal
2026-08-18T02:17:18.150100,6074-10,1161,1,EST. JURUBATUBA,JD. GAIVOTAS,1,23:16,2,30.0,2,20.0,21.27,21.49,0.0,10000,2.06,800,3.0,22.5,45.0,0,4.56,23.5,0.2,0.667,75.0,3,1,0.3209,Estabilizado,Operação Normal
2026-08-18T02:17:18.150100,9784-10,33595,2,METRÔ BARRA FUNDA,JD. DOS FRANCOS,1,23:16,3,20.0,3,20.0,21.27,21.49,0.0,10000,2.06,800,3.0,22.5,45.0,0,4.56,23.5,0.2,1.0,66.67,4,1,0.2668,Estabilizado,Operação Normal
2026-08-18T02:17:18.150100,342N-10,33771,2,CPTM GUAIANASES,COHAB JUSCELINO,1,23:16,1,60.0,1,20.0,21.27,21.49,0.0,10000,2.06,800,3.0,22.5,45.0,0,4.56,23.5,0.2,0.333,100.0,2,1,0.4168,Estabilizado,Operação Normal
2026-08-18T02:17:18.150100,2719-10,932,1,METRÔ VL. MATILDE,ERMELINO MATARAZZO,1,23:16,5,12.0,5,20.0,21.27,21.49,0.0,10000,2.06,800,3.0,22.5,45.0,0,4.56,23.5,0.2,1.0,60.0,6,1,0.2501,Estabilizado,Operação Normal
2026-08-18T02:17:18.150100,475R-10,33112,2,TERM. PQ. D. PEDRO II,JD. SÃO SAVÉRIO,1,23:16,4,15.0,4,20.0,21.27,21.49,0.0,10000,2.06,800,3.0,22.5,45.0,0,4.56,23.5,0.2,1.0,62.5,5,1,0.2564,Estabilizado,Operação Normal
2026-08-18T02:17:18.150100,2059-10,33028,2,CPTM GUAIANASES,SÃO MIGUEL,1,23:16,3,20.0,3,20.0,21.27,21.49,0.0,10000,2.06,800,3.0,22.5,45.0,0,4.56,23.5,0.2,1.0,66.67,4,1,0.2668,Estabilizado,Operação Normal
2026-08-18T02:17:18.150100,271F-10,33451,2,METRÔ BELÉM     ,CENTER NORTE,1,23:16,4,15.0,4,20.0,21.27,21.49,0.0,10000,2.06,800,3.0,22.5,45.0,0,4.56,23.5,0.2,1.0,62.5,5,1,0.2564,Estabilizado,Operação Normal
2026-08-18T02:17:18.150100,1018-10,33600,2,METRÔ SANTANA,VL. ROSA,1,23:16,3,20.0,3,20.0,21.27,21.49,0.0,10000,2.06,800,3.0,22.5,45.0,0,4.56,23.5,0.2,1.0,66.67,4,1,0.2668,Estabilizado,Operação Normal
2026-08-18T02:17:18.150100,2079-10,33138,2,CPTM ITAIM PAULISTA,JD. NÉLIA,1,23:16,2,30.0,2,20.0,21.27,21.49,0.0,10000,2.06,800,3.0,22.5,45.0,0,4.56,23.5,0.2,0.667,75.0,3,1,0.3209,Estabilizado,Operação Normal
2026-08-18T02:17:18.150100,2724-10,33706,2,CONJ. ARAUCÁRIA,METRÔ ARTUR ALVIM,1,23:16,3,20.0,3,20.0,21.27,21.49,0.0,10000,2.06,800,3.0,22.5,45.0,0,4.56,23.5,0.2,1.0,66.67,4,1,0.2668,Estabilizado,Operação Normal
2026-08-18T02:17:18.150100,577T-10,1291,1,METRÔ ANA ROSA,JD. MIRIAM,1,23:16,2,30.0,2,20.0,21.27,21.49,0.0,10000,2.06,800,3.0,22.5,45.0,0,4.56,23.5,0.2,0.667,75.0,3,1,0.3209,Estabilizado,Operação Normal
2026-08-18T02:17:18.150100,7004-21,35351,2,VL. DO SOL,TERM. JD. JACIRA,1,23:16,2,30.0,2,20.0,21.27,21.49,0.0,10000,2.06,800,3.0,22.5,45.0,0,4.56,23.5,0.2,0.667,75.0,3,1,0.3209,Estabilizado,Operação Normal
2026-08-18T02:17:18.150100,8026-10,34851,2,TERM. VL. SÔNIA,JD. INGÁ,1,23:16,3,20.0,3,20.0,21.27,21.49,0.0,10000,2.06,800,3.0,22.5,45.0,0,4.56,23.5,0.2,1.0,66.67,4,1,0.2668,Estabilizado,Operação Normal
2026-08-18T02:17:18.150100,3742-10,33810,2,METRÔ ITAQUERA,JD. LARANJEIRA,1,23:16,3,20.0,3,20.0,21.27,21.49,0.0,10000,2.06,800,3.0,22.5,45.0,0,4.56,23.5,0.2,1.0,66.67,4,1,0.2668,Estabilizado,Operação Normal
2026-08-18T02:17:18.150100,5035-10,34436,2,TERM. SACOMÃ,VL. ARAPUÁ,1,23:16,2,30.0,2,20.0,21.27,21.49,0.0,10000,2.06,800,3.0,22.5,45.0,0,4.56,23.5,0.2,0.667,75.0,3,1,0.3209,Estabilizado,Operação Normal
2026-08-18T02:17:18.150100,407H-10,2197,1,METRÔ ITAQUERA,JD. SÃO FRANCISCO,1,23:16,4,15.0,4,20.0,21.27,21.49,0.0,10000,2.06,800,3.0,22.5,45.0,0,4.56,23.5,0.2,1.0,62.5,5,1,0.2564,Estabilizado,Operação Normal
2026-08-18T02:17:18.150100,6500-10,46,1,TERM. BANDEIRA,TERM. STO. AMARO,1,23:16,2,30.0,2,20.0,21.27,21.49,0.0,10000,2.06,800,3.0,22.5,45.0,0,4.56,23.5,0.2,0.667,75.0,3,1,0.3209,Estabilizado,Operação Normal
2026-08-18T02:17:18.150100,7053-10,1887,1,TERM. CAMPO LIMPO,JD. MACEDÔNIA,1,23:16,1,60.0,1,20.0,21.27,21.49,0.0,10000,2.06,800,3.0,22.5,45.0,0,4.56,23.5,0.2,0.333,100.0,2,1,0.4168,Estabilizado,Operação Normal
2026-08-18T02:17:18.150100,172Y-10,862,1,METRÔ BELÉM,VL. CONSTANÇA,1,23:16,3,20.0,3,20.0,21.27,21.49,0.0,10000,2.06,800,3.0,22.5,45.0,0,4.56,23.5,0.2,1.0,66.67,4,1,0.2668,Estabilizado,Operação Normal
2026-08-18T02:17:18.150100,957T-10,464,1,VL. OLÍMPIA,COHAB TAIPAS,1,23:16,2,30.0,2,20.0,21.27,21.49,0.0,10000,2.06,800,3.0,22.5,45.0,0,4.56,23.5,0.2,0.667,75.0,3,1,0.3209,Estabilizado,Operação Normal
2026-08-18T02:17:18.150100,6075-10,33930,2,TERM. VARGINHA,JD. REC. CAMPO BELO,1,23:16,3,20.0,3,20.0,21.27,21.49,0.0,10000,2.06,800,3.0,22.5,45.0,0,4.56,23.5,0.2,1.0,66.67,4,1,0.2668,Estabilizado,Operação Normal
2026-08-18T02:17:18.150100,8055-51,417,1,METRÔ BARRA FUNDA,PERUS,1,23:16,4,15.0,4,20.0,21.27,21.49,0.0,10000,2.06,800,3.0,22.5,45.0,0,4.56,23.5,0.2,1.0,62.5,5,1,0.2564,Estabilizado,Operação Normal
2026-08-18T02:17:18.150100,476G-10,1111,1,IBIRAPUERA,JD. ELBA,1,23:16,2,30.0,2,20.0,21.27,21.49,0.0,10000,2.06,800,3.0,22.5,45.0,0,4.56,23.5,0.2,0.667,75.0,3,1,0.3209,Estabilizado,Operação Normal
2026-08-18T02:17:18.150100,407N-10,2169,1,METRÔ PENHA,TERM. CID. TIRADENTES,1,23:16,2,30.0,2,20.0,21.27,21.49,0.0,10000,2.06,800,3.0,22.5,45.0,0,4.56,23.5,0.2,0.667,75.0,3,1,0.3209,Estabilizado,Operação Normal
2026-08-18T02:17:18.150100,5141-10,34393,2,PÇA. DO CORREIO,TERM. SAPOPEMBA,1,23:16,4,15.0,4,20.0,21.27,21.49,0.0,10000,2.06,800,3.0,22.5,45.0,0,4.56,23.5,0.2,1.0,62.5,5,1,0.2564,Estabilizado,Operação Normal
2026-08-18T02:17:18.150100,6063-42,2002,1,TERM. EST. VARGINHA,CHÁC. STO. AMARO,1,23:16,6,10.0,6,20.0,21.27,21.49,0.0,10000,2.06,800,3.0,22.5,45.0,0,4.56,23.5,0.2,1.0,58.33,7,1,0.246,Estabilizado,Operação Normal
2026-08-18T02:17:18.150100,1738-10,672,1,METRÔ SANTANA,VL. CONSTANÇA,1,23:16,2,30.0,2,20.0,21.27,21.49,0.0,10000,2.06,800,3.0,22.5,45.0,0,4.56,23.5,0.2,0.667,75.0,3,1,0.3209,Estabilizado,Operação Normal
2026-08-18T02:17:18.150100,5702-10,1137,1,METRÔ JABAQUARA,REFÚGIO STA. TEREZINHA,1,23:16,1,60.0,1,20.0,21.27,21.49,0.0,10000,2.06,800,3.0,22.5,45.0,0,4.56,23.5,0.2,0.333,100.0,2,1,0.4168,Estabilizado,Operação Normal
2026-08-18T02:17:18.150100,6110-10,1184,1,AEROPORTO,CONJ. HAB. PALMARES,1,23:16,4,15.0,4,20.0,21.27,21.49,0.0,10000,2.06,800,3.0,22.5,45.0,0,4.56,23.5,0.2,1.0,62.5,5,1,0.2564,Estabilizado,Operação Normal
2026-08-18T02:17:18.150100,3004-10,1798,1,CPTM VL. MARA/ITAIM,JD. SÃO MARTINHO,1,23:16,1,60.0,1,20.0,21.27,21.49,0.0,10000,2.06,800,3.0,22.5,45.0,0,4.56,23.5,0.2,0.333,100.0,2,1,0.4168,Estabilizado,Operação Normal
2026-08-18T02:17:18.150100,778J-41,34254,2,METRÔ BARRA FUNDA,COHAB RAPOSO TAVARES,1,23:16,3,20.0,3,20.0,21.27,21.49,0.0,10000,2.06,800,3.0,22.5,45.0,0,4.56,23.5,0.2,1.0,66.67,4,1,0.2668,Estabilizado,Operação Normal
2026-08-18T02:17:18.150100,2770-10,33011,2,METRÔ VL. MATILDE,CPTM JOSÉ BONIFÁCIO,1,23:16,3,20.0,3,20.0,21.27,21.49,0.0,10000,2.06,800,3.0,22.5,45.0,0,4.56,23.5,0.2,1.0,66.67,4,1,0.2668,Estabilizado,Operação Normal
2026-08-18T02:17:18.150100,1743-10,543,1,SHOP. D,JD. PERY ALTO,1,23:16,4,15.0,4,20.0,21.27,21.49,0.0,10000,2.06,800,3.0,22.5,45.0,0,4.56,23.5,0.2,1.0,62.5,5,1,0.2564,Estabilizado,Operação Normal
2026-08-18T02:17:18.150100,6836-10,13,1,TERM. JOÃO DIAS,CAPÃO REDONDO,1,23:16,1,60.0,1,20.0,21.27,21.49,0.0,10000,2.06,800,3.0,22.5,45.0,0,4.56,23.5,0.2,0.333,100.0,2,1,0.4168,Estabilizado,Operação Normal
2026-08-18T02:17:18.150100,172X-10,33629,2,METRÔ TATUAPÉ,PQ. NOVO MUNDO,1,23:16,4,15.0,4,20.0,21.27,21.49,0.0,10000,2.06,800,3.0,22.5,45.0,0,4.56,23.5,0.2,1.0,62.5,5,1,0.2564,Estabilizado,Operação Normal
2026-08-18T02:17:18.150100,6039-10,1217,1,STO. AMARO,VALO VELHO,1,23:16,2,30.0,2,20.0,21.27,21.49,0.0,10000,2.06,800,3.0,22.5,45.0,0,4.56,23.5,0.2,0.667,75.0,3,1,0.3209,Estabilizado,Operação Normal
2026-08-18T02:17:18.150100,7052-10,34654,2,TERM. CAMPO LIMPO,JD. HELGA,1,23:16,2,30.0,2,20.0,21.27,21.49,0.0,10000,2.06,800,3.0,22.5,45.0,0,4.56,23.5,0.2,0.667,75.0,3,1,0.3209,Estabilizado,Operação Normal
2026-08-18T02:17:18.150100,2678-10,383,1,TERM. PQ. D. PEDRO II,OLIVEIRINHA,1,23:16,4,15.0,4,20.0,21.27,21.49,0.0,10000,2.06,800,3.0,22.5,45.0,0,4.56,23.5,0.2,1.0,62.5,5,1,0.2564,Estabilizado,Operação Normal
2026-08-18T02:17:18.150100,4052-10,34913,2,METRÔ ITAQUERA,CPTM GUAIANASES,1,23:16,2,30.0,2,20.0,21.27,21.49,0.0,10000,2.06,800,3.0,22.5,45.0,0,4.56,23.5,0.2,0.667,75.0,3,1,0.3209,Estabilizado,Operação Normal
2026-08-18T02:17:18.150100,2767-10,241,1,METRÔ TATUAPÉ,CID. PEDRO JOSÉ NUNES,1,23:16,2,30.0,2,20.0,21.27,21.49,0.0,10000,2.06,800,3.0,22.5,45.0,0,4.56,23.5,0.2,0.667,75.0,3,1,0.3209,Estabilizado,Operação Normal
2026-08-18T02:17:18.150100,374M-10,34733,2,METRÔ ITAQUERA,CPTM ERMELINO MATARAZZO,1,23:16,2,30.0,2,20.0,21.27,21.49,0.0,10000,2.06,800,3.0,22.5,45.0,0,4.56,23.5,0.2,0.667,75.0,3,1,0.3209,Estabilizado,Operação Normal
2026-08-18T02:17:18.150100,8008-10,34026,2,TERM. PIRITUBA,HAB. TURÍSTICA,1,23:16,3,20.0,3,20.0,21.27,21.49,0.0,10000,2.06,800,3.0,22.5,45.0,0,4.56,23.5,0.2,1.0,66.67,4,1,0.2668,Estabilizado,Operação Normal
2026-08-18T02:17:18.150100,8100-10,34030,2,TERM. LAPA,TERM. PIRITUBA,1,23:16,2,30.0,2,20.0,21.27,21.49,0.0,10000,2.06,800,3.0,22.5,45.0,0,4.56,23.5,0.2,0.667,75.0,3,1,0.3209,Estabilizado,Operação Normal
2026-08-18T02:17:18.150100,7005-10,1998,1,JD. ÂNGELA,JD. VERA CRUZ,1,23:16,1,60.0,1,20.0,21.27,21.49,0.0,10000,2.06,800,3.0,22.5,45.0,0,4.56,23.5,0.2,0.333,100.0,2,1,0.4168,Estabilizado,Operação Normal
2026-08-18T02:17:18.150100,2009-10,33666,2,CPTM GUAIANASES,JD. ROBRU,1,23:16,3,20.0,3,20.0,21.27,21.49,0.0,10000,2.06,800,3.0,22.5,45.0,0,4.56,23.5,0.2,1.0,66.67,4,1,0.2668,Estabilizado,Operação Normal
2026-08-18T02:17:18.150100,847P-10,33191,2,VL. OLÍMPIA,TERM. PIRITUBA,1,23:16,6,10.0,6,20.0,21.27,21.49,0.0,10000,2.06,800,3.0,22.5,45.0,0,4.56,23.5,0.2,1.0,58.33,7,1,0.246,Estabilizado,Operação Normal
2026-08-18T02:17:18.150100,4718-10,336,1,METRÔ STA. CRUZ,JD. CELESTE,1,23:16,1,60.0,1,20.0,21.27,21.49,0.0,10000,2.06,800,3.0,22.5,45.0,0,4.56,23.5,0.2,0.333,100.0,2,1,0.4168,Estabilizado,Operação Normal
2026-08-18T02:17:18.150100,576M-10,604,1,PINHEIROS,VL. CLARA,1,23:16,3,20.0,3,20.0,21.27,21.49,0.0,10000,2.06,800,3.0,22.5,45.0,0,4.56,23.5,0.2,1.0,66.67,4,1,0.2668,Estabilizado,Operação Normal
2026-08-18T02:17:18.150100,675I-10,68,1,METRÔ SÃO JUDAS,TERM. JOÃO DIAS,1,23:16,3,20.0,3,20.0,21.27,21.49,0.0,10000,2.06,800,3.0,22.5,45.0,0,4.56,23.5,0.2,1.0,66.67,4,1,0.2668,Estabilizado,Operação Normal
2026-08-18T02:17:18.150100,8073-10,34849,2,TERM. VL. SÔNIA,JD. GUARAÚ,1,23:16,2,30.0,2,20.0,21.27,21.49,0.0,10000,2.06,800,3.0,22.5,45.0,0,4.56,23.5,0.2,0.667,75.0,3,1,0.3209,Estabilizado,Operação Normal
2026-08-18T02:17:18.150100,6039-21,2493,1,COHAB JD. SÃO BENTO,TERM. CAPELINHA,1,23:16,1,60.0,1,20.0,21.27,21.49,0.0,10000,2.06,800,3.0,22.5,45.0,0,4.56,23.5,0.2,0.333,100.0,2,1,0.4168,Estabilizado,Operação Normal
2026-08-18T02:17:18.150100,2030-10,35032,2,METRÔ SANTANA,LAUZANE PAULISTA,1,23:16,1,60.0,1,20.0,21.27,21.49,0.0,10000,2.06,800,3.0,22.5,45.0,0,4.56,23.5,0.2,0.333,100.0,2,1,0.4168,Estabilizado,Operação Normal
2026-08-18T02:17:18.150100,4035-10,2560,1,METRÔ ITAQUERA,GUAIANASES,1,23:16,1,60.0,1,20.0,21.27,21.49,0.0,10000,2.06,800,3.0,22.5,45.0,0,4.56,23.5,0.2,0.333,100.0,2,1,0.4168,Estabilizado,Operação Normal
2026-08-18T02:17:18.150100,8007-10,1257,1,TERM. PIRITUBA,HAB. TURÍSTICA,1,23:16,2,30.0,2,20.0,21.27,21.49,0.0,10000,2.06,800,3.0,22.5,45.0,0,4.56,23.5,0.2,0.667,75.0,3,1,0.3209,Estabilizado,Operação Normal
2026-08-18T02:17:18.150100,6116-10,1186,1,TERM. GRAJAÚ,JD. PRAINHA,1,23:16,1,60.0,1,20.0,21.27,21.49,0.0,10000,2.06,800,3.0,22.5,45.0,0,4.56,23.5,0.2,0.333,100.0,2,1,0.4168,Estabilizado,Operação Normal
2026-08-18T02:17:18.150100,8400-10,34033,2,PÇA. RAMOS DE AZEVEDO,TERM. PIRITUBA,1,23:16,2,30.0,2,20.0,21.27,21.49,0.0,10000,2.06,800,3.0,22.5,45.0,0,4.56,23.5,0.2,0.667,75.0,3,1,0.3209,Estabilizado,Operação Normal
2026-08-18T02:17:18.150100,4732-10,302,1,METRÔ SAÚDE,VL. LIVIERO,1,23:16,1,60.0,1,20.0,21.27,21.49,0.0,10000,2.06,800,3.0,22.5,45.0,0,4.56,23.5,0.2,0.333,100.0,2,1,0.4168,Estabilizado,Operação Normal
2026-08-18T02:17:18.150100,8084-10,2607,1,CID. UNIVERSITÁRIA,METRÔ BUTANTÃ,1,23:16,3,20.0,3,20.0,21.27,21.49,0.0,10000,2.06,800,3.0,22.5,45.0,0,4.56,23.5,0.2,1.0,66.67,4,1,0.2668,Estabilizado,Operação Normal
2026-08-18T02:17:18.150100,2732-10,33715,2,VL. REGINA,METRÔ ARTUR ALVIM,1,23:16,3,20.0,3,20.0,21.27,21.49,0.0,10000,2.06,800,3.0,22.5,45.0,0,4.56,23.5,0.2,1.0,66.67,4,1,0.2668,Estabilizado,Operação Normal
2026-08-18T02:17:18.150100,6031-10,32860,2,EST. MENDES/VL. NATAL,TERM. GRAJAÚ,1,23:16,1,60.0,1,20.0,21.27,21.49,0.0,10000,2.06,800,3.0,22.5,45.0,0,4.56,23.5,0.2,0.333,100.0,2,1,0.4168,Estabilizado,Operação Normal
2026-08-18T02:17:18.150100,938V-10,33581,2,METRÔ BARRA FUNDA,JD. VISTA ALEGRE,1,23:16,5,12.0,5,20.0,21.27,21.49,0.0,10000,2.06,800,3.0,22.5,45.0,0,4.56,23.5,0.2,1.0,60.0,6,1,0.2501,Estabilizado,Operação Normal
2026-08-18T02:17:18.150100,5025-10,1564,1,METRÔ TAMANDUATEÍ,JD. GUAIRACÁ,1,23:16,2,30.0,2,20.0,21.27,21.49,0.0,10000,2.06,800,3.0,22.5,45.0,0,4.56,23.5,0.2,0.667,75.0,3,1,0.3209,Estabilizado,Operação Normal
2026-08-18T02:17:18.150100,3027-10,33731,2,SHOP. ARICANDUVA,CPTM GUAIANASES,1,23:16,3,20.0,3,20.0,21.27,21.49,0.0,10000,2.06,800,3.0,22.5,45.0,0,4.56,23.5,0.2,1.0,66.67,4,1,0.2668,Estabilizado,Operação Normal
2026-08-18T02:17:18.150100,677Y-10,34008,2,TERM. CAPELINHA,JD. GUARUJÁ,1,23:16,1,60.0,1,20.0,21.27,21.49,0.0,10000,2.06,800,3.0,22.5,45.0,0,4.56,23.5,0.2,0.333,100.0,2,1,0.4168,Estabilizado,Operação Normal
2026-08-18T02:17:18.150100,5032-10,34430,2,TERM. SACOMÃ,VL. ARAPUÁ,1,23:16,3,20.0,3,20.0,21.27,21.49,0.0,10000,2.06,800,3.0,22.5,45.0,0,4.56,23.5,0.2,1.0,66.67,4,1,0.2668,Estabilizado,Operação Normal
2026-08-18T02:17:18.150100,2769-10,33165,2,METRÔ TATUAPÉ,JD. ROMANO,1,23:16,3,20.0,3,20.0,21.27,21.49,0.0,10000,2.06,800,3.0,22.5,45.0,0,4.56,23.5,0.2,1.0,66.67,4,1,0.2668,Estabilizado,Operação Normal
2026-08-18T02:17:18.150100,2711-10,925,1,METRÔ PATRIARCA,PONTE RASA,1,23:16,2,30.0,2,20.0,21.27,21.49,0.0,10000,2.06,800,3.0,22.5,45.0,0,4.56,23.5,0.2,0.667,75.0,3,1,0.3209,Estabilizado,Operação Normal
2026-08-18T02:17:18.150100,2772-10,398,1,METRÔ PENHA,JD. NAZARÉ,1,23:16,3,20.0,3,20.0,21.27,21.49,0.0,10000,2.06,800,3.0,22.5,45.0,0,4.56,23.5,0.2,1.0,66.67,4,1,0.2668,Estabilizado,Operação Normal
2026-08-18T02:17:18.150100,407M-10,33086,2,VL. MONUMENTO,METRÔ VL. MARIANA,1,23:16,2,30.0,2,20.0,21.27,21.49,0.0,10000,2.06,800,3.0,22.5,45.0,0,4.56,23.5,0.2,0.667,75.0,3,1,0.3209,Estabilizado,Operação Normal
2026-08-18T02:17:18.150100,746H-10,785,1,STO. AMARO,JD. JAQUELINE,1,23:16,3,20.0,3,20.0,21.27,21.49,0.0,10000,2.06,800,3.0,22.5,45.0,0,4.56,23.5,0.2,1.0,66.67,4,1,0.2668,Estabilizado,Operação Normal
2026-08-18T02:17:18.150100,9047-10,33651,2,LAPA,JD. PAULISTANO,1,23:16,4,15.0,4,20.0,21.27,21.49,0.0,10000,2.06,800,3.0,22.5,45.0,0,4.56,23.5,0.2,1.0,62.5,5,1,0.2564,Estabilizado,Operação Normal
2026-08-18T02:17:18.150100,297A-10,34901,2,METRÔ BARRA FUNDA,VL. SANTA MARIA,1,23:16,2,30.0,2,20.0,21.27,21.49,0.0,10000,2.06,800,3.0,22.5,45.0,0,4.56,23.5,0.2,0.667,75.0,3,1,0.3209,Estabilizado,Operação Normal
2026-08-18T02:17:18.150100,373M-10,33049,2,SHOP. METRÔ TATUAPÉ,JD. GUAIRACÁ,1,23:16,2,30.0,2,20.0,21.27,21.49,0.0,10000,2.06,800,3.0,22.5,45.0,0,4.56,23.5,0.2,0.667,75.0,3,1,0.3209,Estabilizado,Operação Normal
2026-08-18T02:17:18.150100,6815-10,25,1,TERM. CAPELINHA,JD. COMERCIAL,1,23:16,1,60.0,1,20.0,21.27,21.49,0.0,10000,2.06,800,3.0,22.5,45.0,0,4.56,23.5,0.2,0.333,100.0,2,1,0.4168,Estabilizado,Operação Normal
2026-08-18T02:17:18.150100,4053-10,34914,2,CPTM GUAIANASES,GUAIANASES,1,23:16,2,30.0,2,20.0,21.27,21.49,0.0,10000,2.06,800,3.0,22.5,45.0,0,4.56,23.5,0.2,0.667,75.0,3,1,0.3209,Estabilizado,Operação Normal
2026-08-18T02:17:18.150100,8082-10,2605,1,METRÔ BUTANTÃ,CID. UNIVERSITÁRIA,1,23:16,3,20.0,3,20.0,21.27,21.49,0.0,10000,2.06,800,3.0,22.5,45.0,0,4.56,23.5,0.2,1.0,66.67,4,1,0.2668,Estabilizado,Operação Normal
2026-08-18T02:17:18.150100,5143-10,1628,1,TERM. PQ. D. PEDRO II,TERM. SAPOPEMBA,1,23:16,2,30.0,2,20.0,21.27,21.49,0.0,10000,2.06,800,3.0,22.5,45.0,0,4.56,23.5,0.2,0.667,75.0,3,1,0.3209,Estabilizado,Operação Normal
2026-08-18T02:17:18.150100,5022-10,33888,2,JABAQUARA,VL. STA. MARGARIDA,1,23:16,1,60.0,1,20.0,21.27,21.49,0.0,10000,2.06,800,3.0,22.5,45.0,0,4.56,23.5,0.2,0.333,100.0,2,1,0.4168,Estabilizado,Operação Normal
2026-08-18T02:17:18.150100,8055-10,33182,2,LAPA,PERUS,1,23:16,2,30.0,2,20.0,21.27,21.49,0.0,10000,2.06,800,3.0,22.5,45.0,0,4.56,23.5,0.2,0.667,75.0,3,1,0.3209,Estabilizado,Operação Normal
2026-08-18T02:17:18.150100,271A-10,33470,2,METRÔ SANTANA,TERM. PENHA,1,23:16,4,15.0,4,20.0,21.27,21.49,0.0,10000,2.06,800,3.0,22.5,45.0,0,4.56,23.5,0.2,1.0,62.5,5,1,0.2564,Estabilizado,Operação Normal
2026-08-18T02:17:18.150100,5362-23,1860,1,VICENTE RAO,PQ. RES. COCAIA,1,23:16,1,60.0,1,20.0,21.27,21.49,0.0,10000,2.06,800,3.0,22.5,45.0,0,4.56,23.5,0.2,0.333,100.0,2,1,0.4168,Estabilizado,Operação Normal
2026-08-18T02:17:18.150100,1771-10,634,1,METRÔ SANTANA,JD. FONTÁLIS,1,23:16,3,20.0,3,20.0,21.27,21.49,0.0,10000,2.06,800,3.0,22.5,45.0,0,4.56,23.5,0.2,1.0,66.67,4,1,0.2668,Estabilizado,Operação Normal
2026-08-18T02:17:18.150100,3728-10,1025,1,PQ. SAVOY CITY,METRÔ ARTUR ALVIM,1,23:16,1,60.0,1,20.0,21.27,21.49,0.0,10000,2.06,800,3.0,22.5,45.0,0,4.56,23.5,0.2,0.333,100.0,2,1,0.4168,Estabilizado,Operação Normal
2026-08-18T02:17:18.150100,877T-10,1381,1,METRÔ PARAÍSO,VL. ANASTÁCIO,1,23:16,2,30.0,2,20.0,21.27,21.49,0.0,10000,2.06,800,3.0,22.5,45.0,0,4.56,23.5,0.2,0.667,75.0,3,1,0.3209,Estabilizado,Operação Normal
2026-08-18T02:17:18.150100,675I-10,32836,2,METRÔ SÃO JUDAS,TERM. JOÃO DIAS,1,23:16,2,30.0,2,20.0,21.27,21.49,0.0,10000,2.06,800,3.0,22.5,45.0,0,4.56,23.5,0.2,0.667,75.0,3,1,0.3209,Estabilizado,Operação Normal
2026-08-18T02:17:18.150100,778J-41,1486,1,METRÔ BARRA FUNDA,COHAB RAPOSO TAVARES,1,23:16,2,30.0,2,20.0,21.27,21.49,0.0,10000,2.06,800,3.0,22.5,45.0,0,4.56,23.5,0.2,0.667,75.0,3,1,0.3209,Estabilizado,Operação Normal
2026-08-18T02:17:18.150100,1757-10,33316,2,METRÔ SANTANA ,CONJ. DOS BANCÁRIOS,1,23:16,3,20.0,3,20.0,21.27,21.49,0.0,10000,2.06,800,3.0,22.5,45.0,0,4.56,23.5,0.2,1.0,66.67,4,1,0.2668,Estabilizado,Operação Normal
2026-08-18T02:17:18.150100,272N-10,705,1,PQ. D. PEDRO II,PQ. NOVO MUNDO,1,23:16,3,20.0,3,20.0,21.27,21.49,0.0,10000,2.06,800,3.0,22.5,45.0,0,4.56,23.5,0.2,1.0,66.67,4,1,0.2668,Estabilizado,Operação Normal
2026-08-18T02:17:18.150100,695X-10,1441,1,METRÔ JABAQUARA,TERM. VARGINHA,1,23:16,5,12.0,5,20.0,21.27,21.49,0.0,10000,2.06,800,3.0,22.5,45.0,0,4.56,23.5,0.2,1.0,60.0,6,1,0.2501,Estabilizado,Operação Normal
2026-08-18T02:17:18.150100,N601-11,35160,2,TERM. PQ. D. PEDRO II,TERM. GRAJAÚ,1,23:16,2,30.0,2,20.0,21.27,21.49,0.0,10000,2.06,800,3.0,22.5,45.0,0,4.56,23.5,0.2,0.667,75.0,3,1,0.3209,Estabilizado,Operação Normal
2026-08-18T02:17:18.150100,6820-10,19,1,TERM. CAPELINHA,JD. DAS ROSAS,1,23:16,2,30.0,2,20.0,21.27,21.49,0.0,10000,2.06,800,3.0,22.5,45.0,0,4.56,23.5,0.2,0.667,75.0,3,1,0.3209,Estabilizado,Operação Normal
2026-08-18T02:17:18.150100,6042-10,1219,1,STO. AMARO,JD. TRÊS ESTRELAS,1,23:16,1,60.0,1,20.0,21.27,21.49,0.0,10000,2.06,800,3.0,22.5,45.0,0,4.56,23.5,0.2,0.333,100.0,2,1,0.4168,Estabilizado,Operação Normal
2026-08-18T02:17:18.150100,7063-10,1899,1,TERM. CAMPO LIMPO,JD. MACEDÔNIA,1,23:16,1,60.0,1,20.0,21.27,21.49,0.0,10000,2.06,800,3.0,22.5,45.0,0,4.56,23.5,0.2,0.333,100.0,2,1,0.4168,Estabilizado,Operação Normal
2026-08-18T02:17:18.150100,3721-10,1019,1,SHOP. ARICANDUVA,METRÔ ARTUR ALVIM,1,23:16,1,60.0,1,20.0,21.27,21.49,0.0,10000,2.06,800,3.0,22.5,45.0,0,4.56,23.5,0.2,0.333,100.0,2,1,0.4168,Estabilizado,Operação Normal
2026-08-18T02:17:18.150100,2025-10,2267,1,SANTANA,VL. NOVA GALVÃO,1,23:16,1,60.0,1,20.0,21.27,21.49,0.0,10000,2.06,800,3.0,22.5,45.0,0,4.56,23.5,0.2,0.333,100.0,2,1,0.4168,Estabilizado,Operação Normal
2026-08-18T02:17:18.150100,4716-10,33874,2,METRÔ STA. CRUZ,METRÔ TAMANDUATEÍ,1,23:16,2,30.0,2,20.0,21.27,21.49,0.0,10000,2.06,800,3.0,22.5,45.0,0,4.56,23.5,0.2,0.667,75.0,3,1,0.3209,Estabilizado,Operação Normal
2026-08-18T02:17:18.150100,5702-10,33905,2,METRÔ JABAQUARA,REFÚGIO STA. TEREZINHA,1,23:16,2,30.0,2,20.0,21.27,21.49,0.0,10000,2.06,800,3.0,22.5,45.0,0,4.56,23.5,0.2,0.667,75.0,3,1,0.3209,Estabilizado,Operação Normal
2026-08-18T02:17:18.150100,6826-10,16,1,TERM. CAPELINHA,JD. D. JOSÉ,1,23:16,1,60.0,1,20.0,21.27,21.49,0.0,10000,2.06,800,3.0,22.5,45.0,0,4.56,23.5,0.2,0.333,100.0,2,1,0.4168,Estabilizado,Operação Normal
2026-08-18T02:17:18.150100,8030-10,2562,1,TERM. VL. SÔNIA,PARAISÓPOLIS,1,23:16,2,30.0,2,20.0,21.27,21.49,0.0,10000,2.06,800,3.0,22.5,45.0,0,4.56,23.5,0.2,0.667,75.0,3,1,0.3209,Estabilizado,Operação Normal
2026-08-18T02:17:18.150100,2733-10,948,1,METRÔ ITAQUERA,PQ. GUARANI,1,23:16,2,30.0,2,20.0,21.27,21.49,0.0,10000,2.06,800,3.0,22.5,45.0,0,4.56,23.5,0.2,0.667,75.0,3,1,0.3209,Estabilizado,Operação Normal
2026-08-18T02:17:18.150100,2735-10,34689,2,METRÔ PENHA,JD. KERALUX,1,23:16,3,20.0,3,20.0,21.27,21.49,0.0,10000,2.06,800,3.0,22.5,45.0,0,4.56,23.5,0.2,1.0,66.67,4,1,0.2668,Estabilizado,Operação Normal
2026-08-18T02:17:18.150100,4037-10,2588,1,CIRCULAR,TERM. VL. CARRÃO,1,23:16,1,60.0,1,20.0,21.27,21.49,0.0,10000,2.06,800,3.0,22.5,45.0,0,4.56,23.5,0.2,0.333,100.0,2,1,0.4168,Estabilizado,Operação Normal
2026-08-18T02:17:18.150100,9653-10,588,1,PÇA. DO CORREIO,PEDRA BRANCA,1,23:16,4,15.0,4,20.0,21.27,21.49,0.0,10000,2.06,800,3.0,22.5,45.0,0,4.56,23.5,0.2,1.0,62.5,5,1,0.2564,Estabilizado,Operação Normal
2026-08-18T02:17:18.150100,2583-10,375,1,TERM. ARICANDUVA,VL. CURUÇÁ,1,23:16,3,20.0,3,20.0,21.27,21.49,0.0,10000,2.06,800,3.0,22.5,45.0,0,4.56,23.5,0.2,1.0,66.67,4,1,0.2668,Estabilizado,Operação Normal
2026-08-18T02:17:18.150100,6291-10,33126,2,TERM. BANDEIRA,INOCOOP CAMPO LIMPO,1,23:16,3,20.0,3,20.0,21.27,21.49,0.0,10000,2.06,800,3.0,22.5,45.0,0,4.56,23.5,0.2,1.0,66.67,4,1,0.2668,Estabilizado,Operação Normal
2026-08-18T02:17:18.150100,817C-10,1337,1,HOSP. DAS CLÍNICAS,LAPA,1,23:16,1,60.0,1,20.0,21.27,21.49,0.0,10000,2.06,800,3.0,22.5,45.0,0,4.56,23.5,0.2,0.333,100.0,2,1,0.4168,Estabilizado,Operação Normal
2026-08-18T02:17:18.150100,3002-10,34576,2,SÃO MIGUEL,JD. MABEL,1,23:16,2,30.0,2,20.0,21.27,21.49,0.0,10000,2.06,800,3.0,22.5,45.0,0,4.56,23.5,0.2,0.667,75.0,3,1,0.3209,Estabilizado,Operação Normal
2026-08-18T02:17:18.150100,719P-10,34140,2,TERM. PRINC. ISABEL,TERM. PINHEIROS,1,23:16,2,30.0,2,20.0,21.27,21.49,0.0,10000,2.06,800,3.0,22.5,45.0,0,4.56,23.5,0.2,0.667,75.0,3,1,0.3209,Estabilizado,Operação Normal
2026-08-18T02:17:18.150100,9191-10,33578,2,BOM RETIRO,JD. ELISA MARIA,1,23:16,3,20.0,3,20.0,21.27,21.49,0.0,10000,2.06,800,3.0,22.5,45.0,0,4.56,23.5,0.2,1.0,66.67,4,1,0.2668,Estabilizado,Operação Normal
2026-08-18T02:17:18.150100,7550-10,2093,1,METRÔ STA. CECÍLIA,TERM. STO. AMARO,1,23:16,3,20.0,3,20.0,21.27,21.49,0.0,10000,2.06,800,3.0,22.5,45.0,0,4.56,23.5,0.2,1.0,66.67,4,1,0.2668,Estabilizado,Operação Normal
2026-08-18T02:17:18.150100,7016-10,2118,1,TERM. STO. AMARO,JD. ÂNGELA,1,23:16,4,15.0,4,20.0,21.27,21.49,0.0,10000,2.06,800,3.0,22.5,45.0,0,4.56,23.5,0.2,1.0,62.5,5,1,0.2564,Estabilizado,Operação Normal
2026-08-18T02:17:18.150100,4018-10,2191,1,TERM. SÃO MATEUS,METALÚRGICOS,1,23:16,2,30.0,2,20.0,21.27,21.49,0.0,10000,2.06,800,3.0,22.5,45.0,0,4.56,23.5,0.2,0.667,75.0,3,1,0.3209,Estabilizado,Operação Normal
2026-08-18T02:17:18.150100,PAEC-10,1422,1,PAESE CPTM IDA,PAESE CPTM VOLTA,1,23:16,2,30.0,2,20.0,21.27,21.49,0.0,10000,2.06,800,3.0,22.5,45.0,0,4.56,23.5,0.2,0.667,75.0,3,1,0.3209,Estabilizado,Operação Normal
2026-08-18T02:17:18.150100,9012-10,1268,1,TERM. LAPA,ITABERABA,1,23:16,1,60.0,1,20.0,21.27,21.49,0.0,10000,2.06,800,3.0,22.5,45.0,0,4.56,23.5,0.2,0.333,100.0,2,1,0.4168,Estabilizado,Operação Normal
2026-08-18T02:17:18.150100,1783-10,33412,2,METRÔ SANTANA,CACHOEIRA,1,23:16,4,15.0,4,20.0,21.27,21.49,0.0,10000,2.06,800,3.0,22.5,45.0,0,4.56,23.5,0.2,1.0,62.5,5,1,0.2564,Estabilizado,Operação Normal
2026-08-18T02:17:18.150100,8017-10,1261,1,TERM. PIRITUBA,CPTM VL. AURORA,1,23:16,2,30.0,2,20.0,21.27,21.49,0.0,10000,2.06,800,3.0,22.5,45.0,0,4.56,23.5,0.2,0.667,75.0,3,1,0.3209,Estabilizado,Operação Normal
2026-08-18T02:17:18.150100,1019-10,35263,2,TERM. PIRITUBA,SOL NASCENTE,1,23:16,2,30.0,2,20.0,21.27,21.49,0.0,10000,2.06,800,3.0,22.5,45.0,0,4.56,23.5,0.2,0.667,75.0,3,1,0.3209,Estabilizado,Operação Normal
2026-08-18T02:17:18.150100,2709-31,923,1,VL. UNIÃO,METRÔ PATRIARCA,1,23:16,1,60.0,1,20.0,21.27,21.49,0.0,10000,2.06,800,3.0,22.5,45.0,0,4.56,23.5,0.2,0.333,100.0,2,1,0.4168,Estabilizado,Operação Normal
2026-08-18T02:17:18.150100,6500-10,32814,2,TERM. BANDEIRA,TERM. STO. AMARO,1,23:16,4,15.0,4,20.0,21.27,21.49,0.0,10000,2.06,800,3.0,22.5,45.0,0,4.56,23.5,0.2,1.0,62.5,5,1,0.2564,Estabilizado,Operação Normal
2026-08-18T02:17:18.150100,5131-10,34050,2,PQ. D. PEDRO II,CID. ADEMAR,1,23:16,3,20.0,3,20.0,21.27,21.49,0.0,10000,2.06,800,3.0,22.5,45.0,0,4.56,23.5,0.2,1.0,66.67,4,1,0.2668,Estabilizado,Operação Normal
2026-08-18T02:17:18.150100,7282-10,471,1,PÇA. RAMOS DE AZEVEDO,PQ. CONTINENTAL,1,23:16,2,30.0,2,20.0,21.27,21.49,0.0,10000,2.06,800,3.0,22.5,45.0,0,4.56,23.5,0.2,0.667,75.0,3,1,0.3209,Estabilizado,Operação Normal
2026-08-18T02:17:18.150100,6076-41,34754,2,TERM. STO. AMARO,JD. SATÉLITE II,1,23:16,1,60.0,1,20.0,21.27,21.49,0.0,10000,2.06,800,3.0,22.5,45.0,0,4.56,23.5,0.2,0.333,100.0,2,1,0.4168,Estabilizado,Operação Normal
2026-08-18T02:17:18.150100,3134-10,993,1,METRÔ TAMANDUATEÍ,SHOP. ARICANDUVA,1,23:16,2,30.0,2,20.0,21.27,21.49,0.0,10000,2.06,800,3.0,22.5,45.0,0,4.56,23.5,0.2,0.667,75.0,3,1,0.3209,Estabilizado,Operação Normal
2026-08-18T02:17:18.150100,5010-10,1114,1,STO. AMARO,JABAQUARA,1,23:16,3,20.0,3,20.0,21.27,21.49,0.0,10000,2.06,800,3.0,22.5,45.0,0,4.56,23.5,0.2,1.0,66.67,4,1,0.2668,Estabilizado,Operação Normal
2026-08-18T02:17:18.150100,4735-10,33878,2,JD. VERA CRUZ,SÃO MATEUS  ,1,23:16,2,30.0,2,20.0,21.27,21.49,0.0,10000,2.06,800,3.0,22.5,45.0,0,4.56,23.5,0.2,0.667,75.0,3,1,0.3209,Estabilizado,Operação Normal
2026-08-18T02:17:18.150100,N740-11,2421,1,JD. RIVIERA,TERM. JD. ÂNGELA,1,23:16,1,60.0,1,20.0,21.27,21.49,0.0,10000,2.06,800,3.0,22.5,45.0,0,4.56,23.5,0.2,0.333,100.0,2,1,0.4168,Estabilizado,Operação Normal
2026-08-18T02:17:18.150100,6045-21,34932,2,CHÁC. STA. MARIA,TERM. CAPELINHA,1,23:16,2,30.0,2,20.0,21.27,21.49,0.0,10000,2.06,800,3.0,22.5,45.0,0,4.56,23.5,0.2,0.667,75.0,3,1,0.3209,Estabilizado,Operação Normal
2026-08-18T02:17:18.150100,8300-1,2507,1,TERM. LAPA,TERM. PIRITUBA,1,23:16,1,60.0,1,20.0,21.27,21.49,0.0,10000,2.06,800,3.0,22.5,45.0,0,4.56,23.5,0.2,0.333,100.0,2,1,0.4168,Estabilizado,Operação Normal
2026-08-18T02:17:18.150100,748A-10,33266,2,LAPA,JD. D'ABRIL,1,23:16,2,30.0,2,20.0,21.27,21.49,0.0,10000,2.06,800,3.0,22.5,45.0,0,4.56,23.5,0.2,0.667,75.0,3,1,0.3209,Estabilizado,Operação Normal
2026-08-18T02:17:18.150100,746V-10,33560,2,HOSP. CAMPO LIMPO,JD. REBOUÇAS,1,23:16,3,20.0,3,20.0,21.27,21.49,0.0,10000,2.06,800,3.0,22.5,45.0,0,4.56,23.5,0.2,1.0,66.67,4,1,0.2668,Estabilizado,Operação Normal
2026-08-18T02:17:18.150100,6016-10,84,1,TERM. GRAJAÚ,JD. NORONHA,1,23:16,2,30.0,2,20.0,21.27,21.49,0.0,10000,2.06,800,3.0,22.5,45.0,0,4.56,23.5,0.2,0.667,75.0,3,1,0.3209,Estabilizado,Operação Normal
2026-08-18T02:17:18.150100,3141-10,33502,2,TERM. PQ. D. PEDRO II,SÃO MATEUS,1,23:16,2,30.0,2,20.0,21.27,21.49,0.0,10000,2.06,800,3.0,22.5,45.0,0,4.56,23.5,0.2,0.667,75.0,3,1,0.3209,Estabilizado,Operação Normal
2026-08-18T02:17:18.150100,9301-10,33226,2,PÇA. DO CORREIO,TERM. CASA VERDE,1,23:16,1,60.0,1,20.0,21.27,21.49,0.0,10000,2.06,800,3.0,22.5,45.0,0,4.56,23.5,0.2,0.333,100.0,2,1,0.4168,Estabilizado,Operação Normal
2026-08-18T02:17:18.150100,4314-10,2174,1,TERM. PQ. D. PEDRO II,INÁCIO MONTEIRO,1,23:16,3,20.0,3,20.0,21.27,21.49,0.0,10000,2.06,800,3.0,22.5,45.0,0,4.56,23.5,0.2,1.0,66.67,4,1,0.2668,Estabilizado,Operação Normal
2026-08-18T02:17:18.150100,6120-10,33957,2,TERM. GRAJAÚ,JD. LUCÉLIA,1,23:16,1,60.0,1,20.0,21.27,21.49,0.0,10000,2.06,800,3.0,22.5,45.0,0,4.56,23.5,0.2,0.333,100.0,2,1,0.4168,Estabilizado,Operação Normal
2026-08-18T02:17:18.150100,2104-10,2255,1,TERM. PQ. D. PEDRO II,METRÔ SANTANA,1,23:16,1,60.0,1,20.0,21.27,21.49,0.0,10000,2.06,800,3.0,22.5,45.0,0,4.56,23.5,0.2,0.333,100.0,2,1,0.4168,Estabilizado,Operação Normal
2026-08-18T02:17:18.150100,6450-10,59,1,TERM. BANDEIRA,TERM. CAPELINHA,1,23:16,4,15.0,4,20.0,21.27,21.49,0.0,10000,2.06,800,3.0,22.5,45.0,0,4.56,23.5,0.2,1.0,62.5,5,1,0.2564,Estabilizado,Operação Normal
2026-08-18T02:17:18.150100,2008-10,897,1,CPTM ITAIM PAULISTA,JD. NSA. SRA. DO CAMINHO,1,23:16,1,60.0,1,20.0,21.27,21.49,0.0,10000,2.06,800,3.0,22.5,45.0,0,4.56,23.5,0.2,0.333,100.0,2,1,0.4168,Estabilizado,Operação Normal
2026-08-18T02:17:18.150100,1773-10,33405,2,MANDAQUI,CEM. PQ. DOS PINHEIROS,1,23:16,2,30.0,2,20.0,21.27,21.49,0.0,10000,2.06,800,3.0,22.5,45.0,0,4.56,23.5,0.2,0.667,75.0,3,1,0.3209,Estabilizado,Operação Normal
2026-08-18T02:17:18.150100,2435-10,210,1,TERM. ARICANDUVA,JD. COIMBRA,1,23:16,1,60.0,1,20.0,21.27,21.49,0.0,10000,2.06,800,3.0,22.5,45.0,0,4.56,23.5,0.2,0.333,100.0,2,1,0.4168,Estabilizado,Operação Normal
2026-08-18T02:17:18.150100,4030-10,1100,1,SHOP. ARICANDUVA,FAZENDA DA JUTA,1,23:16,2,30.0,2,20.0,21.27,21.49,0.0,10000,2.06,800,3.0,22.5,45.0,0,4.56,23.5,0.2,0.667,75.0,3,1,0.3209,Estabilizado,Operação Normal
2026-08-18T02:17:18.150100,4092-10,34644,2,SETOR IIB,TERM. CID. TIRADENTES,1,23:16,2,30.0,2,20.0,21.27,21.49,0.0,10000,2.06,800,3.0,22.5,45.0,0,4.56,23.5,0.2,0.667,75.0,3,1,0.3209,Estabilizado,Operação Normal
2026-08-18T02:17:18.150100,771P-10,506,1,TERM. PINHEIROS,JD. JOÃO XXIII,1,23:16,1,60.0,1,20.0,21.27,21.49,0.0,10000,2.06,800,3.0,22.5,45.0,0,4.56,23.5,0.2,0.333,100.0,2,1,0.4168,Estabilizado,Operação Normal
2026-08-18T02:17:18.150100,6232-10,483,1,METRÔ BARRA FUNDA,PINHEIROS/VILA IDA ,1,23:16,1,60.0,1,20.0,21.27,21.49,0.0,10000,2.06,800,3.0,22.5,45.0,0,4.56,23.5,0.2,0.333,100.0,2,1,0.4168,Estabilizado,Operação Normal
2026-08-18T02:17:18.150100,6451-10,32829,2,TERM. BANDEIRA,TERM. CAPELINHA,1,23:16,3,20.0,3,20.0,21.27,21.49,0.0,10000,2.06,800,3.0,22.5,45.0,0,4.56,23.5,0.2,1.0,66.67,4,1,0.2668,Estabilizado,Operação Normal
2026-08-18T02:17:18.150100,7060-10,1889,1,TERM. CAMPO LIMPO,VALO VELHO,1,23:16,3,20.0,3,20.0,21.27,21.49,0.0,10000,2.06,800,3.0,22.5,45.0,0,4.56,23.5,0.2,1.0,66.67,4,1,0.2668,Estabilizado,Operação Normal
2026-08-18T02:17:18.150100,3686-10,166,1,TERM. PQ. D. PEDRO II,JD. SÃO PAULO,1,23:16,3,20.0,3,20.0,21.27,21.49,0.0,10000,2.06,800,3.0,22.5,45.0,0,4.56,23.5,0.2,1.0,66.67,4,1,0.2668,Estabilizado,Operação Normal
2026-08-18T02:17:18.150100,695Y-42,35400,2,TERM. EST. VARGINHA,TERM. PARELHEIROS,1,23:16,1,60.0,1,20.0,21.27,21.49,0.0,10000,2.06,800,3.0,22.5,45.0,0,4.56,23.5,0.2,0.333,100.0,2,1,0.4168,Estabilizado,Operação Normal
2026-08-18T02:17:18.150100,211V-10,32922,2,PENHA,VL. PARANAGUÁ,1,23:16,3,20.0,3,20.0,21.27,21.49,0.0,10000,2.06,800,3.0,22.5,45.0,0,4.56,23.5,0.2,1.0,66.67,4,1,0.2668,Estabilizado,Operação Normal
2026-08-18T02:17:18.150100,7411-10,34144,2,PÇA. DA SÉ,CID. UNIVERSITÁRIA,1,23:16,1,60.0,1,20.0,21.27,21.49,0.0,10000,2.06,800,3.0,22.5,45.0,0,4.56,23.5,0.2,0.333,100.0,2,1,0.4168,Estabilizado,Operação Normal
2026-08-18T02:17:18.150100,695X-22,34389,2,SHOP. INTERLAGOS,TERM. VARGINHA,1,23:16,1,60.0,1,20.0,21.27,21.49,0.0,10000,2.06,800,3.0,22.5,45.0,0,4.56,23.5,0.2,0.333,100.0,2,1,0.4168,Estabilizado,Operação Normal
2026-08-18T02:17:18.150100,775V-10,475,1,ITAIM BIBI,RIO PEQUENO,1,23:16,2,30.0,2,20.0,21.27,21.49,0.0,10000,2.06,800,3.0,22.5,45.0,0,4.56,23.5,0.2,0.667,75.0,3,1,0.3209,Estabilizado,Operação Normal
2026-08-18T02:17:18.150100,4005-10,2179,1,BARRO BRANCO,TERM. CID. TIRADENTES,1,23:16,1,60.0,1,20.0,21.27,21.49,0.0,10000,2.06,800,3.0,22.5,45.0,0,4.56,23.5,0.2,0.333,100.0,2,1,0.4168,Estabilizado,Operação Normal
2026-08-18T02:17:18.150100,809U-21,35075,2,METRÔ VILA MADALENA,METRÔ BARRA FUNDA,1,23:16,2,30.0,2,20.0,21.27,21.49,0.0,10000,2.06,800,3.0,22.5,45.0,0,4.56,23.5,0.2,0.667,75.0,3,1,0.3209,Estabilizado,Operação Normal
2026-08-18T02:17:18.150100,7011-31,1954,1,JD. ÂNGELA,JD. DOS REIS,1,23:16,1,60.0,1,20.0,21.27,21.49,0.0,10000,2.06,800,3.0,22.5,45.0,0,4.56,23.5,0.2,0.333,100.0,2,1,0.4168,Estabilizado,Operação Normal
2026-08-18T02:17:18.150100,746R-10,790,1,STO. AMARO,REAL PQ.,1,23:16,1,60.0,1,20.0,21.27,21.49,0.0,10000,2.06,800,3.0,22.5,45.0,0,4.56,23.5,0.2,0.333,100.0,2,1,0.4168,Estabilizado,Operação Normal
2026-08-18T02:17:18.150100,8006-10,34024,2,TERM. PIRITUBA,JD. DONÁRIA,1,23:16,2,30.0,2,20.0,21.27,21.49,0.0,10000,2.06,800,3.0,22.5,45.0,0,4.56,23.5,0.2,0.667,75.0,3,1,0.3209,Estabilizado,Operação Normal
2026-08-18T02:17:18.150100,7011-10,1952,1,JD. ÂNGELA,JD. DOS REIS,1,23:16,2,30.0,2,20.0,21.27,21.49,0.0,10000,2.06,800,3.0,22.5,45.0,0,4.56,23.5,0.2,0.667,75.0,3,1,0.3209,Estabilizado,Operação Normal
2026-08-18T02:17:18.150100,513C-31,2536,1,E.T. ITAQUERA,VL. CALIFÓRNIA,1,23:16,2,30.0,2,20.0,21.27,21.49,0.0,10000,2.06,800,3.0,22.5,45.0,0,4.56,23.5,0.2,0.667,75.0,3,1,0.3209,Estabilizado,Operação Normal
2026-08-18T02:17:18.150100,669A-10,32772,2,TERM. PRINC. ISABEL,TERM. STO. AMARO,1,23:16,5,12.0,5,20.0,21.27,21.49,0.0,10000,2.06,800,3.0,22.5,45.0,0,4.56,23.5,0.2,1.0,60.0,6,1,0.2501,Estabilizado,Operação Normal
2026-08-18T02:17:18.150100,8075-21,35305,2,TERM. VL. SÔNIA,TERM. CAMPO LIMPO,1,23:16,1,60.0,1,20.0,21.27,21.49,0.0,10000,2.06,800,3.0,22.5,45.0,0,4.56,23.5,0.2,0.333,100.0,2,1,0.4168,Estabilizado,Operação Normal
2026-08-18T02:17:18.150100,573H-10,34398,2,METRÔ BRESSER,HOSP. SAPOPEMBA,1,23:16,5,12.0,5,20.0,21.27,21.49,0.0,10000,2.06,800,3.0,22.5,45.0,0,4.56,23.5,0.2,1.0,60.0,6,1,0.2501,Estabilizado,Operação Normal
2026-08-18T02:17:18.150100,3069-10,984,1,TERM. SÃO MATEUS,JD. RECANTO VERDE SOL,1,23:16,4,15.0,4,20.0,21.27,21.49,0.0,10000,2.06,800,3.0,22.5,45.0,0,4.56,23.5,0.2,1.0,62.5,5,1,0.2564,Estabilizado,Operação Normal
2026-08-18T02:17:18.150100,2035-10,2682,1,CONJ. HAB. SONDA II,METRÔ PARADA INGLESA,1,23:16,1,60.0,1,20.0,21.27,21.49,0.0,10000,2.06,800,3.0,22.5,45.0,0,4.56,23.5,0.2,0.333,100.0,2,1,0.4168,Estabilizado,Operação Normal
2026-08-18T02:17:18.150100,6012-10,33972,2,JD. ÂNGELA,PQ. INDEPENDÊNCIA,1,23:16,1,60.0,1,20.0,21.27,21.49,0.0,10000,2.06,800,3.0,22.5,45.0,0,4.56,23.5,0.2,0.333,100.0,2,1,0.4168,Estabilizado,Operação Normal
2026-08-18T02:17:18.150100,7021-10,34757,2,TERM. JOÃO DIAS,JD. MARACÁ,1,23:16,2,30.0,2,20.0,21.27,21.49,0.0,10000,2.06,800,3.0,22.5,45.0,0,4.56,23.5,0.2,0.667,75.0,3,1,0.3209,Estabilizado,Operação Normal
2026-08-18T02:17:18.150100,809H-10,35013,2,LAPA,JD. BOA VISTA,1,23:16,3,20.0,3,20.0,21.27,21.49,0.0,10000,2.06,800,3.0,22.5,45.0,0,4.56,23.5,0.2,1.0,66.67,4,1,0.2668,Estabilizado,Operação Normal
2026-08-18T02:17:18.150100,6L05-10,33941,2,TERM. PARELHEIROS,BARRAGEM,1,23:16,3,20.0,3,20.0,21.27,21.49,0.0,10000,2.06,800,3.0,22.5,45.0,0,4.56,23.5,0.2,1.0,66.67,4,1,0.2668,Estabilizado,Operação Normal
2026-08-18T02:17:18.150100,6083-10,1733,1,TERM. GRAJAÚ,JD. ELIANA,1,23:16,2,30.0,2,20.0,21.27,21.49,0.0,10000,2.06,800,3.0,22.5,45.0,0,4.56,23.5,0.2,0.667,75.0,3,1,0.3209,Estabilizado,Operação Normal
2026-08-18T02:17:18.150100,8062-10,420,1,LAPA,PQ. SÃO DOMINGOS,1,23:16,1,60.0,1,20.0,21.27,21.49,0.0,10000,2.06,800,3.0,22.5,45.0,0,4.56,23.5,0.2,0.333,100.0,2,1,0.4168,Estabilizado,Operação Normal
2026-08-18T02:17:18.150100,775F-31,2488,1,PQ. DO POVO,JD. DAS PALMAS,1,23:16,2,30.0,2,20.0,21.27,21.49,0.0,10000,2.06,800,3.0,22.5,45.0,0,4.56,23.5,0.2,0.667,75.0,3,1,0.3209,Estabilizado,Operação Normal
2026-08-18T02:17:18.150100,2522-10,32908,2,METRÔ ITAQUERA,JD. STO. ANTÔNIO,1,23:16,2,30.0,2,20.0,21.27,21.49,0.0,10000,2.06,800,3.0,22.5,45.0,0,4.56,23.5,0.2,0.667,75.0,3,1,0.3209,Estabilizado,Operação Normal
2026-08-18T02:17:18.150100,508L-10,117,1,ACLIMAÇÃO,TERM. PRINC. ISABEL,1,23:16,3,20.0,3,20.0,21.27,21.49,0.0,10000,2.06,800,3.0,22.5,45.0,0,4.56,23.5,0.2,1.0,66.67,4,1,0.2668,Estabilizado,Operação Normal
2026-08-18T02:17:18.150100,4708-10,33100,2,METRÔ VL. MARIANA,JD. CLÍMAX,1,23:16,2,30.0,2,20.0,21.27,21.49,0.0,10000,2.06,800,3.0,22.5,45.0,0,4.56,23.5,0.2,0.667,75.0,3,1,0.3209,Estabilizado,Operação Normal
2026-08-18T02:17:18.150100,6017-10,1206,1,JD. ÂNGELA,JD. NAKAMURA,1,23:16,1,60.0,1,20.0,21.27,21.49,0.0,10000,2.06,800,3.0,22.5,45.0,0,4.56,23.5,0.2,0.333,100.0,2,1,0.4168,Estabilizado,Operação Normal
2026-08-18T02:17:18.150100,3051-10,35214,2,TERM. A. E. CARVALHO,ERMELINO MATARAZZO,1,23:16,3,20.0,3,20.0,21.27,21.49,0.0,10000,2.06,800,3.0,22.5,45.0,0,4.56,23.5,0.2,1.0,66.67,4,1,0.2668,Estabilizado,Operação Normal
2026-08-18T02:17:18.150100,6414-10,360,1,TERM. BANDEIRA,SOCORRO,1,23:16,2,30.0,2,20.0,21.27,21.49,0.0,10000,2.06,800,3.0,22.5,45.0,0,4.56,23.5,0.2,0.667,75.0,3,1,0.3209,Estabilizado,Operação Normal
2026-08-18T02:17:18.150100,5759-31,33907,2,METRÔ CONCEIÇÃO,PQ. PRIMAVERA,1,23:16,4,15.0,4,20.0,21.27,21.49,0.0,10000,2.06,800,3.0,22.5,45.0,0,4.56,23.5,0.2,1.0,62.5,5,1,0.2564,Estabilizado,Operação Normal
2026-08-18T02:17:18.150100,938C-10,33354,2,TERM. PRINC. ISABEL,COHAB TAIPAS,1,23:16,2,30.0,2,20.0,21.27,21.49,0.0,10000,2.06,800,3.0,22.5,45.0,0,4.56,23.5,0.2,0.667,75.0,3,1,0.3209,Estabilizado,Operação Normal
2026-08-18T02:17:18.150100,3734-10,1034,1,METRÔ ARTUR ALVIM,CID. LIDER,1,23:16,1,60.0,1,20.0,21.27,21.49,0.0,10000,2.06,800,3.0,22.5,45.0,0,4.56,23.5,0.2,0.333,100.0,2,1,0.4168,Estabilizado,Operação Normal
2026-08-18T02:17:18.150100,1744-10,544,1,METRÔ SANTANA,LAUZANE PAULISTA,1,23:16,1,60.0,1,20.0,21.27,21.49,0.0,10000,2.06,800,3.0,22.5,45.0,0,4.56,23.5,0.2,0.333,100.0,2,1,0.4168,Estabilizado,Operação Normal
2026-08-18T02:17:18.150100,6034-10,32863,2,TERM. GRAJAÚ,PQ. RES. COCAIA,1,23:16,2,30.0,2,20.0,21.27,21.49,0.0,10000,2.06,800,3.0,22.5,45.0,0,4.56,23.5,0.2,0.667,75.0,3,1,0.3209,Estabilizado,Operação Normal
2026-08-18T02:17:18.150100,809N-10,35012,2,LAPA,VL. DALVA,1,23:16,1,60.0,1,20.0,21.27,21.49,0.0,10000,2.06,800,3.0,22.5,45.0,0,4.56,23.5,0.2,0.333,100.0,2,1,0.4168,Estabilizado,Operação Normal
2026-08-18T02:17:18.150100,9188-10,809,1,LAPA,CAPELA DA LAGOA ,1,23:16,2,30.0,2,20.0,21.27,21.49,0.0,10000,2.06,800,3.0,22.5,45.0,0,4.56,23.5,0.2,0.667,75.0,3,1,0.3209,Estabilizado,Operação Normal
2026-08-18T02:17:18.150100,N604-11,35163,2,TERM. PQ. D. PEDRO II,METRÔ JABAQUARA,1,23:16,1,60.0,1,20.0,21.27,21.49,0.0,10000,2.06,800,3.0,22.5,45.0,0,4.56,23.5,0.2,0.333,100.0,2,1,0.4168,Estabilizado,Operação Normal
2026-08-18T02:17:18.150100,3006-10,34633,2,CPTM GUAIANASES,JD. FANGANIELO,1,23:16,2,30.0,2,20.0,21.27,21.49,0.0,10000,2.06,800,3.0,22.5,45.0,0,4.56,23.5,0.2,0.667,75.0,3,1,0.3209,Estabilizado,Operação Normal
2026-08-18T02:17:18.150100,2028-10,2263,1,METRÔ TUCURUVI,VL. AYROSA,1,23:16,2,30.0,2,20.0,21.27,21.49,0.0,10000,2.06,800,3.0,22.5,45.0,0,4.56,23.5,0.2,0.667,75.0,3,1,0.3209,Estabilizado,Operação Normal
2026-08-18T02:17:18.150100,4721-10,337,1,METRÔ JABAQUARA,SHOP. PLAZA SUL,1,23:16,1,60.0,1,20.0,21.27,21.49,0.0,10000,2.06,800,3.0,22.5,45.0,0,4.56,23.5,0.2,0.333,100.0,2,1,0.4168,Estabilizado,Operação Normal
2026-08-18T02:17:18.150100,702U-10,1330,1,TERM. PQ. D. PEDRO II,CID. UNIVERSITÁRIA,1,23:16,2,30.0,2,20.0,21.27,21.49,0.0,10000,2.06,800,3.0,22.5,45.0,0,4.56,23.5,0.2,0.667,75.0,3,1,0.3209,Estabilizado,Operação Normal
2026-08-18T02:17:18.150100,5614-10,34283,2,PÇA. JOÃO MENDES,ELDORADO,1,23:16,4,15.0,4,20.0,21.27,21.49,0.0,10000,2.06,800,3.0,22.5,45.0,0,4.56,23.5,0.2,1.0,62.5,5,1,0.2564,Estabilizado,Operação Normal
2026-08-18T02:17:18.150100,N302-11,2336,1,TERM. PQ. D. PEDRO II,TERM. A. E. CARVALHO,1,23:16,1,60.0,1,20.0,21.27,21.49,0.0,10000,2.06,800,3.0,22.5,45.0,0,4.56,23.5,0.2,0.333,100.0,2,1,0.4168,Estabilizado,Operação Normal
2026-08-18T02:17:18.150100,N205-11,2315,1,TERM. PINHEIROS,TERM. CACHOEIRINHA,1,23:16,1,60.0,1,20.0,21.27,21.49,0.0,10000,2.06,800,3.0,22.5,45.0,0,4.56,23.5,0.2,0.333,100.0,2,1,0.4168,Estabilizado,Operação Normal
2026-08-18T02:17:18.150100,5391-10,171,1,LGO. SÃO FRANCISCO,JD. ÂNGELA,1,23:16,3,20.0,3,20.0,21.27,21.49,0.0,10000,2.06,800,3.0,22.5,45.0,0,4.56,23.5,0.2,1.0,66.67,4,1,0.2668,Estabilizado,Operação Normal
2026-08-18T02:17:18.150100,675N-10,362,1,METRÔ ANA ROSA,TERM. STO. AMARO,1,23:16,1,60.0,1,20.0,21.27,21.49,0.0,10000,2.06,800,3.0,22.5,45.0,0,4.56,23.5,0.2,0.333,100.0,2,1,0.4168,Estabilizado,Operação Normal
2026-08-18T02:17:18.150100,677V-10,112,1,TERM. GRAJAÚ,JD. ALPINO,1,23:16,2,30.0,2,20.0,21.27,21.49,0.0,10000,2.06,800,3.0,22.5,45.0,0,4.56,23.5,0.2,0.667,75.0,3,1,0.3209,Estabilizado,Operação Normal
2026-08-18T02:17:18.150100,6041-10,1218,1,STO. AMARO,JD. JANGADEIRO,1,23:16,2,30.0,2,20.0,21.27,21.49,0.0,10000,2.06,800,3.0,22.5,45.0,0,4.56,23.5,0.2,0.667,75.0,3,1,0.3209,Estabilizado,Operação Normal
2026-08-18T02:17:18.150100,476G-41,1112,1,METRÔ ANA ROSA,VL. INDUSTRIAL,1,23:16,1,60.0,1,20.0,21.27,21.49,0.0,10000,2.06,800,3.0,22.5,45.0,0,4.56,23.5,0.2,0.333,100.0,2,1,0.4168,Estabilizado,Operação Normal
2026-08-18T02:17:18.150100,3737-10,33805,2,SHOP.ARICANDUVA,METRÔ GUILHERMINA/ESPERANÇA,1,23:16,4,15.0,4,20.0,21.27,21.49,0.0,10000,2.06,800,3.0,22.5,45.0,0,4.56,23.5,0.2,1.0,62.5,5,1,0.2564,Estabilizado,Operação Normal
2026-08-18T02:17:18.150100,7281-10,1334,1,PÇA. RAMOS DE AZEVEDO,LAPA,1,23:16,2,30.0,2,20.0,21.27,21.49,0.0,10000,2.06,800,3.0,22.5,45.0,0,4.56,23.5,0.2,0.667,75.0,3,1,0.3209,Estabilizado,Operação Normal
2026-08-18T02:17:18.150100,3160-10,125,1,TERM. PQ. D. PEDRO II,TERM. VL. PRUDENTE,1,23:16,1,60.0,1,20.0,21.27,21.49,0.0,10000,2.06,800,3.0,22.5,45.0,0,4.56,23.5,0.2,0.333,100.0,2,1,0.4168,Estabilizado,Operação Normal
2026-08-18T02:17:18.150100,374M-10,1965,1,METRÔ ITAQUERA,CPTM ERMELINO MATARAZZO,1,23:16,3,20.0,3,20.0,21.27,21.49,0.0,10000,2.06,800,3.0,22.5,45.0,0,4.56,23.5,0.2,1.0,66.67,4,1,0.2668,Estabilizado,Operação Normal
2026-08-18T02:17:18.150100,7023-10,34920,2,TERM. STO. AMARO,JD. NAKAMURA,1,23:16,2,30.0,2,20.0,21.27,21.49,0.0,10000,2.06,800,3.0,22.5,45.0,0,4.56,23.5,0.2,0.667,75.0,3,1,0.3209,Estabilizado,Operação Normal
2026-08-18T02:17:18.150100,4706-10,33067,2,METRÔ VL. MARIANA,JD. MARIA ESTELA II,1,23:16,2,30.0,2,20.0,21.27,21.49,0.0,10000,2.06,800,3.0,22.5,45.0,0,4.56,23.5,0.2,0.667,75.0,3,1,0.3209,Estabilizado,Operação Normal
2026-08-18T02:17:18.150100,9166-10,33475,2,JD. STA. CRUZ,CACHOEIRINHA,1,23:16,1,60.0,1,20.0,21.27,21.49,0.0,10000,2.06,800,3.0,22.5,45.0,0,4.56,23.5,0.2,0.333,100.0,2,1,0.4168,Estabilizado,Operação Normal
2026-08-18T02:17:18.150100,6835-10,32780,2,TERM. CAPELINHA,VALO VELHO,1,23:16,3,20.0,3,20.0,21.27,21.49,0.0,10000,2.06,800,3.0,22.5,45.0,0,4.56,23.5,0.2,1.0,66.67,4,1,0.2668,Estabilizado,Operação Normal
2026-08-18T02:17:18.150100,809N-10,2244,1,LAPA,VL. DALVA,1,23:16,1,60.0,1,20.0,21.27,21.49,0.0,10000,2.06,800,3.0,22.5,45.0,0,4.56,23.5,0.2,0.333,100.0,2,1,0.4168,Estabilizado,Operação Normal
2026-08-18T02:17:18.150100,273L-10,32992,2,METRÔ ARTUR ALVIM,CPTM JOSÉ BONIFÁCIO,1,23:16,2,30.0,2,20.0,21.27,21.49,0.0,10000,2.06,800,3.0,22.5,45.0,0,4.56,23.5,0.2,0.667,75.0,3,1,0.3209,Estabilizado,Operação Normal
2026-08-18T02:17:18.150100,5791-10,607,1,METRÔ VERGUEIRO,ELDORADO,1,23:16,5,12.0,5,20.0,21.27,21.49,0.0,10000,2.06,800,3.0,22.5,45.0,0,4.56,23.5,0.2,1.0,60.0,6,1,0.2501,Estabilizado,Operação Normal
2026-08-18T02:17:18.150100,189L-10,35218,2,LAPA,CONEXÃO VL. IÓRIO,1,23:16,1,60.0,1,20.0,21.27,21.49,0.0,10000,2.06,800,3.0,22.5,45.0,0,4.56,23.5,0.2,0.333,100.0,2,1,0.4168,Estabilizado,Operação Normal
2026-08-18T02:17:18.150100,6960-10,1443,1,TERM. STO. AMARO,TERM. VARGINHA,1,23:16,2,30.0,2,20.0,21.27,21.49,0.0,10000,2.06,800,3.0,22.5,45.0,0,4.56,23.5,0.2,0.667,75.0,3,1,0.3209,Estabilizado,Operação Normal
2026-08-18T02:17:18.150100,2201-10,33677,2,CPTM GUAIANASES,DIV. DE FERRAZ,1,23:16,2,30.0,2,20.0,21.27,21.49,0.0,10000,2.06,800,3.0,22.5,45.0,0,4.56,23.5,0.2,0.667,75.0,3,1,0.3209,Estabilizado,Operação Normal
2026-08-18T02:17:18.150100,4732-31,34895,2,METRÔ SAÚDE,VL. LIVIERO,1,23:16,1,60.0,1,20.0,21.27,21.49,0.0,10000,2.06,800,3.0,22.5,45.0,0,4.56,23.5,0.2,0.333,100.0,2,1,0.4168,Estabilizado,Operação Normal
2026-08-18T02:17:18.150100,7725-10,472,1,TERM. LAPA,RIO PEQUENO,1,23:16,2,30.0,2,20.0,21.27,21.49,0.0,10000,2.06,800,3.0,22.5,45.0,0,4.56,23.5,0.2,0.667,75.0,3,1,0.3209,Estabilizado,Operação Normal
2026-08-18T02:17:18.150100,975A-10,589,1,METRÔ ANA ROSA,VL. BRASILÂNDIA,1,23:16,4,15.0,4,20.0,21.27,21.49,0.0,10000,2.06,800,3.0,22.5,45.0,0,4.56,23.5,0.2,1.0,62.5,5,1,0.2564,Estabilizado,Operação Normal
2026-08-18T02:17:18.150100,5154-10,353,1,TERM. PRINC. ISABEL,TERM. STO. AMARO,1,23:16,2,30.0,2,20.0,21.27,21.49,0.0,10000,2.06,800,3.0,22.5,45.0,0,4.56,23.5,0.2,0.667,75.0,3,1,0.3209,Estabilizado,Operação Normal
2026-08-18T02:17:18.150100,1788-31,35385,2,METRÔ SANTANA,JD. FONTALIS,1,23:16,1,60.0,1,20.0,21.27,21.49,0.0,10000,2.06,800,3.0,22.5,45.0,0,4.56,23.5,0.2,0.333,100.0,2,1,0.4168,Estabilizado,Operação Normal
2026-08-18T02:17:18.150100,390E-41,35301,2,METRÔ TATUAPÉ,ETEC PQ. BELÉM,1,23:16,2,30.0,2,20.0,21.27,21.49,0.0,10000,2.06,800,3.0,22.5,45.0,0,4.56,23.5,0.2,0.667,75.0,3,1,0.3209,Estabilizado,Operação Normal
2026-08-18T02:17:18.150100,414P-10,1105,1,TERM. NORTE METRÔ CARRÃO,VL. INDUSTRIAL,1,23:16,2,30.0,2,20.0,21.27,21.49,0.0,10000,2.06,800,3.0,22.5,45.0,0,4.56,23.5,0.2,0.667,75.0,3,1,0.3209,Estabilizado,Operação Normal
2026-08-18T02:17:18.150100,6L10-10,33927,2,PQ. FLORESTAL   ,TERM. VARGINHA,1,23:16,1,60.0,1,20.0,21.27,21.49,0.0,10000,2.06,800,3.0,22.5,45.0,0,4.56,23.5,0.2,0.333,100.0,2,1,0.4168,Estabilizado,Operação Normal
2026-08-18T02:17:18.150100,6816-31,1748,1,TERM. CAPELINHA,JD. MITSUTANI,1,23:16,3,20.0,3,20.0,21.27,21.49,0.0,10000,2.06,800,3.0,22.5,45.0,0,4.56,23.5,0.2,1.0,66.67,4,1,0.2668,Estabilizado,Operação Normal
2026-08-18T02:17:18.150100,6076-10,1165,1,TERM. STO. AMARO,JD. PROGRESSO,1,23:16,1,60.0,1,20.0,21.27,21.49,0.0,10000,2.06,800,3.0,22.5,45.0,0,4.56,23.5,0.2,0.333,100.0,2,1,0.4168,Estabilizado,Operação Normal
2026-08-18T02:17:18.150100,213E-10,35266,2,METRÔ BELÉM,PQ. EDU CHAVES,1,23:16,1,60.0,1,20.0,21.27,21.49,0.0,10000,2.06,800,3.0,22.5,45.0,0,4.56,23.5,0.2,0.333,100.0,2,1,0.4168,Estabilizado,Operação Normal
2026-08-18T02:17:18.150100,476A-10,304,1,TERM. STO. AMARO,IPIRANGA,1,23:16,2,30.0,2,20.0,21.27,21.49,0.0,10000,2.06,800,3.0,22.5,45.0,0,4.56,23.5,0.2,0.667,75.0,3,1,0.3209,Estabilizado,Operação Normal
2026-08-18T02:17:18.150100,2728-10,943,1,METRÔ PENHA,JD. DO CASTELO,1,23:16,3,20.0,3,20.0,21.27,21.49,0.0,10000,2.06,800,3.0,22.5,45.0,0,4.56,23.5,0.2,1.0,66.67,4,1,0.2668,Estabilizado,Operação Normal
2026-08-18T02:17:18.150100,2715-10,928,1,METRÔ PATRIARCA,VL. SÍLVIA,1,23:16,1,60.0,1,20.0,21.27,21.49,0.0,10000,2.06,800,3.0,22.5,45.0,0,4.56,23.5,0.2,0.333,100.0,2,1,0.4168,Estabilizado,Operação Normal
2026-08-18T02:17:18.150100,2780-10,33167,2,METRÔ ITAQUERA,JD. CAMARGO NOVO,1,23:16,2,30.0,2,20.0,21.27,21.49,0.0,10000,2.06,800,3.0,22.5,45.0,0,4.56,23.5,0.2,0.667,75.0,3,1,0.3209,Estabilizado,Operação Normal
2026-08-18T02:17:18.150100,5036-10,1666,1,TERM. SACOMÃ,JD. CELESTE,1,23:16,1,60.0,1,20.0,21.27,21.49,0.0,10000,2.06,800,3.0,22.5,45.0,0,4.56,23.5,0.2,0.333,100.0,2,1,0.4168,Estabilizado,Operação Normal
2026-08-18T02:17:18.150100,7055-10,1888,1,TERM. CAMPO LIMPO,JD. GUARUJÁ,1,23:16,1,60.0,1,20.0,21.27,21.49,0.0,10000,2.06,800,3.0,22.5,45.0,0,4.56,23.5,0.2,0.333,100.0,2,1,0.4168,Estabilizado,Operação Normal
2026-08-18T02:17:18.150100,6027-10,90,1,TERM. STO. AMARO,JD. GRAUNA,1,23:16,2,30.0,2,20.0,21.27,21.49,0.0,10000,2.06,800,3.0,22.5,45.0,0,4.56,23.5,0.2,0.667,75.0,3,1,0.3209,Estabilizado,Operação Normal
2026-08-18T02:17:18.150100,574J-10,1685,1,TERM. VL. CARRÃO,METRÔ CONCEIÇÃO,1,23:16,4,15.0,4,20.0,21.27,21.49,0.0,10000,2.06,800,3.0,22.5,45.0,0,4.56,23.5,0.2,1.0,62.5,5,1,0.2564,Estabilizado,Operação Normal
2026-08-18T02:17:18.150100,475M-10,343,1,TERM. AMARAL GURGEL,JD. DA SAÚDE,1,23:16,1,60.0,1,20.0,21.27,21.49,0.0,10000,2.06,800,3.0,22.5,45.0,0,4.56,23.5,0.2,0.333,100.0,2,1,0.4168,Estabilizado,Operação Normal
2026-08-18T02:17:18.150100,6053-10,33913,2,TERM. GRAJAÚ,JD. ELLUS,1,23:16,3,20.0,3,20.0,21.27,21.49,0.0,10000,2.06,800,3.0,22.5,45.0,0,4.56,23.5,0.2,1.0,66.67,4,1,0.2668,Estabilizado,Operação Normal
2026-08-18T02:17:18.150100,775A-10,33241,2,PINHEIROS,JD. ADALGIZA,1,23:16,1,60.0,1,20.0,21.27,21.49,0.0,10000,2.06,800,3.0,22.5,45.0,0,4.56,23.5,0.2,0.333,100.0,2,1,0.4168,Estabilizado,Operação Normal
2026-08-18T02:17:18.150100,2714-10,33695,2,VL. RUI BARBOSA,METRÔ VL. MATILDE,1,23:16,2,30.0,2,20.0,21.27,21.49,0.0,10000,2.06,800,3.0,22.5,45.0,0,4.56,23.5,0.2,0.667,75.0,3,1,0.3209,Estabilizado,Operação Normal
2026-08-18T02:17:18.150100,2023-10,35028,2,METRÔ TUCURUVI,CACHOEIRA,1,23:16,4,15.0,4,20.0,21.27,21.49,0.0,10000,2.06,800,3.0,22.5,45.0,0,4.56,23.5,0.2,1.0,62.5,5,1,0.2564,Estabilizado,Operação Normal
2026-08-18T02:17:18.150100,4112-10,33535,2,PÇA. DA REPÚBLICA,STA. MARGARIDA MARIA,1,23:16,1,60.0,1,20.0,21.27,21.49,0.0,10000,2.06,800,3.0,22.5,45.0,0,4.56,23.5,0.2,0.333,100.0,2,1,0.4168,Estabilizado,Operação Normal
2026-08-18T02:17:18.150100,5030-10,1669,1,TERM. SACOMÃ,JD. MARIA ESTELA,1,23:16,1,60.0,1,20.0,21.27,21.49,0.0,10000,2.06,800,3.0,22.5,45.0,0,4.56,23.5,0.2,0.333,100.0,2,1,0.4168,Estabilizado,Operação Normal
2026-08-18T02:17:18.150100,1730-10,33633,2,METRÔ SANTANA,CENTER NORTE,1,23:16,1,60.0,1,20.0,21.27,21.49,0.0,10000,2.06,800,3.0,22.5,45.0,0,4.56,23.5,0.2,0.333,100.0,2,1,0.4168,Estabilizado,Operação Normal
2026-08-18T02:17:18.150100,2712-10,926,1,SHOP. METRÔ ITAQUERA,JD. SÃO NICOLAU,1,23:16,1,60.0,1,20.0,21.27,21.49,0.0,10000,2.06,800,3.0,22.5,45.0,0,4.56,23.5,0.2,0.333,100.0,2,1,0.4168,Estabilizado,Operação Normal
2026-08-18T02:17:18.150100,2666-10,378,1,TERM. PQ. D. PEDRO II,JD. CAMARGO VELHO,1,23:16,6,10.0,6,20.0,21.27,21.49,0.0,10000,2.06,800,3.0,22.5,45.0,0,4.56,23.5,0.2,1.0,58.33,7,1,0.246,Estabilizado,Operação Normal
2026-08-18T02:17:18.150100,2551-10,141,1,TERM. PQ. D. PEDRO II,TERM. A. E. CARVALHO,1,23:16,1,60.0,1,20.0,21.27,21.49,0.0,10000,2.06,800,3.0,22.5,45.0,0,4.56,23.5,0.2,0.333,100.0,2,1,0.4168,Estabilizado,Operação Normal
2026-08-18T02:17:18.150100,4012-10,2185,1,TERM. SÃO MATEUS,JD. IGUATEMI,1,23:16,2,30.0,2,20.0,21.27,21.49,0.0,10000,2.06,800,3.0,22.5,45.0,0,4.56,23.5,0.2,0.667,75.0,3,1,0.3209,Estabilizado,Operação Normal
2026-08-18T02:17:18.150100,4027-41,35077,2,SÃO MATEUS,MORRO DO CRUZEIRO,1,23:16,1,60.0,1,20.0,21.27,21.49,0.0,10000,2.06,800,3.0,22.5,45.0,0,4.56,23.5,0.2,0.333,100.0,2,1,0.4168,Estabilizado,Operação Normal
2026-08-18T02:17:18.150100,1778-10,34557,2,METRÔ SANTANA,JD. CABUÇU,1,23:16,1,60.0,1,20.0,21.27,21.49,0.0,10000,2.06,800,3.0,22.5,45.0,0,4.56,23.5,0.2,0.333,100.0,2,1,0.4168,Estabilizado,Operação Normal
2026-08-18T02:17:18.150100,5705-10,34425,2,METRÔ VERGUEIRO,TERM. SACOMÃ,1,23:16,1,60.0,1,20.0,21.27,21.49,0.0,10000,2.06,800,3.0,22.5,45.0,0,4.56,23.5,0.2,0.333,100.0,2,1,0.4168,Estabilizado,Operação Normal
2026-08-18T02:17:18.150100,4087-10,2602,1,VL. POPULAR,E.T. ITAQUERA,1,23:16,1,60.0,1,20.0,21.27,21.49,0.0,10000,2.06,800,3.0,22.5,45.0,0,4.56,23.5,0.2,0.333,100.0,2,1,0.4168,Estabilizado,Operação Normal
2026-08-18T02:17:18.150100,8073-10,2081,1,TERM. VL. SÔNIA,JD. GUARAÚ,1,23:16,1,60.0,1,20.0,21.27,21.49,0.0,10000,2.06,800,3.0,22.5,45.0,0,4.56,23.5,0.2,0.333,100.0,2,1,0.4168,Estabilizado,Operação Normal
2026-08-18T02:17:18.150100,8072-10,2079,1,METRÔ MORUMBI,HORTO DO YPÊ,1,23:16,4,15.0,4,20.0,21.27,21.49,0.0,10000,2.06,800,3.0,22.5,45.0,0,4.56,23.5,0.2,1.0,62.5,5,1,0.2564,Estabilizado,Operação Normal
2026-08-18T02:17:18.150100,4037-10,35356,2,CIRCULAR,TERM. VL. CARRÃO,1,23:16,1,60.0,1,20.0,21.27,21.49,0.0,10000,2.06,800,3.0,22.5,45.0,0,4.56,23.5,0.2,0.333,100.0,2,1,0.4168,Estabilizado,Operação Normal
2026-08-18T02:17:18.150100,709P-10,1993,1,TERM. PINHEIROS,EST. STO. AMARO/GUIDO CALOI,1,23:16,1,60.0,1,20.0,21.27,21.49,0.0,10000,2.06,800,3.0,22.5,45.0,0,4.56,23.5,0.2,0.333,100.0,2,1,0.4168,Estabilizado,Operação Normal
2026-08-18T02:17:18.150100,3728-41,34756,2,PQ. NOVA SAVOY,METRÔ ARTUR ALVIM,1,23:16,2,30.0,2,20.0,21.27,21.49,0.0,10000,2.06,800,3.0,22.5,45.0,0,4.56,23.5,0.2,0.667,75.0,3,1,0.3209,Estabilizado,Operação Normal
2026-08-18T02:17:18.150100,609J-10,35010,2,METRÔ SÃO JUDAS,AEROPORTO,1,23:16,1,60.0,1,20.0,21.27,21.49,0.0,10000,2.06,800,3.0,22.5,45.0,0,4.56,23.5,0.2,0.333,100.0,2,1,0.4168,Estabilizado,Operação Normal
2026-08-18T02:17:18.150100,637J-10,103,1,PINHEIROS,VL. SÃO JOSÉ,1,23:16,1,60.0,1,20.0,21.27,21.49,0.0,10000,2.06,800,3.0,22.5,45.0,0,4.56,23.5,0.2,0.333,100.0,2,1,0.4168,Estabilizado,Operação Normal
2026-08-18T02:17:18.150100,8040-10,33174,2,TERM. LAPA,SOL NASCENTE,1,23:16,3,20.0,3,20.0,21.27,21.49,0.0,10000,2.06,800,3.0,22.5,45.0,0,4.56,23.5,0.2,1.0,66.67,4,1,0.2668,Estabilizado,Operação Normal
2026-08-18T02:17:18.150100,3301-10,1618,1,TERM. PQ. D. PEDRO II,TERM. SÃO MIGUEL,1,23:16,2,30.0,2,20.0,21.27,21.49,0.0,10000,2.06,800,3.0,22.5,45.0,0,4.56,23.5,0.2,0.667,75.0,3,1,0.3209,Estabilizado,Operação Normal
2026-08-18T02:17:18.150100,3010-10,35311,2,TERM. A. E. CARVALHO,CEM. DA SAUDADE,1,23:16,2,30.0,2,20.0,21.27,21.49,0.0,10000,2.06,800,3.0,22.5,45.0,0,4.56,23.5,0.2,0.667,75.0,3,1,0.3209,Estabilizado,Operação Normal
2026-08-18T02:17:18.150100,5106-10,1280,1,LGO. SÃO FRANCISCO,MAR PAULISTA,1,23:16,1,60.0,1,20.0,21.27,21.49,0.0,10000,2.06,800,3.0,22.5,45.0,0,4.56,23.5,0.2,0.333,100.0,2,1,0.4168,Estabilizado,Operação Normal
2026-08-18T02:17:18.150100,6412-10,33538,2,PAULISTA,PARAISÓPOLIS,1,23:16,2,30.0,2,20.0,21.27,21.49,0.0,10000,2.06,800,3.0,22.5,45.0,0,4.56,23.5,0.2,0.667,75.0,3,1,0.3209,Estabilizado,Operação Normal
2026-08-18T02:17:18.150100,874C-10,477,1,METRÔ - TRIANON - MASP ,PQ. CONTINENTAL,1,23:16,2,30.0,2,20.0,21.27,21.49,0.0,10000,2.06,800,3.0,22.5,45.0,0,4.56,23.5,0.2,0.667,75.0,3,1,0.3209,Estabilizado,Operação Normal
2026-08-18T02:17:18.150100,3728-10,33793,2,PQ. SAVOY CITY,METRÔ ARTUR ALVIM,1,23:16,3,20.0,3,20.0,21.27,21.49,0.0,10000,2.06,800,3.0,22.5,45.0,0,4.56,23.5,0.2,1.0,66.67,4,1,0.2668,Estabilizado,Operação Normal
2026-08-18T02:17:18.150100,8010-10,798,1,LAPA,PERUS,1,23:16,1,60.0,1,20.0,21.27,21.49,0.0,10000,2.06,800,3.0,22.5,45.0,0,4.56,23.5,0.2,0.333,100.0,2,1,0.4168,Estabilizado,Operação Normal
2026-08-18T02:17:18.150100,8075-10,34812,2,METRÔ BUTANTÃ,TERM. CAMPO LIMPO,1,23:16,2,30.0,2,20.0,21.27,21.49,0.0,10000,2.06,800,3.0,22.5,45.0,0,4.56,23.5,0.2,0.667,75.0,3,1,0.3209,Estabilizado,Operação Normal
2026-08-18T02:17:18.150100,5032-10,1662,1,TERM. SACOMÃ,VL. ARAPUÁ,1,23:16,2,30.0,2,20.0,21.27,21.49,0.0,10000,2.06,800,3.0,22.5,45.0,0,4.56,23.5,0.2,0.667,75.0,3,1,0.3209,Estabilizado,Operação Normal
2026-08-18T02:17:18.150100,3160-10,32893,2,TERM. PQ. D. PEDRO II,TERM. VL. PRUDENTE,1,23:16,2,30.0,2,20.0,21.27,21.49,0.0,10000,2.06,800,3.0,22.5,45.0,0,4.56,23.5,0.2,0.667,75.0,3,1,0.3209,Estabilizado,Operação Normal
2026-08-18T02:17:18.150100,513L-10,34423,2,PQ. BELÉM,TERM. SACOMÃ,1,23:16,2,30.0,2,20.0,21.27,21.49,0.0,10000,2.06,800,3.0,22.5,45.0,0,4.56,23.5,0.2,0.667,75.0,3,1,0.3209,Estabilizado,Operação Normal
2026-08-18T02:17:18.150100,N837-11,2436,1,CDHU BUTANTÃ,TERM. JOÃO DIAS,1,23:16,1,60.0,1,20.0,21.27,21.49,0.0,10000,2.06,800,3.0,22.5,45.0,0,4.56,23.5,0.2,0.333,100.0,2,1,0.4168,Estabilizado,Operação Normal
2026-08-18T02:17:18.150100,6013-21,32955,2,JD. ÂNGELA,ETEC,1,23:16,1,60.0,1,20.0,21.27,21.49,0.0,10000,2.06,800,3.0,22.5,45.0,0,4.56,23.5,0.2,0.333,100.0,2,1,0.4168,Estabilizado,Operação Normal
2026-08-18T02:17:18.150100,938V-10,813,1,METRÔ BARRA FUNDA,JD. VISTA ALEGRE,1,23:16,3,20.0,3,20.0,21.27,21.49,0.0,10000,2.06,800,3.0,22.5,45.0,0,4.56,23.5,0.2,1.0,66.67,4,1,0.2668,Estabilizado,Operação Normal
2026-08-18T02:17:18.150100,211V-10,154,1,PENHA,VL. PARANAGUÁ,1,23:16,1,60.0,1,20.0,21.27,21.49,0.0,10000,2.06,800,3.0,22.5,45.0,0,4.56,23.5,0.2,0.333,100.0,2,1,0.4168,Estabilizado,Operação Normal
2026-08-18T02:17:18.150100,6L11-10,1167,1,TERM. GRAJAÚ,ILHA DO BORORÉ,1,23:16,1,60.0,1,20.0,21.27,21.49,0.0,10000,2.06,800,3.0,22.5,45.0,0,4.56,23.5,0.2,0.333,100.0,2,1,0.4168,Estabilizado,Operação Normal
2026-08-18T02:17:18.150100,8686-10,446,1,LGO. DO PAISSANDÚ,MANGALOT,1,23:16,1,60.0,1,20.0,21.27,21.49,0.0,10000,2.06,800,3.0,22.5,45.0,0,4.56,23.5,0.2,0.333,100.0,2,1,0.4168,Estabilizado,Operação Normal
2026-08-18T02:17:18.150100,677A-10,1239,1,ITAIM BIBI,TERM. JD. ÂNGELA,1,23:16,2,30.0,2,20.0,21.27,21.49,0.0,10000,2.06,800,3.0,22.5,45.0,0,4.56,23.5,0.2,0.667,75.0,3,1,0.3209,Estabilizado,Operação Normal
2026-08-18T02:17:18.150100,1785-10,34584,2,METRÔ SANTANA,VL. AURORA,1,23:16,3,20.0,3,20.0,21.27,21.49,0.0,10000,2.06,800,3.0,22.5,45.0,0,4.56,23.5,0.2,1.0,66.67,4,1,0.2668,Estabilizado,Operação Normal
2026-08-18T02:17:18.150100,2019-10,33673,2,SHOP. PENHA,PQ. PAINEIRAS,1,23:16,2,30.0,2,20.0,21.27,21.49,0.0,10000,2.06,800,3.0,22.5,45.0,0,4.56,23.5,0.2,0.667,75.0,3,1,0.3209,Estabilizado,Operação Normal
2026-08-18T02:17:18.150100,4725-10,338,1,SHOP. IBIRAPUERA,VL. BRASILINA,1,23:16,2,30.0,2,20.0,21.27,21.49,0.0,10000,2.06,800,3.0,22.5,45.0,0,4.56,23.5,0.2,0.667,75.0,3,1,0.3209,Estabilizado,Operação Normal
2026-08-18T02:17:18.150100,6052-31,1832,1,TERM. EST. VARGINHA,JD. ALMEIDA PRADO,1,23:16,1,60.0,1,20.0,21.27,21.49,0.0,10000,2.06,800,3.0,22.5,45.0,0,4.56,23.5,0.2,0.333,100.0,2,1,0.4168,Estabilizado,Operação Normal
2026-08-18T02:17:18.150100,9500-10,33229,2,PÇA. DO CORREIO,TERM. CACHOEIRINHA,1,23:16,3,20.0,3,20.0,21.27,21.49,0.0,10000,2.06,800,3.0,22.5,45.0,0,4.56,23.5,0.2,1.0,66.67,4,1,0.2668,Estabilizado,Operação Normal
2026-08-18T02:17:18.150100,6L03-10,1565,1,TERM. PARELHEIROS,CIPÓ DO MEIO,1,23:16,2,30.0,2,20.0,21.27,21.49,0.0,10000,2.06,800,3.0,22.5,45.0,0,4.56,23.5,0.2,0.667,75.0,3,1,0.3209,Estabilizado,Operação Normal
2026-08-18T02:17:18.150100,7050-10,1884,1,TERM. CAMPO LIMPO,JD. DAS ROSAS,1,23:16,2,30.0,2,20.0,21.27,21.49,0.0,10000,2.06,800,3.0,22.5,45.0,0,4.56,23.5,0.2,0.667,75.0,3,1,0.3209,Estabilizado,Operação Normal
2026-08-18T02:17:18.150100,5106-31,34073,2,METRÔ ANA ROSA,JD. UBIRAJARA,1,23:16,6,10.0,6,20.0,21.27,21.49,0.0,10000,2.06,800,3.0,22.5,45.0,0,4.56,23.5,0.2,1.0,58.33,7,1,0.246,Estabilizado,Operação Normal
2026-08-18T02:17:18.150100,7023-10,2152,1,TERM. STO. AMARO,JD. NAKAMURA,1,23:16,2,30.0,2,20.0,21.27,21.49,0.0,10000,2.06,800,3.0,22.5,45.0,0,4.56,23.5,0.2,0.667,75.0,3,1,0.3209,Estabilizado,Operação Normal
2026-08-18T02:17:18.150100,3768-10,1056,1,CPTM JOSÉ BONIFÁCIO,VL. YOLANDA,1,23:16,1,60.0,1,20.0,21.27,21.49,0.0,10000,2.06,800,3.0,22.5,45.0,0,4.56,23.5,0.2,0.333,100.0,2,1,0.4168,Estabilizado,Operação Normal
2026-08-18T02:17:18.150100,8055-10,414,1,LAPA,PERUS,1,23:16,4,15.0,4,20.0,21.27,21.49,0.0,10000,2.06,800,3.0,22.5,45.0,0,4.56,23.5,0.2,1.0,62.5,5,1,0.2564,Estabilizado,Operação Normal
2026-08-18T02:17:18.150100,4114-10,321,1,TERM. PQ. D. PEDRO II,JD. DA SAÚDE,1,23:16,1,60.0,1,20.0,21.27,21.49,0.0,10000,2.06,800,3.0,22.5,45.0,0,4.56,23.5,0.2,0.333,100.0,2,1,0.4168,Estabilizado,Operação Normal
2026-08-18T02:17:18.150100,2522-10,140,1,METRÔ ITAQUERA,JD. STO. ANTÔNIO,1,23:16,2,30.0,2,20.0,21.27,21.49,0.0,10000,2.06,800,3.0,22.5,45.0,0,4.56,23.5,0.2,0.667,75.0,3,1,0.3209,Estabilizado,Operação Normal
2026-08-18T02:17:18.150100,N337-11,2349,1,JD. CAMARGO VELHO,TERM. SÃO MIGUEL,1,23:16,1,60.0,1,20.0,21.27,21.49,0.0,10000,2.06,800,3.0,22.5,45.0,0,4.56,23.5,0.2,0.333,100.0,2,1,0.4168,Estabilizado,Operação Normal
2026-08-18T02:17:18.150100,8043-10,33175,2,LAPA,HAB. TURÍSTICA,1,23:16,2,30.0,2,20.0,21.27,21.49,0.0,10000,2.06,800,3.0,22.5,45.0,0,4.56,23.5,0.2,0.667,75.0,3,1,0.3209,Estabilizado,Operação Normal
2026-08-18T02:17:18.150100,3735-10,1035,1,JD. SÃO JOÃO ,METRÔ ARTUR ALVIM,1,23:16,2,30.0,2,20.0,21.27,21.49,0.0,10000,2.06,800,3.0,22.5,45.0,0,4.56,23.5,0.2,0.667,75.0,3,1,0.3209,Estabilizado,Operação Normal
2026-08-18T02:17:18.150100,7021-10,1989,1,TERM. JOÃO DIAS,JD. MARACÁ,1,23:16,2,30.0,2,20.0,21.27,21.49,0.0,10000,2.06,800,3.0,22.5,45.0,0,4.56,23.5,0.2,0.667,75.0,3,1,0.3209,Estabilizado,Operação Normal
2026-08-18T02:17:18.150100,1720-21,34705,2,METRÔ TUCURUVI,VILA SABRINA,1,23:16,1,60.0,1,20.0,21.27,21.49,0.0,10000,2.06,800,3.0,22.5,45.0,0,4.56,23.5,0.2,0.333,100.0,2,1,0.4168,Estabilizado,Operação Normal
2026-08-18T02:17:18.150100,746R-10,33558,2,STO. AMARO,REAL PQ.,1,23:16,3,20.0,3,20.0,21.27,21.49,0.0,10000,2.06,800,3.0,22.5,45.0,0,4.56,23.5,0.2,1.0,66.67,4,1,0.2668,Estabilizado,Operação Normal
2026-08-18T02:17:18.150100,6820-31,34174,2,TERM. CAPELINHA,JD. DAS ROSAS,1,23:16,2,30.0,2,20.0,21.27,21.49,0.0,10000,2.06,800,3.0,22.5,45.0,0,4.56,23.5,0.2,0.667,75.0,3,1,0.3209,Estabilizado,Operação Normal
2026-08-18T02:17:18.150100,8500-10,34035,2,METRÔ BARRA FUNDA,TERM. PIRITUBA,1,23:16,1,60.0,1,20.0,21.27,21.49,0.0,10000,2.06,800,3.0,22.5,45.0,0,4.56,23.5,0.2,0.333,100.0,2,1,0.4168,Estabilizado,Operação Normal
2026-08-18T02:17:18.150100,5033-10,1665,1,TERM. SACOMÃ,VL. BRASILINA,1,23:16,1,60.0,1,20.0,21.27,21.49,0.0,10000,2.06,800,3.0,22.5,45.0,0,4.56,23.5,0.2,0.333,100.0,2,1,0.4168,Estabilizado,Operação Normal
2026-08-18T02:17:18.150100,6047-10,1224,1,STO. AMARO,JD. LÍDIA,1,23:16,1,60.0,1,20.0,21.27,21.49,0.0,10000,2.06,800,3.0,22.5,45.0,0,4.56,23.5,0.2,0.333,100.0,2,1,0.4168,Estabilizado,Operação Normal
2026-08-18T02:17:18.150100,6804-10,30,1,TERM. JOÃO DIAS,JD. INGÁ,1,23:16,1,60.0,1,20.0,21.27,21.49,0.0,10000,2.06,800,3.0,22.5,45.0,0,4.56,23.5,0.2,0.333,100.0,2,1,0.4168,Estabilizado,Operação Normal
2026-08-18T02:17:18.150100,4029-10,1099,1,TERM. VL PRUDENTE,SÃO MATEUS,1,23:16,3,20.0,3,20.0,21.27,21.49,0.0,10000,2.06,800,3.0,22.5,45.0,0,4.56,23.5,0.2,1.0,66.67,4,1,0.2668,Estabilizado,Operação Normal
2026-08-18T02:17:18.150100,7062-10,34666,2,TERM. CAMPO LIMPO,INOCOOP CAMPO LIMPO,1,23:16,2,30.0,2,20.0,21.27,21.49,0.0,10000,2.06,800,3.0,22.5,45.0,0,4.56,23.5,0.2,0.667,75.0,3,1,0.3209,Estabilizado,Operação Normal
2026-08-18T02:17:18.150100,3712-10,33777,2,METRÔ ITAQUERA,JD. SÃO JOÃO,1,23:16,1,60.0,1,20.0,21.27,21.49,0.0,10000,2.06,800,3.0,22.5,45.0,0,4.56,23.5,0.2,0.333,100.0,2,1,0.4168,Estabilizado,Operação Normal
2026-08-18T02:17:18.150100,709G-10,2020,1,ITAIM BIBI,TERM. GUARAPIRANGA,1,23:16,1,60.0,1,20.0,21.27,21.49,0.0,10000,2.06,800,3.0,22.5,45.0,0,4.56,23.5,0.2,0.333,100.0,2,1,0.4168,Estabilizado,Operação Normal
2026-08-18T02:17:18.150100,8545-10,34132,2,METRÔ BARRA FUNDA,PENTEADO,1,23:16,2,30.0,2,20.0,21.27,21.49,0.0,10000,2.06,800,3.0,22.5,45.0,0,4.56,23.5,0.2,0.667,75.0,3,1,0.3209,Estabilizado,Operação Normal
2026-08-18T02:17:18.150100,7017-10,2502,1,TERM. GUARAPIRANGA,JD. GUARUJÁ,1,23:16,1,60.0,1,20.0,21.27,21.49,0.0,10000,2.06,800,3.0,22.5,45.0,0,4.56,23.5,0.2,0.333,100.0,2,1,0.4168,Estabilizado,Operação Normal
2026-08-18T02:17:18.150100,7051-10,34653,2,TERM. CAMPO LIMPO,JD. ROSANA,1,23:16,2,30.0,2,20.0,21.27,21.49,0.0,10000,2.06,800,3.0,22.5,45.0,0,4.56,23.5,0.2,0.667,75.0,3,1,0.3209,Estabilizado,Operação Normal
2026-08-18T02:17:18.150100,2718-10,931,1,METRÔ PENHA,VL. SÍLVIA,1,23:16,2,30.0,2,20.0,21.27,21.49,0.0,10000,2.06,800,3.0,22.5,45.0,0,4.56,23.5,0.2,0.667,75.0,3,1,0.3209,Estabilizado,Operação Normal
2026-08-18T02:17:18.150100,4036-10,35329,2,TERM. VL. CARRÃO,METRÔ ITAQUERA,1,23:16,2,30.0,2,20.0,21.27,21.49,0.0,10000,2.06,800,3.0,22.5,45.0,0,4.56,23.5,0.2,0.667,75.0,3,1,0.3209,Estabilizado,Operação Normal
2026-08-18T02:17:18.150100,9006-10,33642,2,TERM. CACHOEIRINHA,VL. PENTEADO,1,23:16,1,60.0,1,20.0,21.27,21.49,0.0,10000,2.06,800,3.0,22.5,45.0,0,4.56,23.5,0.2,0.333,100.0,2,1,0.4168,Estabilizado,Operação Normal
2026-08-18T02:17:18.150100,354M-10,1619,1,TERM. SÃO MATEUS,TERM. SÃO MIGUEL,1,23:16,2,30.0,2,20.0,21.27,21.49,0.0,10000,2.06,800,3.0,22.5,45.0,0,4.56,23.5,0.2,0.667,75.0,3,1,0.3209,Estabilizado,Operação Normal
2026-08-18T02:17:18.150100,6055-10,33914,2,SHOP. INTERLAGOS,EST. MENDES/VL. NATAL,1,23:16,3,20.0,3,20.0,21.27,21.49,0.0,10000,2.06,800,3.0,22.5,45.0,0,4.56,23.5,0.2,1.0,66.67,4,1,0.2668,Estabilizado,Operação Normal
2026-08-18T02:17:18.150100,5100-10,1370,1,TERM. PQ. D. PEDRO II,TERM. PINHEIROS,1,23:16,2,30.0,2,20.0,21.27,21.49,0.0,10000,2.06,800,3.0,22.5,45.0,0,4.56,23.5,0.2,0.667,75.0,3,1,0.3209,Estabilizado,Operação Normal
2026-08-18T02:17:18.150100,575C-10,34454,2,VL. MATIAS,TERM. VL. PRUDENTE,1,23:16,2,30.0,2,20.0,21.27,21.49,0.0,10000,2.06,800,3.0,22.5,45.0,0,4.56,23.5,0.2,0.667,75.0,3,1,0.3209,Estabilizado,Operação Normal
2026-08-18T02:17:18.150100,4085-10,2156,1,METRÔ ITAQUERA,COHAB FAZENDA DO CARMO,1,23:16,1,60.0,1,20.0,21.27,21.49,0.0,10000,2.06,800,3.0,22.5,45.0,0,4.56,23.5,0.2,0.333,100.0,2,1,0.4168,Estabilizado,Operação Normal
2026-08-18T02:17:18.150100,3046-10,33739,2,METRÔ TATUAPÉ,VL. GUARANI,1,23:16,2,30.0,2,20.0,21.27,21.49,0.0,10000,2.06,800,3.0,22.5,45.0,0,4.56,23.5,0.2,0.667,75.0,3,1,0.3209,Estabilizado,Operação Normal
2026-08-18T02:17:18.150100,6035-21,34563,2,TERM. GUARAPIRANGA,VL. GILDA,1,23:16,2,30.0,2,20.0,21.27,21.49,0.0,10000,2.06,800,3.0,22.5,45.0,0,4.56,23.5,0.2,0.667,75.0,3,1,0.3209,Estabilizado,Operação Normal
2026-08-18T02:17:18.150100,6001-10,52,1,TERM. STO. AMARO,TERM. CAPELINHA,1,23:16,1,60.0,1,20.0,21.27,21.49,0.0,10000,2.06,800,3.0,22.5,45.0,0,4.56,23.5,0.2,0.333,100.0,2,1,0.4168,Estabilizado,Operação Normal
2026-08-18T02:17:18.150100,6805-31,1788,1,TERM. JOÃO DIAS,TERM. CAPELINHA,1,23:16,1,60.0,1,20.0,21.27,21.49,0.0,10000,2.06,800,3.0,22.5,45.0,0,4.56,23.5,0.2,0.333,100.0,2,1,0.4168,Estabilizado,Operação Normal
2026-08-18T02:17:18.150100,519M-10,34979,2,MUSEU DO IPIRANGA,SÃO MATEUS,1,23:16,2,30.0,2,20.0,21.27,21.49,0.0,10000,2.06,800,3.0,22.5,45.0,0,4.56,23.5,0.2,0.667,75.0,3,1,0.3209,Estabilizado,Operação Normal
2026-08-18T02:17:18.150100,6073-10,1160,1,TERM. VARGINHA,JD. STA. TEREZINHA,1,23:16,2,30.0,2,20.0,21.27,21.49,0.0,10000,2.06,800,3.0,22.5,45.0,0,4.56,23.5,0.2,0.667,75.0,3,1,0.3209,Estabilizado,Operação Normal
2026-08-18T02:17:18.150100,2762-10,144,1,METRÔ TATUAPÉ,ERMELINO MATARAZZO,1,23:16,3,20.0,3,20.0,21.27,21.49,0.0,10000,2.06,800,3.0,22.5,45.0,0,4.56,23.5,0.2,1.0,66.67,4,1,0.2668,Estabilizado,Operação Normal
2026-08-18T02:17:18.150100,2006-10,895,1,CPTM ITAIM PAULISTA,CID. KEMEL I,1,23:16,4,15.0,4,20.0,21.27,21.49,0.0,10000,2.06,800,3.0,22.5,45.0,0,4.56,23.5,0.2,1.0,62.5,5,1,0.2564,Estabilizado,Operação Normal
2026-08-18T02:17:18.150100,909T-10,2256,1,TERM. PQ. D. PEDRO II,TERM. PINHEIROS,1,23:16,1,60.0,1,20.0,21.27,21.49,0.0,10000,2.06,800,3.0,22.5,45.0,0,4.56,23.5,0.2,0.333,100.0,2,1,0.4168,Estabilizado,Operação Normal
2026-08-18T02:17:18.150100,4055-10,2447,1,VL. SOLANGE,CPTM GUAIANASES,1,23:16,1,60.0,1,20.0,21.27,21.49,0.0,10000,2.06,800,3.0,22.5,45.0,0,4.56,23.5,0.2,0.333,100.0,2,1,0.4168,Estabilizado,Operação Normal
2026-08-18T02:17:18.150100,2029-10,2270,1,METRÔ TUCURUVI,JD. FONTÁLIS,1,23:16,2,30.0,2,20.0,21.27,21.49,0.0,10000,2.06,800,3.0,22.5,45.0,0,4.56,23.5,0.2,0.667,75.0,3,1,0.3209,Estabilizado,Operação Normal
2026-08-18T02:17:18.150100,5106-21,34740,2,TERM. ÁGUA ESPRAIADA,JD. SELMA,1,23:16,3,20.0,3,20.0,21.27,21.49,0.0,10000,2.06,800,3.0,22.5,45.0,0,4.56,23.5,0.2,1.0,66.67,4,1,0.2668,Estabilizado,Operação Normal
2026-08-18T02:17:18.150100,N438-11,35139,2,HOSP. STA. MARCELINA,METRÔ ITAQUERA,1,23:16,1,60.0,1,20.0,21.27,21.49,0.0,10000,2.06,800,3.0,22.5,45.0,0,4.56,23.5,0.2,0.333,100.0,2,1,0.4168,Estabilizado,Operação Normal
2026-08-18T02:17:18.150100,4114-10,33089,2,TERM. PQ. D. PEDRO II,JD. DA SAÚDE,1,23:16,1,60.0,1,20.0,21.27,21.49,0.0,10000,2.06,800,3.0,22.5,45.0,0,4.56,23.5,0.2,0.333,100.0,2,1,0.4168,Estabilizado,Operação Normal
2026-08-18T02:17:18.150100,3901-10,1469,1,METRÔ PENHA,JD. DANFER,1,23:16,2,30.0,2,20.0,21.27,21.49,0.0,10000,2.06,800,3.0,22.5,45.0,0,4.56,23.5,0.2,0.667,75.0,3,1,0.3209,Estabilizado,Operação Normal
2026-08-18T02:17:18.150100,938P-10,33656,2,METRÔ BARRA FUNDA,JD. TEREZA,1,23:16,2,30.0,2,20.0,21.27,21.49,0.0,10000,2.06,800,3.0,22.5,45.0,0,4.56,23.5,0.2,0.667,75.0,3,1,0.3209,Estabilizado,Operação Normal
2026-08-18T02:17:18.150100,271C-10,682,1,TERM. PRINC. ISABEL - CIRCULAR,PQ. VL. MARIA,1,23:16,2,30.0,2,20.0,21.27,21.49,0.0,10000,2.06,800,3.0,22.5,45.0,0,4.56,23.5,0.2,0.667,75.0,3,1,0.3209,Estabilizado,Operação Normal
2026-08-18T02:17:18.150100,6062-10,1151,1,JD. CASTRO ALVES,TERM. GRAJAÚ,1,23:16,2,30.0,2,20.0,21.27,21.49,0.0,10000,2.06,800,3.0,22.5,45.0,0,4.56,23.5,0.2,0.667,75.0,3,1,0.3209,Estabilizado,Operação Normal
2026-08-18T02:17:18.150100,5018-10,1492,1,JABAQUARA,SHOP. INTERLAGOS,1,23:16,2,30.0,2,20.0,21.27,21.49,0.0,10000,2.06,800,3.0,22.5,45.0,0,4.56,23.5,0.2,0.667,75.0,3,1,0.3209,Estabilizado,Operação Normal
2026-08-18T02:17:18.150100,4011-10,34952,2,TERM. SÃO MATEUS,JD. LIMOEIRO,1,23:16,2,30.0,2,20.0,21.27,21.49,0.0,10000,2.06,800,3.0,22.5,45.0,0,4.56,23.5,0.2,0.667,75.0,3,1,0.3209,Estabilizado,Operação Normal
2026-08-18T02:17:18.150100,N138-11,35062,2,JD. PRINCESA,TERM. CACHOEIRINHA,1,23:16,1,60.0,1,20.0,21.27,21.49,0.0,10000,2.06,800,3.0,22.5,45.0,0,4.56,23.5,0.2,0.333,100.0,2,1,0.4168,Estabilizado,Operação Normal
2026-08-18T02:17:18.150100,8047-41,33178,2,METRÔ VL. MADALENA,JARAGUÁ,1,23:16,1,60.0,1,20.0,21.27,21.49,0.0,10000,2.06,800,3.0,22.5,45.0,0,4.56,23.5,0.2,0.333,100.0,2,1,0.4168,Estabilizado,Operação Normal
2026-08-18T02:17:18.150100,748A-41,499,1,LAPA,JD. PERI PERI,1,23:16,2,30.0,2,20.0,21.27,21.49,0.0,10000,2.06,800,3.0,22.5,45.0,0,4.56,23.5,0.2,0.667,75.0,3,1,0.3209,Estabilizado,Operação Normal
2026-08-18T02:17:18.150100,6820-31,1406,1,TERM. CAPELINHA,JD. DAS ROSAS,1,23:16,1,60.0,1,20.0,21.27,21.49,0.0,10000,2.06,800,3.0,22.5,45.0,0,4.56,23.5,0.2,0.333,100.0,2,1,0.4168,Estabilizado,Operação Normal
2026-08-18T02:17:18.150100,8548-10,578,1,TERM. LAPA,PARADA DE TAIPAS,1,23:16,2,30.0,2,20.0,21.27,21.49,0.0,10000,2.06,800,3.0,22.5,45.0,0,4.56,23.5,0.2,0.667,75.0,3,1,0.3209,Estabilizado,Operação Normal
2026-08-18T02:17:18.150100,6120-10,1189,1,TERM. GRAJAÚ,JD. LUCÉLIA,1,23:16,2,30.0,2,20.0,21.27,21.49,0.0,10000,2.06,800,3.0,22.5,45.0,0,4.56,23.5,0.2,0.667,75.0,3,1,0.3209,Estabilizado,Operação Normal
2026-08-18T02:17:18.150100,8200-10,1263,1,TERM. LAPA,TERM. PIRITUBA,1,23:16,1,60.0,1,20.0,21.27,21.49,0.0,10000,2.06,800,3.0,22.5,45.0,0,4.56,23.5,0.2,0.333,100.0,2,1,0.4168,Estabilizado,Operação Normal
2026-08-18T02:17:18.150100,5011-10,33883,2,STO. AMARO,ELDORADO,1,23:16,1,60.0,1,20.0,21.27,21.49,0.0,10000,2.06,800,3.0,22.5,45.0,0,4.56,23.5,0.2,0.333,100.0,2,1,0.4168,Estabilizado,Operação Normal
2026-08-18T02:17:18.150100,648P-10,32834,2,TERM. PINHEIROS,TERM. CAPELINHA,1,23:16,3,20.0,3,20.0,21.27,21.49,0.0,10000,2.06,800,3.0,22.5,45.0,0,4.56,23.5,0.2,1.0,66.67,4,1,0.2668,Estabilizado,Operação Normal
2026-08-18T02:17:18.150100,3098-31,1839,1,JD. ELIZABETH,SÃO MATEUS,1,23:16,2,30.0,2,20.0,21.27,21.49,0.0,10000,2.06,800,3.0,22.5,45.0,0,4.56,23.5,0.2,0.667,75.0,3,1,0.3209,Estabilizado,Operação Normal
2026-08-18T02:17:18.150100,6083-10,34501,2,TERM. GRAJAÚ,JD. ELIANA,1,23:16,1,60.0,1,20.0,21.27,21.49,0.0,10000,2.06,800,3.0,22.5,45.0,0,4.56,23.5,0.2,0.333,100.0,2,1,0.4168,Estabilizado,Operação Normal
2026-08-18T02:17:18.150100,5030-10,34437,2,TERM. SACOMÃ,JD. MARIA ESTELA,1,23:16,1,60.0,1,20.0,21.27,21.49,0.0,10000,2.06,800,3.0,22.5,45.0,0,4.56,23.5,0.2,0.333,100.0,2,1,0.4168,Estabilizado,Operação Normal
2026-08-18T02:17:18.150100,5024-31,1123,1,STO. AMARO,MISSIONÁRIA,1,23:16,1,60.0,1,20.0,21.27,21.49,0.0,10000,2.06,800,3.0,22.5,45.0,0,4.56,23.5,0.2,0.333,100.0,2,1,0.4168,Estabilizado,Operação Normal
2026-08-18T02:17:18.150100,4008-21,2527,1,CIRCULAR,COHAB JOSÉ BONIFÁCIO C ,1,23:16,1,60.0,1,20.0,21.27,21.49,0.0,10000,2.06,800,3.0,22.5,45.0,0,4.56,23.5,0.2,0.333,100.0,2,1,0.4168,Estabilizado,Operação Normal
2026-08-18T02:17:18.150100,517J-10,1129,1,TERM. ÁGUA ESPRAIADA,JD. SELMA,1,23:16,2,30.0,2,20.0,21.27,21.49,0.0,10000,2.06,800,3.0,22.5,45.0,0,4.56,23.5,0.2,0.667,75.0,3,1,0.3209,Estabilizado,Operação Normal
2026-08-18T02:17:18.150100,9501-10,462,1,LGO. DO PAISSANDU,TERM. CACHOEIRINHA,1,23:16,2,30.0,2,20.0,21.27,21.49,0.0,10000,2.06,800,3.0,22.5,45.0,0,4.56,23.5,0.2,0.667,75.0,3,1,0.3209,Estabilizado,Operação Normal
2026-08-18T02:17:18.150100,9717-10,817,1,METRÔ SANTANA,JD. ALMANARA,1,23:16,3,20.0,3,20.0,21.27,21.49,0.0,10000,2.06,800,3.0,22.5,45.0,0,4.56,23.5,0.2,1.0,66.67,4,1,0.2668,Estabilizado,Operação Normal
2026-08-18T02:17:18.150100,1780-10,33637,2,METRÔ PARADA INGLESA,JD. HEBRON,1,23:16,2,30.0,2,20.0,21.27,21.49,0.0,10000,2.06,800,3.0,22.5,45.0,0,4.56,23.5,0.2,0.667,75.0,3,1,0.3209,Estabilizado,Operação Normal
2026-08-18T02:17:18.150100,2004-10,892,1,CPTM GUAIANASES,JD. NSA. SRA. DO CAMINHO,1,23:16,2,30.0,2,20.0,21.27,21.49,0.0,10000,2.06,800,3.0,22.5,45.0,0,4.56,23.5,0.2,0.667,75.0,3,1,0.3209,Estabilizado,Operação Normal
2026-08-18T02:17:18.150100,1012-10,35254,2,JD. MONTE BELO,TERM. JD. BRITANIA,1,23:16,2,30.0,2,20.0,21.27,21.49,0.0,10000,2.06,800,3.0,22.5,45.0,0,4.56,23.5,0.2,0.667,75.0,3,1,0.3209,Estabilizado,Operação Normal
2026-08-18T02:17:18.150100,178T-10,565,1,CEASA,METRÔ SANTANA,1,23:16,4,15.0,4,20.0,21.27,21.49,0.0,10000,2.06,800,3.0,22.5,45.0,0,4.56,23.5,0.2,1.0,62.5,5,1,0.2564,Estabilizado,Operação Normal
2026-08-18T02:17:18.150100,9018-10,34039,2,TERM. PIRITUBA,VL. MIRANTE,1,23:16,2,30.0,2,20.0,21.27,21.49,0.0,10000,2.06,800,3.0,22.5,45.0,0,4.56,23.5,0.2,0.667,75.0,3,1,0.3209,Estabilizado,Operação Normal
2026-08-18T02:17:18.150100,647P-10,34084,2,TERM. PINHEIROS,COHAB ADVENTISTA,1,23:16,4,15.0,4,20.0,21.27,21.49,0.0,10000,2.06,800,3.0,22.5,45.0,0,4.56,23.5,0.2,1.0,62.5,5,1,0.2564,Estabilizado,Operação Normal
2026-08-18T02:17:18.150100,4732-10,33070,2,METRÔ SAÚDE,VL. LIVIERO,1,23:16,1,60.0,1,20.0,21.27,21.49,0.0,10000,2.06,800,3.0,22.5,45.0,0,4.56,23.5,0.2,0.333,100.0,2,1,0.4168,Estabilizado,Operação Normal
2026-08-18T02:17:18.150100,701U-10,33425,2,CID. UNIVERSITÁRIA,METRÔ SANTANA,1,23:16,3,20.0,3,20.0,21.27,21.49,0.0,10000,2.06,800,3.0,22.5,45.0,0,4.56,23.5,0.2,1.0,66.67,4,1,0.2668,Estabilizado,Operação Normal
2026-08-18T02:17:18.150100,3735-10,33803,2,JD. SÃO JOÃO ,METRÔ ARTUR ALVIM,1,23:16,2,30.0,2,20.0,21.27,21.49,0.0,10000,2.06,800,3.0,22.5,45.0,0,4.56,23.5,0.2,0.667,75.0,3,1,0.3209,Estabilizado,Operação Normal
2026-08-18T02:17:18.150100,719P-10,1372,1,TERM. PRINC. ISABEL,TERM. PINHEIROS,1,23:16,2,30.0,2,20.0,21.27,21.49,0.0,10000,2.06,800,3.0,22.5,45.0,0,4.56,23.5,0.2,0.667,75.0,3,1,0.3209,Estabilizado,Operação Normal
2026-08-18T02:17:18.150100,3718-10,1013,1,NOVA AMERICA,METRÔ ARTUR ALVIM,1,23:16,3,20.0,3,20.0,21.27,21.49,0.0,10000,2.06,800,3.0,22.5,45.0,0,4.56,23.5,0.2,1.0,66.67,4,1,0.2668,Estabilizado,Operação Normal
2026-08-18T02:17:18.150100,9785-10,828,1,METRÔ BARRA FUNDA,VL. TEREZINHA,1,23:16,2,30.0,2,20.0,21.27,21.49,0.0,10000,2.06,800,3.0,22.5,45.0,0,4.56,23.5,0.2,0.667,75.0,3,1,0.3209,Estabilizado,Operação Normal
2026-08-18T02:17:18.150100,2710-31,1654,1,TERM. A. E. CARVALHO,METRÔ PATRIARCA,1,23:16,1,60.0,1,20.0,21.27,21.49,0.0,10000,2.06,800,3.0,22.5,45.0,0,4.56,23.5,0.2,0.333,100.0,2,1,0.4168,Estabilizado,Operação Normal
2026-08-18T02:17:18.150100,8528-10,575,1,PÇA. DO CORREIO,JD. GUARANI,1,23:16,3,20.0,3,20.0,21.27,21.49,0.0,10000,2.06,800,3.0,22.5,45.0,0,4.56,23.5,0.2,1.0,66.67,4,1,0.2668,Estabilizado,Operação Normal
2026-08-18T02:17:18.150100,1775-10,638,1,SHOP. CENTER NORTE,VL. ALBERTINA,1,23:16,2,30.0,2,20.0,21.27,21.49,0.0,10000,2.06,800,3.0,22.5,45.0,0,4.56,23.5,0.2,0.667,75.0,3,1,0.3209,Estabilizado,Operação Normal
2026-08-18T02:17:18.150100,637V-10,32872,2,TERM. STO. AMARO,PQ. AMÉRICA,1,23:16,1,60.0,1,20.0,21.27,21.49,0.0,10000,2.06,800,3.0,22.5,45.0,0,4.56,23.5,0.2,0.333,100.0,2,1,0.4168,Estabilizado,Operação Normal
2026-08-18T02:17:18.150100,513C-31,35304,2,E.T. ITAQUERA,VL. CALIFÓRNIA,1,23:16,1,60.0,1,20.0,21.27,21.49,0.0,10000,2.06,800,3.0,22.5,45.0,0,4.56,23.5,0.2,0.333,100.0,2,1,0.4168,Estabilizado,Operação Normal
2026-08-18T02:17:18.150100,6812-10,34010,2,JD. ANGELA,JD. CAPELA,1,23:16,1,60.0,1,20.0,21.27,21.49,0.0,10000,2.06,800,3.0,22.5,45.0,0,4.56,23.5,0.2,0.333,100.0,2,1,0.4168,Estabilizado,Operação Normal
2026-08-18T02:17:18.150100,172J-10,856,1,TATUAPÉ,JD. BRASIL,1,23:16,4,15.0,4,20.0,21.27,21.49,0.0,10000,2.06,800,3.0,22.5,45.0,0,4.56,23.5,0.2,1.0,62.5,5,1,0.2564,Estabilizado,Operação Normal
2026-08-18T02:17:18.150100,3414-10,746,1,TERM. PQ. D. PEDRO II,VL. DALILA,1,23:16,1,60.0,1,20.0,21.27,21.49,0.0,10000,2.06,800,3.0,22.5,45.0,0,4.56,23.5,0.2,0.333,100.0,2,1,0.4168,Estabilizado,Operação Normal
2026-08-18T02:17:18.150100,778R-10,33277,2,TERM. PRINC. ISABEL,COHAB RAPOSO TAVARES,1,23:16,2,30.0,2,20.0,21.27,21.49,0.0,10000,2.06,800,3.0,22.5,45.0,0,4.56,23.5,0.2,0.667,75.0,3,1,0.3209,Estabilizado,Operação Normal
2026-08-18T02:17:18.150100,805L-10,124,1,ACLIMAÇÃO,TERM. PRINC. ISABEL,1,23:16,2,30.0,2,20.0,21.27,21.49,0.0,10000,2.06,800,3.0,22.5,45.0,0,4.56,23.5,0.2,0.667,75.0,3,1,0.3209,Estabilizado,Operação Normal
2026-08-18T02:17:18.150100,4028-10,1098,1,DIV. DE MAUÁ,HOSP. SÃO MATEUS,1,23:16,3,20.0,3,20.0,21.27,21.49,0.0,10000,2.06,800,3.0,22.5,45.0,0,4.56,23.5,0.2,1.0,66.67,4,1,0.2668,Estabilizado,Operação Normal
2026-08-18T02:17:18.150100,7272-10,1333,1,PÇA. RAMOS DE AZEVEDO,MERCADO DA LAPA,1,23:16,2,30.0,2,20.0,21.27,21.49,0.0,10000,2.06,800,3.0,22.5,45.0,0,4.56,23.5,0.2,0.667,75.0,3,1,0.3209,Estabilizado,Operação Normal
2026-08-18T02:17:18.150100,746K-10,787,1,CAMPO BELO,PARAISÓPOLIS,1,23:16,1,60.0,1,20.0,21.27,21.49,0.0,10000,2.06,800,3.0,22.5,45.0,0,4.56,23.5,0.2,0.333,100.0,2,1,0.4168,Estabilizado,Operação Normal
2026-08-18T02:17:18.150100,4093-10,35216,2,TERM. CID. TIRADENTES,CID. TIRADENTES,1,23:16,4,15.0,4,20.0,21.27,21.49,0.0,10000,2.06,800,3.0,22.5,45.0,0,4.56,23.5,0.2,1.0,62.5,5,1,0.2564,Estabilizado,Operação Normal
2026-08-18T02:17:18.150100,121G-10,33459,2,METRÔ TUCURUVI,PQ. NOVO MUNDO,1,23:16,5,12.0,5,20.0,21.27,21.49,0.0,10000,2.06,800,3.0,22.5,45.0,0,4.56,23.5,0.2,1.0,60.0,6,1,0.2501,Estabilizado,Operação Normal
2026-08-18T02:17:18.150100,8050-31,33183,2,LAPA,PQ. MORRO DOCE,1,23:16,3,20.0,3,20.0,21.27,21.49,0.0,10000,2.06,800,3.0,22.5,45.0,0,4.56,23.5,0.2,1.0,66.67,4,1,0.2668,Estabilizado,Operação Normal
2026-08-18T02:17:18.150100,8047-10,33176,2,LAPA,JARAGUÁ,1,23:16,4,15.0,4,20.0,21.27,21.49,0.0,10000,2.06,800,3.0,22.5,45.0,0,4.56,23.5,0.2,1.0,62.5,5,1,0.2564,Estabilizado,Operação Normal
2026-08-18T02:17:18.150100,4092-10,1876,1,SETOR IIB,TERM. CID. TIRADENTES,1,23:16,1,60.0,1,20.0,21.27,21.49,0.0,10000,2.06,800,3.0,22.5,45.0,0,4.56,23.5,0.2,0.333,100.0,2,1,0.4168,Estabilizado,Operação Normal
2026-08-18T02:17:18.150100,1780-10,869,1,METRÔ PARADA INGLESA,JD. HEBRON,1,23:16,1,60.0,1,20.0,21.27,21.49,0.0,10000,2.06,800,3.0,22.5,45.0,0,4.56,23.5,0.2,0.333,100.0,2,1,0.4168,Estabilizado,Operação Normal
2026-08-18T02:17:18.150100,1745-10,33314,2,SHOP. CENTER NORTE,VL.NOVA CACHOEIRINHA,1,23:16,2,30.0,2,20.0,21.27,21.49,0.0,10000,2.06,800,3.0,22.5,45.0,0,4.56,23.5,0.2,0.667,75.0,3,1,0.3209,Estabilizado,Operação Normal
2026-08-18T02:17:18.150100,5103-10,34414,2,MOEMA,TERM. SACOMÃ,1,23:16,2,30.0,2,20.0,21.27,21.49,0.0,10000,2.06,800,3.0,22.5,45.0,0,4.56,23.5,0.2,0.667,75.0,3,1,0.3209,Estabilizado,Operação Normal
2026-08-18T02:17:18.150100,6019-10,1490,1,JD. ALFREDO,TERM. GUARAPIRANGA,1,23:16,1,60.0,1,20.0,21.27,21.49,0.0,10000,2.06,800,3.0,22.5,45.0,0,4.56,23.5,0.2,0.333,100.0,2,1,0.4168,Estabilizado,Operação Normal
2026-08-18T02:17:18.150100,6007-10,176,1,TERM. STO. AMARO,TERM. CAPELINHA,1,23:16,3,20.0,3,20.0,21.27,21.49,0.0,10000,2.06,800,3.0,22.5,45.0,0,4.56,23.5,0.2,1.0,66.67,4,1,0.2668,Estabilizado,Operação Normal
2026-08-18T02:17:18.150100,2767-10,33009,2,METRÔ TATUAPÉ,CID. PEDRO JOSÉ NUNES,1,23:16,1,60.0,1,20.0,21.27,21.49,0.0,10000,2.06,800,3.0,22.5,45.0,0,4.56,23.5,0.2,0.333,100.0,2,1,0.4168,Estabilizado,Operação Normal
2026-08-18T02:17:18.150100,8023-10,34842,2,TERM. VL. SÔNIA,CDHU MUNCK,1,23:16,2,30.0,2,20.0,21.27,21.49,0.0,10000,2.06,800,3.0,22.5,45.0,0,4.56,23.5,0.2,0.667,75.0,3,1,0.3209,Estabilizado,Operação Normal
2026-08-18T02:17:18.150100,4019-10,2524,1,CIRCULAR,METRÔ ITAQUERA ,1,23:16,1,60.0,1,20.0,21.27,21.49,0.0,10000,2.06,800,3.0,22.5,45.0,0,4.56,23.5,0.2,0.333,100.0,2,1,0.4168,Estabilizado,Operação Normal
2026-08-18T02:17:18.150100,6115-10,33953,2,TERM. GRAJAÚ,CANTINHO DO CÉU,1,23:16,1,60.0,1,20.0,21.27,21.49,0.0,10000,2.06,800,3.0,22.5,45.0,0,4.56,23.5,0.2,0.333,100.0,2,1,0.4168,Estabilizado,Operação Normal
2026-08-18T02:17:18.150100,546J-10,33901,2,STO. AMARO,JD. SELMA,1,23:16,3,20.0,3,20.0,21.27,21.49,0.0,10000,2.06,800,3.0,22.5,45.0,0,4.56,23.5,0.2,1.0,66.67,4,1,0.2668,Estabilizado,Operação Normal
2026-08-18T02:17:18.150100,9032-10,880,1,TERM. CACHOEIRINHA,JD. DAMASCENO,1,23:16,3,20.0,3,20.0,21.27,21.49,0.0,10000,2.06,800,3.0,22.5,45.0,0,4.56,23.5,0.2,1.0,66.67,4,1,0.2668,Estabilizado,Operação Normal
2026-08-18T02:17:18.150100,4008-10,2182,1,TERM. VL. CARRÃO,JD. CIBELE,1,23:16,2,30.0,2,20.0,21.27,21.49,0.0,10000,2.06,800,3.0,22.5,45.0,0,4.56,23.5,0.2,0.667,75.0,3,1,0.3209,Estabilizado,Operação Normal
2026-08-18T02:17:18.150100,9162-10,1365,1,TERM. CASA VERDE,VL. PENTEADO,1,23:16,1,60.0,1,20.0,21.27,21.49,0.0,10000,2.06,800,3.0,22.5,45.0,0,4.56,23.5,0.2,0.333,100.0,2,1,0.4168,Estabilizado,Operação Normal
2026-08-18T02:17:18.150100,1767-10,33396,2,METRÔ TUCURUVI,PQ. EDU CHAVES,1,23:16,1,60.0,1,20.0,21.27,21.49,0.0,10000,2.06,800,3.0,22.5,45.0,0,4.56,23.5,0.2,0.333,100.0,2,1,0.4168,Estabilizado,Operação Normal
2026-08-18T02:17:18.150100,5145-10,34409,2,PÇA. ALMEIDA JR.,TERM. SAPOPEMBA,1,23:16,2,30.0,2,20.0,21.27,21.49,0.0,10000,2.06,800,3.0,22.5,45.0,0,4.56,23.5,0.2,0.667,75.0,3,1,0.3209,Estabilizado,Operação Normal
2026-08-18T02:17:18.150100,N234-11,35091,2,LGO. DO PERY,METRÔ TUCURUVI,1,23:16,1,60.0,1,20.0,21.27,21.49,0.0,10000,2.06,800,3.0,22.5,45.0,0,4.56,23.5,0.2,0.333,100.0,2,1,0.4168,Estabilizado,Operação Normal
2026-08-18T02:17:18.150100,7011-10,34720,2,JD. ÂNGELA,JD. DOS REIS,1,23:16,1,60.0,1,20.0,21.27,21.49,0.0,10000,2.06,800,3.0,22.5,45.0,0,4.56,23.5,0.2,0.333,100.0,2,1,0.4168,Estabilizado,Operação Normal
2026-08-18T02:17:18.150100,4086-10,2250,1,CIRCULAR,TERM. CID. TIRADENTES,1,23:16,2,30.0,2,20.0,21.27,21.49,0.0,10000,2.06,800,3.0,22.5,45.0,0,4.56,23.5,0.2,0.667,75.0,3,1,0.3209,Estabilizado,Operação Normal
2026-08-18T02:17:18.150100,9188-10,33577,2,LAPA,CAPELA DA LAGOA ,1,23:16,2,30.0,2,20.0,21.27,21.49,0.0,10000,2.06,800,3.0,22.5,45.0,0,4.56,23.5,0.2,0.667,75.0,3,1,0.3209,Estabilizado,Operação Normal
2026-08-18T02:17:18.150100,6805-10,32799,2,TERM. JOÃO DIAS,TERM. CAPELINHA,1,23:16,2,30.0,2,20.0,21.27,21.49,0.0,10000,2.06,800,3.0,22.5,45.0,0,4.56,23.5,0.2,0.667,75.0,3,1,0.3209,Estabilizado,Operação Normal
2026-08-18T02:17:18.150100,3743-10,33811,2,METRÔ ITAQUERA,SÃO MATEUS,1,23:16,2,30.0,2,20.0,21.27,21.49,0.0,10000,2.06,800,3.0,22.5,45.0,0,4.56,23.5,0.2,0.667,75.0,3,1,0.3209,Estabilizado,Operação Normal
2026-08-18T02:17:18.150100,1016-10,831,1,SHOP. CENTER NORTE,CEM. DO HORTO,1,23:16,1,60.0,1,20.0,21.27,21.49,0.0,10000,2.06,800,3.0,22.5,45.0,0,4.56,23.5,0.2,0.333,100.0,2,1,0.4168,Estabilizado,Operação Normal
2026-08-18T02:17:18.150100,707K-10,35271,2,METRÔ JABAQUARA,TERM. GUARAPIRANGA,1,23:16,4,15.0,4,20.0,21.27,21.49,0.0,10000,2.06,800,3.0,22.5,45.0,0,4.56,23.5,0.2,1.0,62.5,5,1,0.2564,Estabilizado,Operação Normal
2026-08-18T02:17:18.150100,3736-10,1036,1,METRÔ ARTUR ALVIM,JD. NSA. SRA. DO CARMO,1,23:16,2,30.0,2,20.0,21.27,21.49,0.0,10000,2.06,800,3.0,22.5,45.0,0,4.56,23.5,0.2,0.667,75.0,3,1,0.3209,Estabilizado,Operação Normal
2026-08-18T02:17:18.150100,3026-10,33730,2,CPTM GUAIANASES,VL. IOLANDA II,1,23:16,1,60.0,1,20.0,21.27,21.49,0.0,10000,2.06,800,3.0,22.5,45.0,0,4.56,23.5,0.2,0.333,100.0,2,1,0.4168,Estabilizado,Operação Normal
2026-08-18T02:17:18.150100,8020-10,34494,2,SHOP. MORUMBI,BUTANTÃ,1,23:16,1,60.0,1,20.0,21.27,21.49,0.0,10000,2.06,800,3.0,22.5,45.0,0,4.56,23.5,0.2,0.333,100.0,2,1,0.4168,Estabilizado,Operação Normal
2026-08-18T02:17:18.150100,8016-10,34114,2,TERM. PIRITUBA,JD. RINCÃO,1,23:16,3,20.0,3,20.0,21.27,21.49,0.0,10000,2.06,800,3.0,22.5,45.0,0,4.56,23.5,0.2,1.0,66.67,4,1,0.2668,Estabilizado,Operação Normal
2026-08-18T02:17:18.150100,7052-10,1886,1,TERM. CAMPO LIMPO,JD. HELGA,1,23:16,1,60.0,1,20.0,21.27,21.49,0.0,10000,2.06,800,3.0,22.5,45.0,0,4.56,23.5,0.2,0.333,100.0,2,1,0.4168,Estabilizado,Operação Normal
2026-08-18T02:17:18.150100,5194-10,269,1,PQ. IBIRAPUERA,JD. APURÁ,1,23:16,1,60.0,1,20.0,21.27,21.49,0.0,10000,2.06,800,3.0,22.5,45.0,0,4.56,23.5,0.2,0.333,100.0,2,1,0.4168,Estabilizado,Operação Normal
2026-08-18T02:17:18.150100,6801-51,34542,2,TERM. JOÃO DIAS,JD. IBIRAPUERA,1,23:16,1,60.0,1,20.0,21.27,21.49,0.0,10000,2.06,800,3.0,22.5,45.0,0,4.56,23.5,0.2,0.333,100.0,2,1,0.4168,Estabilizado,Operação Normal
2026-08-18T02:17:18.150100,119C-10,661,1,TERM. PRINC. ISABEL,PQ. EDU CHAVES,1,23:16,2,30.0,2,20.0,21.27,21.49,0.0,10000,2.06,800,3.0,22.5,45.0,0,4.56,23.5,0.2,0.667,75.0,3,1,0.3209,Estabilizado,Operação Normal
2026-08-18T02:17:18.150100,2583-10,33143,2,TERM. ARICANDUVA,VL. CURUÇÁ,1,23:16,2,30.0,2,20.0,21.27,21.49,0.0,10000,2.06,800,3.0,22.5,45.0,0,4.56,23.5,0.2,0.667,75.0,3,1,0.3209,Estabilizado,Operação Normal
2026-08-18T02:17:18.150100,8026-10,2083,1,TERM. VL. SÔNIA,JD. INGÁ,1,23:16,1,60.0,1,20.0,21.27,21.49,0.0,10000,2.06,800,3.0,22.5,45.0,0,4.56,23.5,0.2,0.333,100.0,2,1,0.4168,Estabilizado,Operação Normal
2026-08-18T02:17:18.150100,2717-10,33698,2,CANGAÍBA,METRÔ GUILHERMINA/ESPERANÇA,1,23:16,1,60.0,1,20.0,21.27,21.49,0.0,10000,2.06,800,3.0,22.5,45.0,0,4.56,23.5,0.2,0.333,100.0,2,1,0.4168,Estabilizado,Operação Normal
2026-08-18T02:17:18.150100,8027-10,34930,2,BUTANTÃ,VL. DALVA,1,23:16,2,30.0,2,20.0,21.27,21.49,0.0,10000,2.06,800,3.0,22.5,45.0,0,4.56,23.5,0.2,0.667,75.0,3,1,0.3209,Estabilizado,Operação Normal
2026-08-18T02:17:18.150100,3901-10,34237,2,METRÔ PENHA,JD. DANFER,1,23:16,1,60.0,1,20.0,21.27,21.49,0.0,10000,2.06,800,3.0,22.5,45.0,0,4.56,23.5,0.2,0.333,100.0,2,1,0.4168,Estabilizado,Operação Normal
2026-08-18T02:17:18.150100,8003-10,34021,2,TERM. LAPA,REMÉDIOS,1,23:16,2,30.0,2,20.0,21.27,21.49,0.0,10000,2.06,800,3.0,22.5,45.0,0,4.56,23.5,0.2,0.667,75.0,3,1,0.3209,Estabilizado,Operação Normal
2026-08-18T02:17:18.150100,3001-10,1650,1,TERM. SÃO MIGUEL,ITAIM PAULISTA,1,23:16,1,60.0,1,20.0,21.27,21.49,0.0,10000,2.06,800,3.0,22.5,45.0,0,4.56,23.5,0.2,0.333,100.0,2,1,0.4168,Estabilizado,Operação Normal
2026-08-18T02:17:18.150100,5109-10,34619,2,TERM. MERCADO,TERM. VL. PRUDENTE,1,23:16,1,60.0,1,20.0,21.27,21.49,0.0,10000,2.06,800,3.0,22.5,45.0,0,4.56,23.5,0.2,0.333,100.0,2,1,0.4168,Estabilizado,Operação Normal
2026-08-18T02:17:18.150100,607C-10,1977,1,ITAIM BIBI,JD. MIRIAM,1,23:16,2,30.0,2,20.0,21.27,21.49,0.0,10000,2.06,800,3.0,22.5,45.0,0,4.56,23.5,0.2,0.667,75.0,3,1,0.3209,Estabilizado,Operação Normal
2026-08-18T02:17:18.150100,4724-10,2060,1,VL. NHOCUNÉ,METRÔ PATRIARCA,1,23:16,1,60.0,1,20.0,21.27,21.49,0.0,10000,2.06,800,3.0,22.5,45.0,0,4.56,23.5,0.2,0.333,100.0,2,1,0.4168,Estabilizado,Operação Normal
2026-08-18T02:17:18.150100,9717-10,33585,2,METRÔ SANTANA,JD. ALMANARA,1,23:16,3,20.0,3,20.0,21.27,21.49,0.0,10000,2.06,800,3.0,22.5,45.0,0,4.56,23.5,0.2,1.0,66.67,4,1,0.2668,Estabilizado,Operação Normal
2026-08-18T02:17:18.150100,1738-10,33440,2,METRÔ SANTANA,VL. CONSTANÇA,1,23:16,1,60.0,1,20.0,21.27,21.49,0.0,10000,2.06,800,3.0,22.5,45.0,0,4.56,23.5,0.2,0.333,100.0,2,1,0.4168,Estabilizado,Operação Normal
2026-08-18T02:17:18.150100,6403-10,58,1,TERM. PQ. D. PEDRO II,TERM. JOÃO DIAS,1,23:16,2,30.0,2,20.0,21.27,21.49,0.0,10000,2.06,800,3.0,22.5,45.0,0,4.56,23.5,0.2,0.667,75.0,3,1,0.3209,Estabilizado,Operação Normal
2026-08-18T02:17:18.150100,6051-31,1606,1,TERM. EST. VARGINHA,JD. ITAJAÍ,1,23:16,1,60.0,1,20.0,21.27,21.49,0.0,10000,2.06,800,3.0,22.5,45.0,0,4.56,23.5,0.2,0.333,100.0,2,1,0.4168,Estabilizado,Operação Normal
2026-08-18T02:17:18.150100,8025-10,2076,1,TERM. VL. SÔNIA,JD. ROSA MARIA,1,23:16,2,30.0,2,20.0,21.27,21.49,0.0,10000,2.06,800,3.0,22.5,45.0,0,4.56,23.5,0.2,0.667,75.0,3,1,0.3209,Estabilizado,Operação Normal
2026-08-18T02:17:18.150100,6021-10,32945,2,JD. NOVA ERA,TERM. VARGINHA,1,23:16,2,30.0,2,20.0,21.27,21.49,0.0,10000,2.06,800,3.0,22.5,45.0,0,4.56,23.5,0.2,0.667,75.0,3,1,0.3209,Estabilizado,Operação Normal
2026-08-18T02:17:18.150100,7267-10,34195,2,PÇA. RAMOS DE AZEVEDO,APIACÁS,1,23:16,1,60.0,1,20.0,21.27,21.49,0.0,10000,2.06,800,3.0,22.5,45.0,0,4.56,23.5,0.2,0.333,100.0,2,1,0.4168,Estabilizado,Operação Normal
2026-08-18T02:17:18.150100,8065-10,33189,2,LAPA,HAB. TURÍSTICA,1,23:16,1,60.0,1,20.0,21.27,21.49,0.0,10000,2.06,800,3.0,22.5,45.0,0,4.56,23.5,0.2,0.333,100.0,2,1,0.4168,Estabilizado,Operação Normal
2026-08-18T02:17:18.150100,9015-10,34037,2,TERM. PIRITUBA,VL. ZATT,1,23:16,1,60.0,1,20.0,21.27,21.49,0.0,10000,2.06,800,3.0,22.5,45.0,0,4.56,23.5,0.2,0.333,100.0,2,1,0.4168,Estabilizado,Operação Normal
2026-08-18T02:17:18.150100,6075-10,1162,1,TERM. VARGINHA,JD. REC. CAMPO BELO,1,23:16,1,60.0,1,20.0,21.27,21.49,0.0,10000,2.06,800,3.0,22.5,45.0,0,4.56,23.5,0.2,0.333,100.0,2,1,0.4168,Estabilizado,Operação Normal
2026-08-18T02:17:18.150100,695V-10,8,1,METRÔ ANA ROSA,TERM. CAPELINHA,1,23:16,2,30.0,2,20.0,21.27,21.49,0.0,10000,2.06,800,3.0,22.5,45.0,0,4.56,23.5,0.2,0.667,75.0,3,1,0.3209,Estabilizado,Operação Normal
2026-08-18T02:17:18.150100,N702-11,35175,2,TERM. PQ. D. PEDRO II,TERM. STO. AMARO,1,23:16,1,60.0,1,20.0,21.27,21.49,0.0,10000,2.06,800,3.0,22.5,45.0,0,4.56,23.5,0.2,0.333,100.0,2,1,0.4168,Estabilizado,Operação Normal
2026-08-18T02:17:18.150100,3031-10,33735,2,METRÔ ITAQUERA,JD. ALTO PAULISTANO,1,23:16,2,30.0,2,20.0,21.27,21.49,0.0,10000,2.06,800,3.0,22.5,45.0,0,4.56,23.5,0.2,0.667,75.0,3,1,0.3209,Estabilizado,Operação Normal
2026-08-18T02:17:18.150100,8020-10,1726,1,SHOP. MORUMBI,BUTANTÃ,1,23:16,1,60.0,1,20.0,21.27,21.49,0.0,10000,2.06,800,3.0,22.5,45.0,0,4.56,23.5,0.2,0.333,100.0,2,1,0.4168,Estabilizado,Operação Normal
2026-08-18T02:17:18.150100,4724-10,34828,2,VL. NHOCUNÉ,METRÔ PATRIARCA,1,23:16,1,60.0,1,20.0,21.27,21.49,0.0,10000,2.06,800,3.0,22.5,45.0,0,4.56,23.5,0.2,0.333,100.0,2,1,0.4168,Estabilizado,Operação Normal
2026-08-18T02:17:18.150100,2105-10,2247,1,LGO. DA CONCÓRDIA,JD. FILHOS DA TERRA,1,23:16,1,60.0,1,20.0,21.27,21.49,0.0,10000,2.06,800,3.0,22.5,45.0,0,4.56,23.5,0.2,0.333,100.0,2,1,0.4168,Estabilizado,Operação Normal
2026-08-18T02:17:18.150100,6475-10,1317,1,TERM. BANDEIRA,JD. VAZ DE LIMA,1,23:16,2,30.0,2,20.0,21.27,21.49,0.0,10000,2.06,800,3.0,22.5,45.0,0,4.56,23.5,0.2,0.667,75.0,3,1,0.3209,Estabilizado,Operação Normal
2026-08-18T02:17:18.150100,233C-10,32923,2,CERET,TERM. A. E. CARVALHO,1,23:16,2,30.0,2,20.0,21.27,21.49,0.0,10000,2.06,800,3.0,22.5,45.0,0,4.56,23.5,0.2,0.667,75.0,3,1,0.3209,Estabilizado,Operação Normal
2026-08-18T02:17:18.150100,5123-10,1125,1,HOSP. SÃO PAULO,JD. MIRIAM,1,23:16,2,30.0,2,20.0,21.27,21.49,0.0,10000,2.06,800,3.0,22.5,45.0,0,4.56,23.5,0.2,0.667,75.0,3,1,0.3209,Estabilizado,Operação Normal
2026-08-18T02:17:18.150100,8615-10,1339,1,TERM. PQ. D. PEDRO II,PQ. DA LAPA,1,23:16,2,30.0,2,20.0,21.27,21.49,0.0,10000,2.06,800,3.0,22.5,45.0,0,4.56,23.5,0.2,0.667,75.0,3,1,0.3209,Estabilizado,Operação Normal
2026-08-18T02:17:18.150100,5705-10,1657,1,METRÔ VERGUEIRO,TERM. SACOMÃ,1,23:16,1,60.0,1,20.0,21.27,21.49,0.0,10000,2.06,800,3.0,22.5,45.0,0,4.56,23.5,0.2,0.333,100.0,2,1,0.4168,Estabilizado,Operação Normal
2026-08-18T02:17:18.150100,1721-10,666,1,METRÔ CARANDIRU,VL. SABRINA,1,23:16,1,60.0,1,20.0,21.27,21.49,0.0,10000,2.06,800,3.0,22.5,45.0,0,4.56,23.5,0.2,0.333,100.0,2,1,0.4168,Estabilizado,Operação Normal
2026-08-18T02:17:18.150100,6418-10,771,1,BROOKLIN NOVO,REAL PQ.,1,23:16,1,60.0,1,20.0,21.27,21.49,0.0,10000,2.06,800,3.0,22.5,45.0,0,4.56,23.5,0.2,0.333,100.0,2,1,0.4168,Estabilizado,Operação Normal
2026-08-18T02:17:18.150100,8060-10,418,1,TERM. LAPA,VL. PIAUÍ,1,23:16,1,60.0,1,20.0,21.27,21.49,0.0,10000,2.06,800,3.0,22.5,45.0,0,4.56,23.5,0.2,0.333,100.0,2,1,0.4168,Estabilizado,Operação Normal
2026-08-18T02:17:18.150100,9354-10,708,1,PÇA. DO CORREIO,TERM. CACHOEIRINHA,1,23:16,3,20.0,3,20.0,21.27,21.49,0.0,10000,2.06,800,3.0,22.5,45.0,0,4.56,23.5,0.2,1.0,66.67,4,1,0.2668,Estabilizado,Operação Normal
2026-08-18T02:17:18.150100,6804-10,32798,2,TERM. JOÃO DIAS,JD. INGÁ,1,23:16,1,60.0,1,20.0,21.27,21.49,0.0,10000,2.06,800,3.0,22.5,45.0,0,4.56,23.5,0.2,0.333,100.0,2,1,0.4168,Estabilizado,Operação Normal
2026-08-18T02:17:18.150100,8610-10,34831,2,TERM. BANDEIRA,JD. PAULO VI,1,23:16,2,30.0,2,20.0,21.27,21.49,0.0,10000,2.06,800,3.0,22.5,45.0,0,4.56,23.5,0.2,0.667,75.0,3,1,0.3209,Estabilizado,Operação Normal
2026-08-18T02:17:18.150100,178A-10,33326,2,LAPA,METRÔ SANTANA,1,23:16,2,30.0,2,20.0,21.27,21.49,0.0,10000,2.06,800,3.0,22.5,45.0,0,4.56,23.5,0.2,0.667,75.0,3,1,0.3209,Estabilizado,Operação Normal
2026-08-18T02:17:18.150100,2709-31,33691,2,VL. UNIÃO,METRÔ PATRIARCA,1,23:16,1,60.0,1,20.0,21.27,21.49,0.0,10000,2.06,800,3.0,22.5,45.0,0,4.56,23.5,0.2,0.333,100.0,2,1,0.4168,Estabilizado,Operação Normal
2026-08-18T02:17:18.150100,6840-10,201,1,TERM. CAPELINHA,TERM. JD. JACIRA,1,23:16,1,60.0,1,20.0,21.27,21.49,0.0,10000,2.06,800,3.0,22.5,45.0,0,4.56,23.5,0.2,0.333,100.0,2,1,0.4168,Estabilizado,Operação Normal
2026-08-18T02:17:18.150100,2016-10,33670,2,SÃO MIGUEL,JD. DAS OLIVEIRAS,1,23:16,1,60.0,1,20.0,21.27,21.49,0.0,10000,2.06,800,3.0,22.5,45.0,0,4.56,23.5,0.2,0.333,100.0,2,1,0.4168,Estabilizado,Operação Normal
2026-08-18T02:17:18.150100,271F-10,683,1,METRÔ BELÉM     ,CENTER NORTE,1,23:16,2,30.0,2,20.0,21.27,21.49,0.0,10000,2.06,800,3.0,22.5,45.0,0,4.56,23.5,0.2,0.667,75.0,3,1,0.3209,Estabilizado,Operação Normal
2026-08-18T02:17:18.150100,2021-10,906,1,CPTM GUAIANASES,JD. BANDEIRANTES,1,23:16,3,20.0,3,20.0,21.27,21.49,0.0,10000,2.06,800,3.0,22.5,45.0,0,4.56,23.5,0.2,1.0,66.67,4,1,0.2668,Estabilizado,Operação Normal
2026-08-18T02:17:18.150100,3718-10,33781,2,NOVA AMERICA,METRÔ ARTUR ALVIM,1,23:16,3,20.0,3,20.0,21.27,21.49,0.0,10000,2.06,800,3.0,22.5,45.0,0,4.56,23.5,0.2,1.0,66.67,4,1,0.2668,Estabilizado,Operação Normal
2026-08-18T02:17:18.150100,695T-1,35387,2,METRÔ VL. MARIANA,TERM. CAPELINHA,1,23:16,2,30.0,2,20.0,21.27,21.49,0.0,10000,2.06,800,3.0,22.5,45.0,0,4.56,23.5,0.2,0.667,75.0,3,1,0.3209,Estabilizado,Operação Normal
2026-08-18T02:17:18.150100,6055-10,1146,1,SHOP. INTERLAGOS,EST. MENDES/VL. NATAL,1,23:16,1,60.0,1,20.0,21.27,21.49,0.0,10000,2.06,800,3.0,22.5,45.0,0,4.56,23.5,0.2,0.333,100.0,2,1,0.4168,Estabilizado,Operação Normal
2026-08-18T02:17:18.150100,4717-10,33103,2,METRÔ SAÚDE,JD. MARIA ESTELA,1,23:16,1,60.0,1,20.0,21.27,21.49,0.0,10000,2.06,800,3.0,22.5,45.0,0,4.56,23.5,0.2,0.333,100.0,2,1,0.4168,Estabilizado,Operação Normal
2026-08-18T02:17:18.150100,5144-10,1627,1,TERM. PRINC. ISABEL,TERM. SAPOPEMBA,1,23:16,1,60.0,1,20.0,21.27,21.49,0.0,10000,2.06,800,3.0,22.5,45.0,0,4.56,23.5,0.2,0.333,100.0,2,1,0.4168,Estabilizado,Operação Normal
2026-08-18T02:17:18.150100,425E-10,1636,1,JD. ESTER,TERM. SAPOPEMBA,1,23:16,1,60.0,1,20.0,21.27,21.49,0.0,10000,2.06,800,3.0,22.5,45.0,0,4.56,23.5,0.2,0.333,100.0,2,1,0.4168,Estabilizado,Operação Normal
2026-08-18T02:17:18.150100,2730-10,945,1,METRÔ ARTUR ALVIM,VL. JACUI,1,23:16,3,20.0,3,20.0,21.27,21.49,0.0,10000,2.06,800,3.0,22.5,45.0,0,4.56,23.5,0.2,1.0,66.67,4,1,0.2668,Estabilizado,Operação Normal
2026-08-18T02:17:18.150100,6L08-10,1182,1,HOSP. PARELHEIROS,JD. SÃO NICOLAU,1,23:16,1,60.0,1,20.0,21.27,21.49,0.0,10000,2.06,800,3.0,22.5,45.0,0,4.56,23.5,0.2,0.333,100.0,2,1,0.4168,Estabilizado,Operação Normal
2026-08-18T02:17:18.150100,4222-10,288,1,MOOCA,PQ. STA. MADALENA,1,23:16,2,30.0,2,20.0,21.27,21.49,0.0,10000,2.06,800,3.0,22.5,45.0,0,4.56,23.5,0.2,0.667,75.0,3,1,0.3209,Estabilizado,Operação Normal
2026-08-18T02:17:18.150100,6008-10,1200,1,EST. STO. AMARO/GUIDO CALOI,JD. PLANALTO,1,23:16,2,30.0,2,20.0,21.27,21.49,0.0,10000,2.06,800,3.0,22.5,45.0,0,4.56,23.5,0.2,0.667,75.0,3,1,0.3209,Estabilizado,Operação Normal
2026-08-18T02:17:18.150100,N739-11,2420,1,JD. UNIVERSAL,TERM. CAPELINHA,1,23:16,1,60.0,1,20.0,21.27,21.49,0.0,10000,2.06,800,3.0,22.5,45.0,0,4.56,23.5,0.2,0.333,100.0,2,1,0.4168,Estabilizado,Operação Normal
2026-08-18T02:17:18.150100,3004-10,34566,2,CPTM VL. MARA/ITAIM,JD. SÃO MARTINHO,1,23:16,1,60.0,1,20.0,21.27,21.49,0.0,10000,2.06,800,3.0,22.5,45.0,0,4.56,23.5,0.2,0.333,100.0,2,1,0.4168,Estabilizado,Operação Normal
2026-08-18T02:17:18.150100,6017-10,33974,2,JD. ÂNGELA,JD. NAKAMURA,1,23:16,2,30.0,2,20.0,21.27,21.49,0.0,10000,2.06,800,3.0,22.5,45.0,0,4.56,23.5,0.2,0.667,75.0,3,1,0.3209,Estabilizado,Operação Normal
2026-08-18T02:17:18.150100,3054-10,975,1,HOSP. SAPOPEMBA,JD. PALANQUE,1,23:16,2,30.0,2,20.0,21.27,21.49,0.0,10000,2.06,800,3.0,22.5,45.0,0,4.56,23.5,0.2,0.667,75.0,3,1,0.3209,Estabilizado,Operação Normal
2026-08-18T02:17:18.150100,372F-10,33783,2,METRÔ BRESSER,UNIV. SÃO JUDAS TADEU,1,23:16,2,30.0,2,20.0,21.27,21.49,0.0,10000,2.06,800,3.0,22.5,45.0,0,4.56,23.5,0.2,0.667,75.0,3,1,0.3209,Estabilizado,Operação Normal
2026-08-18T02:17:18.150100,6823-10,32802,2,TERM. CAPELINHA,JD. GUARUJÁ,1,23:16,3,20.0,3,20.0,21.27,21.49,0.0,10000,2.06,800,3.0,22.5,45.0,0,4.56,23.5,0.2,1.0,66.67,4,1,0.2668,Estabilizado,Operação Normal
2026-08-18T02:17:18.150100,2023-10,2260,1,METRÔ TUCURUVI,CACHOEIRA,1,23:16,1,60.0,1,20.0,21.27,21.49,0.0,10000,2.06,800,3.0,22.5,45.0,0,4.56,23.5,0.2,0.333,100.0,2,1,0.4168,Estabilizado,Operação Normal
2026-08-18T02:17:18.150100,N301-11,35103,2,TERM. PQ. D. PEDRO II,TERM. A. E. CARVALHO,1,23:16,1,60.0,1,20.0,21.27,21.49,0.0,10000,2.06,800,3.0,22.5,45.0,0,4.56,23.5,0.2,0.333,100.0,2,1,0.4168,Estabilizado,Operação Normal
2026-08-18T02:17:18.150100,776M-10,2680,1,AEROPORTO,TERM. ÁGUA ESPRAIADA,1,23:16,1,60.0,1,20.0,21.27,21.49,0.0,10000,2.06,800,3.0,22.5,45.0,0,4.56,23.5,0.2,0.333,100.0,2,1,0.4168,Estabilizado,Operação Normal
2026-08-18T02:17:18.150100,6012-10,1204,1,JD. ÂNGELA,PQ. INDEPENDÊNCIA,1,23:16,1,60.0,1,20.0,21.27,21.49,0.0,10000,2.06,800,3.0,22.5,45.0,0,4.56,23.5,0.2,0.333,100.0,2,1,0.4168,Estabilizado,Operação Normal
2026-08-18T02:17:18.150100,6046-10,33991,2,STO. AMARO,JD. SÃO BENTO NOVO,1,23:16,1,60.0,1,20.0,21.27,21.49,0.0,10000,2.06,800,3.0,22.5,45.0,0,4.56,23.5,0.2,0.333,100.0,2,1,0.4168,Estabilizado,Operação Normal
2026-08-18T02:17:18.150100,3746-31,34865,2,METRÔ BELÉM,JD. IMPERADOR,1,23:16,1,60.0,1,20.0,21.27,21.49,0.0,10000,2.06,800,3.0,22.5,45.0,0,4.56,23.5,0.2,0.333,100.0,2,1,0.4168,Estabilizado,Operação Normal
2026-08-18T02:17:18.150100,8015-10,1345,1,TERM. PIRITUBA,CEM. DE PERUS,1,23:16,2,30.0,2,20.0,21.27,21.49,0.0,10000,2.06,800,3.0,22.5,45.0,0,4.56,23.5,0.2,0.667,75.0,3,1,0.3209,Estabilizado,Operação Normal
2026-08-18T02:17:18.150100,4284-10,33057,2,TERM. VL. PRUDENTE,VL. CALIFÓRNIA,1,23:16,1,60.0,1,20.0,21.27,21.49,0.0,10000,2.06,800,3.0,22.5,45.0,0,4.56,23.5,0.2,0.333,100.0,2,1,0.4168,Estabilizado,Operação Normal
2026-08-18T02:17:18.150100,2101-10,33482,2,PÇA. DA SÉ,PÇA. SILVIO ROMERO,1,23:16,1,60.0,1,20.0,21.27,21.49,0.0,10000,2.06,800,3.0,22.5,45.0,0,4.56,23.5,0.2,0.333,100.0,2,1,0.4168,Estabilizado,Operação Normal
2026-08-18T02:17:18.150100,4006-10,34948,2,CIRCULAR,JD. NOVA VITÓRIA,1,23:16,1,60.0,1,20.0,21.27,21.49,0.0,10000,2.06,800,3.0,22.5,45.0,0,4.56,23.5,0.2,0.333,100.0,2,1,0.4168,Estabilizado,Operação Normal
2026-08-18T02:17:18.150100,2716-10,33697,2,METRÔ PENHA,CHÁC. CRUZ. DO SUL,1,23:16,1,60.0,1,20.0,21.27,21.49,0.0,10000,2.06,800,3.0,22.5,45.0,0,4.56,23.5,0.2,0.333,100.0,2,1,0.4168,Estabilizado,Operação Normal
2026-08-18T02:17:18.150100,6403-10,32826,2,TERM. PQ. D. PEDRO II,TERM. JOÃO DIAS,1,23:16,2,30.0,2,20.0,21.27,21.49,0.0,10000,2.06,800,3.0,22.5,45.0,0,4.56,23.5,0.2,0.667,75.0,3,1,0.3209,Estabilizado,Operação Normal
2026-08-18T02:17:18.150100,809R-10,2067,1,TERM. PINHEIROS,RIO PEQUENO,1,23:16,1,60.0,1,20.0,21.27,21.49,0.0,10000,2.06,800,3.0,22.5,45.0,0,4.56,23.5,0.2,0.333,100.0,2,1,0.4168,Estabilizado,Operação Normal
2026-08-18T02:17:18.150100,314J-10,33078,2,PÇA. ALMEIDA JR.,PQ. STA. MADALENA,1,23:16,2,30.0,2,20.0,21.27,21.49,0.0,10000,2.06,800,3.0,22.5,45.0,0,4.56,23.5,0.2,0.667,75.0,3,1,0.3209,Estabilizado,Operação Normal
2026-08-18T02:17:18.150100,178A-10,558,1,LAPA,METRÔ SANTANA,1,23:16,2,30.0,2,20.0,21.27,21.49,0.0,10000,2.06,800,3.0,22.5,45.0,0,4.56,23.5,0.2,0.667,75.0,3,1,0.3209,Estabilizado,Operação Normal
2026-08-18T02:17:18.150100,4727-10,33108,2,METRÔ PÇA. DA ÁRVORE,JD. CLÍMAX,1,23:16,1,60.0,1,20.0,21.27,21.49,0.0,10000,2.06,800,3.0,22.5,45.0,0,4.56,23.5,0.2,0.333,100.0,2,1,0.4168,Estabilizado,Operação Normal
2026-08-18T02:17:18.150100,N634-11,35167,2,JD. LUSO,TERM. STO. AMARO,1,23:16,1,60.0,1,20.0,21.27,21.49,0.0,10000,2.06,800,3.0,22.5,45.0,0,4.56,23.5,0.2,0.333,100.0,2,1,0.4168,Estabilizado,Operação Normal
2026-08-18T02:17:18.150100,748A-41,33267,2,LAPA,JD. PERI PERI,1,23:16,1,60.0,1,20.0,21.27,21.49,0.0,10000,2.06,800,3.0,22.5,45.0,0,4.56,23.5,0.2,0.333,100.0,2,1,0.4168,Estabilizado,Operação Normal
2026-08-18T02:17:18.150100,129F-10,35072,2,METRÔ BARRA FUNDA,CONEXÃO PETRÔNIO PORTELA,1,23:16,2,30.0,2,20.0,21.27,21.49,0.0,10000,2.06,800,3.0,22.5,45.0,0,4.56,23.5,0.2,0.667,75.0,3,1,0.3209,Estabilizado,Operação Normal
2026-08-18T02:17:18.150100,4010-10,2183,1,TERM. VL. CARRÃO,JD. NSA. SRA. DO CARMO,1,23:16,1,60.0,1,20.0,21.27,21.49,0.0,10000,2.06,800,3.0,22.5,45.0,0,4.56,23.5,0.2,0.333,100.0,2,1,0.4168,Estabilizado,Operação Normal
2026-08-18T02:17:18.150100,6816-10,32794,2,TERM. CAPELINHA,JD. MITSUTANI,1,23:16,3,20.0,3,20.0,21.27,21.49,0.0,10000,2.06,800,3.0,22.5,45.0,0,4.56,23.5,0.2,1.0,66.67,4,1,0.2668,Estabilizado,Operação Normal
2026-08-18T02:17:18.150100,6262-10,1371,1,TERM. BANDEIRA,CEASA,1,23:16,1,60.0,1,20.0,21.27,21.49,0.0,10000,2.06,800,3.0,22.5,45.0,0,4.56,23.5,0.2,0.333,100.0,2,1,0.4168,Estabilizado,Operação Normal
2026-08-18T02:17:18.150100,1720-21,1937,1,METRÔ TUCURUVI,VILA SABRINA,1,23:16,1,60.0,1,20.0,21.27,21.49,0.0,10000,2.06,800,3.0,22.5,45.0,0,4.56,23.5,0.2,0.333,100.0,2,1,0.4168,Estabilizado,Operação Normal
2026-08-18T02:17:18.150100,6L10-41,2005,1,TERM. VARGINHA,MESSIÂNICA,1,23:16,1,60.0,1,20.0,21.27,21.49,0.0,10000,2.06,800,3.0,22.5,45.0,0,4.56,23.5,0.2,0.333,100.0,2,1,0.4168,Estabilizado,Operação Normal
2026-08-18T02:17:18.150100,7012-10,34811,2,TERM. GUARAPIRANGA,PQ. DO LAGO,1,23:16,2,30.0,2,20.0,21.27,21.49,0.0,10000,2.06,800,3.0,22.5,45.0,0,4.56,23.5,0.2,0.667,75.0,3,1,0.3209,Estabilizado,Operação Normal
2026-08-18T02:17:18.150100,209P-1,2301,1,TERM. PINHEIROS,CACHOEIRINHA,1,23:16,1,60.0,1,20.0,21.27,21.49,0.0,10000,2.06,800,3.0,22.5,45.0,0,4.56,23.5,0.2,0.333,100.0,2,1,0.4168,Estabilizado,Operação Normal
2026-08-18T02:17:18.150100,5164-21,34384,2,PQ. IBIRAPUERA,CID. LEONOR,1,23:16,4,15.0,4,20.0,21.27,21.49,0.0,10000,2.06,800,3.0,22.5,45.0,0,4.56,23.5,0.2,1.0,62.5,5,1,0.2564,Estabilizado,Operação Normal
2026-08-18T02:17:18.150100,N538-11,35158,2,JD. CELESTE,TERM. SACOMÃ,1,23:16,1,60.0,1,20.0,21.27,21.49,0.0,10000,2.06,800,3.0,22.5,45.0,0,4.56,23.5,0.2,0.333,100.0,2,1,0.4168,Estabilizado,Operação Normal
2026-08-18T02:17:18.150100,1206-10,33610,2,CORREIO,PQ. VL. MARIA,1,23:16,1,60.0,1,20.0,21.27,21.49,0.0,10000,2.06,800,3.0,22.5,45.0,0,4.56,23.5,0.2,0.333,100.0,2,1,0.4168,Estabilizado,Operação Normal
2026-08-18T02:17:18.150100,8029-10,2540,1,TERM. MORUMBI,SHOP. PORTAL,1,23:16,1,60.0,1,20.0,21.27,21.49,0.0,10000,2.06,800,3.0,22.5,45.0,0,4.56,23.5,0.2,0.333,100.0,2,1,0.4168,Estabilizado,Operação Normal
2026-08-18T02:17:18.150100,4021-10,35316,2,VL. CHUCA,METRÔ ITAQUERA,1,23:16,1,60.0,1,20.0,21.27,21.49,0.0,10000,2.06,800,3.0,22.5,45.0,0,4.56,23.5,0.2,0.333,100.0,2,1,0.4168,Estabilizado,Operação Normal
2026-08-18T02:17:18.150100,8072-10,34847,2,METRÔ MORUMBI,HORTO DO YPÊ,1,23:16,1,60.0,1,20.0,21.27,21.49,0.0,10000,2.06,800,3.0,22.5,45.0,0,4.56,23.5,0.2,0.333,100.0,2,1,0.4168,Estabilizado,Operação Normal
2026-08-18T02:17:18.150100,8700-1,2508,1,PÇA. RAMOS DE AZEVEDO,TERM. CAMPO LIMPO,1,23:16,1,60.0,1,20.0,21.27,21.49,0.0,10000,2.06,800,3.0,22.5,45.0,0,4.56,23.5,0.2,0.333,100.0,2,1,0.4168,Estabilizado,Operação Normal
2026-08-18T02:17:18.150100,5142-10,34394,2,TERM. PQ. D. PEDRO II,TERM. SAPOPEMBA,1,23:16,1,60.0,1,20.0,21.27,21.49,0.0,10000,2.06,800,3.0,22.5,45.0,0,4.56,23.5,0.2,0.333,100.0,2,1,0.4168,Estabilizado,Operação Normal
2026-08-18T02:17:18.150100,342N-10,1003,1,CPTM GUAIANASES,COHAB JUSCELINO,1,23:16,1,60.0,1,20.0,21.27,21.49,0.0,10000,2.06,800,3.0,22.5,45.0,0,4.56,23.5,0.2,0.333,100.0,2,1,0.4168,Estabilizado,Operação Normal
2026-08-18T02:17:18.150100,6805-10,31,1,TERM. JOÃO DIAS,TERM. CAPELINHA,1,23:16,1,60.0,1,20.0,21.27,21.49,0.0,10000,2.06,800,3.0,22.5,45.0,0,4.56,23.5,0.2,0.333,100.0,2,1,0.4168,Estabilizado,Operação Normal
2026-08-18T02:17:18.150100,3008-10,35283,2,CPTM ITAIM PAULISTA,JD. MIRIAM,1,23:16,1,60.0,1,20.0,21.27,21.49,0.0,10000,2.06,800,3.0,22.5,45.0,0,4.56,23.5,0.2,0.333,100.0,2,1,0.4168,Estabilizado,Operação Normal
2026-08-18T02:17:18.150100,6048-10,56,1,STO. AMARO,CAPÃO REDONDO,1,23:16,2,30.0,2,20.0,21.27,21.49,0.0,10000,2.06,800,3.0,22.5,45.0,0,4.56,23.5,0.2,0.667,75.0,3,1,0.3209,Estabilizado,Operação Normal
2026-08-18T02:17:18.150100,908T-10,2116,1,BUTANTÃ,TERM. PQ. D. PEDRO II,1,23:16,2,30.0,2,20.0,21.27,21.49,0.0,10000,2.06,800,3.0,22.5,45.0,0,4.56,23.5,0.2,0.667,75.0,3,1,0.3209,Estabilizado,Operação Normal
2026-08-18T02:17:18.150100,N746-11,35195,2,JD. IRENE,TERM. CAMPO LIMPO,1,23:16,1,60.0,1,20.0,21.27,21.49,0.0,10000,2.06,800,3.0,22.5,45.0,0,4.56,23.5,0.2,0.333,100.0,2,1,0.4168,Estabilizado,Operação Normal
2026-08-18T02:17:18.150100,5701-10,33904,2,TERM. ÁGUA ESPRAIADA,METRÔ CONCEIÇÃO,1,23:16,3,20.0,3,20.0,21.27,21.49,0.0,10000,2.06,800,3.0,22.5,45.0,0,4.56,23.5,0.2,1.0,66.67,4,1,0.2668,Estabilizado,Operação Normal
2026-08-18T02:17:18.150100,3032-10,720,1,CIRCULAR,TERM. VL. CARRÃO,1,23:16,1,60.0,1,20.0,21.27,21.49,0.0,10000,2.06,800,3.0,22.5,45.0,0,4.56,23.5,0.2,0.333,100.0,2,1,0.4168,Estabilizado,Operação Normal
2026-08-18T02:17:18.150100,9301-10,458,1,PÇA. DO CORREIO,TERM. CASA VERDE,1,23:16,1,60.0,1,20.0,21.27,21.49,0.0,10000,2.06,800,3.0,22.5,45.0,0,4.56,23.5,0.2,0.333,100.0,2,1,0.4168,Estabilizado,Operação Normal
2026-08-18T02:17:18.150100,7040-10,776,1,PINHEIROS,PARAISÓPOLIS,1,23:16,2,30.0,2,20.0,21.27,21.49,0.0,10000,2.06,800,3.0,22.5,45.0,0,4.56,23.5,0.2,0.667,75.0,3,1,0.3209,Estabilizado,Operação Normal
2026-08-18T02:17:18.150100,2175-10,697,1,TERM. PQ. D. PEDRO II,PQ. EDU CHAVES,1,23:16,2,30.0,2,20.0,21.27,21.49,0.0,10000,2.06,800,3.0,22.5,45.0,0,4.56,23.5,0.2,0.667,75.0,3,1,0.3209,Estabilizado,Operação Normal
2026-08-18T02:17:18.150100,4003-10,34927,2,E.T. ITAQUERA,INÁCIO MONTEIRO,1,23:16,2,30.0,2,20.0,21.27,21.49,0.0,10000,2.06,800,3.0,22.5,45.0,0,4.56,23.5,0.2,0.667,75.0,3,1,0.3209,Estabilizado,Operação Normal
2026-08-18T02:17:18.150100,4001-10,2176,1,TERM. VL. CARRÃO,ITAQUERA,1,23:16,1,60.0,1,20.0,21.27,21.49,0.0,10000,2.06,800,3.0,22.5,45.0,0,4.56,23.5,0.2,0.333,100.0,2,1,0.4168,Estabilizado,Operação Normal
2026-08-18T02:17:18.150100,513C-10,2535,1,SÃO MATEUS,VL. CALIFÓRNIA,1,23:16,2,30.0,2,20.0,21.27,21.49,0.0,10000,2.06,800,3.0,22.5,45.0,0,4.56,23.5,0.2,0.667,75.0,3,1,0.3209,Estabilizado,Operação Normal
2026-08-18T02:17:18.150100,6806-10,32,1,TERM. JOÃO DIAS,JD. NOVO ORIENTE,1,23:16,1,60.0,1,20.0,21.27,21.49,0.0,10000,2.06,800,3.0,22.5,45.0,0,4.56,23.5,0.2,0.333,100.0,2,1,0.4168,Estabilizado,Operação Normal
2026-08-18T02:17:18.150100,8075-10,2044,1,METRÔ BUTANTÃ,TERM. CAMPO LIMPO,1,23:16,1,60.0,1,20.0,21.27,21.49,0.0,10000,2.06,800,3.0,22.5,45.0,0,4.56,23.5,0.2,0.333,100.0,2,1,0.4168,Estabilizado,Operação Normal
2026-08-18T02:17:18.150100,211L-10,35033,2,LAPA,MANDAQUI,1,23:16,2,30.0,2,20.0,21.27,21.49,0.0,10000,2.06,800,3.0,22.5,45.0,0,4.56,23.5,0.2,0.667,75.0,3,1,0.3209,Estabilizado,Operação Normal
2026-08-18T02:17:18.150100,6050-10,33993,2,TERM. GRAJAÚ,PQ. COCAIA,1,23:16,1,60.0,1,20.0,21.27,21.49,0.0,10000,2.06,800,3.0,22.5,45.0,0,4.56,23.5,0.2,0.333,100.0,2,1,0.4168,Estabilizado,Operação Normal
2026-08-18T02:17:18.150100,5024-31,33891,2,STO. AMARO,MISSIONÁRIA,1,23:16,2,30.0,2,20.0,21.27,21.49,0.0,10000,2.06,800,3.0,22.5,45.0,0,4.56,23.5,0.2,0.667,75.0,3,1,0.3209,Estabilizado,Operação Normal
2026-08-18T02:17:18.150100,546T-10,272,1,TERM. STO. AMARO,VL. GUACURI,1,23:16,2,30.0,2,20.0,21.27,21.49,0.0,10000,2.06,800,3.0,22.5,45.0,0,4.56,23.5,0.2,0.667,75.0,3,1,0.3209,Estabilizado,Operação Normal
2026-08-18T02:17:18.150100,6801-10,32773,2,TERM. JOÃO DIAS,JD. IBIRAPUERA,1,23:16,1,60.0,1,20.0,21.27,21.49,0.0,10000,2.06,800,3.0,22.5,45.0,0,4.56,23.5,0.2,0.333,100.0,2,1,0.4168,Estabilizado,Operação Normal
2026-08-18T02:17:18.150100,9019-10,1433,1,TERM. PIRITUBA,JD. PAULISTANO,1,23:16,1,60.0,1,20.0,21.27,21.49,0.0,10000,2.06,800,3.0,22.5,45.0,0,4.56,23.5,0.2,0.333,100.0,2,1,0.4168,Estabilizado,Operação Normal
2026-08-18T02:17:18.150100,5107-10,34427,2,PÇA. DO CORREIO,TERM. SACOMÃ,1,23:16,1,60.0,1,20.0,21.27,21.49,0.0,10000,2.06,800,3.0,22.5,45.0,0,4.56,23.5,0.2,0.333,100.0,2,1,0.4168,Estabilizado,Operação Normal
2026-08-18T02:17:18.150100,4721-10,33105,2,METRÔ JABAQUARA,SHOP. PLAZA SUL,1,23:16,1,60.0,1,20.0,21.27,21.49,0.0,10000,2.06,800,3.0,22.5,45.0,0,4.56,23.5,0.2,0.333,100.0,2,1,0.4168,Estabilizado,Operação Normal
2026-08-18T02:17:18.150100,3462-10,247,1,METRÔ TATUAPÉ,VL. SANTANA,1,23:16,1,60.0,1,20.0,21.27,21.49,0.0,10000,2.06,800,3.0,22.5,45.0,0,4.56,23.5,0.2,0.333,100.0,2,1,0.4168,Estabilizado,Operação Normal
2026-08-18T02:17:18.150100,2709-10,922,1,VL. UNIÃO,METRÔ PATRIARCA,1,23:16,1,60.0,1,20.0,21.27,21.49,0.0,10000,2.06,800,3.0,22.5,45.0,0,4.56,23.5,0.2,0.333,100.0,2,1,0.4168,Estabilizado,Operação Normal
2026-08-18T02:17:18.150100,6L03-10,34333,2,TERM. PARELHEIROS,CIPÓ DO MEIO,1,23:16,1,60.0,1,20.0,21.27,21.49,0.0,10000,2.06,800,3.0,22.5,45.0,0,4.56,23.5,0.2,0.333,100.0,2,1,0.4168,Estabilizado,Operação Normal
2026-08-18T02:17:18.150100,809V-10,2243,1,METRÔ - TRIANON - MASP,VL. GOMES,1,23:16,1,60.0,1,20.0,21.27,21.49,0.0,10000,2.06,800,3.0,22.5,45.0,0,4.56,23.5,0.2,0.333,100.0,2,1,0.4168,Estabilizado,Operação Normal
2026-08-18T02:17:18.150100,1764-10,33393,2,METRÔ SANTANA,JD. CORISCO,1,23:16,1,60.0,1,20.0,21.27,21.49,0.0,10000,2.06,800,3.0,22.5,45.0,0,4.56,23.5,0.2,0.333,100.0,2,1,0.4168,Estabilizado,Operação Normal
2026-08-18T02:17:18.150100,9005-10,33640,2,TERM. CACHOEIRINHA,JD. PRINCESA,1,23:16,3,20.0,3,20.0,21.27,21.49,0.0,10000,2.06,800,3.0,22.5,45.0,0,4.56,23.5,0.2,1.0,66.67,4,1,0.2668,Estabilizado,Operação Normal
2026-08-18T02:17:18.150100,7011-31,34722,2,JD. ÂNGELA,JD. DOS REIS,1,23:16,1,60.0,1,20.0,21.27,21.49,0.0,10000,2.06,800,3.0,22.5,45.0,0,4.56,23.5,0.2,0.333,100.0,2,1,0.4168,Estabilizado,Operação Normal
2026-08-18T02:17:18.150100,6063-43,2480,1,TERM. EST. VARGINHA,VL. DA PAZ,1,23:16,1,60.0,1,20.0,21.27,21.49,0.0,10000,2.06,800,3.0,22.5,45.0,0,4.56,23.5,0.2,0.333,100.0,2,1,0.4168,Estabilizado,Operação Normal
2026-08-18T02:17:18.150100,3161-10,1084,1,TERM. PQ. D. PEDRO II,JD. COLORADO,1,23:16,1,60.0,1,20.0,21.27,21.49,0.0,10000,2.06,800,3.0,22.5,45.0,0,4.56,23.5,0.2,0.333,100.0,2,1,0.4168,Estabilizado,Operação Normal
2026-08-18T02:17:18.150100,7458-10,33264,2,TERM. VL. SÔNIA,JD. BOA VISTA,1,23:16,1,60.0,1,20.0,21.27,21.49,0.0,10000,2.06,800,3.0,22.5,45.0,0,4.56,23.5,0.2,0.333,100.0,2,1,0.4168,Estabilizado,Operação Normal
2026-08-18T02:17:18.150100,4286-10,326,1,TERM. VL PRUDENTE,VL. INDUSTRIAL,1,23:16,1,60.0,1,20.0,21.27,21.49,0.0,10000,2.06,800,3.0,22.5,45.0,0,4.56,23.5,0.2,0.333,100.0,2,1,0.4168,Estabilizado,Operação Normal
2026-08-18T02:17:18.150100,847J-10,34110,2,JAGUARÉ,CITY JARAGUÁ,1,23:16,2,30.0,2,20.0,21.27,21.49,0.0,10000,2.06,800,3.0,22.5,45.0,0,4.56,23.5,0.2,0.667,75.0,3,1,0.3209,Estabilizado,Operação Normal
2026-08-18T02:17:18.150100,4112-10,767,1,PÇA. DA REPÚBLICA,STA. MARGARIDA MARIA,1,23:16,1,60.0,1,20.0,21.27,21.49,0.0,10000,2.06,800,3.0,22.5,45.0,0,4.56,23.5,0.2,0.333,100.0,2,1,0.4168,Estabilizado,Operação Normal
2026-08-18T02:17:18.150100,1772-10,635,1,METRÔ TUCURUVI,RECANTO VERDE,1,23:16,1,60.0,1,20.0,21.27,21.49,0.0,10000,2.06,800,3.0,22.5,45.0,0,4.56,23.5,0.2,0.333,100.0,2,1,0.4168,Estabilizado,Operação Normal
2026-08-18T02:17:18.150100,575A-10,34406,2,SHOP. METRÔ TATUAPÉ,DIV. SÃO CAETANO,1,23:16,2,30.0,2,20.0,21.27,21.49,0.0,10000,2.06,800,3.0,22.5,45.0,0,4.56,23.5,0.2,0.667,75.0,3,1,0.3209,Estabilizado,Operação Normal
2026-08-18T02:17:18.150100,513C-10,35303,2,SÃO MATEUS,VL. CALIFÓRNIA,1,23:16,1,60.0,1,20.0,21.27,21.49,0.0,10000,2.06,800,3.0,22.5,45.0,0,4.56,23.5,0.2,0.333,100.0,2,1,0.4168,Estabilizado,Operação Normal
2026-08-18T02:17:18.150100,6801-10,5,1,TERM. JOÃO DIAS,JD. IBIRAPUERA,1,23:16,1,60.0,1,20.0,21.27,21.49,0.0,10000,2.06,800,3.0,22.5,45.0,0,4.56,23.5,0.2,0.333,100.0,2,1,0.4168,Estabilizado,Operação Normal
2026-08-18T02:17:18.150100,8544-10,430,1,PÇA. DO CORREIO,CID. D'ABRIL 3ª GLEBA,1,23:16,1,60.0,1,20.0,21.27,21.49,0.0,10000,2.06,800,3.0,22.5,45.0,0,4.56,23.5,0.2,0.333,100.0,2,1,0.4168,Estabilizado,Operação Normal
2026-08-18T02:17:18.150100,6115-41,35009,2,TERM. GRAJAÚ,PQ. RES. DOS LAGOS,1,23:16,1,60.0,1,20.0,21.27,21.49,0.0,10000,2.06,800,3.0,22.5,45.0,0,4.56,23.5,0.2,0.333,100.0,2,1,0.4168,Estabilizado,Operação Normal
2026-08-18T02:17:18.150100,6080-10,33936,2,SHOP. INTERLAGOS,JD. LUCÉLIA,1,23:16,1,60.0,1,20.0,21.27,21.49,0.0,10000,2.06,800,3.0,22.5,45.0,0,4.56,23.5,0.2,0.333,100.0,2,1,0.4168,Estabilizado,Operação Normal
2026-08-18T02:17:18.150100,N745-11,35194,2,TERM. CAMPO LIMPO,TERM. CAPELINHA,1,23:16,1,60.0,1,20.0,21.27,21.49,0.0,10000,2.06,800,3.0,22.5,45.0,0,4.56,23.5,0.2,0.333,100.0,2,1,0.4168,Estabilizado,Operação Normal
2026-08-18T02:17:18.150100,7050-10,34652,2,TERM. CAMPO LIMPO,JD. DAS ROSAS,1,23:16,2,30.0,2,20.0,21.27,21.49,0.0,10000,2.06,800,3.0,22.5,45.0,0,4.56,23.5,0.2,0.667,75.0,3,1,0.3209,Estabilizado,Operação Normal
2026-08-18T02:17:18.150100,3010-10,2543,1,TERM. A. E. CARVALHO,CEM. DA SAUDADE,1,23:16,1,60.0,1,20.0,21.27,21.49,0.0,10000,2.06,800,3.0,22.5,45.0,0,4.56,23.5,0.2,0.333,100.0,2,1,0.4168,Estabilizado,Operação Normal
2026-08-18T02:17:18.150100,6003-10,1472,1,TERM. VARGINHA,TERM. GRAJAÚ,1,23:16,1,60.0,1,20.0,21.27,21.49,0.0,10000,2.06,800,3.0,22.5,45.0,0,4.56,23.5,0.2,0.333,100.0,2,1,0.4168,Estabilizado,Operação Normal
2026-08-18T02:17:18.150100,N139-11,35063,2,JD. PAULISTANO,TERM. PIRITUBA,1,23:16,1,60.0,1,20.0,21.27,21.49,0.0,10000,2.06,800,3.0,22.5,45.0,0,4.56,23.5,0.2,0.333,100.0,2,1,0.4168,Estabilizado,Operação Normal
2026-08-18T02:17:18.150100,8009-10,34027,2,TERM. PIRITUBA,CID. D'ABRIL 3ª GLEBA,1,23:16,1,60.0,1,20.0,21.27,21.49,0.0,10000,2.06,800,3.0,22.5,45.0,0,4.56,23.5,0.2,0.333,100.0,2,1,0.4168,Estabilizado,Operação Normal
2026-08-18T02:17:18.150100,5632-10,32849,2,LGO. SÃO FRANCISCO,VL. SÃO JOSÉ,1,23:16,3,20.0,3,20.0,21.27,21.49,0.0,10000,2.06,800,3.0,22.5,45.0,0,4.56,23.5,0.2,1.0,66.67,4,1,0.2668,Estabilizado,Operação Normal
2026-08-18T02:17:18.150100,3006-21,35318,2,CPTM GUAIANASES,ETEC GUAIANASES,1,23:16,1,60.0,1,20.0,21.27,21.49,0.0,10000,2.06,800,3.0,22.5,45.0,0,4.56,23.5,0.2,0.333,100.0,2,1,0.4168,Estabilizado,Operação Normal
2026-08-18T02:17:18.150100,971X-10,1695,1,METRÔ SANTANA,TERM. CACHOEIRINHA,1,23:16,1,60.0,1,20.0,21.27,21.49,0.0,10000,2.06,800,3.0,22.5,45.0,0,4.56,23.5,0.2,0.333,100.0,2,1,0.4168,Estabilizado,Operação Normal
2026-08-18T02:17:18.150100,9181-10,33653,2,LAPA,VL. TEREZINHA,1,23:16,2,30.0,2,20.0,21.27,21.49,0.0,10000,2.06,800,3.0,22.5,45.0,0,4.56,23.5,0.2,0.667,75.0,3,1,0.3209,Estabilizado,Operação Normal
2026-08-18T02:17:18.150100,2734-10,1760,1,METRÔ ITAQUERA,JD. CAMPOS,1,23:16,2,30.0,2,20.0,21.27,21.49,0.0,10000,2.06,800,3.0,22.5,45.0,0,4.56,23.5,0.2,0.667,75.0,3,1,0.3209,Estabilizado,Operação Normal
2026-08-18T02:17:18.150100,3003-10,1797,1,CPTM VL. MARA/ITAIM,JD. SÃO MARTINHO,1,23:16,1,60.0,1,20.0,21.27,21.49,0.0,10000,2.06,800,3.0,22.5,45.0,0,4.56,23.5,0.2,0.333,100.0,2,1,0.4168,Estabilizado,Operação Normal
2026-08-18T02:17:18.150100,5026-10,34403,2,JD. SÃO ROBERTO,CONJ. TEOTÔNIO VILELA,1,23:16,1,60.0,1,20.0,21.27,21.49,0.0,10000,2.06,800,3.0,22.5,45.0,0,4.56,23.5,0.2,0.333,100.0,2,1,0.4168,Estabilizado,Operação Normal
2026-08-18T02:17:18.150100,6061-10,1150,1,TERM. GRAJAÚ,JD. MARILDA,1,23:16,1,60.0,1,20.0,21.27,21.49,0.0,10000,2.06,800,3.0,22.5,45.0,0,4.56,23.5,0.2,0.333,100.0,2,1,0.4168,Estabilizado,Operação Normal
2026-08-18T02:17:18.150100,9011-21,34536,2,CITY JARAGUÁ,CPTM JARAGUÁ,1,23:16,3,20.0,3,20.0,21.27,21.49,0.0,10000,2.06,800,3.0,22.5,45.0,0,4.56,23.5,0.2,1.0,66.67,4,1,0.2668,Estabilizado,Operação Normal
2026-08-18T02:17:18.150100,7053-22,1896,1,TERM. CAMPO LIMPO,JD. MARIA SAMPAIO,1,23:16,1,60.0,1,20.0,21.27,21.49,0.0,10000,2.06,800,3.0,22.5,45.0,0,4.56,23.5,0.2,0.333,100.0,2,1,0.4168,Estabilizado,Operação Normal
2026-08-18T02:17:18.150100,5759-10,33906,2,METRÔ CONCEIÇÃO,PQ. PRIMAVERA,1,23:16,2,30.0,2,20.0,21.27,21.49,0.0,10000,2.06,800,3.0,22.5,45.0,0,4.56,23.5,0.2,0.667,75.0,3,1,0.3209,Estabilizado,Operação Normal
2026-08-18T02:17:18.150100,6059-10,33994,2,STO. AMARO,JD. UNIVERSAL,1,23:16,2,30.0,2,20.0,21.27,21.49,0.0,10000,2.06,800,3.0,22.5,45.0,0,4.56,23.5,0.2,0.667,75.0,3,1,0.3209,Estabilizado,Operação Normal
2026-08-18T02:17:18.150100,7053-21,34663,2,TERM. CAMPO LIMPO,JD. MARIA SAMPAIO,1,23:16,1,60.0,1,20.0,21.27,21.49,0.0,10000,2.06,800,3.0,22.5,45.0,0,4.56,23.5,0.2,0.333,100.0,2,1,0.4168,Estabilizado,Operação Normal
2026-08-18T02:17:18.150100,1757-10,548,1,METRÔ SANTANA ,CONJ. DOS BANCÁRIOS,1,23:16,1,60.0,1,20.0,21.27,21.49,0.0,10000,2.06,800,3.0,22.5,45.0,0,4.56,23.5,0.2,0.333,100.0,2,1,0.4168,Estabilizado,Operação Normal
2026-08-18T02:17:18.150100,550P-10,2687,1,METRÔ BRÁS,TERM. VL. PRUDENTE,1,23:16,1,60.0,1,20.0,21.27,21.49,0.0,10000,2.06,800,3.0,22.5,45.0,0,4.56,23.5,0.2,0.333,100.0,2,1,0.4168,Estabilizado,Operação Normal
2026-08-18T02:17:18.150100,6455-10,63,1,LGO. SÃO FRANCISCO,TERM. CAPELINHA,1,23:16,1,60.0,1,20.0,21.27,21.49,0.0,10000,2.06,800,3.0,22.5,45.0,0,4.56,23.5,0.2,0.333,100.0,2,1,0.4168,Estabilizado,Operação Normal
2026-08-18T02:17:18.150100,5015-10,33887,2,METRÔ JABAQUARA,JD. SÃO JORGE,1,23:16,1,60.0,1,20.0,21.27,21.49,0.0,10000,2.06,800,3.0,22.5,45.0,0,4.56,23.5,0.2,0.333,100.0,2,1,0.4168,Estabilizado,Operação Normal
2026-08-18T02:17:18.150100,9050-10,34856,2,ITAIM BIBI,TERM. LAPA,1,23:16,3,20.0,3,20.0,21.27,21.49,0.0,10000,2.06,800,3.0,22.5,45.0,0,4.56,23.5,0.2,1.0,66.67,4,1,0.2668,Estabilizado,Operação Normal
2026-08-18T02:17:18.150100,N534-11,2386,1,VL. ARAPUÁ,TERM. SACOMÃ,1,23:16,1,60.0,1,20.0,21.27,21.49,0.0,10000,2.06,800,3.0,22.5,45.0,0,4.56,23.5,0.2,0.333,100.0,2,1,0.4168,Estabilizado,Operação Normal
2026-08-18T02:17:18.150100,6813-10,33,1,TERM. CAPELINHA,JD. LÍDIA,1,23:16,1,60.0,1,20.0,21.27,21.49,0.0,10000,2.06,800,3.0,22.5,45.0,0,4.56,23.5,0.2,0.333,100.0,2,1,0.4168,Estabilizado,Operação Normal
2026-08-18T02:17:18.150100,2101-10,714,1,PÇA. DA SÉ,PÇA. SILVIO ROMERO,1,23:16,1,60.0,1,20.0,21.27,21.49,0.0,10000,2.06,800,3.0,22.5,45.0,0,4.56,23.5,0.2,0.333,100.0,2,1,0.4168,Estabilizado,Operação Normal
2026-08-18T02:17:18.150100,N336-11,35116,2,JD. CAMARGO VELHO,TERM. SÃO MIGUEL,1,23:16,1,60.0,1,20.0,21.27,21.49,0.0,10000,2.06,800,3.0,22.5,45.0,0,4.56,23.5,0.2,0.333,100.0,2,1,0.4168,Estabilizado,Operação Normal
2026-08-18T02:17:18.150100,9051-10,2089,1,TERM. PINHEIROS,LAPA,1,23:16,1,60.0,1,20.0,21.27,21.49,0.0,10000,2.06,800,3.0,22.5,45.0,0,4.56,23.5,0.2,0.333,100.0,2,1,0.4168,Estabilizado,Operação Normal
2026-08-18T02:17:18.150100,8014-10,801,1,PERUS,MORRO DOCE,1,23:16,1,60.0,1,20.0,21.27,21.49,0.0,10000,2.06,800,3.0,22.5,45.0,0,4.56,23.5,0.2,0.333,100.0,2,1,0.4168,Estabilizado,Operação Normal
2026-08-18T02:17:18.150100,546A-31,1132,1,STO. AMARO,JD. APURÁ,1,23:16,2,30.0,2,20.0,21.27,21.49,0.0,10000,2.06,800,3.0,22.5,45.0,0,4.56,23.5,0.2,0.667,75.0,3,1,0.3209,Estabilizado,Operação Normal
2026-08-18T02:17:18.150100,4221-10,325,1,TERM. PQ. D. PEDRO II,JD. PLANALTO,1,23:16,1,60.0,1,20.0,21.27,21.49,0.0,10000,2.06,800,3.0,22.5,45.0,0,4.56,23.5,0.2,0.333,100.0,2,1,0.4168,Estabilizado,Operação Normal
2026-08-18T02:17:18.150100,178Y-10,33636,2,METRÔ JD. SÃO PAULO,VL. AMÉLIA,1,23:16,1,60.0,1,20.0,21.27,21.49,0.0,10000,2.06,800,3.0,22.5,45.0,0,4.56,23.5,0.2,0.333,100.0,2,1,0.4168,Estabilizado,Operação Normal
2026-08-18T02:17:18.150100,517J-10,33897,2,TERM. ÁGUA ESPRAIADA,JD. SELMA,1,23:16,3,20.0,3,20.0,21.27,21.49,0.0,10000,2.06,800,3.0,22.5,45.0,0,4.56,23.5,0.2,1.0,66.67,4,1,0.2668,Estabilizado,Operação Normal
2026-08-18T02:17:18.150100,546A-31,33900,2,STO. AMARO,JD. APURÁ,1,23:16,3,20.0,3,20.0,21.27,21.49,0.0,10000,2.06,800,3.0,22.5,45.0,0,4.56,23.5,0.2,1.0,66.67,4,1,0.2668,Estabilizado,Operação Normal
2026-08-18T02:17:18.150100,675G-22,34217,2,COL. STA. MARIA,PQ. RES. COCAIA,1,23:16,1,60.0,1,20.0,21.27,21.49,0.0,10000,2.06,800,3.0,22.5,45.0,0,4.56,23.5,0.2,0.333,100.0,2,1,0.4168,Estabilizado,Operação Normal
2026-08-18T02:17:18.150100,5757-10,1288,1,METRÔ CONCEIÇÃO,CID. JÚLIA,1,23:16,1,60.0,1,20.0,21.27,21.49,0.0,10000,2.06,800,3.0,22.5,45.0,0,4.56,23.5,0.2,0.333,100.0,2,1,0.4168,Estabilizado,Operação Normal
2026-08-18T02:17:18.150100,8004-10,1254,1,TERM. LAPA,HAB. TURÍSTICA,1,23:16,2,30.0,2,20.0,21.27,21.49,0.0,10000,2.06,800,3.0,22.5,45.0,0,4.56,23.5,0.2,0.667,75.0,3,1,0.3209,Estabilizado,Operação Normal
2026-08-18T02:17:18.150100,1021-10,833,1,TERM. PIRITUBA,COHAB BRASILÂNDIA,1,23:16,1,60.0,1,20.0,21.27,21.49,0.0,10000,2.06,800,3.0,22.5,45.0,0,4.56,23.5,0.2,0.333,100.0,2,1,0.4168,Estabilizado,Operação Normal
2026-08-18T02:17:18.150100,2060-10,32902,2,METRÔ ARTUR ALVIM,TERM. A. E. CARVALHO,1,23:16,1,60.0,1,20.0,21.27,21.49,0.0,10000,2.06,800,3.0,22.5,45.0,0,4.56,23.5,0.2,0.333,100.0,2,1,0.4168,Estabilizado,Operação Normal
2026-08-18T02:17:18.150100,5701-10,1136,1,TERM. ÁGUA ESPRAIADA,METRÔ CONCEIÇÃO,1,23:16,2,30.0,2,20.0,21.27,21.49,0.0,10000,2.06,800,3.0,22.5,45.0,0,4.56,23.5,0.2,0.667,75.0,3,1,0.3209,Estabilizado,Operação Normal
2026-08-18T02:17:18.150100,846M-10,33190,2,TERM. PINHEIROS,VL. PIAUÍ,1,23:16,1,60.0,1,20.0,21.27,21.49,0.0,10000,2.06,800,3.0,22.5,45.0,0,4.56,23.5,0.2,0.333,100.0,2,1,0.4168,Estabilizado,Operação Normal
2026-08-18T02:17:18.150100,546J-41,33902,2,COL. STA. MARIA,JD. SELMA,1,23:16,1,60.0,1,20.0,21.27,21.49,0.0,10000,2.06,800,3.0,22.5,45.0,0,4.56,23.5,0.2,0.333,100.0,2,1,0.4168,Estabilizado,Operação Normal
2026-08-18T02:17:18.150100,5015-10,1119,1,METRÔ JABAQUARA,JD. SÃO JORGE,1,23:16,2,30.0,2,20.0,21.27,21.49,0.0,10000,2.06,800,3.0,22.5,45.0,0,4.56,23.5,0.2,0.667,75.0,3,1,0.3209,Estabilizado,Operação Normal
2026-08-18T02:17:18.150100,819A-10,33571,2,JD. PRIMAVERA,CPTM VL. AURORA,1,23:16,5,12.0,5,20.0,21.27,21.49,0.0,10000,2.06,800,3.0,22.5,45.0,0,4.56,23.5,0.2,1.0,60.0,6,1,0.2501,Estabilizado,Operação Normal
2026-08-18T02:17:18.150100,5018-10,34260,2,JABAQUARA,SHOP. INTERLAGOS,1,23:16,2,30.0,2,20.0,21.27,21.49,0.0,10000,2.06,800,3.0,22.5,45.0,0,4.56,23.5,0.2,0.667,75.0,3,1,0.3209,Estabilizado,Operação Normal
2026-08-18T02:17:18.150100,5759-10,1138,1,METRÔ CONCEIÇÃO,PQ. PRIMAVERA,1,23:16,2,30.0,2,20.0,21.27,21.49,0.0,10000,2.06,800,3.0,22.5,45.0,0,4.56,23.5,0.2,0.667,75.0,3,1,0.3209,Estabilizado,Operação Normal
2026-08-18T02:17:18.150100,938P-10,888,1,METRÔ BARRA FUNDA,JD. TEREZA,1,23:16,3,20.0,3,20.0,21.27,21.49,0.0,10000,2.06,800,3.0,22.5,45.0,0,4.56,23.5,0.2,1.0,66.67,4,1,0.2668,Estabilizado,Operação Normal
2026-08-18T02:17:18.150100,N144-11,35445,2,HOSPITAL BRASILÂNDIA,TERM. CACHOEIRINHA,1,23:16,1,60.0,1,20.0,21.27,21.49,0.0,10000,2.06,800,3.0,22.5,45.0,0,4.56,23.5,0.2,0.333,100.0,2,1,0.4168,Estabilizado,Operação Normal
2026-08-18T02:17:18.150100,1012-10,2486,1,JD. MONTE BELO,TERM. JD. BRITANIA,1,23:16,2,30.0,2,20.0,21.27,21.49,0.0,10000,2.06,800,3.0,22.5,45.0,0,4.56,23.5,0.2,0.667,75.0,3,1,0.3209,Estabilizado,Operação Normal
2026-08-18T02:17:18.150100,5024-10,1122,1,STO. AMARO,MISSIONÁRIA,1,23:16,2,30.0,2,20.0,21.27,21.49,0.0,10000,2.06,800,3.0,22.5,45.0,0,4.56,23.5,0.2,0.667,75.0,3,1,0.3209,Estabilizado,Operação Normal
2026-08-18T02:17:18.150100,9181-10,885,1,LAPA,VL. TEREZINHA,1,23:16,1,60.0,1,20.0,21.27,21.49,0.0,10000,2.06,800,3.0,22.5,45.0,0,4.56,23.5,0.2,0.333,100.0,2,1,0.4168,Estabilizado,Operação Normal
2026-08-18T02:17:18.150100,607A-10,34907,2,SOCORRO,JD. APURÁ,1,23:16,2,30.0,2,20.0,21.27,21.49,0.0,10000,2.06,800,3.0,22.5,45.0,0,4.56,23.5,0.2,0.667,75.0,3,1,0.3209,Estabilizado,Operação Normal
2026-08-18T02:17:18.150100,874T-10,307,1,LAPA,IPIRANGA,1,23:16,1,60.0,1,20.0,21.27,21.49,0.0,10000,2.06,800,3.0,22.5,45.0,0,4.56,23.5,0.2,0.333,100.0,2,1,0.4168,Estabilizado,Operação Normal
2026-08-18T02:17:18.150100,8010-21,34505,2,SÍTIO BOTUQUARA,CPTM PERUS,1,23:16,1,60.0,1,20.0,21.27,21.49,0.0,10000,2.06,800,3.0,22.5,45.0,0,4.56,23.5,0.2,0.333,100.0,2,1,0.4168,Estabilizado,Operação Normal
2026-08-18T02:17:18.150100,9020-10,34202,2,TERM. PIRITUBA,VL. MIRANTE,1,23:16,1,60.0,1,20.0,21.27,21.49,0.0,10000,2.06,800,3.0,22.5,45.0,0,4.56,23.5,0.2,0.333,100.0,2,1,0.4168,Estabilizado,Operação Normal
2026-08-18T02:17:18.150100,546J-10,1133,1,STO. AMARO,JD. SELMA,1,23:16,2,30.0,2,20.0,21.27,21.49,0.0,10000,2.06,800,3.0,22.5,45.0,0,4.56,23.5,0.2,0.667,75.0,3,1,0.3209,Estabilizado,Operação Normal
2026-08-18T02:17:18.150100,546J-31,2015,1,STO. AMARO,JD. SELMA,1,23:16,1,60.0,1,20.0,21.27,21.49,0.0,10000,2.06,800,3.0,22.5,45.0,0,4.56,23.5,0.2,0.333,100.0,2,1,0.4168,Estabilizado,Operação Normal
2026-08-18T02:17:18.150100,9006-10,874,1,TERM. CACHOEIRINHA,VL. PENTEADO,1,23:16,1,60.0,1,20.0,21.27,21.49,0.0,10000,2.06,800,3.0,22.5,45.0,0,4.56,23.5,0.2,0.333,100.0,2,1,0.4168,Estabilizado,Operação Normal
2026-08-18T02:17:18.150100,N142-11,35066,2,TERM. CASA VERDE,TERM. PIRITUBA,1,23:16,1,60.0,1,20.0,21.27,21.49,0.0,10000,2.06,800,3.0,22.5,45.0,0,4.56,23.5,0.2,0.333,100.0,2,1,0.4168,Estabilizado,Operação Normal
2026-08-18T02:17:18.150100,9008-10,875,1,TERM. CACHOEIRINHA,PQ. DE TAIPAS,1,23:16,2,30.0,2,20.0,21.27,21.49,0.0,10000,2.06,800,3.0,22.5,45.0,0,4.56,23.5,0.2,0.667,75.0,3,1,0.3209,Estabilizado,Operação Normal
2026-08-18T02:17:18.150100,1015-10,34998,2,CHÁC. MARIA TRINDADE,TERM. JD. BRITÂNIA,1,23:16,1,60.0,1,20.0,21.27,21.49,0.0,10000,2.06,800,3.0,22.5,45.0,0,4.56,23.5,0.2,0.333,100.0,2,1,0.4168,Estabilizado,Operação Normal
2026-08-18T02:17:18.150100,9005-10,872,1,TERM. CACHOEIRINHA,JD. PRINCESA,1,23:16,2,30.0,2,20.0,21.27,21.49,0.0,10000,2.06,800,3.0,22.5,45.0,0,4.56,23.5,0.2,0.667,75.0,3,1,0.3209,Estabilizado,Operação Normal
2026-08-18T02:17:18.150100,1023-10,35327,2,CPTM PIRITUBA,VL. PIRITUBA,1,23:16,1,60.0,1,20.0,21.27,21.49,0.0,10000,2.06,800,3.0,22.5,45.0,0,4.56,23.5,0.2,0.333,100.0,2,1,0.4168,Estabilizado,Operação Normal
2026-08-18T02:17:18.150100,1034-10,35220,2,CONEXÃO VL. IÓRIO,VL. IARA,1,23:16,2,30.0,2,20.0,21.27,21.49,0.0,10000,2.06,800,3.0,22.5,45.0,0,4.56,23.5,0.2,0.667,75.0,3,1,0.3209,Estabilizado,Operação Normal
2026-08-18T02:17:18.150100,9047-10,883,1,LAPA,JD. PAULISTANO,1,23:16,1,60.0,1,20.0,21.27,21.49,0.0,10000,2.06,800,3.0,22.5,45.0,0,4.56,23.5,0.2,0.333,100.0,2,1,0.4168,Estabilizado,Operação Normal
2026-08-18T02:17:18.150100,8013-41,2011,1,JD. PAINEIRAS,TERM. JD. BRITANIA,1,23:16,1,60.0,1,20.0,21.27,21.49,0.0,10000,2.06,800,3.0,22.5,45.0,0,4.56,23.5,0.2,0.333,100.0,2,1,0.4168,Estabilizado,Operação Normal
2026-08-18T02:17:18.150100,9090-10,33652,2,TERM. CASA VERDE,PQ. TIETÊ,1,23:16,1,60.0,1,20.0,21.27,21.49,0.0,10000,2.06,800,3.0,22.5,45.0,0,4.56,23.5,0.2,0.333,100.0,2,1,0.4168,Estabilizado,Operação Normal
2026-08-18T02:17:18.150100,119L-10,35041,2,TERM. LAPA,VL. SULINA,1,23:16,1,60.0,1,20.0,21.27,21.49,0.0,10000,2.06,800,3.0,22.5,45.0,0,4.56,23.5,0.2,0.333,100.0,2,1,0.4168,Estabilizado,Operação Normal
2026-08-18T02:17:18.150100,746K-10,33555,2,CAMPO BELO,PARAISÓPOLIS,1,23:16,1,60.0,1,20.0,21.27,21.49,0.0,10000,2.06,800,3.0,22.5,45.0,0,4.56,23.5,0.2,0.333,100.0,2,1,0.4168,Estabilizado,Operação Normal
2026-08-18T02:17:18.150100,8078-10,2080,1,HOSP. CAMPO LIMPO,JD. DAS PALMAS,1,23:16,1,60.0,1,20.0,21.27,21.49,0.0,10000,2.06,800,3.0,22.5,45.0,0,4.56,23.5,0.2,0.333,100.0,2,1,0.4168,Estabilizado,Operação Normal
2026-08-18T02:17:18.150100,6970-10,34273,2,TERM. STO. AMARO,TERM. GRAJAÚ,1,23:16,1,60.0,1,20.0,21.27,21.49,0.0,10000,2.06,800,3.0,22.5,45.0,0,4.56,23.5,0.2,0.333,100.0,2,1,0.4168,Estabilizado,Operação Normal
2026-08-18T02:17:18.150100,626A-10,35364,2,MAR PAULISTA,CANTINHO DO CÉU,1,23:16,1,60.0,1,20.0,21.27,21.49,0.0,10000,2.06,800,3.0,22.5,45.0,0,4.56,23.5,0.2,0.333,100.0,2,1,0.4168,Estabilizado,Operação Normal
2026-08-18T02:17:18.150100,626A-10,2596,1,MAR PAULISTA,CANTINHO DO CÉU,1,23:16,2,30.0,2,20.0,21.27,21.49,0.0,10000,2.06,800,3.0,22.5,45.0,0,4.56,23.5,0.2,0.667,75.0,3,1,0.3209,Estabilizado,Operação Normal
2026-08-18T02:17:18.150100,8319-10,33244,2,SESC POMPÉIA,PQ. CONTINENTAL,1,23:16,2,30.0,2,20.0,21.27,21.49,0.0,10000,2.06,800,3.0,22.5,45.0,0,4.56,23.5,0.2,0.667,75.0,3,1,0.3209,Estabilizado,Operação Normal
2026-08-18T02:17:18.150100,8000-1,2506,1,PÇA. RAMOS DE AZEVEDO,TERM. LAPA,1,23:16,1,60.0,1,20.0,21.27,21.49,0.0,10000,2.06,800,3.0,22.5,45.0,0,4.56,23.5,0.2,0.333,100.0,2,1,0.4168,Estabilizado,Operação Normal
2026-08-18T02:17:18.150100,516N-10,266,1,PÇA. D. GASTÃO,JD. MIRIAM,1,23:16,1,60.0,1,20.0,21.27,21.49,0.0,10000,2.06,800,3.0,22.5,45.0,0,4.56,23.5,0.2,0.333,100.0,2,1,0.4168,Estabilizado,Operação Normal
2026-08-18T02:17:18.150100,1787-10,650,1,METRÔ SANTANA,VL. MARIETA,1,23:16,1,60.0,1,20.0,21.27,21.49,0.0,10000,2.06,800,3.0,22.5,45.0,0,4.56,23.5,0.2,0.333,100.0,2,1,0.4168,Estabilizado,Operação Normal
2026-08-18T02:17:18.150100,7282-10,33239,2,PÇA. RAMOS DE AZEVEDO,PQ. CONTINENTAL,1,23:16,2,30.0,2,20.0,21.27,21.49,0.0,10000,2.06,800,3.0,22.5,45.0,0,4.56,23.5,0.2,0.667,75.0,3,1,0.3209,Estabilizado,Operação Normal
2026-08-18T02:17:18.150100,2088-10,372,1,TERM. A. E. CARVALHO,CONJ. ENCOSTA NORTE,1,23:16,1,60.0,1,20.0,21.27,21.49,0.0,10000,2.06,800,3.0,22.5,45.0,0,4.56,23.5,0.2,0.333,100.0,2,1,0.4168,Estabilizado,Operação Normal
2026-08-18T02:17:18.150100,1775-10,33406,2,SHOP. CENTER NORTE,VL. ALBERTINA,1,23:16,1,60.0,1,20.0,21.27,21.49,0.0,10000,2.06,800,3.0,22.5,45.0,0,4.56,23.5,0.2,0.333,100.0,2,1,0.4168,Estabilizado,Operação Normal
2026-08-18T02:17:18.150100,8086-10,35389,2,PINHEIROS,JAGUARÉ,1,23:16,1,60.0,1,20.0,21.27,21.49,0.0,10000,2.06,800,3.0,22.5,45.0,0,4.56,23.5,0.2,0.333,100.0,2,1,0.4168,Estabilizado,Operação Normal
2026-08-18T02:17:18.150100,7267-10,1427,1,PÇA. RAMOS DE AZEVEDO,APIACÁS,1,23:16,1,60.0,1,20.0,21.27,21.49,0.0,10000,2.06,800,3.0,22.5,45.0,0,4.56,23.5,0.2,0.333,100.0,2,1,0.4168,Estabilizado,Operação Normal
2026-08-18T02:17:18.150100,119L-10,2273,1,TERM. LAPA,VL. SULINA,1,23:16,1,60.0,1,20.0,21.27,21.49,0.0,10000,2.06,800,3.0,22.5,45.0,0,4.56,23.5,0.2,0.333,100.0,2,1,0.4168,Estabilizado,Operação Normal
2026-08-18T02:17:18.150100,695Y-41,33967,2,COL. STA. MARIA,TERM. PARELHEIROS,1,23:16,1,60.0,1,20.0,21.27,21.49,0.0,10000,2.06,800,3.0,22.5,45.0,0,4.56,23.5,0.2,0.333,100.0,2,1,0.4168,Estabilizado,Operação Normal
