timestamp_processamento,linha_codigo,linha_id,sentido,letreiro_origem,letreiro_destino,dia_semana,hora_minuto,frota_ativa_real,headway_real_min,frota_planejada,headway_planejado_min,temperatura_c,sensacao_termica_c,chuva_1h_mm,visibilidade_m,vento_velocidade_ms,clima_evento_id,jam_factor,velocidade_via_kmh,velocidade_freeflow_kmh,incidente_critico,iac_gargalo_climatico,gt_gargalo_trafego,hp_horario_pico,ac_aderencia_cronograma,dfi_demanda_frota_ideal,frota_necessaria_estimada,deficit_operacional,go_gargalo_operacional,status_classificacao,acao_recomendada
2026-08-27T21:00:52.644292,8677-10,33211,2,LGO. DO PAISSANDÚ,JD. LÍBANO,3,18:00,10,6.0,11,20.0,25.65,25.65,0.0,10000,2.24,800,4.06,19.94,35.39,0,4.74,30.92,0.8,1.0,65.0,13,3,0.3717,Estabilizado,Operação Normal
2026-08-27T21:00:52.644292,342C-10,33770,2,PENHA,JD. MARÍLIA,3,18:00,4,15.0,4,20.0,25.65,25.65,0.0,10000,2.24,800,3.41,23.13,35.24,0,4.74,26.37,0.8,1.0,62.5,5,1,0.354,Estabilizado,Operação Normal
2026-08-27T21:00:52.644292,978L-10,33234,2,TERM. PRINC. ISABEL,TERM. CACHOEIRINHA,3,18:00,5,12.0,5,20.0,25.65,25.65,0.0,10000,2.24,800,4.41,17.93,29.92,0,4.74,33.37,0.8,1.0,60.0,6,1,0.3653,Estabilizado,Operação Normal
2026-08-27T21:00:52.644292,6031-10,32860,2,EST. MENDES/VL. NATAL,TERM. GRAJAÚ,3,18:00,5,12.0,5,20.0,25.65,25.65,0.0,10000,2.24,800,5.34,17.4,28.01,0,4.74,39.88,0.8,1.0,70.0,7,2,0.4065,Estabilizado,Operação Normal
2026-08-27T21:00:52.644292,6505-10,34218,2,TERM. BANDEIRA,TERM. GUARAPIRANGA,3,18:00,13,4.6,14,20.0,25.65,25.65,0.0,10000,2.24,800,5.02,12.67,28.78,1,4.74,62.64,0.8,1.0,73.08,19,6,0.4711,Estabilizado,Operação Normal
2026-08-27T21:00:52.644292,701U-10,657,1,CID. UNIVERSITÁRIA,METRÔ SANTANA,3,18:00,5,12.0,5,20.0,25.65,25.65,0.0,10000,2.24,800,4.61,17.08,31.53,1,4.74,59.77,0.8,1.0,70.0,7,2,0.4563,Estabilizado,Operação Normal
2026-08-27T21:00:52.644292,1744-10,544,1,METRÔ SANTANA,LAUZANE PAULISTA,3,18:00,6,10.0,6,20.0,25.65,25.65,0.0,10000,2.24,800,5.7,13.13,27.75,0,4.74,42.4,0.8,1.0,66.67,8,2,0.4045,Estabilizado,Operação Normal
2026-08-27T21:00:52.644292,6061-10,33918,2,TERM. GRAJAÚ,JD. MARILDA,3,18:00,7,8.6,7,20.0,25.65,25.65,0.0,10000,2.24,800,5.32,14.45,25.65,0,4.74,39.74,0.8,1.0,64.29,9,2,0.3919,Estabilizado,Operação Normal
2026-08-27T21:00:52.644292,737A-10,34498,2,TERM. STO. AMARO,TERM. JD. ÂNGELA,3,18:00,17,3.5,18,20.0,25.65,25.65,0.0,10000,2.24,800,3.69,19.78,30.51,0,4.74,28.33,0.8,1.0,61.76,21,4,0.3571,Estabilizado,Operação Normal
2026-08-27T21:00:52.644292,271F-10,683,1,METRÔ BELÉM     ,CENTER NORTE,3,18:00,7,8.6,7,20.0,25.65,25.65,0.0,10000,2.24,800,4.78,17.24,31.31,0,4.74,35.96,0.8,1.0,64.29,9,2,0.3825,Estabilizado,Operação Normal
2026-08-27T21:00:52.644292,857R-10,34660,2,ACLIMAÇÃO,TERM. CAMPO LIMPO,3,18:00,13,4.6,14,20.0,25.65,25.65,0.0,10000,2.24,800,5.15,11.8,30.18,1,4.74,63.55,0.8,1.0,73.08,19,6,0.4734,Estabilizado,Operação Normal
2026-08-27T21:00:52.644292,6L07-10,34313,2,TERM. VARGINHA,JD. STA. FÉ,3,18:00,4,15.0,4,20.0,25.65,25.65,0.0,10000,2.24,800,3.0,22.5,45.0,0,4.74,23.5,0.8,1.0,62.5,5,1,0.3468,Estabilizado,Operação Normal
2026-08-27T21:00:52.644292,414P-10,33873,2,TERM. NORTE METRÔ CARRÃO,VL. INDUSTRIAL,3,18:00,10,6.0,11,20.0,25.65,25.65,0.0,10000,2.24,800,2.66,19.95,27.8,0,4.74,21.12,0.8,1.0,65.0,13,3,0.3471,Estabilizado,Operação Normal
2026-08-27T21:00:52.644292,778R-10,33277,2,TERM. PRINC. ISABEL,COHAB RAPOSO TAVARES,3,18:00,8,7.5,8,20.0,25.65,25.65,0.0,10000,2.24,800,4.05,14.83,36.33,0,4.74,30.85,0.8,1.0,62.5,10,2,0.3652,Estabilizado,Operação Normal
2026-08-27T21:00:52.644292,6076-41,34754,2,TERM. STO. AMARO,JD. SATÉLITE II,3,18:00,2,30.0,2,20.0,25.65,25.65,0.0,10000,2.24,800,1.94,23.12,30.33,0,4.74,16.08,0.8,0.667,75.0,3,1,0.3928,Estabilizado,Operação Normal
2026-08-27T21:00:52.644292,971A-10,33426,2,SHOP. D,JD. PRIMAVERA,3,18:00,6,10.0,6,20.0,25.65,25.65,0.0,10000,2.24,800,3.34,22.83,24.51,0,4.74,25.88,0.8,1.0,58.33,7,1,0.3424,Estabilizado,Operação Normal
2026-08-27T21:00:52.644292,8622-10,438,1,PÇA. RAMOS DE AZEVEDO,MORRO DOCE,3,18:00,6,10.0,6,20.0,25.65,25.65,0.0,10000,2.24,800,3.64,23.67,34.76,0,4.74,27.98,0.8,1.0,58.33,7,1,0.3476,Estabilizado,Operação Normal
2026-08-27T21:00:52.644292,2201-10,33677,2,CPTM GUAIANASES,DIV. DE FERRAZ,3,18:00,3,20.0,3,20.0,25.65,25.65,0.0,10000,2.24,800,4.04,19.09,34.34,0,4.74,30.78,0.8,1.0,66.67,4,1,0.3755,Estabilizado,Operação Normal
2026-08-27T21:00:52.644292,4031-10,33869,2,METRÔ TAMANDUATEÍ,PQ. STA. MADALENA,3,18:00,8,7.5,8,20.0,25.65,25.65,0.0,10000,2.24,800,4.11,17.51,31.73,1,4.74,56.27,0.8,1.0,68.75,11,3,0.4444,Estabilizado,Operação Normal
2026-08-27T21:00:52.644292,5185-10,34076,2,TERM. PQ. D. PEDRO II,TERM. GUARAPIRANGA,3,18:00,12,5.0,13,20.0,25.65,25.65,0.0,10000,2.24,800,4.24,13.38,30.57,1,4.74,57.18,0.8,1.0,75.0,18,6,0.4623,Estabilizado,Operação Normal
2026-08-27T21:00:52.644292,2182-10,33468,2,PÇA. DO CORREIO,JD. BRASIL,3,18:00,12,5.0,13,20.0,25.65,25.65,0.0,10000,2.24,800,3.94,17.82,34.72,0,4.74,30.08,0.8,1.0,66.67,16,4,0.3737,Estabilizado,Operação Normal
2026-08-27T21:00:52.644292,178T-10,33333,2,CEASA,METRÔ SANTANA,3,18:00,9,6.7,9,20.0,25.65,25.65,0.0,10000,2.24,800,4.45,14.58,27.43,0,4.74,33.65,0.8,1.0,61.11,11,2,0.3687,Estabilizado,Operação Normal
2026-08-27T21:00:52.644292,2723-10,937,1,METRÔ ITAQUERA,UNIÃO DE VL. NOVA,3,18:00,7,8.6,7,20.0,25.65,25.65,0.0,10000,2.24,800,3.61,22.15,32.56,1,4.74,52.77,0.8,1.0,71.43,10,3,0.4424,Estabilizado,Operação Normal
2026-08-27T21:00:52.644292,8028-10,35300,2,METRÔ MORUMBI,PARAISÓPOLIS,3,18:00,5,12.0,5,20.0,25.65,25.65,0.0,10000,2.24,800,2.88,17.32,27.82,0,4.74,22.66,0.8,1.0,60.0,6,1,0.3385,Estabilizado,Operação Normal
2026-08-27T21:00:52.644292,2734-10,1760,1,METRÔ ITAQUERA,JD. CAMPOS,3,18:00,9,6.7,9,20.0,25.65,25.65,0.0,10000,2.24,800,3.05,20.62,25.48,0,4.74,23.85,0.8,1.0,61.11,11,2,0.3443,Estabilizado,Operação Normal
2026-08-27T21:00:52.644292,917M-10,1366,1,METRÔ ANA ROSA,MORRO GRANDE,3,18:00,8,7.5,8,20.0,25.65,25.65,0.0,10000,2.24,800,4.66,16.51,31.77,1,4.74,60.12,0.8,1.0,68.75,11,3,0.454,Estabilizado,Operação Normal
2026-08-27T21:00:52.644292,2127-10,33461,2,LIBERDADE,PQ. EDU CHAVES,3,18:00,9,6.7,9,20.0,25.65,25.65,0.0,10000,2.24,800,5.29,12.14,30.94,1,4.74,64.53,0.8,1.0,72.22,13,4,0.4737,Estabilizado,Operação Normal
2026-08-27T21:00:52.644292,875C-1,35278,2,METRÔ STA. CRUZ,TERM. LAPA,3,18:00,6,10.0,6,20.0,25.65,25.65,0.0,10000,2.24,800,4.88,12.85,27.18,0,4.74,36.66,0.8,1.0,66.67,8,2,0.3902,Estabilizado,Operação Normal
2026-08-27T21:00:52.644292,4726-10,1680,1,METRÔ TATUAPÉ,MOOCA,3,18:00,11,5.5,12,20.0,25.65,25.65,0.0,10000,2.24,800,3.51,21.33,31.09,1,4.74,52.07,0.8,1.0,72.73,16,5,0.4439,Estabilizado,Operação Normal
2026-08-27T21:00:52.644292,175T-10,33391,2,METRÔ JABAQUARA,METRÔ SANTANA,3,18:00,9,6.7,9,20.0,25.65,25.65,0.0,10000,2.24,800,4.22,18.63,32.02,1,4.74,57.04,0.8,1.0,66.67,12,3,0.4411,Estabilizado,Operação Normal
2026-08-27T21:00:52.644292,2014-10,900,1,METRÔ BARRA FUNDA,JD. PERY ALTO,3,18:00,8,7.5,8,20.0,25.65,25.65,0.0,10000,2.24,800,4.18,20.42,34.31,0,4.74,31.76,0.8,1.0,62.5,10,2,0.3675,Estabilizado,Operação Normal
2026-08-27T21:00:52.644292,6006-10,175,1,SHOP. INTERLAGOS,JD. HERCULANO,3,18:00,8,7.5,8,20.0,25.65,25.65,0.0,10000,2.24,800,8.22,11.35,35.26,0,4.74,60.04,0.8,1.0,68.75,11,3,0.4538,Estabilizado,Operação Normal
2026-08-27T21:00:52.644292,4014-10,2187,1,TERM. VL. CARRÃO,JD. VL. CARRÃO,3,18:00,4,15.0,4,20.0,25.65,25.65,0.0,10000,2.24,800,6.35,13.92,29.99,0,4.74,46.95,0.8,1.0,75.0,6,2,0.4367,Estabilizado,Operação Normal
2026-08-27T21:00:52.644292,2708-10,33689,2,METRÔ ITAQUERA,JD. LAJEADO,3,18:00,5,12.0,5,20.0,25.65,25.65,0.0,10000,2.24,800,4.43,18.61,32.82,1,4.74,58.51,0.8,1.0,70.0,7,2,0.4531,Estabilizado,Operação Normal
2026-08-27T21:00:52.644292,2013-10,899,1,CACHOEIRINHA,COHAB ANTÁRTICA,3,18:00,8,7.5,8,20.0,25.65,25.65,0.0,10000,2.24,800,3.31,23.11,36.92,0,4.74,25.67,0.8,1.0,62.5,10,2,0.3523,Estabilizado,Operação Normal
2026-08-27T21:00:52.644292,5391-10,32939,2,LGO. SÃO FRANCISCO,JD. ÂNGELA,3,18:00,11,5.5,12,20.0,25.65,25.65,0.0,10000,2.24,800,4.69,16.22,31.95,1,4.74,60.33,0.8,1.0,72.73,16,5,0.4645,Estabilizado,Operação Normal
2026-08-27T21:00:52.644292,3734-10,33802,2,METRÔ ARTUR ALVIM,CID. LIDER,3,18:00,6,10.0,6,20.0,25.65,25.65,0.0,10000,2.24,800,3.39,25.53,34.84,1,4.74,51.23,0.8,1.0,66.67,8,2,0.4266,Estabilizado,Operação Normal
2026-08-27T21:00:52.644292,407R-10,2201,1,METRÔ BELÉM,TERM. VL. CARRÃO,3,18:00,6,10.0,6,20.0,25.65,25.65,0.0,10000,2.24,800,3.99,16.51,31.57,0,4.74,30.43,0.8,1.0,66.67,8,2,0.3746,Estabilizado,Operação Normal
2026-08-27T21:00:52.644292,3745-10,33812,2,METRÔ TATUAPÉ,JD. IMPERADOR,3,18:00,8,7.5,8,20.0,25.65,25.65,0.0,10000,2.24,800,3.93,22.07,31.57,0,4.74,30.01,0.8,1.0,62.5,10,2,0.3631,Estabilizado,Operação Normal
2026-08-27T21:00:52.644292,6726-10,1193,1,JD. GAIVOTAS   ,TERM. GRAJAÚ,3,18:00,9,6.7,9,20.0,25.65,25.65,0.0,10000,2.24,800,7.6,16.68,41.16,0,4.74,55.7,0.8,1.0,66.67,12,3,0.4378,Estabilizado,Operação Normal
2026-08-27T21:00:52.644292,6030-10,33910,2,TERM. STO. AMARO,UNISA-CAMPUS 1,3,18:00,8,7.5,8,20.0,25.65,25.65,0.0,10000,2.24,800,3.44,20.25,34.63,0,4.74,26.58,0.8,1.0,62.5,10,2,0.3545,Estabilizado,Operação Normal
2026-08-27T21:00:52.644292,2202-10,910,1,CPTM GUAIANASES,JD. DAS OLIVEIRAS,3,18:00,15,4.0,16,20.0,25.65,25.65,0.0,10000,2.24,800,5.0,15.6,31.32,0,4.74,37.5,0.8,1.0,66.67,20,5,0.3923,Estabilizado,Operação Normal
2026-08-27T21:00:52.644292,2714-10,33695,2,VL. RUI BARBOSA,METRÔ VL. MATILDE,3,18:00,7,8.6,7,20.0,25.65,25.65,0.0,10000,2.24,800,4.24,16.4,29.92,0,4.74,32.18,0.8,1.0,64.29,9,2,0.373,Estabilizado,Operação Normal
2026-08-27T21:00:52.644292,2551-10,32909,2,TERM. PQ. D. PEDRO II,TERM. A. E. CARVALHO,3,18:00,4,15.0,4,20.0,25.65,25.65,0.0,10000,2.24,800,4.4,16.75,29.37,1,4.74,58.3,0.8,1.0,75.0,6,2,0.4651,Estabilizado,Operação Normal
2026-08-27T21:00:52.644292,875H-10,1340,1,METRÔ VL. MARIANA,TERM. LAPA,3,18:00,8,7.5,8,20.0,25.65,25.65,0.0,10000,2.24,800,3.71,17.44,32.07,0,4.74,28.47,0.8,1.0,62.5,10,2,0.3593,Estabilizado,Operação Normal
2026-08-27T21:00:52.644292,677V-10,32880,2,TERM. GRAJAÚ,JD. ALPINO,3,18:00,6,10.0,6,20.0,25.65,25.65,0.0,10000,2.24,800,5.9,13.24,26.49,0,4.74,43.8,0.8,1.0,66.67,8,2,0.408,Estabilizado,Operação Normal
2026-08-27T21:00:52.644292,6120-10,1189,1,TERM. GRAJAÚ,JD. LUCÉLIA,3,18:00,5,12.0,5,20.0,25.65,25.65,0.0,10000,2.24,800,6.3,15.12,33.91,0,4.74,46.6,0.8,1.0,70.0,7,2,0.4234,Estabilizado,Operação Normal
2026-08-27T21:00:52.644292,6061-10,1150,1,TERM. GRAJAÚ,JD. MARILDA,3,18:00,2,30.0,2,20.0,25.65,25.65,0.0,10000,2.24,800,2.7,19.91,30.33,0,4.74,21.4,0.8,0.667,75.0,3,1,0.4062,Estabilizado,Operação Normal
2026-08-27T21:00:52.644292,2720-31,34610,2,METRÔ GUILHERMINA/ESPERANÇA,JD. BELÉM,3,18:00,3,20.0,3,20.0,25.65,25.65,0.0,10000,2.24,800,4.73,20.57,38.5,0,4.74,35.61,0.8,1.0,66.67,4,1,0.3876,Estabilizado,Operação Normal
2026-08-27T21:00:52.644292,7040-10,33544,2,PINHEIROS,PARAISÓPOLIS,3,18:00,11,5.5,12,20.0,25.65,25.65,0.0,10000,2.24,800,5.88,15.35,31.48,0,4.74,43.66,0.8,1.0,68.18,15,4,0.4114,Estabilizado,Operação Normal
2026-08-27T21:00:52.644292,4716-10,33874,2,METRÔ STA. CRUZ,METRÔ TAMANDUATEÍ,3,18:00,5,12.0,5,20.0,25.65,25.65,0.0,10000,2.24,800,5.6,13.54,28.51,1,4.74,66.7,0.8,1.0,70.0,7,2,0.4736,Estabilizado,Operação Normal
2026-08-27T21:00:52.644292,748R-10,33269,2,METRÔ BARRA FUNDA,JD. JOÃO XXIII,3,18:00,11,5.5,12,20.0,25.65,25.65,0.0,10000,2.24,800,4.04,18.74,29.08,0,4.74,30.78,0.8,1.0,68.18,15,4,0.3792,Estabilizado,Operação Normal
2026-08-27T21:00:52.644292,107T-10,621,1,TERM. PINHEIROS,METRÔ TUCURUVI,3,18:00,12,5.0,13,20.0,25.65,25.65,0.0,10000,2.24,800,4.99,13.93,29.71,0,4.74,37.43,0.8,1.0,66.67,16,4,0.3921,Estabilizado,Operação Normal
2026-08-27T21:00:52.644292,9050-10,2088,1,ITAIM BIBI,TERM. LAPA,3,18:00,2,30.0,2,20.0,25.65,25.65,0.0,10000,2.24,800,3.42,16.64,27.92,0,4.74,26.44,0.8,0.667,75.0,3,1,0.4188,Estabilizado,Operação Normal
2026-08-27T21:00:52.644292,7005-10,34766,2,JD. ÂNGELA,JD. VERA CRUZ,3,18:00,1,60.0,1,20.0,25.65,25.65,0.0,10000,2.24,800,3.11,29.21,29.92,0,4.74,24.27,0.8,0.333,100.0,2,1,0.5092,Estabilizado,Operação Normal
2026-08-27T21:00:52.644292,2721-10,33702,2,METRÔ ITAQUERA,JD. NAZARÉ,3,18:00,11,5.5,12,20.0,25.65,25.65,0.0,10000,2.24,800,5.61,16.98,35.33,0,4.74,41.77,0.8,1.0,68.18,15,4,0.4067,Estabilizado,Operação Normal
2026-08-27T21:00:52.644292,3064-41,1933,1,STA. ETELVINA II B6,TERM. CID. TIRADENTES,3,18:00,1,60.0,1,20.0,25.65,25.65,0.0,10000,2.24,800,3.68,23.56,26.72,0,4.74,28.26,0.8,0.333,100.0,2,1,0.5192,Estabilizado,Operação Normal
2026-08-27T21:00:52.644292,513C-31,35304,2,E.T. ITAQUERA,VL. CALIFÓRNIA,3,18:00,6,10.0,6,20.0,25.65,25.65,0.0,10000,2.24,800,5.31,14.9,25.68,0,4.74,39.67,0.8,1.0,66.67,8,2,0.3977,Estabilizado,Operação Normal
2026-08-27T21:00:52.644292,3160-10,125,1,TERM. PQ. D. PEDRO II,TERM. VL. PRUDENTE,3,18:00,7,8.6,7,20.0,25.65,25.65,0.0,10000,2.24,800,4.74,16.38,29.85,1,4.74,60.68,0.8,1.0,71.43,10,3,0.4621,Estabilizado,Operação Normal
2026-08-27T21:00:52.644292,1703-10,847,1,SHOP. CENTER NORTE,JD. FONTÁLIS,3,18:00,3,20.0,3,20.0,25.65,25.65,0.0,10000,2.24,800,4.74,12.55,27.81,0,4.74,35.68,0.8,1.0,66.67,4,1,0.3877,Estabilizado,Operação Normal
2026-08-27T21:00:52.644292,407P-10,2200,1,METRÔ TATUAPÉ,TERM. CID. TIRADENTES,3,18:00,11,5.5,12,20.0,25.65,25.65,0.0,10000,2.24,800,3.25,28.57,38.06,1,4.74,50.25,0.8,1.0,72.73,16,5,0.4393,Estabilizado,Operação Normal
2026-08-27T21:00:52.644292,129F-10,35072,2,METRÔ BARRA FUNDA,CONEXÃO PETRÔNIO PORTELA,3,18:00,7,8.6,7,20.0,25.65,25.65,0.0,10000,2.24,800,4.17,17.44,33.15,0,4.74,31.69,0.8,1.0,64.29,9,2,0.3718,Estabilizado,Operação Normal
2026-08-27T21:00:52.644292,179X-10,680,1,METRÔ BARRA FUNDA,JD. FONTÁLIS,3,18:00,9,6.7,9,20.0,25.65,25.65,0.0,10000,2.24,800,3.72,18.76,30.35,1,4.74,53.54,0.8,1.0,66.67,12,3,0.4324,Estabilizado,Operação Normal
2026-08-27T21:00:52.644292,6063-10,1152,1,TERM. EST. VARGINHA,JD. VARGINHA,3,18:00,4,15.0,4,20.0,25.65,25.65,0.0,10000,2.24,800,6.58,13.85,25.35,0,4.74,48.56,0.8,1.0,75.0,6,2,0.4407,Estabilizado,Operação Normal
2026-08-27T21:00:52.644292,519M-10,34979,2,MUSEU DO IPIRANGA,SÃO MATEUS,3,18:00,4,15.0,4,20.0,25.65,25.65,0.0,10000,2.24,800,4.01,18.89,30.42,1,4.74,55.57,0.8,1.0,75.0,6,2,0.4583,Estabilizado,Operação Normal
2026-08-27T21:00:52.644292,9009-10,33645,2,TERM. CACHOEIRINHA,COHAB BRASILÂNDIA,3,18:00,6,10.0,6,20.0,25.65,25.65,0.0,10000,2.24,800,3.43,21.03,32.09,0,4.74,26.51,0.8,1.0,58.33,7,1,0.3439,Estabilizado,Operação Normal
2026-08-27T21:00:52.644292,748A-41,33267,2,LAPA,JD. PERI PERI,3,18:00,3,20.0,3,20.0,25.65,25.65,0.0,10000,2.24,800,2.9,19.37,30.96,1,4.74,47.8,0.8,1.0,66.67,4,1,0.418,Estabilizado,Operação Normal
2026-08-27T21:00:52.644292,6115-10,1185,1,TERM. GRAJAÚ,CANTINHO DO CÉU,3,18:00,6,10.0,6,20.0,25.65,25.65,0.0,10000,2.24,800,7.91,13.0,33.71,0,4.74,57.87,0.8,1.0,66.67,8,2,0.4432,Estabilizado,Operação Normal
2026-08-27T21:00:52.644292,517J-10,33897,2,TERM. ÁGUA ESPRAIADA,JD. SELMA,3,18:00,5,12.0,5,20.0,25.65,25.65,0.0,10000,2.24,800,6.85,16.62,36.29,0,4.74,50.45,0.8,1.0,70.0,7,2,0.433,Estabilizado,Operação Normal
2026-08-27T21:00:52.644292,5031-10,1746,1,TERM. SACOMÃ,VL. ARAPUÁ,3,18:00,5,12.0,5,20.0,25.65,25.65,0.0,10000,2.24,800,8.12,10.76,31.02,1,4.74,84.34,0.8,1.0,80.0,8,3,0.5427,Estabilizado,Operação Normal
2026-08-27T21:00:52.644292,2100-10,713,1,PÇA. DA SÉ,TERM. VL. CARRÃO,3,18:00,21,3.0,23,20.0,25.65,25.65,0.0,10000,2.24,800,3.24,15.08,27.61,1,4.74,50.18,0.8,1.0,71.43,30,9,0.4359,Estabilizado,Operação Normal
2026-08-27T21:00:52.644292,1759-10,33321,2,METRÔ SANTANA,JD. PERY,3,18:00,5,12.0,5,20.0,25.65,25.65,0.0,10000,2.24,800,5.28,13.84,28.13,0,4.74,39.46,0.8,1.0,70.0,7,2,0.4055,Estabilizado,Operação Normal
2026-08-27T21:00:52.644292,3025-10,961,1,CPTM GUAIANASES,SÍTIO CONCEIÇÃO,3,18:00,7,8.6,7,20.0,25.65,25.65,0.0,10000,2.24,800,3.35,18.83,30.44,1,4.74,50.95,0.8,1.0,64.29,9,2,0.42,Estabilizado,Operação Normal
2026-08-27T21:00:52.644292,574J-10,34453,2,TERM. VL. CARRÃO,METRÔ CONCEIÇÃO,3,18:00,11,5.5,12,20.0,25.65,25.65,0.0,10000,2.24,800,5.55,14.2,34.27,1,4.74,66.35,0.8,1.0,77.27,17,6,0.4909,Estabilizado,Operação Normal
2026-08-27T21:00:52.644292,6016-10,84,1,TERM. GRAJAÚ,JD. NORONHA,3,18:00,4,15.0,4,20.0,25.65,25.65,0.0,10000,2.24,800,7.54,13.09,33.43,0,4.74,55.28,0.8,1.0,75.0,6,2,0.4576,Estabilizado,Operação Normal
2026-08-27T21:00:52.644292,1701-10,33613,2,METRÔ SANTANA,JOVA RURAL,3,18:00,5,12.0,5,20.0,25.65,25.65,0.0,10000,2.24,800,4.01,16.71,28.87,1,4.74,55.57,0.8,1.0,70.0,7,2,0.4458,Estabilizado,Operação Normal
2026-08-27T21:00:52.644292,273G-10,32991,2,METRÔ ARTUR ALVIM,JD. HELENA,3,18:00,10,6.0,11,20.0,25.65,25.65,0.0,10000,2.24,800,3.28,19.24,32.18,1,4.74,50.46,0.8,1.0,75.0,15,5,0.4455,Estabilizado,Operação Normal
2026-08-27T21:00:52.644292,3731-10,1028,1,SHOP. ARICANDUVA,METRÔ VL. MATILDE,3,18:00,5,12.0,5,20.0,25.65,25.65,0.0,10000,2.24,800,5.88,16.24,35.16,0,4.74,43.66,0.8,1.0,70.0,7,2,0.416,Estabilizado,Operação Normal
2026-08-27T21:00:52.644292,6291-10,33126,2,TERM. BANDEIRA,INOCOOP CAMPO LIMPO,3,18:00,10,6.0,11,20.0,25.65,25.65,0.0,10000,2.24,800,5.14,15.7,34.03,1,4.74,63.48,0.8,1.0,75.0,15,5,0.478,Estabilizado,Operação Normal
2026-08-27T21:00:52.644292,6837-10,6,1,TERM. CAPELINHA,SHOP. PORTAL,3,18:00,5,12.0,5,20.0,25.65,25.65,0.0,10000,2.24,800,5.73,14.44,28.37,1,4.74,67.61,0.8,1.0,70.0,7,2,0.4759,Estabilizado,Operação Normal
2026-08-27T21:00:52.644292,2678-10,33151,2,TERM. PQ. D. PEDRO II,OLIVEIRINHA,3,18:00,11,5.5,12,20.0,25.65,25.65,0.0,10000,2.24,800,5.1,15.39,31.21,1,4.74,63.2,0.8,1.0,77.27,17,6,0.483,Estabilizado,Operação Normal
2026-08-27T21:00:52.644292,2703-10,33683,2,METRÔ ITAQUERA,JD. ETELVINA,3,18:00,10,6.0,11,20.0,25.65,25.65,0.0,10000,2.24,800,4.85,29.59,43.93,1,4.74,61.45,0.8,1.0,75.0,15,5,0.473,Estabilizado,Operação Normal
2026-08-27T21:00:52.644292,8010-10,33566,2,LAPA,PERUS,3,18:00,13,4.6,14,20.0,25.65,25.65,0.0,10000,2.24,800,4.03,20.4,34.27,1,4.74,55.71,0.8,1.0,73.08,19,6,0.4538,Estabilizado,Operação Normal
2026-08-27T21:00:52.644292,6008-10,1200,1,EST. STO. AMARO/GUIDO CALOI,JD. PLANALTO,3,18:00,5,12.0,5,20.0,25.65,25.65,0.0,10000,2.24,800,3.29,21.91,32.44,0,4.74,25.53,0.8,1.0,60.0,6,1,0.3457,Estabilizado,Operação Normal
2026-08-27T21:00:52.644292,6071-10,33924,2,TERM. STO. AMARO,JD. ORION,3,18:00,8,7.5,8,20.0,25.65,25.65,0.0,10000,2.24,800,3.33,16.62,25.52,0,4.74,25.81,0.8,1.0,62.5,10,2,0.3526,Estabilizado,Operação Normal
2026-08-27T21:00:52.644292,4742-10,33110,2,METRÔ SÃO JUDAS,JD. CLÍMAX,3,18:00,3,20.0,3,20.0,25.65,25.65,0.0,10000,2.24,800,4.3,12.19,30.09,0,4.74,32.6,0.8,1.0,66.67,4,1,0.38,Estabilizado,Operação Normal
2026-08-27T21:00:52.644292,507T-10,2208,1,METRÔ CARRÃO,TERM. SAPOPEMBA,3,18:00,7,8.6,7,20.0,25.65,25.65,0.0,10000,2.24,800,5.72,15.52,28.01,0,4.74,42.54,0.8,1.0,64.29,9,2,0.3989,Estabilizado,Operação Normal
2026-08-27T21:00:52.644292,6041-21,1749,1,JD. MONTE AZUL,TERM. JOÃO DIAS,3,18:00,1,60.0,1,20.0,25.65,25.65,0.0,10000,2.24,800,5.0,24.62,44.27,0,4.74,37.5,0.8,0.333,100.0,2,1,0.5423,Estabilizado,Operação Normal
2026-08-27T21:00:52.644292,5038-10,34429,2,TERM. SACOMÃ,PQ. BRISTOL,3,18:00,7,8.6,7,20.0,25.65,25.65,0.0,10000,2.24,800,5.64,15.31,33.39,1,4.74,66.98,0.8,1.0,71.43,10,3,0.4779,Estabilizado,Operação Normal
2026-08-27T21:00:52.644292,9717-10,33585,2,METRÔ SANTANA,JD. ALMANARA,3,18:00,7,8.6,7,20.0,25.65,25.65,0.0,10000,2.24,800,4.61,17.84,32.53,1,4.74,59.77,0.8,1.0,71.43,10,3,0.4598,Estabilizado,Operação Normal
2026-08-27T21:00:52.644292,273F-10,32927,2,METRÔ ITAQUERA,VL. MARA,3,18:00,2,30.0,2,20.0,25.65,25.65,0.0,10000,2.24,800,2.79,22.64,29.4,0,4.74,22.03,0.8,0.667,75.0,3,1,0.4077,Estabilizado,Operação Normal
2026-08-27T21:00:52.644292,6028-10,1211,1,TERM. STO. AMARO,RIVIERA,3,18:00,2,30.0,2,20.0,25.65,25.65,0.0,10000,2.24,800,4.1,18.19,28.16,0,4.74,31.2,0.8,0.667,75.0,3,1,0.4306,Estabilizado,Operação Normal
2026-08-27T21:00:52.644292,9784-10,33595,2,METRÔ BARRA FUNDA,JD. DOS FRANCOS,3,18:00,12,5.0,13,20.0,25.65,25.65,0.0,10000,2.24,800,5.91,12.76,29.69,0,4.74,43.87,0.8,1.0,70.83,17,5,0.4186,Estabilizado,Operação Normal
2026-08-27T21:00:52.644292,609F-10,32805,2,TERM. PRINC. ISABEL,CHÁC. SANTANA,3,18:00,7,8.6,7,20.0,25.65,25.65,0.0,10000,2.24,800,4.93,16.78,32.69,0,4.74,37.01,0.8,1.0,64.29,9,2,0.3851,Estabilizado,Operação Normal
2026-08-27T21:00:52.644292,354M-10,1619,1,TERM. SÃO MATEUS,TERM. SÃO MIGUEL,3,18:00,7,8.6,7,20.0,25.65,25.65,0.0,10000,2.24,800,4.44,17.86,33.92,1,4.74,58.58,0.8,1.0,71.43,10,3,0.4569,Estabilizado,Operação Normal
2026-08-27T21:00:52.644292,702U-10,1330,1,TERM. PQ. D. PEDRO II,CID. UNIVERSITÁRIA,3,18:00,6,10.0,6,20.0,25.65,25.65,0.0,10000,2.24,800,3.94,20.4,33.54,1,4.74,55.08,0.8,1.0,66.67,8,2,0.4362,Estabilizado,Operação Normal
2026-08-27T21:00:52.644292,1760-10,557,1,SHOP. CENTER NORTE,COHAB ANTÁRTICA,3,18:00,4,15.0,4,20.0,25.65,25.65,0.0,10000,2.24,800,4.01,18.14,31.94,0,4.74,30.57,0.8,1.0,62.5,5,1,0.3645,Estabilizado,Operação Normal
2026-08-27T21:00:52.644292,8060-10,33186,2,TERM. LAPA,VL. PIAUÍ,3,18:00,3,20.0,3,20.0,25.65,25.65,0.0,10000,2.24,800,3.36,20.98,33.09,0,4.74,26.02,0.8,1.0,66.67,4,1,0.3636,Estabilizado,Operação Normal
2026-08-27T21:00:52.644292,702U-10,34098,2,TERM. PQ. D. PEDRO II,CID. UNIVERSITÁRIA,3,18:00,8,7.5,8,20.0,25.65,25.65,0.0,10000,2.24,800,4.68,15.57,30.28,1,4.74,60.26,0.8,1.0,68.75,11,3,0.4544,Estabilizado,Operação Normal
2026-08-27T21:00:52.644292,3751-10,33815,2,METRÔ ITAQUERA,COHAB PRESTES MAIA,3,18:00,8,7.5,8,20.0,25.65,25.65,0.0,10000,2.24,800,5.24,16.84,31.02,1,4.74,64.18,0.8,1.0,68.75,11,3,0.4642,Estabilizado,Operação Normal
2026-08-27T21:00:52.644292,273V-10,32999,2,METRÔ PENHA,PARADA XV DE NOVEMBRO,3,18:00,4,15.0,4,20.0,25.65,25.65,0.0,10000,2.24,800,3.29,22.21,30.52,1,4.74,50.53,0.8,1.0,75.0,6,2,0.4457,Estabilizado,Operação Normal
2026-08-27T21:00:52.644292,6056-10,1147,1,TERM. GRAJAÚ,PQ. STA. CECÍLIA,3,18:00,6,10.0,6,20.0,25.65,25.65,0.0,10000,2.24,800,2.69,16.01,24.49,0,4.74,21.33,0.8,1.0,58.33,7,1,0.331,Estabilizado,Operação Normal
2026-08-27T21:00:52.644292,2766-10,405,1,METRÔ ITAQUERA,JD. CAMARGO VELHO,3,18:00,8,7.5,8,20.0,25.65,25.65,0.0,10000,2.24,800,4.93,16.69,32.64,1,4.74,62.01,0.8,1.0,68.75,11,3,0.4587,Estabilizado,Operação Normal
2026-08-27T21:00:52.644292,2721-10,934,1,METRÔ ITAQUERA,JD. NAZARÉ,3,18:00,9,6.7,9,20.0,25.65,25.65,0.0,10000,2.24,800,4.43,18.34,28.14,1,4.74,58.51,0.8,1.0,66.67,12,3,0.4448,Estabilizado,Operação Normal
2026-08-27T21:00:52.644292,1758-10,33320,2,METRÔ SANTANA,JD. ANTÁRTICA,3,18:00,7,8.6,7,20.0,25.65,25.65,0.0,10000,2.24,800,3.94,15.47,26.14,0,4.74,30.08,0.8,1.0,64.29,9,2,0.3678,Estabilizado,Operação Normal
2026-08-27T21:00:52.644292,3901-10,34237,2,METRÔ PENHA,JD. DANFER,3,18:00,2,30.0,2,20.0,25.65,25.65,0.0,10000,2.24,800,5.14,15.38,27.63,0,4.74,38.48,0.8,0.667,75.0,3,1,0.4488,Estabilizado,Operação Normal
2026-08-27T21:00:52.644292,1782-10,643,1,METRÔ SANTANA,VL. NOVA GALVÃO,3,18:00,3,20.0,3,20.0,25.65,25.65,0.0,10000,2.24,800,5.77,15.33,33.01,0,4.74,42.89,0.8,1.0,66.67,4,1,0.4057,Estabilizado,Operação Normal
2026-08-27T21:00:52.644292,2290-10,718,1,TERM. PQ. D. PEDRO II,TERM. SÃO MATEUS,3,18:00,25,3.0,27,20.0,25.65,25.65,0.0,10000,2.24,800,3.95,19.46,34.9,1,4.74,55.15,0.8,1.0,72.0,36,11,0.4497,Estabilizado,Operação Normal
2026-08-27T21:00:52.644292,8084-10,35375,2,CID. UNIVERSITÁRIA,METRÔ BUTANTÃ,3,18:00,3,20.0,3,20.0,25.65,25.65,0.0,10000,2.24,800,3.96,15.06,30.71,0,4.74,30.22,0.8,1.0,66.67,4,1,0.3741,Estabilizado,Operação Normal
2026-08-27T21:00:52.644292,8023-10,34842,2,TERM. VL. SÔNIA,CDHU MUNCK,3,18:00,2,30.0,2,20.0,25.65,25.65,0.0,10000,2.24,800,2.68,25.29,36.23,0,4.74,21.26,0.8,0.667,75.0,3,1,0.4058,Estabilizado,Operação Normal
2026-08-27T21:00:52.644292,3024-10,33045,2,TERM. VL PRUDENTE,VL. INDUSTRIAL,3,18:00,3,20.0,3,20.0,25.65,25.65,0.0,10000,2.24,800,6.72,16.85,41.48,1,4.74,74.54,0.8,1.0,83.33,5,2,0.5265,Estabilizado,Operação Normal
2026-08-27T21:00:52.644292,175P-10,675,1,ANA ROSA,METRÔ SANTANA,3,18:00,13,4.6,14,20.0,25.65,25.65,0.0,10000,2.24,800,5.07,14.68,33.11,0,4.74,37.99,0.8,1.0,65.38,17,4,0.3903,Estabilizado,Operação Normal
2026-08-27T21:00:52.644292,6450-10,32827,2,TERM. BANDEIRA,TERM. CAPELINHA,3,18:00,16,3.8,17,20.0,25.65,25.65,0.0,10000,2.24,800,5.23,15.96,32.69,1,4.74,64.11,0.8,1.0,71.88,23,7,0.4718,Estabilizado,Operação Normal
2026-08-27T21:00:52.644292,128Y-10,843,1,LAPA,JD. PERY ALTO,3,18:00,7,8.6,7,20.0,25.65,25.65,0.0,10000,2.24,800,1.84,27.12,33.94,0,4.74,15.38,0.8,1.0,57.14,8,1,0.3132,Estabilizado,Operação Normal
2026-08-27T21:00:52.644292,2722-31,33704,2,JD. VERÔNIA,METRÔ GUILHERMINA/ESPERANÇA,3,18:00,7,8.6,7,20.0,25.65,25.65,0.0,10000,2.24,800,2.62,19.04,28.87,0,4.74,20.84,0.8,1.0,57.14,8,1,0.3268,Estabilizado,Operação Normal
2026-08-27T21:00:52.644292,875C-10,33246,2,METRÔ STA. CRUZ,TERM. LAPA,3,18:00,11,5.5,12,20.0,25.65,25.65,0.0,10000,2.24,800,5.53,12.99,30.48,0,4.74,41.21,0.8,1.0,68.18,15,4,0.4053,Estabilizado,Operação Normal
2026-08-27T21:00:52.644292,719R-10,469,1,METRÔ BARRA FUNDA,RIO PEQUENO,3,18:00,7,8.6,7,20.0,25.65,25.65,0.0,10000,2.24,800,3.06,19.23,27.85,0,4.74,23.92,0.8,1.0,64.29,9,2,0.3524,Estabilizado,Operação Normal
2026-08-27T21:00:52.644292,364A-10,1246,1,SHOP. ARICANDUVA,HOSP. IPIRANGA,3,18:00,11,5.5,12,20.0,25.65,25.65,0.0,10000,2.24,800,3.96,18.89,32.18,1,4.74,55.22,0.8,1.0,72.73,16,5,0.4517,Estabilizado,Operação Normal
2026-08-27T21:00:52.644292,477U-10,306,1,METRÔ VL. MARIANA,HELIÓPOLIS,3,18:00,2,30.0,2,20.0,25.65,25.65,0.0,10000,2.24,800,4.75,13.48,35.24,0,4.74,35.75,0.8,0.667,75.0,3,1,0.442,Estabilizado,Operação Normal
2026-08-27T21:00:52.644292,6075-10,1162,1,TERM. VARGINHA,JD. REC. CAMPO BELO,3,18:00,1,60.0,1,20.0,25.65,25.65,0.0,10000,2.24,800,3.0,22.5,45.0,0,4.74,23.5,0.8,0.333,100.0,2,1,0.5073,Estabilizado,Operação Normal
2026-08-27T21:00:52.644292,7049-10,34680,2,TERM. CAMPO LIMPO,PQ. DO LAGO,3,18:00,7,8.6,7,20.0,25.65,25.65,0.0,10000,2.24,800,5.37,15.45,30.5,1,4.74,65.09,0.8,1.0,71.43,10,3,0.4732,Estabilizado,Operação Normal
2026-08-27T21:00:52.644292,6250-10,468,1,TERM. BANDEIRA,JD. JAQUELINE,3,18:00,2,30.0,2,20.0,25.65,25.65,0.0,10000,2.24,800,8.78,5.67,29.14,1,4.74,88.96,0.8,0.667,75.0,3,1,0.575,Estabilizado,Operação Normal
2026-08-27T21:00:52.644292,7053-10,1887,1,TERM. CAMPO LIMPO,JD. MACEDÔNIA,3,18:00,2,30.0,2,20.0,25.65,25.65,0.0,10000,2.24,800,5.4,15.02,30.77,0,4.74,40.3,0.8,0.667,75.0,3,1,0.4534,Estabilizado,Operação Normal
2026-08-27T21:00:52.644292,576C-10,34058,2,TERM. STO. AMARO,METRÔ JABAQUARA,3,18:00,12,5.0,13,20.0,25.65,25.65,0.0,10000,2.24,800,4.45,18.98,33.11,1,4.74,58.65,0.8,1.0,75.0,18,6,0.466,Estabilizado,Operação Normal
2026-08-27T21:00:52.644292,4029-10,1099,1,TERM. VL PRUDENTE,SÃO MATEUS,3,18:00,6,10.0,6,20.0,25.65,25.65,0.0,10000,2.24,800,4.35,16.81,30.26,1,4.74,57.95,0.8,1.0,66.67,8,2,0.4434,Estabilizado,Operação Normal
2026-08-27T21:00:52.644292,508L-10,117,1,ACLIMAÇÃO,TERM. PRINC. ISABEL,3,18:00,6,10.0,6,20.0,25.65,25.65,0.0,10000,2.24,800,3.68,15.48,29.63,1,4.74,53.26,0.8,1.0,66.67,8,2,0.4317,Estabilizado,Operação Normal
2026-08-27T21:00:52.644292,373T-10,1091,1,METRÔ BRESSER,JD. ITÁPOLIS,3,18:00,12,5.0,13,20.0,25.65,25.65,0.0,10000,2.24,800,5.24,16.93,32.4,1,4.74,64.18,0.8,1.0,75.0,18,6,0.4798,Estabilizado,Operação Normal
2026-08-27T21:00:52.644292,6258-10,34000,2,TERM. STO. AMARO,JD. SÃO FRANCISCO,3,18:00,8,7.5,8,20.0,25.65,25.65,0.0,10000,2.24,800,3.8,21.15,34.68,0,4.74,29.1,0.8,1.0,62.5,10,2,0.3609,Estabilizado,Operação Normal
2026-08-27T21:00:52.644292,2704-10,33684,2,METRÔ ITAQUERA,JD. ROBRU,3,18:00,7,8.6,7,20.0,25.65,25.65,0.0,10000,2.24,800,2.94,26.67,36.6,0,4.74,23.08,0.8,1.0,57.14,8,1,0.3324,Estabilizado,Operação Normal
2026-08-27T21:00:52.644292,8100-10,1262,1,TERM. LAPA,TERM. PIRITUBA,3,18:00,6,10.0,6,20.0,25.65,25.65,0.0,10000,2.24,800,4.05,24.47,38.69,0,4.74,30.85,0.8,1.0,66.67,8,2,0.3757,Estabilizado,Operação Normal
2026-08-27T21:00:52.644292,4313-10,2173,1,TERM. PQ. D. PEDRO II,TERM. CID. TIRADENTES,3,18:00,16,3.8,17,20.0,25.65,25.65,0.0,10000,2.24,800,4.85,17.82,33.91,1,4.74,61.45,0.8,1.0,71.88,23,7,0.4652,Estabilizado,Operação Normal
2026-08-27T21:00:52.644292,178L-10,33328,2,HOSP. DAS CLÍNICAS,LAUZANE PAULISTA,3,18:00,8,7.5,8,20.0,25.65,25.65,0.0,10000,2.24,800,4.49,15.58,30.68,0,4.74,33.93,0.8,1.0,62.5,10,2,0.3729,Estabilizado,Operação Normal
2026-08-27T21:00:52.644292,8610-10,2063,1,TERM. BANDEIRA,JD. PAULO VI,3,18:00,5,12.0,5,20.0,25.65,25.65,0.0,10000,2.24,800,6.39,11.11,31.0,0,4.74,47.23,0.8,1.0,70.0,7,2,0.4249,Estabilizado,Operação Normal
2026-08-27T21:00:52.644292,407H-10,34965,2,METRÔ ITAQUERA,JD. SÃO FRANCISCO,3,18:00,12,5.0,13,20.0,25.65,25.65,0.0,10000,2.24,800,3.48,22.23,31.41,1,4.74,51.86,0.8,1.0,70.83,17,5,0.4386,Estabilizado,Operação Normal
2026-08-27T21:00:52.644292,6118-10,1188,1,TERM. STO. AMARO,JD. ICARAÍ,3,18:00,5,12.0,5,20.0,25.65,25.65,0.0,10000,2.24,800,2.67,12.74,19.37,0,4.74,21.19,0.8,1.0,60.0,6,1,0.3348,Estabilizado,Operação Normal
2026-08-27T21:00:52.644292,8615-10,34107,2,TERM. PQ. D. PEDRO II,PQ. DA LAPA,3,18:00,9,6.7,9,20.0,25.65,25.65,0.0,10000,2.24,800,3.77,13.32,27.79,1,4.74,53.89,0.8,1.0,66.67,12,3,0.4333,Estabilizado,Operação Normal
2026-08-27T21:00:52.644292,4314-10,34942,2,TERM. PQ. D. PEDRO II,INÁCIO MONTEIRO,3,18:00,12,5.0,13,20.0,25.65,25.65,0.0,10000,2.24,800,6.51,14.85,32.7,1,4.74,73.07,0.8,1.0,79.17,19,7,0.5124,Estabilizado,Operação Normal
2026-08-27T21:00:52.644292,702C-10,33253,2,METRÔ BELÉM,JD. BONFIGLIOLI,3,18:00,7,8.6,7,20.0,25.65,25.65,0.0,10000,2.24,800,5.07,15.0,28.38,0,4.74,37.99,0.8,1.0,64.29,9,2,0.3876,Estabilizado,Operação Normal
2026-08-27T21:00:52.644292,314V-10,33079,2,PÇA. ALMEIDA JR.,VL. EMA,3,18:00,3,20.0,3,20.0,25.65,25.65,0.0,10000,2.24,800,2.53,20.23,32.12,1,4.74,45.21,0.8,1.0,66.67,4,1,0.4116,Estabilizado,Operação Normal
2026-08-27T21:00:52.644292,297A-10,34901,2,METRÔ BARRA FUNDA,VL. SANTA MARIA,3,18:00,3,20.0,3,20.0,25.65,25.65,0.0,10000,2.24,800,4.84,17.79,27.62,0,4.74,36.38,0.8,1.0,66.67,4,1,0.3895,Estabilizado,Operação Normal
2026-08-27T21:00:52.644292,4027-41,35077,2,SÃO MATEUS,MORRO DO CRUZEIRO,3,18:00,3,20.0,3,20.0,25.65,25.65,0.0,10000,2.24,800,4.3,15.54,30.19,0,4.74,32.6,0.8,1.0,66.67,4,1,0.38,Estabilizado,Operação Normal
2026-08-27T21:00:52.644292,1720-21,34705,2,METRÔ TUCURUVI,VILA SABRINA,3,18:00,4,15.0,4,20.0,25.65,25.65,0.0,10000,2.24,800,2.65,20.61,29.56,0,4.74,21.05,0.8,1.0,62.5,5,1,0.3407,Estabilizado,Operação Normal
2026-08-27T21:00:52.644292,513C-31,2536,1,E.T. ITAQUERA,VL. CALIFÓRNIA,3,18:00,5,12.0,5,20.0,25.65,25.65,0.0,10000,2.24,800,2.62,31.13,38.77,1,4.74,45.84,0.8,1.0,70.0,7,2,0.4214,Estabilizado,Operação Normal
2026-08-27T21:00:52.644292,1771-10,33402,2,METRÔ SANTANA,JD. FONTÁLIS,3,18:00,7,8.6,7,20.0,25.65,25.65,0.0,10000,2.24,800,7.01,8.47,28.4,1,4.74,76.57,0.8,1.0,71.43,10,3,0.5019,Estabilizado,Operação Normal
2026-08-27T21:00:52.644292,7550-10,2093,1,METRÔ STA. CECÍLIA,TERM. STO. AMARO,3,18:00,8,7.5,8,20.0,25.65,25.65,0.0,10000,2.24,800,4.21,12.86,30.19,1,4.74,56.97,0.8,1.0,68.75,11,3,0.4461,Estabilizado,Operação Normal
2026-08-27T21:00:52.644292,178L-10,560,1,HOSP. DAS CLÍNICAS,LAUZANE PAULISTA,3,18:00,9,6.7,9,20.0,25.65,25.65,0.0,10000,2.24,800,4.32,17.66,34.82,0,4.74,32.74,0.8,1.0,61.11,11,2,0.3665,Estabilizado,Operação Normal
2026-08-27T21:00:52.644292,2582-10,374,1,TERM. PQ. D. PEDRO II,VL. NOVA CURUÇÁ,3,18:00,4,15.0,4,20.0,25.65,25.65,0.0,10000,2.24,800,3.25,20.24,31.28,1,4.74,50.25,0.8,1.0,75.0,6,2,0.445,Estabilizado,Operação Normal
2026-08-27T21:00:52.644292,546T-10,272,1,TERM. STO. AMARO,VL. GUACURI,3,18:00,6,10.0,6,20.0,25.65,25.65,0.0,10000,2.24,800,7.87,8.18,22.62,0,4.74,57.59,0.8,1.0,66.67,8,2,0.4425,Estabilizado,Operação Normal
2026-08-27T21:00:52.644292,342M-10,747,1,TERM. PENHA,TERM. SÃO MATEUS,3,18:00,26,3.0,28,20.0,25.65,25.65,0.0,10000,2.24,800,4.11,19.02,34.46,0,4.74,31.27,0.8,1.0,65.38,34,8,0.3735,Estabilizado,Operação Normal
2026-08-27T21:00:52.644292,4006-21,35250,2,CIRCULAR,JD. NOVA VITÓRIA,3,18:00,1,60.0,1,20.0,25.65,25.65,0.0,10000,2.24,800,4.19,20.91,32.15,0,4.74,31.83,0.8,0.333,100.0,2,1,0.5281,Estabilizado,Operação Normal
2026-08-27T21:00:52.644292,637P-10,47,1,TERM. PINHEIROS,TERM. STO. AMARO,3,18:00,6,10.0,6,20.0,25.65,25.65,0.0,10000,2.24,800,6.1,16.57,28.35,0,4.74,45.2,0.8,1.0,66.67,8,2,0.4115,Estabilizado,Operação Normal
2026-08-27T21:00:52.644292,971R-10,33382,2,METRÔ SANTANA,CPTM JARAGUÁ,3,18:00,19,3.2,20,20.0,25.65,25.65,0.0,10000,2.24,800,5.76,12.9,29.82,1,4.74,67.82,0.8,1.0,73.68,28,9,0.4856,Estabilizado,Operação Normal
2026-08-27T21:00:52.644292,8006-10,34024,2,TERM. PIRITUBA,JD. DONÁRIA,3,18:00,7,8.6,7,20.0,25.65,25.65,0.0,10000,2.24,800,4.29,22.56,36.28,1,4.74,57.53,0.8,1.0,71.43,10,3,0.4543,Estabilizado,Operação Normal
2026-08-27T21:00:52.644292,7005-10,1998,1,JD. ÂNGELA,JD. VERA CRUZ,3,18:00,4,15.0,4,20.0,25.65,25.65,0.0,10000,2.24,800,4.5,22.21,27.88,0,4.74,34.0,0.8,1.0,62.5,5,1,0.3731,Estabilizado,Operação Normal
2026-08-27T21:00:52.644292,1738-10,33440,2,METRÔ SANTANA,VL. CONSTANÇA,3,18:00,5,12.0,5,20.0,25.65,25.65,0.0,10000,2.24,800,4.24,15.56,29.79,1,4.74,57.18,0.8,1.0,70.0,7,2,0.4498,Estabilizado,Operação Normal
2026-08-27T21:00:52.644292,9300-10,32884,2,TERM. PQ. D. PEDRO II,TERM. CASA VERDE,3,18:00,5,12.0,5,20.0,25.65,25.65,0.0,10000,2.24,800,3.93,18.59,34.38,1,4.74,55.01,0.8,1.0,70.0,7,2,0.4444,Estabilizado,Operação Normal
2026-08-27T21:00:52.644292,2006-10,33663,2,CPTM ITAIM PAULISTA,CID. KEMEL I,3,18:00,8,7.5,8,20.0,25.65,25.65,0.0,10000,2.24,800,3.53,19.35,31.03,0,4.74,27.21,0.8,1.0,62.5,10,2,0.3561,Estabilizado,Operação Normal
2026-08-27T21:00:52.644292,637A-10,185,1,TERM. PINHEIROS,TERM. JD. ÂNGELA,3,18:00,12,5.0,13,20.0,25.65,25.65,0.0,10000,2.24,800,6.49,14.37,34.86,1,4.74,72.93,0.8,1.0,79.17,19,7,0.5121,Estabilizado,Operação Normal
2026-08-27T21:00:52.644292,1742-10,33310,2,METRÔ SANTANA,JD. ANTÁRTICA,3,18:00,8,7.5,8,20.0,25.65,25.65,0.0,10000,2.24,800,4.63,15.35,29.28,0,4.74,34.91,0.8,1.0,62.5,10,2,0.3754,Estabilizado,Operação Normal
2026-08-27T21:00:52.644292,4025-10,1095,1,METRÔ TATUAPÉ,VL. ALPINA,3,18:00,11,5.5,12,20.0,25.65,25.65,0.0,10000,2.24,800,3.62,26.48,30.42,1,4.74,52.84,0.8,1.0,72.73,16,5,0.4458,Estabilizado,Operação Normal
2026-08-27T21:00:52.644292,4093-10,35216,2,TERM. CID. TIRADENTES,CID. TIRADENTES,3,18:00,7,8.6,7,20.0,25.65,25.65,0.0,10000,2.24,800,4.3,22.67,30.59,0,4.74,32.6,0.8,1.0,64.29,9,2,0.3741,Estabilizado,Operação Normal
2026-08-27T21:00:52.644292,4315-10,34943,2,TERM. PQ. D. PEDRO II,TERM. VL. CARRÃO,3,18:00,9,6.7,9,20.0,25.65,25.65,0.0,10000,2.24,800,3.87,22.07,36.52,1,4.74,54.59,0.8,1.0,66.67,12,3,0.435,Estabilizado,Operação Normal
2026-08-27T21:00:52.644292,2290-10,33486,2,TERM. PQ. D. PEDRO II,TERM. SÃO MATEUS,3,18:00,29,3.0,31,20.0,25.65,25.65,0.0,10000,2.24,800,4.8,17.69,33.65,1,4.74,61.1,0.8,1.0,72.41,42,13,0.4656,Estabilizado,Operação Normal
2026-08-27T21:00:52.644292,809L-10,1949,1,LAPA,CAMPO LIMPO,3,18:00,9,6.7,9,20.0,25.65,25.65,0.0,10000,2.24,800,5.1,14.37,29.19,1,4.74,63.2,0.8,1.0,72.22,13,4,0.4704,Estabilizado,Operação Normal
2026-08-27T21:00:52.644292,737A-10,1730,1,TERM. STO. AMARO,TERM. JD. ÂNGELA,3,18:00,17,3.5,18,20.0,25.65,25.65,0.0,10000,2.24,800,2.97,16.9,27.44,0,4.74,23.29,0.8,1.0,61.76,21,4,0.3445,Estabilizado,Operação Normal
2026-08-27T21:00:52.644292,2079-10,33138,2,CPTM ITAIM PAULISTA,JD. NÉLIA,3,18:00,5,12.0,5,20.0,25.65,25.65,0.0,10000,2.24,800,7.33,14.22,27.3,0,4.74,53.81,0.8,1.0,70.0,7,2,0.4414,Estabilizado,Operação Normal
2026-08-27T21:00:52.644292,4709-10,33101,2,METRÔ VL. MARIANA,JD. SÃO SAVÉRIO,3,18:00,5,12.0,5,20.0,25.65,25.65,0.0,10000,2.24,800,3.77,20.57,33.9,0,4.74,28.89,0.8,1.0,60.0,6,1,0.3541,Estabilizado,Operação Normal
2026-08-27T21:00:52.644292,9501-10,462,1,LGO. DO PAISSANDU,TERM. CACHOEIRINHA,3,18:00,12,5.0,13,20.0,25.65,25.65,0.0,10000,2.24,800,3.68,19.91,33.64,1,4.74,53.26,0.8,1.0,70.83,17,5,0.4421,Estabilizado,Operação Normal
2026-08-27T21:00:52.644292,5611-10,33366,2,PÇA. JOÃO MENDES,ELDORADO,3,18:00,6,10.0,6,20.0,25.65,25.65,0.0,10000,2.24,800,5.19,17.09,33.49,1,4.74,63.83,0.8,1.0,75.0,9,3,0.4789,Estabilizado,Operação Normal
2026-08-27T21:00:52.644292,3725-10,33790,2,VL. DALILA,METRÔ VL. MATILDE,3,18:00,5,12.0,5,20.0,25.65,25.65,0.0,10000,2.24,800,6.33,12.67,31.03,0,4.74,46.81,0.8,1.0,70.0,7,2,0.4239,Estabilizado,Operação Normal
2026-08-27T21:00:52.644292,3735-10,1035,1,JD. SÃO JOÃO ,METRÔ ARTUR ALVIM,3,18:00,4,15.0,4,20.0,25.65,25.65,0.0,10000,2.24,800,3.75,25.62,36.48,1,4.74,53.75,0.8,1.0,75.0,6,2,0.4537,Estabilizado,Operação Normal
2026-08-27T21:00:52.644292,2666-10,378,1,TERM. PQ. D. PEDRO II,JD. CAMARGO VELHO,3,18:00,7,8.6,7,20.0,25.65,25.65,0.0,10000,2.24,800,5.29,14.66,31.69,1,4.74,64.53,0.8,1.0,71.43,10,3,0.4718,Estabilizado,Operação Normal
2026-08-27T21:00:52.644292,1788-10,33421,2,METRÔ SANTANA,JD. FONTÁLIS,3,18:00,8,7.5,8,20.0,25.65,25.65,0.0,10000,2.24,800,6.19,12.0,29.2,0,4.74,45.83,0.8,1.0,68.75,11,3,0.4183,Estabilizado,Operação Normal
2026-08-27T21:00:52.644292,6840-10,32969,2,TERM. CAPELINHA,TERM. JD. JACIRA,3,18:00,11,5.5,12,20.0,25.65,25.65,0.0,10000,2.24,800,4.11,16.57,31.13,1,4.74,56.27,0.8,1.0,72.73,16,5,0.4544,Estabilizado,Operação Normal
2026-08-27T21:00:52.644292,5290-10,33365,2,TERM. PQ. D. PEDRO II,DIV. DIADEMA,3,18:00,9,6.7,9,20.0,25.65,25.65,0.0,10000,2.24,800,4.44,15.6,31.38,1,4.74,58.58,0.8,1.0,66.67,12,3,0.445,Estabilizado,Operação Normal
2026-08-27T21:00:52.644292,3787-10,1612,1,METRÔ ITAQUERA,CID. TIRADENTES,3,18:00,6,10.0,6,20.0,25.65,25.65,0.0,10000,2.24,800,4.22,29.17,39.99,0,4.74,32.04,0.8,1.0,66.67,8,2,0.3786,Estabilizado,Operação Normal
2026-08-27T21:00:52.644292,637R-10,32964,2,TERM. STO. AMARO,JD. ARACATI,3,18:00,11,5.5,12,20.0,25.65,25.65,0.0,10000,2.24,800,4.31,22.27,44.21,0,4.74,32.67,0.8,1.0,68.18,15,4,0.384,Estabilizado,Operação Normal
2026-08-27T21:00:52.644292,4002-10,34945,2,TERM. VL. CARRÃO,GUAIANASES,3,18:00,5,12.0,5,20.0,25.65,25.65,0.0,10000,2.24,800,3.84,19.74,32.9,1,4.74,54.38,0.8,1.0,70.0,7,2,0.4428,Estabilizado,Operação Normal
2026-08-27T21:00:52.644292,6055-10,33914,2,SHOP. INTERLAGOS,EST. MENDES/VL. NATAL,3,18:00,8,7.5,8,20.0,25.65,25.65,0.0,10000,2.24,800,3.91,20.56,28.43,0,4.74,29.87,0.8,1.0,62.5,10,2,0.3628,Estabilizado,Operação Normal
2026-08-27T21:00:52.644292,6835-31,34175,2,TERM. CAPELINHA,VALO VELHO,3,18:00,3,20.0,3,20.0,25.65,25.65,0.0,10000,2.24,800,3.81,15.46,25.35,1,4.74,54.17,0.8,1.0,66.67,4,1,0.434,Estabilizado,Operação Normal
2026-08-27T21:00:52.644292,778J-10,33276,2,METRÔ BARRA FUNDA,JD. ARPOADOR,3,18:00,5,12.0,5,20.0,25.65,25.65,0.0,10000,2.24,800,3.1,23.89,32.33,0,4.74,24.2,0.8,1.0,60.0,6,1,0.3423,Estabilizado,Operação Normal
2026-08-27T21:00:52.644292,4311-10,2171,1,TERM. PQ. D. PEDRO II,TERM. SÃO MATEUS,3,18:00,5,12.0,5,20.0,25.65,25.65,0.0,10000,2.24,800,2.58,22.38,32.67,0,4.74,20.56,0.8,1.0,60.0,6,1,0.3332,Estabilizado,Operação Normal
2026-08-27T21:00:52.644292,373L-10,33795,2,METRÔ ITAQUERA,JD. LIMOEIRO,3,18:00,4,15.0,4,20.0,25.65,25.65,0.0,10000,2.24,800,2.95,20.99,29.45,1,4.74,48.15,0.8,1.0,75.0,6,2,0.4397,Estabilizado,Operação Normal
2026-08-27T21:00:52.644292,607C-21,2674,1,BERRINI,PÇA TITO PACHECO,3,18:00,5,12.0,5,20.0,25.65,25.65,0.0,10000,2.24,800,4.85,12.5,29.82,0,4.74,36.45,0.8,1.0,70.0,7,2,0.398,Estabilizado,Operação Normal
2026-08-27T21:00:52.644292,9005-10,33640,2,TERM. CACHOEIRINHA,JD. PRINCESA,3,18:00,10,6.0,11,20.0,25.65,25.65,0.0,10000,2.24,800,3.16,24.04,39.54,0,4.74,24.62,0.8,1.0,65.0,13,3,0.3559,Estabilizado,Operação Normal
2026-08-27T21:00:52.644292,8004-10,1254,1,TERM. LAPA,HAB. TURÍSTICA,3,18:00,4,15.0,4,20.0,25.65,25.65,0.0,10000,2.24,800,4.94,15.52,27.91,0,4.74,37.08,0.8,1.0,62.5,5,1,0.3808,Estabilizado,Operação Normal
2026-08-27T21:00:52.644292,1020-10,35265,2,CONEXÃO VL. IÓRIO ,PERUS,3,18:00,6,10.0,6,20.0,25.65,25.65,0.0,10000,2.24,800,2.94,14.85,31.68,0,4.74,23.08,0.8,1.0,58.33,7,1,0.3354,Estabilizado,Operação Normal
2026-08-27T21:00:52.644292,273N-10,390,1,METRÔ VL. MATILDE,CID. KEMEL II,3,18:00,5,12.0,5,20.0,25.65,25.65,0.0,10000,2.24,800,5.96,17.73,37.08,0,4.74,44.22,0.8,1.0,70.0,7,2,0.4174,Estabilizado,Operação Normal
2026-08-27T21:00:52.644292,6422-10,33129,2,TERM. BANDEIRA,VL. CRUZEIRO,3,18:00,5,12.0,5,20.0,25.65,25.65,0.0,10000,2.24,800,4.28,15.87,31.52,1,4.74,57.46,0.8,1.0,70.0,7,2,0.4505,Estabilizado,Operação Normal
2026-08-27T21:00:52.644292,707A-10,34758,2,METRÔ PÇA. DA ÁRVORE,JD. ÂNGELA,3,18:00,17,3.5,18,20.0,25.65,25.65,0.0,10000,2.24,800,4.39,15.31,31.63,0,4.74,33.23,0.8,1.0,64.71,22,5,0.3767,Estabilizado,Operação Normal
2026-08-27T21:00:52.644292,3762-10,33821,2,METRÔ TATUAPÉ,JD. IVA,3,18:00,10,6.0,11,20.0,25.65,25.65,0.0,10000,2.24,800,3.45,20.33,30.64,1,4.74,51.65,0.8,1.0,75.0,15,5,0.4485,Estabilizado,Operação Normal
2026-08-27T21:00:52.644292,3020-10,958,1,SHOP. ARICANDUVA,COHAB JOSÉ BONIFÁCIO ,3,18:00,4,15.0,4,20.0,25.65,25.65,0.0,10000,2.24,800,6.56,13.71,28.27,1,4.74,73.42,0.8,1.0,75.0,6,2,0.5029,Estabilizado,Operação Normal
2026-08-27T21:00:52.644292,3160-10,32893,2,TERM. PQ. D. PEDRO II,TERM. VL. PRUDENTE,3,18:00,11,5.5,12,20.0,25.65,25.65,0.0,10000,2.24,800,5.56,14.58,33.4,1,4.74,66.42,0.8,1.0,77.27,17,6,0.4911,Estabilizado,Operação Normal
2026-08-27T21:00:52.644292,648P-10,66,1,TERM. PINHEIROS,TERM. CAPELINHA,3,18:00,3,20.0,3,20.0,25.65,25.65,0.0,10000,2.24,800,3.64,18.17,31.54,1,4.74,52.98,0.8,1.0,66.67,4,1,0.431,Estabilizado,Operação Normal
2026-08-27T21:00:52.644292,709M-10,2462,1,TERM. PINHEIROS,TERM. STO. AMARO,3,18:00,4,15.0,4,20.0,25.65,25.65,0.0,10000,2.24,800,5.12,12.88,27.38,0,4.74,38.34,0.8,1.0,62.5,5,1,0.384,Estabilizado,Operação Normal
2026-08-27T21:00:52.644292,1177-10,32897,2,LUZ,TERM. A. E. CARVALHO,3,18:00,2,30.0,2,20.0,25.65,25.65,0.0,10000,2.24,800,3.38,32.63,35.11,0,4.74,26.16,0.8,0.667,75.0,3,1,0.418,Estabilizado,Operação Normal
2026-08-27T21:00:52.644292,6017-10,33974,2,JD. ÂNGELA,JD. NAKAMURA,3,18:00,4,15.0,4,20.0,25.65,25.65,0.0,10000,2.24,800,5.02,18.22,35.62,0,4.74,37.64,0.8,1.0,62.5,5,1,0.3822,Estabilizado,Operação Normal
2026-08-27T21:00:52.644292,7004-22,2633,1,JD ÂNGELA,VL DO SOL,3,18:00,2,30.0,2,20.0,25.65,25.65,0.0,10000,2.24,800,4.68,14.62,28.82,0,4.74,35.26,0.8,0.667,75.0,3,1,0.4408,Estabilizado,Operação Normal
2026-08-27T21:00:52.644292,701A-10,689,1,METRÔ VL. MADALENA,PQ. EDU CHAVES,3,18:00,8,7.5,8,20.0,25.65,25.65,0.0,10000,2.24,800,3.54,14.29,27.88,0,4.74,27.28,0.8,1.0,62.5,10,2,0.3563,Estabilizado,Operação Normal
2026-08-27T21:00:52.644292,8023-10,2074,1,TERM. VL. SÔNIA,CDHU MUNCK,3,18:00,1,60.0,1,20.0,25.65,25.65,0.0,10000,2.24,800,5.23,16.87,32.16,0,4.74,39.11,0.8,0.333,100.0,2,1,0.5463,Estabilizado,Operação Normal
2026-08-27T21:00:52.644292,4028-10,1098,1,DIV. DE MAUÁ,HOSP. SÃO MATEUS,3,18:00,8,7.5,8,20.0,25.65,25.65,0.0,10000,2.24,800,4.77,18.21,32.62,0,4.74,35.89,0.8,1.0,62.5,10,2,0.3778,Estabilizado,Operação Normal
2026-08-27T21:00:52.644292,695T-10,34090,2,METRÔ VL. MARIANA,TERM. CAPELINHA,3,18:00,4,15.0,4,20.0,25.65,25.65,0.0,10000,2.24,800,4.01,18.3,31.88,0,4.74,30.57,0.8,1.0,62.5,5,1,0.3645,Estabilizado,Operação Normal
2026-08-27T21:00:52.644292,3768-10,33824,2,CPTM JOSÉ BONIFÁCIO,VL. YOLANDA,3,18:00,5,12.0,5,20.0,25.65,25.65,0.0,10000,2.24,800,3.15,27.11,36.7,1,4.74,49.55,0.8,1.0,70.0,7,2,0.4307,Estabilizado,Operação Normal
2026-08-27T21:00:52.644292,118C-10,33287,2,TERM. AMARAL GURGEL,JD. PERY ALTO,3,18:00,15,4.0,16,20.0,25.65,25.65,0.0,10000,2.24,800,4.15,15.18,29.99,0,4.74,31.55,0.8,1.0,63.33,19,4,0.369,Estabilizado,Operação Normal
2026-08-27T21:00:52.644292,1018-10,33600,2,METRÔ SANTANA,VL. ROSA,3,18:00,4,15.0,4,20.0,25.65,25.65,0.0,10000,2.24,800,4.79,16.35,29.17,0,4.74,36.03,0.8,1.0,62.5,5,1,0.3782,Estabilizado,Operação Normal
2026-08-27T21:00:52.644292,7002-10,33540,2,HOSP. DAS CLÍNICAS,JD. ROSA MARIA,3,18:00,12,5.0,13,20.0,25.65,25.65,0.0,10000,2.24,800,3.48,19.05,31.46,0,4.74,26.86,0.8,1.0,66.67,16,4,0.3657,Estabilizado,Operação Normal
2026-08-27T21:00:52.644292,647P-10,34084,2,TERM. PINHEIROS,COHAB ADVENTISTA,3,18:00,11,5.5,12,20.0,25.65,25.65,0.0,10000,2.24,800,3.97,15.46,31.52,1,4.74,55.29,0.8,1.0,72.73,16,5,0.4519,Estabilizado,Operação Normal
2026-08-27T21:00:52.644292,6055-10,1146,1,SHOP. INTERLAGOS,EST. MENDES/VL. NATAL,3,18:00,3,20.0,3,20.0,25.65,25.65,0.0,10000,2.24,800,2.79,16.78,25.09,0,4.74,22.03,0.8,1.0,66.67,4,1,0.3536,Estabilizado,Operação Normal
2026-08-27T21:00:52.644292,2522-10,32908,2,METRÔ ITAQUERA,JD. STO. ANTÔNIO,3,18:00,2,30.0,2,20.0,25.65,25.65,0.0,10000,2.24,800,2.91,24.77,32.27,1,4.74,47.87,0.8,0.667,75.0,3,1,0.4723,Estabilizado,Operação Normal
2026-08-27T21:00:52.644292,2780-10,33167,2,METRÔ ITAQUERA,JD. CAMARGO NOVO,3,18:00,4,15.0,4,20.0,25.65,25.65,0.0,10000,2.24,800,3.99,18.66,28.88,0,4.74,30.43,0.8,1.0,62.5,5,1,0.3642,Estabilizado,Operação Normal
2026-08-27T21:00:52.644292,172K-10,857,1,METRÔ TATUAPÉ,JD. TREMEMBÉ,3,18:00,11,5.5,12,20.0,25.65,25.65,0.0,10000,2.24,800,4.6,13.37,29.69,0,4.74,34.7,0.8,1.0,68.18,15,4,0.3891,Estabilizado,Operação Normal
2026-08-27T21:00:52.644292,7903-10,33280,2,PÇA. RAMOS DE AZEVEDO,JD. JOÃO XXIII/EDUC.,3,18:00,6,10.0,6,20.0,25.65,25.65,0.0,10000,2.24,800,2.97,17.58,28.25,0,4.74,23.29,0.8,1.0,58.33,7,1,0.3359,Estabilizado,Operação Normal
2026-08-27T21:00:52.644292,3739-10,1039,1,METRÔ ITAQUERA,RECANTO VERDE SOL,3,18:00,10,6.0,11,20.0,25.65,25.65,0.0,10000,2.24,800,5.49,20.51,34.67,0,4.74,40.93,0.8,1.0,70.0,14,4,0.4092,Estabilizado,Operação Normal
2026-08-27T21:00:52.644292,3737-10,33805,2,SHOP.ARICANDUVA,METRÔ GUILHERMINA/ESPERANÇA,3,18:00,11,5.5,12,20.0,25.65,25.65,0.0,10000,2.24,800,4.81,19.74,37.63,0,4.74,36.17,0.8,1.0,68.18,15,4,0.3927,Estabilizado,Operação Normal
2026-08-27T21:00:52.644292,8700-10,34645,2,PÇA. RAMOS DE AZEVEDO,TERM. CAMPO LIMPO,3,18:00,16,3.8,17,20.0,25.65,25.65,0.0,10000,2.24,800,3.95,15.31,27.95,1,4.74,55.15,0.8,1.0,71.88,23,7,0.4494,Estabilizado,Operação Normal
2026-08-27T21:00:52.644292,637A-10,32953,2,TERM. PINHEIROS,TERM. JD. ÂNGELA,3,18:00,14,4.3,15,20.0,25.65,25.65,0.0,10000,2.24,800,6.39,15.89,40.37,0,4.74,47.23,0.8,1.0,67.86,19,5,0.4196,Estabilizado,Operação Normal
2026-08-27T21:00:52.644292,8600-10,34200,2,LGO. DO PAISSANDÚ,TERM. PIRITUBA,3,18:00,9,6.7,9,20.0,25.65,25.65,0.0,10000,2.24,800,3.96,16.54,31.88,1,4.74,55.22,0.8,1.0,66.67,12,3,0.4366,Estabilizado,Operação Normal
2026-08-27T21:00:52.644292,6110-10,1184,1,AEROPORTO,CONJ. HAB. PALMARES,3,18:00,7,8.6,7,20.0,25.65,25.65,0.0,10000,2.24,800,2.75,26.23,30.17,0,4.74,21.75,0.8,1.0,57.14,8,1,0.3291,Estabilizado,Operação Normal
2026-08-27T21:00:52.644292,5752-10,1287,1,METRÔ CONCEIÇÃO,VL. MISSIONÁRIA,3,18:00,8,7.5,8,20.0,25.65,25.65,0.0,10000,2.24,800,6.55,13.49,31.69,1,4.74,73.35,0.8,1.0,75.0,12,4,0.5027,Estabilizado,Operação Normal
2026-08-27T21:00:52.644292,8194-10,805,1,TERM. CACHOEIRINHA,PERUS,3,18:00,8,7.5,8,20.0,25.65,25.65,0.0,10000,2.24,800,3.0,18.45,35.11,1,4.74,48.5,0.8,1.0,68.75,11,3,0.425,Estabilizado,Operação Normal
2026-08-27T21:00:52.644292,8038-10,797,1,LAPA,PQ. CONTINENTAL,3,18:00,8,7.5,8,20.0,25.65,25.65,0.0,10000,2.24,800,4.05,18.47,33.46,0,4.74,30.85,0.8,1.0,62.5,10,2,0.3652,Estabilizado,Operação Normal
2026-08-27T21:00:52.644292,1741-10,539,1,METRÔ SANTANA,VL. DIONISIA,3,18:00,8,7.5,8,20.0,25.65,25.65,0.0,10000,2.24,800,5.43,12.1,27.23,0,4.74,40.51,0.8,1.0,62.5,10,2,0.3894,Estabilizado,Operação Normal
2026-08-27T21:00:52.644292,8009-31,1260,1,TERM. PIRITUBA,CID. D'ABRIL 3ª GLEBA,3,18:00,2,30.0,2,20.0,25.65,25.65,0.0,10000,2.24,800,2.8,18.2,30.77,0,4.74,22.1,0.8,0.667,75.0,3,1,0.4079,Estabilizado,Operação Normal
2026-08-27T21:00:52.644292,4111-10,320,1,PÇA. DA REPÚBLICA,VL. MONUMENTO,3,18:00,1,60.0,1,20.0,25.65,25.65,0.0,10000,2.24,800,4.2,23.82,37.69,0,4.74,31.9,0.8,0.333,100.0,2,1,0.5283,Estabilizado,Operação Normal
2026-08-27T21:00:52.644292,6823-10,34,1,TERM. CAPELINHA,JD. GUARUJÁ,3,18:00,1,60.0,1,20.0,25.65,25.65,0.0,10000,2.24,800,4.54,14.54,38.82,0,4.74,34.28,0.8,0.333,100.0,2,1,0.5342,Estabilizado,Operação Normal
2026-08-27T21:00:52.644292,2101-10,714,1,PÇA. DA SÉ,PÇA. SILVIO ROMERO,3,18:00,2,30.0,2,20.0,25.65,25.65,0.0,10000,2.24,800,3.79,15.51,32.13,1,4.74,54.03,0.8,0.667,75.0,3,1,0.4877,Estabilizado,Operação Normal
2026-08-27T21:00:52.644292,6L03-10,34333,2,TERM. PARELHEIROS,CIPÓ DO MEIO,3,18:00,2,30.0,2,20.0,25.65,25.65,0.0,10000,2.24,800,8.1,16.0,32.0,0,4.74,59.2,0.8,0.667,75.0,3,1,0.5006,Estabilizado,Operação Normal
2026-08-27T21:00:52.644292,2104-10,35023,2,TERM. PQ. D. PEDRO II,METRÔ SANTANA,3,18:00,5,12.0,5,20.0,25.65,25.65,0.0,10000,2.24,800,5.81,14.66,31.96,1,4.74,68.17,0.8,1.0,70.0,7,2,0.4773,Estabilizado,Operação Normal
2026-08-27T21:00:52.644292,647A-10,34083,2,PINHEIROS,VALO VELHO,3,18:00,13,4.6,14,20.0,25.65,25.65,0.0,10000,2.24,800,4.34,18.11,37.31,1,4.74,57.88,0.8,1.0,73.08,19,6,0.4592,Estabilizado,Operação Normal
2026-08-27T21:00:52.644292,172R-10,33627,2,METRÔ BELÉM,JAÇANÃ,3,18:00,13,4.6,14,20.0,25.65,25.65,0.0,10000,2.24,800,3.28,17.74,34.28,1,4.74,50.46,0.8,1.0,69.23,18,5,0.4311,Estabilizado,Operação Normal
2026-08-27T21:00:52.644292,2002-10,711,1,TERM. BANDEIRA,TERM. PQ. D. PEDRO II,3,18:00,5,12.0,5,20.0,25.65,25.65,0.0,10000,2.24,800,4.05,16.2,30.46,1,4.74,55.85,0.8,1.0,70.0,7,2,0.4465,Estabilizado,Operação Normal
2026-08-27T21:00:52.644292,4288-10,33058,2,TERM. PQ. D. PEDRO II,PQ. STA. MADALENA,3,18:00,4,15.0,4,20.0,25.65,25.65,0.0,10000,2.24,800,6.39,13.12,35.76,1,4.74,72.23,0.8,1.0,75.0,6,2,0.4999,Estabilizado,Operação Normal
2026-08-27T21:00:52.644292,574J-10,1685,1,TERM. VL. CARRÃO,METRÔ CONCEIÇÃO,3,18:00,11,5.5,12,20.0,25.65,25.65,0.0,10000,2.24,800,6.21,13.39,28.32,0,4.74,45.97,0.8,1.0,72.73,16,5,0.4286,Estabilizado,Operação Normal
2026-08-27T21:00:52.644292,6010-10,33970,2,TERM. GUARAPIRANGA,CHÁC. STA. MARIA,3,18:00,7,8.6,7,20.0,25.65,25.65,0.0,10000,2.24,800,3.77,23.72,28.01,1,4.74,53.89,0.8,1.0,71.43,10,3,0.4452,Estabilizado,Operação Normal
2026-08-27T21:00:52.644292,5318-10,45,1,PÇA. DA SÉ,CHÁC. SANTANA,3,18:00,6,10.0,6,20.0,25.65,25.65,0.0,10000,2.24,800,3.97,13.79,29.17,1,4.74,55.29,0.8,1.0,66.67,8,2,0.4367,Estabilizado,Operação Normal
2026-08-27T21:00:52.644292,2712-10,33694,2,SHOP. METRÔ ITAQUERA,JD. SÃO NICOLAU,3,18:00,6,10.0,6,20.0,25.65,25.65,0.0,10000,2.24,800,2.35,19.79,27.93,1,4.74,43.95,0.8,1.0,66.67,8,2,0.4084,Estabilizado,Operação Normal
2026-08-27T21:00:52.644292,609F-21,38,1,ANHANGABAÚ,CHÁC. SANTANA,3,18:00,3,20.0,3,20.0,25.65,25.65,0.0,10000,2.24,800,4.29,17.9,30.14,0,4.74,32.53,0.8,1.0,66.67,4,1,0.3799,Estabilizado,Operação Normal
2026-08-27T21:00:52.644292,546T-10,33040,2,TERM. STO. AMARO,VL. GUACURI,3,18:00,14,4.3,15,20.0,25.65,25.65,0.0,10000,2.24,800,5.86,14.85,30.17,0,4.74,43.52,0.8,1.0,67.86,19,5,0.4103,Estabilizado,Operação Normal
2026-08-27T21:00:52.644292,669A-10,32772,2,TERM. PRINC. ISABEL,TERM. STO. AMARO,3,18:00,9,6.7,9,20.0,25.65,25.65,0.0,10000,2.24,800,4.77,14.03,30.92,1,4.74,60.89,0.8,1.0,66.67,12,3,0.4507,Estabilizado,Operação Normal
2026-08-27T21:00:52.644292,675R-10,32877,2,METRÔ JABAQUARA,GRAJAÚ,3,18:00,7,8.6,7,20.0,25.65,25.65,0.0,10000,2.24,800,2.72,16.17,22.09,1,4.74,46.54,0.8,1.0,64.29,9,2,0.4089,Estabilizado,Operação Normal
2026-08-27T21:00:52.644292,5031-10,34514,2,TERM. SACOMÃ,VL. ARAPUÁ,3,18:00,16,3.8,17,20.0,25.65,25.65,0.0,10000,2.24,800,7.08,12.18,36.35,1,4.74,77.06,0.8,1.0,75.0,24,8,0.512,Estabilizado,Operação Normal
2026-08-27T21:00:52.644292,6L04-10,33948,2,TERM. PARELHEIROS,JD. ORIENTAL/FONTES,3,18:00,6,10.0,6,20.0,25.65,25.65,0.0,10000,2.24,800,8.1,16.0,32.0,0,4.74,59.2,0.8,1.0,66.67,8,2,0.4465,Estabilizado,Operação Normal
2026-08-27T21:00:52.644292,4052-10,34913,2,METRÔ ITAQUERA,CPTM GUAIANASES,3,18:00,4,15.0,4,20.0,25.65,25.65,0.0,10000,2.24,800,4.04,19.03,36.24,0,4.74,30.78,0.8,1.0,62.5,5,1,0.365,Estabilizado,Operação Normal
2026-08-27T21:00:52.644292,4210-10,2170,1,TERM. PQ. D. PEDRO II,TERM. CID. TIRADENTES,3,18:00,8,7.5,8,20.0,25.65,25.65,0.0,10000,2.24,800,3.85,15.07,31.01,1,4.74,54.45,0.8,1.0,68.75,11,3,0.4398,Estabilizado,Operação Normal
2026-08-27T21:00:52.644292,6056-10,33915,2,TERM. GRAJAÚ,PQ. STA. CECÍLIA,3,18:00,4,15.0,4,20.0,25.65,25.65,0.0,10000,2.24,800,2.92,22.85,30.87,0,4.74,22.94,0.8,1.0,62.5,5,1,0.3455,Estabilizado,Operação Normal
2026-08-27T21:00:52.644292,6028-10,33979,2,TERM. STO. AMARO,RIVIERA,3,18:00,8,7.5,8,20.0,25.65,25.65,0.0,10000,2.24,800,3.52,19.9,31.19,0,4.74,27.14,0.8,1.0,62.5,10,2,0.3559,Estabilizado,Operação Normal
2026-08-27T21:00:52.644292,8055-10,414,1,LAPA,PERUS,3,18:00,6,10.0,6,20.0,25.65,25.65,0.0,10000,2.24,800,2.68,50.4,57.59,1,4.74,46.26,0.8,1.0,66.67,8,2,0.4142,Estabilizado,Operação Normal
2026-08-27T21:00:52.644292,478P-10,349,1,VL. ROMANA,SACOMÃ,3,18:00,5,12.0,5,20.0,25.65,25.65,0.0,10000,2.24,800,3.6,21.1,32.33,0,4.74,27.7,0.8,1.0,60.0,6,1,0.3511,Estabilizado,Operação Normal
2026-08-27T21:00:52.644292,5175-10,33361,2,PÇA. DA SÉ,BALN. SÃO FRANCISCO,3,18:00,21,3.0,23,20.0,25.65,25.65,0.0,10000,2.24,800,5.67,13.5,32.02,1,4.74,67.19,0.8,1.0,76.19,32,11,0.4903,Estabilizado,Operação Normal
2026-08-27T21:00:52.644292,2716-10,929,1,METRÔ PENHA,CHÁC. CRUZ. DO SUL,3,18:00,6,10.0,6,20.0,25.65,25.65,0.0,10000,2.24,800,2.97,21.63,28.19,0,4.74,23.29,0.8,1.0,58.33,7,1,0.3359,Estabilizado,Operação Normal
2026-08-27T21:00:52.644292,8078-10,2080,1,HOSP. CAMPO LIMPO,JD. DAS PALMAS,3,18:00,5,12.0,5,20.0,25.65,25.65,0.0,10000,2.24,800,4.69,16.98,29.55,1,4.74,60.33,0.8,1.0,70.0,7,2,0.4577,Estabilizado,Operação Normal
2026-08-27T21:00:52.644292,4018-10,34959,2,TERM. SÃO MATEUS,METALÚRGICOS,3,18:00,15,4.0,16,20.0,25.65,25.65,0.0,10000,2.24,800,3.73,32.49,38.13,0,4.74,28.61,0.8,1.0,63.33,19,4,0.3617,Estabilizado,Operação Normal
2026-08-27T21:00:52.644292,211L-10,2265,1,LAPA,MANDAQUI,3,18:00,5,12.0,5,20.0,25.65,25.65,0.0,10000,2.24,800,3.66,21.25,34.48,1,4.74,53.12,0.8,1.0,70.0,7,2,0.4396,Estabilizado,Operação Normal
2026-08-27T21:00:52.644292,817C-10,34105,2,HOSP. DAS CLÍNICAS,LAPA,3,18:00,5,12.0,5,20.0,25.65,25.65,0.0,10000,2.24,800,3.25,15.68,29.24,0,4.74,25.25,0.8,1.0,60.0,6,1,0.345,Estabilizado,Operação Normal
2026-08-27T21:00:52.644292,4007-10,34949,2,TERM. VL. CARRÃO,COHAB JUSCELINO,3,18:00,9,6.7,9,20.0,25.65,25.65,0.0,10000,2.24,800,4.29,18.61,36.46,1,4.74,57.53,0.8,1.0,66.67,12,3,0.4424,Estabilizado,Operação Normal
2026-08-27T21:00:52.644292,607A-10,2139,1,SOCORRO,JD. APURÁ,3,18:00,5,12.0,5,20.0,25.65,25.65,0.0,10000,2.24,800,3.57,22.66,31.88,0,4.74,27.49,0.8,1.0,60.0,6,1,0.3506,Estabilizado,Operação Normal
2026-08-27T21:00:52.644292,6820-10,32787,2,TERM. CAPELINHA,JD. DAS ROSAS,3,18:00,5,12.0,5,20.0,25.65,25.65,0.0,10000,2.24,800,4.81,16.35,32.54,1,4.74,61.17,0.8,1.0,70.0,7,2,0.4598,Estabilizado,Operação Normal
2026-08-27T21:00:52.644292,2059-10,260,1,CPTM GUAIANASES,SÃO MIGUEL,3,18:00,6,10.0,6,20.0,25.65,25.65,0.0,10000,2.24,800,3.74,15.87,31.5,1,4.74,53.68,0.8,1.0,66.67,8,2,0.4327,Estabilizado,Operação Normal
2026-08-27T21:00:52.644292,6000-10,33908,2,TERM. STO. AMARO,TERM. PARELHEIROS,3,18:00,23,3.0,25,20.0,25.65,25.65,0.0,10000,2.24,800,3.61,19.13,33.77,0,4.74,27.77,0.8,1.0,65.22,30,7,0.3643,Estabilizado,Operação Normal
2026-08-27T21:00:52.644292,2552-10,142,1,TERM. PQ. D. PEDRO II,VL. MARA,3,18:00,8,7.5,8,20.0,25.65,25.65,0.0,10000,2.24,800,4.77,15.42,29.2,1,4.74,60.89,0.8,1.0,68.75,11,3,0.4559,Estabilizado,Operação Normal
2026-08-27T21:00:52.644292,8622-10,33206,2,PÇA. RAMOS DE AZEVEDO,MORRO DOCE,3,18:00,16,3.8,17,20.0,25.65,25.65,0.0,10000,2.24,800,5.8,17.28,43.19,0,4.74,43.1,0.8,1.0,68.75,22,6,0.4115,Estabilizado,Operação Normal
2026-08-27T21:00:52.644292,121G-10,691,1,METRÔ TUCURUVI,PQ. NOVO MUNDO,3,18:00,4,15.0,4,20.0,25.65,25.65,0.0,10000,2.24,800,4.8,13.9,26.42,0,4.74,36.1,0.8,1.0,62.5,5,1,0.3783,Estabilizado,Operação Normal
2026-08-27T21:00:52.644292,7903-10,512,1,PÇA. RAMOS DE AZEVEDO,JD. JOÃO XXIII/EDUC.,3,18:00,2,30.0,2,20.0,25.65,25.65,0.0,10000,2.24,800,5.66,15.21,32.01,0,4.74,42.12,0.8,0.667,75.0,3,1,0.458,Estabilizado,Operação Normal
2026-08-27T21:00:52.644292,4115-10,322,1,PÇA. DA REPÚBLICA,SHOP. PLAZA SUL,3,18:00,2,30.0,2,20.0,25.65,25.65,0.0,10000,2.24,800,3.59,16.93,32.3,1,4.74,52.63,0.8,0.667,75.0,3,1,0.4842,Estabilizado,Operação Normal
2026-08-27T21:00:52.644292,2733-10,33716,2,METRÔ ITAQUERA,PQ. GUARANI,3,18:00,8,7.5,8,20.0,25.65,25.65,0.0,10000,2.24,800,7.5,12.96,43.7,0,4.74,55.0,0.8,1.0,68.75,11,3,0.4412,Estabilizado,Operação Normal
2026-08-27T21:00:52.644292,1786-10,33417,2,METRÔ SANTANA,VL. ALBERTINA,3,18:00,6,10.0,6,20.0,25.65,25.65,0.0,10000,2.24,800,5.19,14.78,33.96,0,4.74,38.83,0.8,1.0,66.67,8,2,0.3956,Estabilizado,Operação Normal
2026-08-27T21:00:52.644292,118Y-10,841,1,LAPA,LAUZANE PAULISTA,3,18:00,9,6.7,9,20.0,25.65,25.65,0.0,10000,2.24,800,3.66,15.88,29.77,0,4.74,28.12,0.8,1.0,61.11,11,2,0.3549,Estabilizado,Operação Normal
2026-08-27T21:00:52.644292,857C-10,1901,1,METRÔ CONCEIÇÃO,TERM. CAMPO LIMPO,3,18:00,7,8.6,7,20.0,25.65,25.65,0.0,10000,2.24,800,7.04,13.02,37.4,1,4.74,76.78,0.8,1.0,71.43,10,3,0.5024,Estabilizado,Operação Normal
2026-08-27T21:00:52.644292,6007-10,32944,2,TERM. STO. AMARO,TERM. CAPELINHA,3,18:00,7,8.6,7,20.0,25.65,25.65,0.0,10000,2.24,800,4.05,16.94,31.19,0,4.74,30.85,0.8,1.0,64.29,9,2,0.3697,Estabilizado,Operação Normal
2026-08-27T21:00:52.644292,5370-10,34210,2,LGO. SÃO FRANCISCO,TERM. VARGINHA,3,18:00,10,6.0,11,20.0,25.65,25.65,0.0,10000,2.24,800,3.67,19.16,33.25,1,4.74,53.19,0.8,1.0,75.0,15,5,0.4523,Estabilizado,Operação Normal
2026-08-27T21:00:52.644292,172N-10,33432,2,METRÔ BELÉM,SHOP. CENTER NORTE,3,18:00,6,10.0,6,20.0,25.65,25.65,0.0,10000,2.24,800,3.21,18.84,30.35,0,4.74,24.97,0.8,1.0,58.33,7,1,0.3401,Estabilizado,Operação Normal
2026-08-27T21:00:52.644292,9002-10,870,1,TERM. CACHOEIRINHA,JD. PERY ALTO,3,18:00,4,15.0,4,20.0,25.65,25.65,0.0,10000,2.24,800,3.21,23.09,35.4,0,4.74,24.97,0.8,1.0,62.5,5,1,0.3505,Estabilizado,Operação Normal
2026-08-27T21:00:52.644292,4314-10,2174,1,TERM. PQ. D. PEDRO II,INÁCIO MONTEIRO,3,18:00,6,10.0,6,20.0,25.65,25.65,0.0,10000,2.24,800,4.19,18.62,33.06,1,4.74,56.83,0.8,1.0,66.67,8,2,0.4406,Estabilizado,Operação Normal
2026-08-27T21:00:52.644292,6806-10,32800,2,TERM. JOÃO DIAS,JD. NOVO ORIENTE,3,18:00,1,60.0,1,20.0,25.65,25.65,0.0,10000,2.24,800,8.9,4.71,19.68,0,4.74,64.8,0.8,0.333,100.0,2,1,0.6105,Risco,Monitorar Linha em Alerta
2026-08-27T21:00:52.644292,971D-10,709,1,SHOP. CENTER NORTE,JD. DAMASCENO,3,18:00,7,8.6,7,20.0,25.65,25.65,0.0,10000,2.24,800,4.56,16.83,30.24,0,4.74,34.42,0.8,1.0,64.29,9,2,0.3786,Estabilizado,Operação Normal
2026-08-27T21:00:52.644292,5038-10,1661,1,TERM. SACOMÃ,PQ. BRISTOL,3,18:00,7,8.6,7,20.0,25.65,25.65,0.0,10000,2.24,800,6.16,16.72,31.11,0,4.74,45.62,0.8,1.0,64.29,9,2,0.4066,Estabilizado,Operação Normal
2026-08-27T21:00:52.644292,3063-1,35394,2,TERM. SÃO MATEUS,GUAIANASES,3,18:00,8,7.5,8,20.0,25.65,25.65,0.0,10000,2.24,800,2.93,34.46,44.6,0,4.74,23.01,0.8,1.0,62.5,10,2,0.3456,Estabilizado,Operação Normal
2026-08-27T21:00:52.644292,775N-10,474,1,METRÔ VL. MADALENA,RIO PEQUENO,3,18:00,2,30.0,2,20.0,25.65,25.65,0.0,10000,2.24,800,1.59,21.6,29.49,0,4.74,13.63,0.8,0.667,75.0,3,1,0.3867,Estabilizado,Operação Normal
2026-08-27T21:00:52.644292,707A-10,1990,1,METRÔ PÇA. DA ÁRVORE,JD. ÂNGELA,3,18:00,8,7.5,8,20.0,25.65,25.65,0.0,10000,2.24,800,3.39,19.04,33.03,0,4.74,26.23,0.8,1.0,62.5,10,2,0.3537,Estabilizado,Operação Normal
2026-08-27T21:00:52.644292,9019-10,1433,1,TERM. PIRITUBA,JD. PAULISTANO,3,18:00,5,12.0,5,20.0,25.65,25.65,0.0,10000,2.24,800,4.74,18.39,32.03,0,4.74,35.68,0.8,1.0,70.0,7,2,0.3961,Estabilizado,Operação Normal
2026-08-27T21:00:52.644292,4019-10,2524,1,CIRCULAR,METRÔ ITAQUERA ,3,18:00,1,60.0,1,20.0,25.65,25.65,0.0,10000,2.24,800,5.26,19.58,32.09,0,4.74,39.32,0.8,0.333,100.0,2,1,0.5468,Estabilizado,Operação Normal
2026-08-27T21:00:52.644292,6041-10,33986,2,STO. AMARO,JD. JANGADEIRO,3,18:00,7,8.6,7,20.0,25.65,25.65,0.0,10000,2.24,800,3.55,19.41,33.63,1,4.74,52.35,0.8,1.0,64.29,9,2,0.4234,Estabilizado,Operação Normal
2026-08-27T21:00:52.644292,971M-10,33380,2,METRÔ SANTANA,VL. PENTEADO,3,18:00,10,6.0,11,20.0,25.65,25.65,0.0,10000,2.24,800,4.68,16.57,28.8,0,4.74,35.26,0.8,1.0,70.0,14,4,0.395,Estabilizado,Operação Normal
2026-08-27T21:00:52.644292,9191-10,810,1,BOM RETIRO,JD. ELISA MARIA,3,18:00,14,4.3,15,20.0,25.65,25.65,0.0,10000,2.24,800,3.77,17.38,35.26,0,4.74,28.89,0.8,1.0,64.29,18,4,0.3648,Estabilizado,Operação Normal
2026-08-27T21:00:52.644292,6836-10,13,1,TERM. JOÃO DIAS,CAPÃO REDONDO,3,18:00,4,15.0,4,20.0,25.65,25.65,0.0,10000,2.24,800,2.9,13.02,21.88,0,4.74,22.8,0.8,1.0,62.5,5,1,0.3451,Estabilizado,Operação Normal
2026-08-27T21:00:52.644292,6093-10,34353,2,TERM. GRAJAÚ,VARGEM GRANDE,3,18:00,4,15.0,4,20.0,25.65,25.65,0.0,10000,2.24,800,3.32,16.73,30.63,0,4.74,25.74,0.8,1.0,62.5,5,1,0.3524,Estabilizado,Operação Normal
2026-08-27T21:00:52.644292,3069-10,984,1,TERM. SÃO MATEUS,JD. RECANTO VERDE SOL,3,18:00,8,7.5,8,20.0,25.65,25.65,0.0,10000,2.24,800,5.07,18.27,33.59,0,4.74,37.99,0.8,1.0,62.5,10,2,0.3831,Estabilizado,Operação Normal
2026-08-27T21:00:52.644292,2727-10,33710,2,CONJ. A. E. CARVALHO,METRÔ ARTUR ALVIM,3,18:00,6,10.0,6,20.0,25.65,25.65,0.0,10000,2.24,800,4.33,20.04,33.97,1,4.74,57.81,0.8,1.0,66.67,8,2,0.4431,Estabilizado,Operação Normal
2026-08-27T21:00:52.644292,6053-10,33913,2,TERM. GRAJAÚ,JD. ELLUS,3,18:00,4,15.0,4,20.0,25.65,25.65,0.0,10000,2.24,800,7.69,16.82,41.62,0,4.74,56.33,0.8,1.0,75.0,6,2,0.4602,Estabilizado,Operação Normal
2026-08-27T21:00:52.644292,6044-10,33989,2,TERM. STO. AMARO,JD. D. JOSÉ,3,18:00,9,6.7,9,20.0,25.65,25.65,0.0,10000,2.24,800,4.1,18.38,28.31,1,4.74,56.2,0.8,1.0,66.67,12,3,0.439,Estabilizado,Operação Normal
2026-08-27T21:00:52.644292,3739-10,33807,2,METRÔ ITAQUERA,RECANTO VERDE SOL,3,18:00,10,6.0,11,20.0,25.65,25.65,0.0,10000,2.24,800,4.83,18.55,31.08,0,4.74,36.31,0.8,1.0,70.0,14,4,0.3976,Estabilizado,Operação Normal
2026-08-27T21:00:52.644292,746K-10,33555,2,CAMPO BELO,PARAISÓPOLIS,3,18:00,5,12.0,5,20.0,25.65,25.65,0.0,10000,2.24,800,2.1,26.56,30.85,0,4.74,17.2,0.8,1.0,60.0,6,1,0.3248,Estabilizado,Operação Normal
2026-08-27T21:00:52.644292,372U-10,33784,2,METRÔ TATUAPÉ,VL. STA. ISABEL,3,18:00,13,4.6,14,20.0,25.65,25.65,0.0,10000,2.24,800,3.36,19.48,31.49,0,4.74,26.02,0.8,1.0,65.38,17,4,0.3603,Estabilizado,Operação Normal
2026-08-27T21:00:52.644292,695T-1,35387,2,METRÔ VL. MARIANA,TERM. CAPELINHA,3,18:00,9,6.7,9,20.0,25.65,25.65,0.0,10000,2.24,800,4.88,15.95,32.82,0,4.74,36.66,0.8,1.0,61.11,11,2,0.3763,Estabilizado,Operação Normal
2026-08-27T21:00:52.644292,5318-10,32813,2,PÇA. DA SÉ,CHÁC. SANTANA,3,18:00,12,5.0,13,20.0,25.65,25.65,0.0,10000,2.24,800,3.83,18.02,28.12,1,4.74,54.31,0.8,1.0,70.83,17,5,0.4447,Estabilizado,Operação Normal
2026-08-27T21:00:52.644292,1726-10,34171,2,METRÔ SANTANA,CEM. PQ. DOS PINHEIROS,3,18:00,12,5.0,13,20.0,25.65,25.65,0.0,10000,2.24,800,3.72,13.26,27.34,0,4.74,28.54,0.8,1.0,66.67,16,4,0.3699,Estabilizado,Operação Normal
2026-08-27T21:00:52.644292,2755-10,33001,2,METRÔ PENHA,GUAIANASES,3,18:00,11,5.5,12,20.0,25.65,25.65,0.0,10000,2.24,800,3.12,16.15,26.92,1,4.74,49.34,0.8,1.0,72.73,16,5,0.437,Estabilizado,Operação Normal
2026-08-27T21:00:52.644292,3756-10,33818,2,METRÔ ITAQUERA ,BARRO BRANCO,3,18:00,6,10.0,6,20.0,25.65,25.65,0.0,10000,2.24,800,4.77,21.92,34.71,1,4.74,60.89,0.8,1.0,66.67,8,2,0.4507,Estabilizado,Operação Normal
2026-08-27T21:00:52.644292,695X-10,1441,1,METRÔ JABAQUARA,TERM. VARGINHA,3,18:00,9,6.7,9,20.0,25.65,25.65,0.0,10000,2.24,800,3.84,18.27,30.55,1,4.74,54.38,0.8,1.0,66.67,12,3,0.4345,Estabilizado,Operação Normal
2026-08-27T21:00:52.644292,407G-10,34964,2,METRÔ CARRÃO,JD. NOVA VITÓRIA,3,18:00,15,4.0,16,20.0,25.65,25.65,0.0,10000,2.24,800,4.72,22.48,39.56,0,4.74,35.54,0.8,1.0,66.67,20,5,0.3874,Estabilizado,Operação Normal
2026-08-27T21:00:52.644292,8400-10,1265,1,PÇA. RAMOS DE AZEVEDO,TERM. PIRITUBA,3,18:00,12,5.0,13,20.0,25.65,25.65,0.0,10000,2.24,800,3.06,20.77,33.74,0,4.74,23.92,0.8,1.0,62.5,15,3,0.3479,Estabilizado,Operação Normal
2026-08-27T21:00:52.644292,4027-10,1097,1,JD. STO. ANDRÉ,HOSP. SÃO MATEUS,3,18:00,14,4.3,15,20.0,25.65,25.65,0.0,10000,2.24,800,3.45,21.52,28.72,0,4.74,26.65,0.8,1.0,64.29,18,4,0.3592,Estabilizado,Operação Normal
2026-08-27T21:00:52.644292,9090-10,884,1,TERM. CASA VERDE,PQ. TIETÊ,3,18:00,3,20.0,3,20.0,25.65,25.65,0.0,10000,2.24,800,6.1,12.08,23.62,0,4.74,45.2,0.8,1.0,66.67,4,1,0.4115,Estabilizado,Operação Normal
2026-08-27T21:00:52.644292,6080-10,1168,1,SHOP. INTERLAGOS,JD. LUCÉLIA,3,18:00,6,10.0,6,20.0,25.65,25.65,0.0,10000,2.24,800,6.67,16.61,37.88,0,4.74,49.19,0.8,1.0,66.67,8,2,0.4215,Estabilizado,Operação Normal
2026-08-27T21:00:52.644292,746R-10,33558,2,STO. AMARO,REAL PQ.,3,18:00,8,7.5,8,20.0,25.65,25.65,0.0,10000,2.24,800,4.45,18.7,35.98,1,4.74,48.65,0.8,1.0,68.75,11,3,0.4254,Estabilizado,Operação Normal
2026-08-27T21:00:52.644292,6099-10,1587,1,DIVISA DE EMBU-GUAÇU,TERM. GRAJAÚ,3,18:00,5,12.0,5,20.0,25.65,25.65,0.0,10000,2.24,800,5.04,14.71,29.49,0,4.74,37.78,0.8,1.0,70.0,7,2,0.4013,Estabilizado,Operação Normal
2026-08-27T21:00:52.644292,6062-51,1739,1,TERM. STO. AMARO,JD. CASTRO ALVES,3,18:00,4,15.0,4,20.0,25.65,25.65,0.0,10000,2.24,800,2.94,21.88,32.01,0,4.74,23.08,0.8,1.0,62.5,5,1,0.3458,Estabilizado,Operação Normal
2026-08-27T21:00:52.644292,7012-10,2043,1,TERM. GUARAPIRANGA,PQ. DO LAGO,3,18:00,1,60.0,1,20.0,25.65,25.65,0.0,10000,2.24,800,6.03,17.91,37.5,0,4.74,44.71,0.8,0.333,100.0,2,1,0.5603,Estabilizado,Operação Normal
2026-08-27T21:00:52.644292,6200-10,33123,2,TERM. BANDEIRA,TERM. STO. AMARO,3,18:00,19,3.2,20,20.0,25.65,25.65,0.0,10000,2.24,800,4.94,17.87,37.74,1,4.74,62.08,0.8,1.0,71.05,27,8,0.4647,Estabilizado,Operação Normal
2026-08-27T21:00:52.644292,5110-10,34977,2,TERM. MERCADO,TERM. SÃO MATEUS,3,18:00,22,3.0,24,20.0,25.65,25.65,0.0,10000,2.24,800,3.6,22.05,32.7,1,4.74,52.7,0.8,1.0,70.45,31,9,0.4397,Estabilizado,Operação Normal
2026-08-27T21:00:52.644292,573A-10,34405,2,VL. ALPINA,METRÔ BRESSER,3,18:00,5,12.0,5,20.0,25.65,25.65,0.0,10000,2.24,800,5.92,13.25,27.77,1,4.74,68.94,0.8,1.0,70.0,7,2,0.4792,Estabilizado,Operação Normal
2026-08-27T21:00:52.644292,7004-10,1992,1,EST. STO. AMARO/GUIDO CALOI,TERM. JD. JACIRA,3,18:00,7,8.6,7,20.0,25.65,25.65,0.0,10000,2.24,800,3.06,15.33,26.35,0,4.74,23.92,0.8,1.0,64.29,9,2,0.3524,Estabilizado,Operação Normal
2026-08-27T21:00:52.644292,407E-10,34983,2,METRÔ CARRÃO,JD. STO. ANDRÉ,3,18:00,13,4.6,14,20.0,25.65,25.65,0.0,10000,2.24,800,4.69,23.96,42.97,0,4.74,35.33,0.8,1.0,65.38,17,4,0.3836,Estabilizado,Operação Normal
2026-08-27T21:00:52.644292,174M-10,33441,2,MUSEU DO IPIRANGA,VL. SABRINA,3,18:00,8,7.5,8,20.0,25.65,25.65,0.0,10000,2.24,800,4.41,17.04,29.82,1,4.74,58.37,0.8,1.0,68.75,11,3,0.4496,Estabilizado,Operação Normal
2026-08-27T21:00:52.644292,5144-10,34395,2,TERM. PRINC. ISABEL,TERM. SAPOPEMBA,3,18:00,8,7.5,8,20.0,25.65,25.65,0.0,10000,2.24,800,6.64,10.98,34.22,1,4.74,73.98,0.8,1.0,75.0,12,4,0.5043,Estabilizado,Operação Normal
2026-08-27T21:00:52.644292,775F-10,796,1,HOSP. DAS CLÍNICAS,JD. DAS PALMAS,3,18:00,14,4.3,15,20.0,25.65,25.65,0.0,10000,2.24,800,3.85,19.01,34.09,1,4.74,54.45,0.8,1.0,71.43,20,6,0.4466,Estabilizado,Operação Normal
2026-08-27T21:00:52.644292,6115-10,33953,2,TERM. GRAJAÚ,CANTINHO DO CÉU,3,18:00,7,8.6,7,20.0,25.65,25.65,0.0,10000,2.24,800,7.42,14.63,36.88,0,4.74,54.44,0.8,1.0,71.43,10,3,0.4465,Estabilizado,Operação Normal
2026-08-27T21:00:52.644292,6019-10,1490,1,JD. ALFREDO,TERM. GUARAPIRANGA,3,18:00,3,20.0,3,20.0,25.65,25.65,0.0,10000,2.24,800,4.13,18.94,29.26,0,4.74,31.41,0.8,1.0,66.67,4,1,0.377,Estabilizado,Operação Normal
2026-08-27T21:00:52.644292,576M-10,33372,2,PINHEIROS,VL. CLARA,3,18:00,9,6.7,9,20.0,25.65,25.65,0.0,10000,2.24,800,4.92,15.09,29.62,1,4.74,61.94,0.8,1.0,72.22,13,4,0.4672,Estabilizado,Operação Normal
2026-08-27T21:00:52.644292,6073-10,33928,2,TERM. VARGINHA,JD. STA. TEREZINHA,3,18:00,5,12.0,5,20.0,25.65,25.65,0.0,10000,2.24,800,3.0,22.5,45.0,0,4.74,23.5,0.8,1.0,60.0,6,1,0.3406,Estabilizado,Operação Normal
2026-08-27T21:00:52.644292,233C-10,155,1,CERET,TERM. A. E. CARVALHO,3,18:00,5,12.0,5,20.0,25.65,25.65,0.0,10000,2.24,800,3.04,21.01,31.79,1,4.74,48.78,0.8,1.0,70.0,7,2,0.4288,Estabilizado,Operação Normal
2026-08-27T21:00:52.644292,4012-10,34953,2,TERM. SÃO MATEUS,JD. IGUATEMI,3,18:00,9,6.7,9,20.0,25.65,25.65,0.0,10000,2.24,800,3.29,15.23,31.33,0,4.74,25.53,0.8,1.0,61.11,11,2,0.3484,Estabilizado,Operação Normal
2026-08-27T21:00:52.644292,364A-10,34014,2,SHOP. ARICANDUVA,HOSP. IPIRANGA,3,18:00,11,5.5,12,20.0,25.65,25.65,0.0,10000,2.24,800,4.84,17.2,32.0,1,4.74,61.38,0.8,1.0,72.73,16,5,0.4671,Estabilizado,Operação Normal
2026-08-27T21:00:52.644292,2028-10,35031,2,METRÔ TUCURUVI,VL. AYROSA,3,18:00,3,20.0,3,20.0,25.65,25.65,0.0,10000,2.24,800,5.92,9.27,29.88,1,4.74,68.94,0.8,1.0,83.33,5,2,0.5125,Estabilizado,Operação Normal
2026-08-27T21:00:52.644292,9166-10,33475,2,JD. STA. CRUZ,CACHOEIRINHA,3,18:00,1,60.0,1,20.0,25.65,25.65,0.0,10000,2.24,800,3.14,22.83,36.42,0,4.74,24.48,0.8,0.333,100.0,2,1,0.5098,Estabilizado,Operação Normal
2026-08-27T21:00:52.644292,875C-1,2510,1,METRÔ STA. CRUZ,TERM. LAPA,3,18:00,5,12.0,5,20.0,25.65,25.65,0.0,10000,2.24,800,7.01,8.84,23.82,0,4.74,51.57,0.8,1.0,70.0,7,2,0.4358,Estabilizado,Operação Normal
2026-08-27T21:00:52.644292,5791-10,33375,2,METRÔ VERGUEIRO,ELDORADO,3,18:00,16,3.8,17,20.0,25.65,25.65,0.0,10000,2.24,800,4.52,18.41,31.9,0,4.74,34.14,0.8,1.0,65.62,21,5,0.3812,Estabilizado,Operação Normal
2026-08-27T21:00:52.644292,971C-10,33339,2,METRÔ SANTANA,COHAB BRASILÂNDIA,3,18:00,10,6.0,11,20.0,25.65,25.65,0.0,10000,2.24,800,3.81,18.41,26.45,0,4.74,29.17,0.8,1.0,65.0,13,3,0.3673,Estabilizado,Operação Normal
2026-08-27T21:00:52.644292,2723-10,33705,2,METRÔ ITAQUERA,UNIÃO DE VL. NOVA,3,18:00,8,7.5,8,20.0,25.65,25.65,0.0,10000,2.24,800,4.57,19.09,36.78,1,4.74,59.49,0.8,1.0,68.75,11,3,0.4525,Estabilizado,Operação Normal
2026-08-27T21:00:52.644292,407L-10,2199,1,METRÔ GUILHERMINA/ESPERANÇA,BARRO BRANCO,3,18:00,9,6.7,9,20.0,25.65,25.65,0.0,10000,2.24,800,7.67,8.4,29.19,0,4.74,56.19,0.8,1.0,66.67,12,3,0.439,Estabilizado,Operação Normal
2026-08-27T21:00:52.644292,8025-10,2076,1,TERM. VL. SÔNIA,JD. ROSA MARIA,3,18:00,3,20.0,3,20.0,25.65,25.65,0.0,10000,2.24,800,3.14,11.59,23.25,0,4.74,24.48,0.8,1.0,66.67,4,1,0.3597,Estabilizado,Operação Normal
2026-08-27T21:00:52.644292,211L-10,35033,2,LAPA,MANDAQUI,3,18:00,4,15.0,4,20.0,25.65,25.65,0.0,10000,2.24,800,4.3,18.04,28.75,1,4.74,57.6,0.8,1.0,75.0,6,2,0.4634,Estabilizado,Operação Normal
2026-08-27T21:00:52.644292,8084-10,2607,1,CID. UNIVERSITÁRIA,METRÔ BUTANTÃ,3,18:00,2,30.0,2,20.0,25.65,25.65,0.0,10000,2.24,800,3.62,13.97,31.84,0,4.74,27.84,0.8,0.667,75.0,3,1,0.4222,Estabilizado,Operação Normal
2026-08-27T21:00:52.644292,2722-10,33703,2,METRÔ GUILHERMINA/ESPERANÇA,JD. VERONIA,3,18:00,7,8.6,7,20.0,25.65,25.65,0.0,10000,2.24,800,2.78,21.03,28.25,0,4.74,21.96,0.8,1.0,57.14,8,1,0.3296,Estabilizado,Operação Normal
2026-08-27T21:00:52.644292,5142-10,34394,2,TERM. PQ. D. PEDRO II,TERM. SAPOPEMBA,3,18:00,10,6.0,11,20.0,25.65,25.65,0.0,10000,2.24,800,4.08,19.62,33.22,1,4.74,56.06,0.8,1.0,75.0,15,5,0.4595,Estabilizado,Operação Normal
2026-08-27T21:00:52.644292,675G-10,106,1,METRÔ JABAQUARA,PQ. RES. COCAIA,3,18:00,9,6.7,9,20.0,25.65,25.65,0.0,10000,2.24,800,6.09,11.43,25.88,1,4.74,70.13,0.8,1.0,72.22,13,4,0.4877,Estabilizado,Operação Normal
2026-08-27T21:00:52.644292,407I-10,34990,2,METRÔ BRESSER,CONJ. MANOEL DA NÓBREGA,3,18:00,5,12.0,5,20.0,25.65,25.65,0.0,10000,2.24,800,6.04,19.7,38.69,1,4.74,69.78,0.8,1.0,70.0,7,2,0.4813,Estabilizado,Operação Normal
2026-08-27T21:00:52.644292,179X-10,33448,2,METRÔ BARRA FUNDA,JD. FONTÁLIS,3,18:00,10,6.0,11,20.0,25.65,25.65,0.0,10000,2.24,800,4.32,15.35,30.19,1,4.74,57.74,0.8,1.0,75.0,15,5,0.4637,Estabilizado,Operação Normal
2026-08-27T21:00:52.644292,477A-10,346,1,TERM. PINHEIROS,SACOMÃ,3,18:00,10,6.0,11,20.0,25.65,25.65,0.0,10000,2.24,800,5.37,13.73,31.92,1,4.74,65.09,0.8,1.0,75.0,15,5,0.4821,Estabilizado,Operação Normal
2026-08-27T21:00:52.644292,2021-10,906,1,CPTM GUAIANASES,JD. BANDEIRANTES,3,18:00,3,20.0,3,20.0,25.65,25.65,0.0,10000,2.24,800,5.66,15.93,36.66,0,4.74,42.12,0.8,1.0,66.67,4,1,0.4038,Estabilizado,Operação Normal
2026-08-27T21:00:52.644292,746V-10,33560,2,HOSP. CAMPO LIMPO,JD. REBOUÇAS,3,18:00,7,8.6,7,20.0,25.65,25.65,0.0,10000,2.24,800,5.88,15.64,30.43,1,4.74,68.66,0.8,1.0,71.43,10,3,0.4821,Estabilizado,Operação Normal
2026-08-27T21:00:52.644292,695H-10,1196,1,TERM. STO. AMARO,JD. HERPLIN,3,18:00,6,10.0,6,20.0,25.65,25.65,0.0,10000,2.24,800,2.97,14.41,24.84,0,4.74,23.29,0.8,1.0,58.33,7,1,0.3359,Estabilizado,Operação Normal
2026-08-27T21:00:52.644292,736G-10,780,1,SHOP. MORUMBI,JD. INGÁ,3,18:00,4,15.0,4,20.0,25.65,25.65,0.0,10000,2.24,800,6.03,14.58,35.67,0,4.74,44.71,0.8,1.0,62.5,5,1,0.3999,Estabilizado,Operação Normal
2026-08-27T21:00:52.644292,917M-10,34134,2,METRÔ ANA ROSA,MORRO GRANDE,3,18:00,4,15.0,4,20.0,25.65,25.65,0.0,10000,2.24,800,5.84,12.17,31.37,0,4.74,43.38,0.8,1.0,62.5,5,1,0.3966,Estabilizado,Operação Normal
2026-08-27T21:00:52.644292,8545-10,34132,2,METRÔ BARRA FUNDA,PENTEADO,3,18:00,6,10.0,6,20.0,25.65,25.65,0.0,10000,2.24,800,4.48,17.94,33.08,1,4.74,58.86,0.8,1.0,66.67,8,2,0.4457,Estabilizado,Operação Normal
2026-08-27T21:00:52.644292,172K-10,33625,2,METRÔ TATUAPÉ,JD. TREMEMBÉ,3,18:00,9,6.7,9,20.0,25.65,25.65,0.0,10000,2.24,800,4.17,16.06,29.77,0,4.74,31.69,0.8,1.0,61.11,11,2,0.3639,Estabilizado,Operação Normal
2026-08-27T21:00:52.644292,2006-10,895,1,CPTM ITAIM PAULISTA,CID. KEMEL I,3,18:00,9,6.7,9,20.0,25.65,25.65,0.0,10000,2.24,800,2.6,18.16,25.96,0,4.74,20.7,0.8,1.0,61.11,11,2,0.3364,Estabilizado,Operação Normal
2026-08-27T21:00:52.644292,4112-10,767,1,PÇA. DA REPÚBLICA,STA. MARGARIDA MARIA,3,18:00,3,20.0,3,20.0,25.65,25.65,0.0,10000,2.24,800,2.05,26.49,33.15,0,4.74,16.85,0.8,1.0,66.67,4,1,0.3407,Estabilizado,Operação Normal
2026-08-27T21:00:52.644292,6358-10,34062,2,TERM. BANDEIRA,JD. LUSO,3,18:00,19,3.2,20,20.0,25.65,25.65,0.0,10000,2.24,800,4.95,16.51,31.33,1,4.74,62.15,0.8,1.0,71.05,27,8,0.4648,Estabilizado,Operação Normal
2026-08-27T21:00:52.644292,129F-41,2305,1,PÇA. DO CORREIO,CONEXÃO PETRÔNIO PORTELA,3,18:00,1,60.0,1,20.0,25.65,25.65,0.0,10000,2.24,800,3.13,18.34,39.01,0,4.74,24.41,0.8,0.333,100.0,2,1,0.5096,Estabilizado,Operação Normal
2026-08-27T21:00:52.644292,2175-10,33465,2,TERM. PQ. D. PEDRO II,PQ. EDU CHAVES,3,18:00,4,15.0,4,20.0,25.65,25.65,0.0,10000,2.24,800,3.31,20.91,33.97,0,4.74,25.67,0.8,1.0,62.5,5,1,0.3523,Estabilizado,Operação Normal
2026-08-27T21:00:52.644292,3722-10,1020,1,METRÔ ITAQUERA,COHAB JOSÉ BONIFÁCIO,3,18:00,2,30.0,2,20.0,25.65,25.65,0.0,10000,2.24,800,3.49,24.46,34.62,1,4.74,51.93,0.8,0.667,75.0,3,1,0.4825,Estabilizado,Operação Normal
2026-08-27T21:00:52.644292,5142-10,1626,1,TERM. PQ. D. PEDRO II,TERM. SAPOPEMBA,3,18:00,7,8.6,7,20.0,25.65,25.65,0.0,10000,2.24,800,7.42,10.45,38.54,1,4.74,79.44,0.8,1.0,71.43,10,3,0.509,Estabilizado,Operação Normal
2026-08-27T21:00:52.644292,3773-10,1059,1,METRÔ CARRÃO,RES. STA. BÁRBARA,3,18:00,6,10.0,6,20.0,25.65,25.65,0.0,10000,2.24,800,5.94,17.61,36.2,0,4.74,44.08,0.8,1.0,66.67,8,2,0.4087,Estabilizado,Operação Normal
2026-08-27T21:00:52.644292,4313-10,34941,2,TERM. PQ. D. PEDRO II,TERM. CID. TIRADENTES,3,18:00,19,3.2,20,20.0,25.65,25.65,0.0,10000,2.24,800,5.27,19.52,35.72,1,4.74,64.39,0.8,1.0,71.05,27,8,0.4705,Estabilizado,Operação Normal
2026-08-27T21:00:52.644292,9014-10,1425,1,TERM. LAPA,MORRO GRANDE,3,18:00,5,12.0,5,20.0,25.65,25.65,0.0,10000,2.24,800,2.92,20.76,29.64,1,4.74,47.94,0.8,1.0,70.0,7,2,0.4267,Estabilizado,Operação Normal
2026-08-27T21:00:52.644292,5154-10,353,1,TERM. PRINC. ISABEL,TERM. STO. AMARO,3,18:00,7,8.6,7,20.0,25.65,25.65,0.0,10000,2.24,800,4.81,16.73,34.12,1,4.74,61.17,0.8,1.0,71.43,10,3,0.4634,Estabilizado,Operação Normal
2026-08-27T21:00:52.644292,273N-10,33158,2,METRÔ VL. MATILDE,CID. KEMEL II,3,18:00,6,10.0,6,20.0,25.65,25.65,0.0,10000,2.24,800,4.07,18.88,31.21,0,4.74,30.99,0.8,1.0,66.67,8,2,0.376,Estabilizado,Operação Normal
2026-08-27T21:00:52.644292,4036-10,2561,1,TERM. VL. CARRÃO,METRÔ ITAQUERA,3,18:00,2,30.0,2,20.0,25.65,25.65,0.0,10000,2.24,800,4.36,16.26,34.67,0,4.74,33.02,0.8,0.667,75.0,3,1,0.4352,Estabilizado,Operação Normal
2026-08-27T21:00:52.644292,573T-10,34400,2,METRÔ CARRÃO,TERM. SAPOPEMBA,3,18:00,7,8.6,7,20.0,25.65,25.65,0.0,10000,2.24,800,3.88,18.87,28.47,0,4.74,29.66,0.8,1.0,64.29,9,2,0.3667,Estabilizado,Operação Normal
2026-08-27T21:00:52.644292,4003-10,2159,1,E.T. ITAQUERA,INÁCIO MONTEIRO,3,18:00,4,15.0,4,20.0,25.65,25.65,0.0,10000,2.24,800,3.15,32.41,39.63,1,4.74,49.55,0.8,1.0,75.0,6,2,0.4432,Estabilizado,Operação Normal
2026-08-27T21:00:52.644292,172P-10,33626,2,METRÔ BELÉM,VL. ZILDA,3,18:00,12,5.0,13,20.0,25.65,25.65,0.0,10000,2.24,800,2.14,13.58,25.88,0,4.74,17.48,0.8,1.0,62.5,15,3,0.3318,Estabilizado,Operação Normal
2026-08-27T21:00:52.644292,2626-10,376,1,TERM. PQ. D. PEDRO II,JD. NAZARÉ,3,18:00,6,10.0,6,20.0,25.65,25.65,0.0,10000,2.24,800,3.73,20.11,31.75,1,4.74,53.61,0.8,1.0,66.67,8,2,0.4325,Estabilizado,Operação Normal
2026-08-27T21:00:52.644292,6041-10,1218,1,STO. AMARO,JD. JANGADEIRO,3,18:00,5,12.0,5,20.0,25.65,25.65,0.0,10000,2.24,800,5.89,10.98,27.03,1,4.74,68.73,0.8,1.0,70.0,7,2,0.4787,Estabilizado,Operação Normal
2026-08-27T21:00:52.644292,5652-10,33042,2,PÇA. DA SÉ,JD. IV CENTENÁRIO,3,18:00,7,8.6,7,20.0,25.65,25.65,0.0,10000,2.24,800,4.17,14.04,28.36,1,4.74,56.69,0.8,1.0,71.43,10,3,0.4522,Estabilizado,Operação Normal
2026-08-27T21:00:52.644292,1765-10,1782,1,METRÔ TUCURUVI,JD. CABUÇU,3,18:00,4,15.0,4,20.0,25.65,25.65,0.0,10000,2.24,800,1.84,20.58,28.79,0,4.74,15.38,0.8,1.0,62.5,5,1,0.3266,Estabilizado,Operação Normal
2026-08-27T21:00:52.644292,917H-10,456,1,METRÔ VL. MARIANA,TERM. PIRITUBA,3,18:00,16,3.8,17,20.0,25.65,25.65,0.0,10000,2.24,800,5.3,13.76,31.66,0,4.74,39.6,0.8,1.0,65.62,21,5,0.3949,Estabilizado,Operação Normal
2026-08-27T21:00:52.644292,647A-10,1315,1,PINHEIROS,VALO VELHO,3,18:00,6,10.0,6,20.0,25.65,25.65,0.0,10000,2.24,800,5.83,16.74,37.07,1,4.74,68.31,0.8,1.0,75.0,9,3,0.4901,Estabilizado,Operação Normal
2026-08-27T21:00:52.644292,7725-10,33240,2,TERM. LAPA,RIO PEQUENO,3,18:00,1,60.0,1,20.0,25.65,25.65,0.0,10000,2.24,800,2.01,23.06,29.81,0,4.74,16.57,0.8,0.333,100.0,2,1,0.49,Estabilizado,Operação Normal
2026-08-27T21:00:52.644292,9181-10,885,1,LAPA,VL. TEREZINHA,3,18:00,11,5.5,12,20.0,25.65,25.65,0.0,10000,2.24,800,4.07,19.04,29.71,1,4.74,55.99,0.8,1.0,72.73,16,5,0.4536,Estabilizado,Operação Normal
2026-08-27T21:00:52.644292,9004-10,33639,2,TERM. CACHOEIRINHA,JD. ELISA MARIA,3,18:00,12,5.0,13,20.0,25.65,25.65,0.0,10000,2.24,800,2.93,18.01,30.76,0,4.74,23.01,0.8,1.0,62.5,15,3,0.3456,Estabilizado,Operação Normal
2026-08-27T21:00:52.644292,514T-10,34439,2,CONJ. TEOTÔNIO VILELA,TERM. SACOMÃ,3,18:00,10,6.0,11,20.0,25.65,25.65,0.0,10000,2.24,800,6.68,14.24,33.36,1,4.74,74.26,0.8,1.0,80.0,16,6,0.5175,Estabilizado,Operação Normal
2026-08-27T21:00:52.644292,475R-10,344,1,TERM. PQ. D. PEDRO II,JD. SÃO SAVÉRIO,3,18:00,10,6.0,11,20.0,25.65,25.65,0.0,10000,2.24,800,4.54,15.42,30.58,1,4.74,59.28,0.8,1.0,75.0,15,5,0.4676,Estabilizado,Operação Normal
2026-08-27T21:00:52.644292,847P-10,33191,2,VL. OLÍMPIA,TERM. PIRITUBA,3,18:00,14,4.3,15,20.0,25.65,25.65,0.0,10000,2.24,800,6.02,11.12,27.67,0,4.74,44.64,0.8,1.0,67.86,19,5,0.4131,Estabilizado,Operação Normal
2026-08-27T21:00:52.644292,675G-41,34562,2,METRÔ JABAQUARA,JD. CASTRO ALVES,3,18:00,1,60.0,1,20.0,25.65,25.65,0.0,10000,2.24,800,6.47,10.91,35.42,0,4.74,47.79,0.8,0.333,100.0,2,1,0.568,Estabilizado,Operação Normal
2026-08-27T21:00:52.644292,6813-10,33,1,TERM. CAPELINHA,JD. LÍDIA,3,18:00,1,60.0,1,20.0,25.65,25.65,0.0,10000,2.24,800,3.18,17.94,33.43,0,4.74,24.76,0.8,0.333,100.0,2,1,0.5104,Estabilizado,Operação Normal
2026-08-27T21:00:52.644292,4017-10,2190,1,VL. YOLANDA,METALÚRGICOS,3,18:00,5,12.0,5,20.0,25.65,25.65,0.0,10000,2.24,800,3.0,22.5,45.0,0,4.74,23.5,0.8,1.0,60.0,6,1,0.3406,Estabilizado,Operação Normal
2026-08-27T21:00:52.644292,5011-10,1115,1,STO. AMARO,ELDORADO,3,18:00,4,15.0,4,20.0,25.65,25.65,0.0,10000,2.24,800,6.49,10.97,23.92,0,4.74,47.93,0.8,1.0,75.0,6,2,0.4392,Estabilizado,Operação Normal
2026-08-27T21:00:52.644292,1156-10,33427,2,PÇA. DO CORREIO,VL. SABRINA,3,18:00,8,7.5,8,20.0,25.65,25.65,0.0,10000,2.24,800,4.31,22.5,38.85,0,4.74,32.67,0.8,1.0,62.5,10,2,0.3698,Estabilizado,Operação Normal
2026-08-27T21:00:52.644292,7050-10,34652,2,TERM. CAMPO LIMPO,JD. DAS ROSAS,3,18:00,6,10.0,6,20.0,25.65,25.65,0.0,10000,2.24,800,3.15,20.52,28.84,1,4.74,49.55,0.8,1.0,66.67,8,2,0.4224,Estabilizado,Operação Normal
2026-08-27T21:00:52.644292,4735-10,1110,1,JD. VERA CRUZ,SÃO MATEUS  ,3,18:00,1,60.0,1,20.0,25.65,25.65,0.0,10000,2.24,800,4.07,17.78,33.05,0,4.74,30.99,0.8,0.333,100.0,2,1,0.526,Estabilizado,Operação Normal
2026-08-27T21:00:52.644292,3063-1,2626,1,TERM. SÃO MATEUS,GUAIANASES,3,18:00,5,12.0,5,20.0,25.65,25.65,0.0,10000,2.24,800,3.56,20.53,30.34,1,4.74,52.42,0.8,1.0,70.0,7,2,0.4379,Estabilizado,Operação Normal
2026-08-27T21:00:52.644292,6083-10,34501,2,TERM. GRAJAÚ,JD. ELIANA,3,18:00,4,15.0,4,20.0,25.65,25.65,0.0,10000,2.24,800,7.91,16.3,40.95,0,4.74,57.87,0.8,1.0,75.0,6,2,0.464,Estabilizado,Operação Normal
2026-08-27T21:00:52.644292,5759-31,1139,1,METRÔ CONCEIÇÃO,PQ. PRIMAVERA,3,18:00,3,20.0,3,20.0,25.65,25.65,0.0,10000,2.24,800,5.65,15.59,30.26,0,4.74,42.05,0.8,1.0,66.67,4,1,0.4037,Estabilizado,Operação Normal
2026-08-27T21:00:52.644292,675K-10,32966,2,METRÔ STA. CRUZ,TERM. JD. ÂNGELA,3,18:00,22,3.0,24,20.0,25.65,25.65,0.0,10000,2.24,800,4.52,16.14,30.94,0,4.74,34.14,0.8,1.0,65.91,29,7,0.382,Estabilizado,Operação Normal
2026-08-27T21:00:52.644292,1722-10,33632,2,METRÔ TUCURUVI,JD. MARINA,3,18:00,8,7.5,8,20.0,25.65,25.65,0.0,10000,2.24,800,4.82,17.76,28.48,1,4.74,61.24,0.8,1.0,68.75,11,3,0.4568,Estabilizado,Operação Normal
2026-08-27T21:00:52.644292,5108-10,34443,2,TERM. PQ. D. PEDRO II,JD. CELESTE,3,18:00,10,6.0,11,20.0,25.65,25.65,0.0,10000,2.24,800,3.59,19.55,28.53,1,4.74,52.63,0.8,1.0,75.0,15,5,0.4509,Estabilizado,Operação Normal
2026-08-27T21:00:52.644292,1720-10,863,1,CANTAREIRA,JD. GUANCÃ,3,18:00,7,8.6,7,20.0,25.65,25.65,0.0,10000,2.24,800,4.09,13.78,27.87,0,4.74,31.13,0.8,1.0,64.29,9,2,0.3704,Estabilizado,Operação Normal
2026-08-27T21:00:52.644292,1702-10,846,1,TIETÊ,JOVA RURAL,3,18:00,9,6.7,9,20.0,25.65,25.65,0.0,10000,2.24,800,5.0,16.91,31.16,1,4.74,62.5,0.8,1.0,72.22,13,4,0.4687,Estabilizado,Operação Normal
2026-08-27T21:00:52.644292,8199-10,33575,2,CEM. VL. NOVA CACHOEIRINHA,PIRITUBA,3,18:00,12,5.0,13,20.0,25.65,25.65,0.0,10000,2.24,800,3.17,11.58,23.52,1,4.74,49.69,0.8,1.0,70.83,17,5,0.4331,Estabilizado,Operação Normal
2026-08-27T21:00:52.644292,809P-10,1891,1,TERM. PINHEIROS,TERM. CAMPO LIMPO,3,18:00,6,10.0,6,20.0,25.65,25.65,0.0,10000,2.24,800,4.77,17.75,28.3,1,4.74,60.89,0.8,1.0,66.67,8,2,0.4507,Estabilizado,Operação Normal
2026-08-27T21:00:52.644292,2010-10,2104,1,SHOP. D,PQ. EDU CHAVES,3,18:00,4,15.0,4,20.0,25.65,25.65,0.0,10000,2.24,800,3.74,16.41,31.55,0,4.74,28.68,0.8,1.0,62.5,5,1,0.3598,Estabilizado,Operação Normal
2026-08-27T21:00:52.644292,314J-10,310,1,PÇA. ALMEIDA JR.,PQ. STA. MADALENA,3,18:00,3,20.0,3,20.0,25.65,25.65,0.0,10000,2.24,800,3.73,20.04,33.76,1,4.74,53.61,0.8,1.0,66.67,4,1,0.4325,Estabilizado,Operação Normal
2026-08-27T21:00:52.644292,129F-41,35073,2,PÇA. DO CORREIO,CONEXÃO PETRÔNIO PORTELA,3,18:00,2,30.0,2,20.0,25.65,25.65,0.0,10000,2.24,800,3.61,15.71,29.44,0,4.74,27.77,0.8,0.667,75.0,3,1,0.4221,Estabilizado,Operação Normal
2026-08-27T21:00:52.644292,4726-10,34448,2,METRÔ TATUAPÉ,MOOCA,3,18:00,8,7.5,8,20.0,25.65,25.65,0.0,10000,2.24,800,3.14,22.4,30.79,0,4.74,24.48,0.8,1.0,62.5,10,2,0.3493,Estabilizado,Operação Normal
2026-08-27T21:00:52.644292,4732-31,34895,2,METRÔ SAÚDE,VL. LIVIERO,3,18:00,10,6.0,11,20.0,25.65,25.65,0.0,10000,2.24,800,4.62,17.61,28.74,1,4.74,59.84,0.8,1.0,75.0,15,5,0.4689,Estabilizado,Operação Normal
2026-08-27T21:00:52.644292,5119-23,34893,2,INSTITUTO LUCY MONTORO,TERM. JOÃO DIAS,3,18:00,1,60.0,1,20.0,25.65,25.65,0.0,10000,2.24,800,3.47,34.7,46.39,0,4.74,26.79,0.8,0.333,100.0,2,1,0.5155,Estabilizado,Operação Normal
2026-08-27T21:00:52.644292,3736-10,1036,1,METRÔ ARTUR ALVIM,JD. NSA. SRA. DO CARMO,3,18:00,6,10.0,6,20.0,25.65,25.65,0.0,10000,2.24,800,5.84,16.53,31.81,0,4.74,43.38,0.8,1.0,66.67,8,2,0.407,Estabilizado,Operação Normal
2026-08-27T21:00:52.644292,6015-10,33973,2,JD. ÂNGELA,VL. CALÚ,3,18:00,4,15.0,4,20.0,25.65,25.65,0.0,10000,2.24,800,4.37,18.91,31.7,0,4.74,33.09,0.8,1.0,62.5,5,1,0.3708,Estabilizado,Operação Normal
2026-08-27T21:00:52.644292,675X-10,111,1,AACD-SERVIDOR,TERM. GRAJAÚ,3,18:00,5,12.0,5,20.0,25.65,25.65,0.0,10000,2.24,800,3.45,16.35,33.74,0,4.74,26.65,0.8,1.0,60.0,6,1,0.3485,Estabilizado,Operação Normal
2026-08-27T21:00:52.644292,3390-10,33506,2,TERM. PQ. D. PEDRO II,SÃO MATEUS,3,18:00,13,4.6,14,20.0,25.65,25.65,0.0,10000,2.24,800,3.91,14.54,29.68,1,4.74,54.87,0.8,1.0,73.08,19,6,0.4517,Estabilizado,Operação Normal
2026-08-27T21:00:52.644292,1705-10,849,1,METRÔ TUCURUVI,JD. SÃO JOÃO,3,18:00,7,8.6,7,20.0,25.65,25.65,0.0,10000,2.24,800,4.43,15.94,26.54,0,4.74,33.51,0.8,1.0,64.29,9,2,0.3763,Estabilizado,Operação Normal
2026-08-27T21:00:52.644292,263C-10,252,1,COHAB II,JD. HELENA,3,18:00,6,10.0,6,20.0,25.65,25.65,0.0,10000,2.24,800,3.11,22.1,29.96,1,4.74,49.27,0.8,1.0,66.67,8,2,0.4217,Estabilizado,Operação Normal
2026-08-27T21:00:52.644292,6049-10,34077,2,STO. AMARO,VALO VELHO,3,18:00,8,7.5,8,20.0,25.65,25.65,0.0,10000,2.24,800,5.51,15.38,28.04,0,4.74,41.07,0.8,1.0,62.5,10,2,0.3908,Estabilizado,Operação Normal
2026-08-27T21:00:52.644292,809N-10,35012,2,LAPA,VL. DALVA,3,18:00,3,20.0,3,20.0,25.65,25.65,0.0,10000,2.24,800,3.54,19.98,29.47,0,4.74,27.28,0.8,1.0,66.67,4,1,0.3667,Estabilizado,Operação Normal
2026-08-27T21:00:52.644292,1705-10,33617,2,METRÔ TUCURUVI,JD. SÃO JOÃO,3,18:00,8,7.5,8,20.0,25.65,25.65,0.0,10000,2.24,800,6.79,10.4,26.02,0,4.74,50.03,0.8,1.0,68.75,11,3,0.4288,Estabilizado,Operação Normal
2026-08-27T21:00:52.644292,8610-10,34831,2,TERM. BANDEIRA,JD. PAULO VI,3,18:00,9,6.7,9,20.0,25.65,25.65,0.0,10000,2.24,800,7.4,9.92,36.24,0,4.74,54.3,0.8,1.0,66.67,12,3,0.4343,Estabilizado,Operação Normal
2026-08-27T21:00:52.644292,6063-42,34770,2,TERM. EST. VARGINHA,CHÁC. STO. AMARO,3,18:00,4,15.0,4,20.0,25.65,25.65,0.0,10000,2.24,800,3.0,29.45,27.52,0,4.74,23.5,0.8,1.0,62.5,5,1,0.3468,Estabilizado,Operação Normal
2026-08-27T21:00:52.644292,106A-10,33284,2,ITAIM BIBI,METRÔ SANTANA,3,18:00,18,3.3,19,20.0,25.65,25.65,0.0,10000,2.24,800,5.06,15.11,30.56,1,4.74,62.92,0.8,1.0,72.22,26,8,0.4697,Estabilizado,Operação Normal
2026-08-27T21:00:52.644292,307C-10,2114,1,METRÔ ARTUR ALVIM,CONJ. ENCOSTA NORTE,3,18:00,7,8.6,7,20.0,25.65,25.65,0.0,10000,2.24,800,2.91,21.42,29.86,1,4.74,47.87,0.8,1.0,64.29,9,2,0.4123,Estabilizado,Operação Normal
2026-08-27T21:00:52.644292,574R-10,34391,2,METRÔ BELÉM,TERM. SAPOPEMBA,3,18:00,8,7.5,8,20.0,25.65,25.65,0.0,10000,2.24,800,3.43,21.49,32.05,0,4.74,26.51,0.8,1.0,62.5,10,2,0.3544,Estabilizado,Operação Normal
2026-08-27T21:00:52.644292,5036-10,1666,1,TERM. SACOMÃ,JD. CELESTE,3,18:00,3,20.0,3,20.0,25.65,25.65,0.0,10000,2.24,800,6.13,16.57,30.66,1,4.74,70.41,0.8,1.0,83.33,5,2,0.5162,Estabilizado,Operação Normal
2026-08-27T21:00:52.644292,1012-10,35254,2,JD. MONTE BELO,TERM. JD. BRITANIA,3,18:00,5,12.0,5,20.0,25.65,25.65,0.0,10000,2.24,800,7.31,34.94,88.95,0,4.74,53.67,0.8,1.0,70.0,7,2,0.441,Estabilizado,Operação Normal
2026-08-27T21:00:52.644292,9501-10,33230,2,LGO. DO PAISSANDÚ,TERM. CACHOEIRINHA,3,18:00,11,5.5,12,20.0,25.65,25.65,0.0,10000,2.24,800,3.29,15.66,30.05,1,4.74,50.53,0.8,1.0,72.73,16,5,0.44,Estabilizado,Operação Normal
2026-08-27T21:00:52.644292,4018-10,2191,1,TERM. SÃO MATEUS,METALÚRGICOS,3,18:00,9,6.7,9,20.0,25.65,25.65,0.0,10000,2.24,800,3.35,22.66,40.98,0,4.74,25.95,0.8,1.0,61.11,11,2,0.3495,Estabilizado,Operação Normal
2026-08-27T21:00:52.644292,6820-31,34174,2,TERM. CAPELINHA,JD. DAS ROSAS,3,18:00,3,20.0,3,20.0,25.65,25.65,0.0,10000,2.24,800,6.1,10.5,33.26,0,4.74,45.2,0.8,1.0,66.67,4,1,0.4115,Estabilizado,Operação Normal
2026-08-27T21:00:52.644292,3001-10,34418,2,TERM. SÃO MIGUEL,ITAIM PAULISTA,3,18:00,5,12.0,5,20.0,25.65,25.65,0.0,10000,2.24,800,4.61,20.07,37.41,0,4.74,34.77,0.8,1.0,60.0,6,1,0.3688,Estabilizado,Operação Normal
2026-08-27T21:00:52.644292,775F-31,35256,2,PQ. DO POVO,JD. DAS PALMAS,3,18:00,6,10.0,6,20.0,25.65,25.65,0.0,10000,2.24,800,4.62,14.58,36.95,1,4.74,59.84,0.8,1.0,66.67,8,2,0.4481,Estabilizado,Operação Normal
2026-08-27T21:00:52.644292,6455-10,32831,2,LGO. SÃO FRANCISCO,TERM. CAPELINHA,3,18:00,5,12.0,5,20.0,25.65,25.65,0.0,10000,2.24,800,4.92,15.21,29.74,1,4.74,61.94,0.8,1.0,70.0,7,2,0.4617,Estabilizado,Operação Normal
2026-08-27T21:00:52.644292,4024-10,34926,2,E.T. ITAQUERA,COHAB FAZENDA DO CARMO,3,18:00,4,15.0,4,20.0,25.65,25.65,0.0,10000,2.24,800,6.05,9.74,25.23,1,4.74,69.85,0.8,1.0,75.0,6,2,0.494,Estabilizado,Operação Normal
2026-08-27T21:00:52.644292,2626-10,33144,2,TERM. PQ. D. PEDRO II,JD. NAZARÉ,3,18:00,10,6.0,11,20.0,25.65,25.65,0.0,10000,2.24,800,4.15,15.72,30.83,1,4.74,56.55,0.8,1.0,75.0,15,5,0.4607,Estabilizado,Operação Normal
2026-08-27T21:00:52.644292,7062-10,1898,1,TERM. CAMPO LIMPO,INOCOOP CAMPO LIMPO,3,18:00,1,60.0,1,20.0,25.65,25.65,0.0,10000,2.24,800,7.03,12.89,27.84,0,4.74,51.71,0.8,0.333,100.0,2,1,0.5778,Estabilizado,Operação Normal
2026-08-27T21:00:52.644292,2732-10,33715,2,VL. REGINA,METRÔ ARTUR ALVIM,3,18:00,4,15.0,4,20.0,25.65,25.65,0.0,10000,2.24,800,2.31,25.37,32.43,1,4.74,43.67,0.8,1.0,62.5,5,1,0.3973,Estabilizado,Operação Normal
2026-08-27T21:00:52.644292,807P-10,34867,2,STO. AMARO,PARAISÓPOLIS,3,18:00,6,10.0,6,20.0,25.65,25.65,0.0,10000,2.24,800,3.14,24.75,34.27,0,4.74,24.48,0.8,1.0,58.33,7,1,0.3389,Estabilizado,Operação Normal
2026-08-27T21:00:52.644292,7411-10,34144,2,PÇA. DA SÉ,CID. UNIVERSITÁRIA,3,18:00,3,20.0,3,20.0,25.65,25.65,0.0,10000,2.24,800,5.91,11.16,30.99,0,4.74,43.87,0.8,1.0,66.67,4,1,0.4082,Estabilizado,Operação Normal
2026-08-27T21:00:52.644292,3736-10,33804,2,METRÔ ARTUR ALVIM,JD. NSA. SRA. DO CARMO,3,18:00,10,6.0,11,20.0,25.65,25.65,0.0,10000,2.24,800,7.51,11.68,28.79,1,4.74,80.07,0.8,1.0,80.0,16,6,0.532,Estabilizado,Operação Normal
2026-08-27T21:00:52.644292,5015-10,33887,2,METRÔ JABAQUARA,JD. SÃO JORGE,3,18:00,6,10.0,6,20.0,25.65,25.65,0.0,10000,2.24,800,5.05,16.4,30.36,0,4.74,37.85,0.8,1.0,66.67,8,2,0.3931,Estabilizado,Operação Normal
2026-08-27T21:00:52.644292,2034-10,2623,1,CENTRO TEA,METRÔ TIETÊ,3,18:00,1,60.0,1,20.0,25.65,25.65,0.0,10000,2.24,800,3.18,27.96,40.89,0,4.74,24.76,0.8,0.333,100.0,2,1,0.5104,Estabilizado,Operação Normal
2026-08-27T21:00:52.644292,4114-10,33089,2,TERM. PQ. D. PEDRO II,JD. DA SAÚDE,3,18:00,3,20.0,3,20.0,25.65,25.65,0.0,10000,2.24,800,3.2,11.79,25.46,1,4.74,49.9,0.8,1.0,66.67,4,1,0.4233,Estabilizado,Operação Normal
2026-08-27T21:00:52.644292,695X-22,1621,1,SHOP. INTERLAGOS,TERM. VARGINHA,3,18:00,4,15.0,4,20.0,25.65,25.65,0.0,10000,2.24,800,3.67,18.07,28.19,0,4.74,28.19,0.8,1.0,62.5,5,1,0.3586,Estabilizado,Operação Normal
2026-08-27T21:00:52.644292,372U-10,1016,1,METRÔ TATUAPÉ,VL. STA. ISABEL,3,18:00,9,6.7,9,20.0,25.65,25.65,0.0,10000,2.24,800,3.25,16.25,26.85,0,4.74,25.25,0.8,1.0,61.11,11,2,0.3478,Estabilizado,Operação Normal
2026-08-27T21:00:52.644292,3063-10,253,1,TERM. SÃO MATEUS,GUAIANASES,3,18:00,5,12.0,5,20.0,25.65,25.65,0.0,10000,2.24,800,2.41,17.8,27.47,0,4.74,19.37,0.8,1.0,60.0,6,1,0.3303,Estabilizado,Operação Normal
2026-08-27T21:00:52.644292,7006-51,1997,1,METRÔ CAPÃO REDONDO,JD. HORIZONTE AZUL,3,18:00,4,15.0,4,20.0,25.65,25.65,0.0,10000,2.24,800,5.08,13.01,36.33,0,4.74,38.06,0.8,1.0,62.5,5,1,0.3832,Estabilizado,Operação Normal
2026-08-27T21:00:52.644292,8072-10,2079,1,METRÔ MORUMBI,HORTO DO YPÊ,3,18:00,5,12.0,5,20.0,25.65,25.65,0.0,10000,2.24,800,3.86,26.42,41.1,1,4.74,54.52,0.8,1.0,70.0,7,2,0.4431,Estabilizado,Operação Normal
2026-08-27T21:00:52.644292,2707-10,919,1,METRÔ ITAQUERA,CHABILÂNDIA,3,18:00,8,7.5,8,20.0,25.65,25.65,0.0,10000,2.24,800,3.73,20.62,30.47,1,4.74,53.61,0.8,1.0,68.75,11,3,0.4377,Estabilizado,Operação Normal
2026-08-27T21:00:52.644292,407G-10,2196,1,METRÔ CARRÃO,JD. NOVA VITÓRIA,3,18:00,9,6.7,9,20.0,25.65,25.65,0.0,10000,2.24,800,4.74,16.12,33.25,0,4.74,35.68,0.8,1.0,61.11,11,2,0.3738,Estabilizado,Operação Normal
2026-08-27T21:00:52.644292,1020-10,2497,1,CONEXÃO VL. IÓRIO ,PERUS,3,18:00,5,12.0,5,20.0,25.65,25.65,0.0,10000,2.24,800,3.11,22.05,32.16,1,4.74,49.27,0.8,1.0,70.0,7,2,0.43,Estabilizado,Operação Normal
2026-08-27T21:00:52.644292,8700-10,1877,1,PÇA. RAMOS DE AZEVEDO,TERM. CAMPO LIMPO,3,18:00,9,6.7,9,20.0,25.65,25.65,0.0,10000,2.24,800,5.11,13.3,31.81,1,4.74,63.27,0.8,1.0,72.22,13,4,0.4706,Estabilizado,Operação Normal
2026-08-27T21:00:52.644292,5632-10,32849,2,LGO. SÃO FRANCISCO,VL. SÃO JOSÉ,3,18:00,7,8.6,7,20.0,25.65,25.65,0.0,10000,2.24,800,5.19,15.09,29.91,1,4.74,63.83,0.8,1.0,71.43,10,3,0.47,Estabilizado,Operação Normal
2026-08-27T21:00:52.644292,2008-10,33665,2,CPTM ITAIM PAULISTA,JD. NSA. SRA. DO CAMINHO,3,18:00,6,10.0,6,20.0,25.65,25.65,0.0,10000,2.24,800,5.81,15.48,30.21,0,4.74,43.17,0.8,1.0,66.67,8,2,0.4065,Estabilizado,Operação Normal
2026-08-27T21:00:52.644292,6013-10,186,1,TERM. STO. AMARO,JD. NAKAMURA,3,18:00,5,12.0,5,20.0,25.65,25.65,0.0,10000,2.24,800,3.61,22.52,30.82,0,4.74,27.77,0.8,1.0,60.0,6,1,0.3513,Estabilizado,Operação Normal
2026-08-27T21:00:52.644292,958P-10,465,1,VL. OLÍMPIA,JD. NARDINI,3,18:00,4,15.0,4,20.0,25.65,25.65,0.0,10000,2.24,800,7.09,13.66,34.21,0,4.74,52.13,0.8,1.0,75.0,6,2,0.4497,Estabilizado,Operação Normal
2026-08-27T21:00:52.644292,5035-10,34436,2,TERM. SACOMÃ,VL. ARAPUÁ,3,18:00,6,10.0,6,20.0,25.65,25.65,0.0,10000,2.24,800,4.62,15.65,34.22,1,4.74,59.84,0.8,1.0,66.67,8,2,0.4481,Estabilizado,Operação Normal
2026-08-27T21:00:52.644292,875H-10,34108,2,METRÔ VL. MARIANA,TERM. LAPA,3,18:00,7,8.6,7,20.0,25.65,25.65,0.0,10000,2.24,800,4.68,17.33,32.07,0,4.74,35.26,0.8,1.0,64.29,9,2,0.3807,Estabilizado,Operação Normal
2026-08-27T21:00:52.644292,6093-10,1585,1,TERM. GRAJAÚ,VARGEM GRANDE,3,18:00,7,8.6,7,20.0,25.65,25.65,0.0,10000,2.24,800,3.62,22.7,35.2,0,4.74,27.84,0.8,1.0,64.29,9,2,0.3622,Estabilizado,Operação Normal
2026-08-27T21:00:52.644292,6815-10,25,1,TERM. CAPELINHA,JD. COMERCIAL,3,18:00,3,20.0,3,20.0,25.65,25.65,0.0,10000,2.24,800,3.6,18.98,30.91,1,4.74,52.7,0.8,1.0,66.67,4,1,0.4303,Estabilizado,Operação Normal
2026-08-27T21:00:52.644292,2582-10,33142,2,TERM. PQ. D. PEDRO II,VL. NOVA CURUÇÁ,3,18:00,8,7.5,8,20.0,25.65,25.65,0.0,10000,2.24,800,5.73,16.59,36.49,1,4.74,67.61,0.8,1.0,68.75,11,3,0.4728,Estabilizado,Operação Normal
2026-08-27T21:00:52.644292,4035-10,2560,1,METRÔ ITAQUERA,GUAIANASES,3,18:00,3,20.0,3,20.0,25.65,25.65,0.0,10000,2.24,800,4.42,18.09,33.42,1,4.74,58.44,0.8,1.0,66.67,4,1,0.4446,Estabilizado,Operação Normal
2026-08-27T21:00:52.644292,6L10-10,33927,2,PQ. FLORESTAL   ,TERM. VARGINHA,3,18:00,1,60.0,1,20.0,25.65,25.65,0.0,10000,2.24,800,3.51,14.12,24.77,0,4.74,27.07,0.8,0.333,100.0,2,1,0.5162,Estabilizado,Operação Normal
2026-08-27T21:00:52.644292,5701-10,33904,2,TERM. ÁGUA ESPRAIADA,METRÔ CONCEIÇÃO,3,18:00,6,10.0,6,20.0,25.65,25.65,0.0,10000,2.24,800,4.46,11.44,27.42,1,4.74,58.72,0.8,1.0,66.67,8,2,0.4453,Estabilizado,Operação Normal
2026-08-27T21:00:52.644292,736G-10,33548,2,SHOP. MORUMBI,JD. INGÁ,3,18:00,7,8.6,7,20.0,25.65,25.65,0.0,10000,2.24,800,5.86,14.51,28.44,1,4.74,68.52,0.8,1.0,71.43,10,3,0.4817,Estabilizado,Operação Normal
2026-08-27T21:00:52.644292,8600-10,1432,1,LGO. DO PAISSANDU,TERM. PIRITUBA,3,18:00,8,7.5,8,20.0,25.65,25.65,0.0,10000,2.24,800,3.16,24.56,38.35,0,4.74,24.62,0.8,1.0,62.5,10,2,0.3497,Estabilizado,Operação Normal
2026-08-27T21:00:52.644292,2719-10,932,1,METRÔ VL. MATILDE,ERMELINO MATARAZZO,3,18:00,8,7.5,8,20.0,25.65,25.65,0.0,10000,2.24,800,3.88,20.82,33.5,0,4.74,29.66,0.8,1.0,62.5,10,2,0.3622,Estabilizado,Operação Normal
2026-08-27T21:00:52.644292,637J-10,103,1,PINHEIROS,VL. SÃO JOSÉ,3,18:00,7,8.6,7,20.0,25.65,25.65,0.0,10000,2.24,800,5.6,10.88,28.2,0,4.74,41.7,0.8,1.0,64.29,9,2,0.3968,Estabilizado,Operação Normal
2026-08-27T21:00:52.644292,407L-10,34967,2,METRÔ GUILHERMINA/ESPERANÇA,BARRO BRANCO,3,18:00,22,3.0,24,20.0,25.65,25.65,0.0,10000,2.24,800,3.55,25.52,33.65,1,4.74,52.35,0.8,1.0,70.45,31,9,0.4388,Estabilizado,Operação Normal
2026-08-27T21:00:52.644292,975A-10,33357,2,METRÔ ANA ROSA,VL. BRASILÂNDIA,3,18:00,9,6.7,9,20.0,25.65,25.65,0.0,10000,2.24,800,4.26,17.21,32.37,0,4.74,32.32,0.8,1.0,61.11,11,2,0.3654,Estabilizado,Operação Normal
2026-08-27T21:00:52.644292,3054-10,33743,2,HOSP. SAPOPEMBA,JD. PALANQUE,3,18:00,6,10.0,6,20.0,25.65,25.65,0.0,10000,2.24,800,5.46,17.53,32.63,0,4.74,40.72,0.8,1.0,66.67,8,2,0.4003,Estabilizado,Operação Normal
2026-08-27T21:00:52.644292,5757-10,34056,2,METRÔ CONCEIÇÃO,CID. JÚLIA,3,18:00,4,15.0,4,20.0,25.65,25.65,0.0,10000,2.24,800,6.06,12.08,33.96,0,4.74,44.92,0.8,1.0,62.5,5,1,0.4004,Estabilizado,Operação Normal
2026-08-27T21:00:52.644292,8200-10,34031,2,TERM. LAPA,TERM. PIRITUBA,3,18:00,3,20.0,3,20.0,25.65,25.65,0.0,10000,2.24,800,3.97,27.76,43.01,0,4.74,30.29,0.8,1.0,66.67,4,1,0.3743,Estabilizado,Operação Normal
2026-08-27T21:00:52.644292,4025-10,33863,2,METRÔ TATUAPÉ,VL. ALPINA,3,18:00,12,5.0,13,20.0,25.65,25.65,0.0,10000,2.24,800,3.92,18.3,30.94,1,4.74,54.94,0.8,1.0,70.83,17,5,0.4463,Estabilizado,Operação Normal
2026-08-27T21:00:52.644292,3796-10,1074,1,METRÔ ITAQUERA,GLEBA DO PESSEGO,3,18:00,6,10.0,6,20.0,25.65,25.65,0.0,10000,2.24,800,6.9,13.53,27.8,1,4.74,75.8,0.8,1.0,75.0,9,3,0.5089,Estabilizado,Operação Normal
2026-08-27T21:00:52.644292,2703-10,915,1,METRÔ ITAQUERA,JD. ETELVINA,3,18:00,10,6.0,11,20.0,25.65,25.65,0.0,10000,2.24,800,2.29,25.39,32.77,1,4.74,43.53,0.8,1.0,70.0,14,4,0.4157,Estabilizado,Operação Normal
2026-08-27T21:00:52.644292,857P-10,34694,2,PARAÍSO,TERM. CAMPO LIMPO,3,18:00,9,6.7,9,20.0,25.65,25.65,0.0,10000,2.24,800,3.68,15.97,28.73,1,4.74,53.26,0.8,1.0,66.67,12,3,0.4317,Estabilizado,Operação Normal
2026-08-27T21:00:52.644292,524M-10,1631,1,SHOP. ARICANDUVA,MASCARENHAS DE MORAIS,3,18:00,8,7.5,8,20.0,25.65,25.65,0.0,10000,2.24,800,7.71,9.23,29.58,0,4.74,56.47,0.8,1.0,68.75,11,3,0.4449,Estabilizado,Operação Normal
2026-08-27T21:00:52.644292,5791-10,607,1,METRÔ VERGUEIRO,ELDORADO,3,18:00,8,7.5,8,20.0,25.65,25.65,0.0,10000,2.24,800,4.68,15.01,31.72,0,4.74,35.26,0.8,1.0,62.5,10,2,0.3762,Estabilizado,Operação Normal
2026-08-27T21:00:52.644292,7050-10,1884,1,TERM. CAMPO LIMPO,JD. DAS ROSAS,3,18:00,4,15.0,4,20.0,25.65,25.65,0.0,10000,2.24,800,5.85,14.49,29.41,1,4.74,68.45,0.8,1.0,75.0,6,2,0.4905,Estabilizado,Operação Normal
2026-08-27T21:00:52.644292,476A-10,304,1,TERM. STO. AMARO,IPIRANGA,3,18:00,5,12.0,5,20.0,25.65,25.65,0.0,10000,2.24,800,4.55,16.72,28.19,0,4.74,34.35,0.8,1.0,60.0,6,1,0.3677,Estabilizado,Operação Normal
2026-08-27T21:00:52.644292,2161-10,694,1,PÇA. DO CORREIO,PQ. EDU CHAVES,3,18:00,4,15.0,4,20.0,25.65,25.65,0.0,10000,2.24,800,4.29,18.03,34.53,1,4.74,57.53,0.8,1.0,75.0,6,2,0.4632,Estabilizado,Operação Normal
2026-08-27T21:00:52.644292,6045-10,33990,2,STO. AMARO,VALO VELHO,3,18:00,6,10.0,6,20.0,25.65,25.65,0.0,10000,2.24,800,4.15,13.83,23.67,1,4.74,56.55,0.8,1.0,66.67,8,2,0.4399,Estabilizado,Operação Normal
2026-08-27T21:00:52.644292,745M-21,1984,1,PQ. FIGUEIRA GRANDE,CAMPO LIMPO,3,18:00,4,15.0,4,20.0,25.65,25.65,0.0,10000,2.24,800,5.8,14.45,34.26,0,4.74,43.1,0.8,1.0,62.5,5,1,0.3958,Estabilizado,Operação Normal
2026-08-27T21:00:52.644292,6412-10,770,1,PAULISTA,PARAISÓPOLIS,3,18:00,7,8.6,7,20.0,25.65,25.65,0.0,10000,2.24,800,6.2,11.47,34.09,0,4.74,45.9,0.8,1.0,64.29,9,2,0.4073,Estabilizado,Operação Normal
2026-08-27T21:00:52.644292,778J-41,34254,2,METRÔ BARRA FUNDA,COHAB RAPOSO TAVARES,3,18:00,2,30.0,2,20.0,25.65,25.65,0.0,10000,2.24,800,3.01,26.02,37.76,0,4.74,23.57,0.8,0.667,75.0,3,1,0.4116,Estabilizado,Operação Normal
2026-08-27T21:00:52.644292,756A-10,33561,2,TERM. ÁGUA ESPRAIADA,JD. PAULO VI,3,18:00,10,6.0,11,20.0,25.65,25.65,0.0,10000,2.24,800,3.47,19.25,31.05,0,4.74,26.79,0.8,1.0,65.0,13,3,0.3613,Estabilizado,Operação Normal
2026-08-27T21:00:52.644292,478P-10,33117,2,VL. ROMANA,SACOMÃ,3,18:00,4,15.0,4,20.0,25.65,25.65,0.0,10000,2.24,800,5.58,12.87,27.92,1,4.74,66.56,0.8,1.0,75.0,6,2,0.4858,Estabilizado,Operação Normal
2026-08-27T21:00:52.644292,3763-10,1054,1,METRÔ TATUAPÉ,TERM. VL. CARRÃO,3,18:00,17,3.5,18,20.0,25.65,25.65,0.0,10000,2.24,800,3.0,19.76,29.29,0,4.74,23.5,0.8,1.0,61.76,21,4,0.345,Estabilizado,Operação Normal
2026-08-27T21:00:52.644292,819A-10,803,1,JD. PRIMAVERA,CPTM VL. AURORA,3,18:00,13,4.6,14,20.0,25.65,25.65,0.0,10000,2.24,800,6.3,12.62,35.5,1,4.74,71.6,0.8,1.0,76.92,20,7,0.5031,Estabilizado,Operação Normal
2026-08-27T21:00:52.644292,675L-10,34246,2,METRÔ STA. CRUZ,TERM. STO. AMARO,3,18:00,4,15.0,4,20.0,25.65,25.65,0.0,10000,2.24,800,3.15,16.78,27.86,0,4.74,24.55,0.8,1.0,62.5,5,1,0.3495,Estabilizado,Operação Normal
2026-08-27T21:00:52.644292,3046-10,971,1,METRÔ TATUAPÉ,VL. GUARANI,3,18:00,11,5.5,12,20.0,25.65,25.65,0.0,10000,2.24,800,5.81,15.25,31.5,1,4.74,68.17,0.8,1.0,77.27,17,6,0.4954,Estabilizado,Operação Normal
2026-08-27T21:00:52.644292,2100-10,33481,2,PÇA. DA SÉ,TERM. VL. CARRÃO,3,18:00,13,4.6,14,20.0,25.65,25.65,0.0,10000,2.24,800,3.99,16.52,31.77,1,4.74,55.43,0.8,1.0,73.08,19,6,0.4531,Estabilizado,Operação Normal
2026-08-27T21:00:52.644292,6475-10,34085,2,TERM. BANDEIRA,JD. VAZ DE LIMA,3,18:00,7,8.6,7,20.0,25.65,25.65,0.0,10000,2.24,800,5.42,13.89,32.79,0,4.74,40.44,0.8,1.0,64.29,9,2,0.3937,Estabilizado,Operação Normal
2026-08-27T21:00:52.644292,4031-10,1101,1,METRÔ TAMANDUATEÍ,PQ. STA. MADALENA,3,18:00,7,8.6,7,20.0,25.65,25.65,0.0,10000,2.24,800,6.49,11.13,31.87,1,4.74,72.93,0.8,1.0,71.43,10,3,0.4928,Estabilizado,Operação Normal
2026-08-27T21:00:52.644292,575A-10,1638,1,SHOP. METRÔ TATUAPÉ,DIV. SÃO CAETANO,3,18:00,6,10.0,6,20.0,25.65,25.65,0.0,10000,2.24,800,2.99,23.11,33.03,1,4.74,48.43,0.8,1.0,66.67,8,2,0.4196,Estabilizado,Operação Normal
2026-08-27T21:00:52.644292,3721-41,34461,2,METRÔ ITAQUERA,SHOP. ARICANDUVA,3,18:00,7,8.6,7,20.0,25.65,25.65,0.0,10000,2.24,800,6.83,13.03,25.5,1,4.74,75.31,0.8,1.0,71.43,10,3,0.4987,Estabilizado,Operação Normal
2026-08-27T21:00:52.644292,199D-10,34903,2,TERM. PINHEIROS,CONEXÃO VL. IÓRIO,3,18:00,9,6.7,9,20.0,25.65,25.65,0.0,10000,2.24,800,6.2,11.95,28.11,0,4.74,45.9,0.8,1.0,66.67,12,3,0.4133,Estabilizado,Operação Normal
2026-08-27T21:00:52.644292,4310-10,34928,2,TERM. PQ. D. PEDRO II,E.T. ITAQUERA,3,18:00,22,3.0,24,20.0,25.65,25.65,0.0,10000,2.24,800,4.86,20.22,36.18,1,4.74,61.52,0.8,1.0,72.73,32,10,0.4675,Estabilizado,Operação Normal
2026-08-27T21:00:52.644292,5362-23,1860,1,VICENTE RAO,PQ. RES. COCAIA,3,18:00,10,6.0,11,20.0,25.65,25.65,0.0,10000,2.24,800,3.78,19.96,34.86,0,4.74,28.96,0.8,1.0,65.0,13,3,0.3668,Estabilizado,Operação Normal
2026-08-27T21:00:52.644292,3054-10,975,1,HOSP. SAPOPEMBA,JD. PALANQUE,3,18:00,6,10.0,6,20.0,25.65,25.65,0.0,10000,2.24,800,3.49,18.64,32.72,0,4.74,26.93,0.8,1.0,58.33,7,1,0.345,Estabilizado,Operação Normal
2026-08-27T21:00:52.644292,2590-10,33680,2,PQ. D. PEDRO II,UNIÃO DE VL. NOVA,3,18:00,15,4.0,16,20.0,25.65,25.65,0.0,10000,2.24,800,3.77,20.11,34.15,1,4.74,53.89,0.8,1.0,70.0,21,6,0.4416,Estabilizado,Operação Normal
2026-08-27T21:00:52.644292,2080-10,371,1,TERM. ARICANDUVA,CID. KEMEL,3,18:00,6,10.0,6,20.0,25.65,25.65,0.0,10000,2.24,800,4.19,24.26,35.84,1,4.74,56.83,0.8,1.0,66.67,8,2,0.4406,Estabilizado,Operação Normal
2026-08-27T21:00:52.644292,930P-10,2115,1,TERM. PINHEIROS,TERM. PQ. D. PEDRO II,3,18:00,8,7.5,8,20.0,25.65,25.65,0.0,10000,2.24,800,5.28,13.55,30.55,1,4.74,64.46,0.8,1.0,68.75,11,3,0.4649,Estabilizado,Operação Normal
2026-08-27T21:00:52.644292,4311-10,34939,2,TERM. PQ. D. PEDRO II,TERM. SÃO MATEUS,3,18:00,9,6.7,9,20.0,25.65,25.65,0.0,10000,2.24,800,5.04,20.48,37.51,1,4.74,62.78,0.8,1.0,72.22,13,4,0.4693,Estabilizado,Operação Normal
2026-08-27T21:00:52.644292,211V-10,32922,2,PENHA,VL. PARANAGUÁ,3,18:00,2,30.0,2,20.0,25.65,25.65,0.0,10000,2.24,800,2.76,22.37,28.79,0,4.74,21.82,0.8,0.667,75.0,3,1,0.4072,Estabilizado,Operação Normal
2026-08-27T21:00:52.644292,476G-41,33880,2,METRÔ ANA ROSA,VL. INDUSTRIAL,3,18:00,6,10.0,6,20.0,25.65,25.65,0.0,10000,2.24,800,6.64,9.12,30.95,1,4.74,73.98,0.8,1.0,75.0,9,3,0.5043,Estabilizado,Operação Normal
2026-08-27T21:00:52.644292,273L-10,224,1,METRÔ ARTUR ALVIM,CPTM JOSÉ BONIFÁCIO,3,18:00,4,15.0,4,20.0,25.65,25.65,0.0,10000,2.24,800,2.52,26.51,35.72,1,4.74,45.14,0.8,1.0,62.5,5,1,0.401,Estabilizado,Operação Normal
2026-08-27T21:00:52.644292,5362-10,70,1,PÇA. DA SÉ,PQ. RES. COCAIA,3,18:00,7,8.6,7,20.0,25.65,25.65,0.0,10000,2.24,800,4.02,21.67,36.94,0,4.74,30.64,0.8,1.0,64.29,9,2,0.3692,Estabilizado,Operação Normal
2026-08-27T21:00:52.644292,971R-10,614,1,METRÔ SANTANA,CPTM JARAGUÁ,3,18:00,11,5.5,12,20.0,25.65,25.65,0.0,10000,2.24,800,2.9,20.32,30.65,1,4.74,47.8,0.8,1.0,72.73,16,5,0.4332,Estabilizado,Operação Normal
2026-08-27T21:00:52.644292,8016-10,1346,1,TERM. PIRITUBA,JD. RINCÃO,3,18:00,6,10.0,6,20.0,25.65,25.65,0.0,10000,2.24,800,2.99,18.62,24.28,1,4.74,48.43,0.8,1.0,66.67,8,2,0.4196,Estabilizado,Operação Normal
2026-08-27T21:00:52.644292,4310-10,2160,1,TERM. PQ. D. PEDRO II,E.T. ITAQUERA,3,18:00,15,4.0,16,20.0,25.65,25.65,0.0,10000,2.24,800,3.8,32.68,41.08,1,4.74,54.1,0.8,1.0,70.0,21,6,0.4421,Estabilizado,Operação Normal
2026-08-27T21:00:52.644292,607C-10,34745,2,ITAIM BIBI,JD. MIRIAM,3,18:00,20,3.0,22,20.0,25.65,25.65,0.0,10000,2.24,800,5.34,14.84,32.83,0,4.74,39.88,0.8,1.0,67.5,27,7,0.4003,Estabilizado,Operação Normal
2026-08-27T21:00:52.644292,5164-21,34384,2,PQ. IBIRAPUERA,CID. LEONOR,3,18:00,5,12.0,5,20.0,25.65,25.65,0.0,10000,2.24,800,3.83,21.34,37.13,1,4.74,54.31,0.8,1.0,70.0,7,2,0.4426,Estabilizado,Operação Normal
2026-08-27T21:00:52.644292,5370-21,34319,2,PQ. IBIRAPUERA,TERM. VARGINHA,3,18:00,4,15.0,4,20.0,25.65,25.65,0.0,10000,2.24,800,3.69,24.24,40.24,0,4.74,28.33,0.8,1.0,62.5,5,1,0.3589,Estabilizado,Operação Normal
2026-08-27T21:00:52.644292,4053-10,34914,2,CPTM GUAIANASES,GUAIANASES,3,18:00,5,12.0,5,20.0,25.65,25.65,0.0,10000,2.24,800,2.98,19.43,23.88,0,4.74,23.36,0.8,1.0,60.0,6,1,0.3402,Estabilizado,Operação Normal
2026-08-27T21:00:52.644292,2714-10,927,1,VL. RUI BARBOSA,METRÔ VL. MATILDE,3,18:00,5,12.0,5,20.0,25.65,25.65,0.0,10000,2.24,800,3.27,18.25,29.34,0,4.74,25.39,0.8,1.0,60.0,6,1,0.3453,Estabilizado,Operação Normal
2026-08-27T21:00:52.644292,573T-10,1632,1,METRÔ CARRÃO,TERM. SAPOPEMBA,3,18:00,8,7.5,8,20.0,25.65,25.65,0.0,10000,2.24,800,3.44,21.33,33.31,0,4.74,26.58,0.8,1.0,62.5,10,2,0.3545,Estabilizado,Operação Normal
2026-08-27T21:00:52.644292,6414-10,360,1,TERM. BANDEIRA,SOCORRO,3,18:00,6,10.0,6,20.0,25.65,25.65,0.0,10000,2.24,800,4.28,15.11,31.45,1,4.74,57.46,0.8,1.0,66.67,8,2,0.4422,Estabilizado,Operação Normal
2026-08-27T21:00:52.644292,4051-10,2144,1,CPTM GUAIANASES,JD. SÃO PAULO,3,18:00,4,15.0,4,20.0,25.65,25.65,0.0,10000,2.24,800,4.37,17.52,32.13,0,4.74,33.09,0.8,1.0,62.5,5,1,0.3708,Estabilizado,Operação Normal
2026-08-27T21:00:52.644292,675X-10,32879,2,AACD-SERVIDOR,TERM. GRAJAÚ,3,18:00,6,10.0,6,20.0,25.65,25.65,0.0,10000,2.24,800,5.21,16.31,33.17,0,4.74,38.97,0.8,1.0,66.67,8,2,0.396,Estabilizado,Operação Normal
2026-08-27T21:00:52.644292,3746-31,2097,1,METRÔ BELÉM,JD. IMPERADOR,3,18:00,1,60.0,1,20.0,25.65,25.65,0.0,10000,2.24,800,4.24,19.01,30.91,0,4.74,32.18,0.8,0.333,100.0,2,1,0.529,Estabilizado,Operação Normal
2026-08-27T21:00:52.644292,4008-21,2527,1,CIRCULAR,COHAB JOSÉ BONIFÁCIO C ,3,18:00,1,60.0,1,20.0,25.65,25.65,0.0,10000,2.24,800,3.0,22.5,45.0,0,4.74,23.5,0.8,0.333,100.0,2,1,0.5073,Estabilizado,Operação Normal
2026-08-27T21:00:52.644292,8073-10,2081,1,TERM. VL. SÔNIA,JD. GUARAÚ,3,18:00,2,30.0,2,20.0,25.65,25.65,0.0,10000,2.24,800,2.39,20.2,27.12,0,4.74,19.23,0.8,0.667,75.0,3,1,0.4007,Estabilizado,Operação Normal
2026-08-27T21:00:52.644292,746H-10,33553,2,STO. AMARO,JD. JAQUELINE,3,18:00,15,4.0,16,20.0,25.65,25.65,0.0,10000,2.24,800,3.53,18.99,30.93,1,4.74,52.21,0.8,1.0,70.0,21,6,0.4374,Estabilizado,Operação Normal
2026-08-27T21:00:52.644292,177Y-10,33635,2,PINHEIROS,METRÔ BARRA FUNDA,3,18:00,4,15.0,4,20.0,25.65,25.65,0.0,10000,2.24,800,7.17,9.55,28.01,0,4.74,52.69,0.8,1.0,75.0,6,2,0.4511,Estabilizado,Operação Normal
2026-08-27T21:00:52.644292,2704-10,916,1,METRÔ ITAQUERA,JD. ROBRU,3,18:00,7,8.6,7,20.0,25.65,25.65,0.0,10000,2.24,800,3.35,30.78,37.37,1,4.74,50.95,0.8,1.0,64.29,9,2,0.42,Estabilizado,Operação Normal
2026-08-27T21:00:52.644292,8548-10,33346,2,TERM. LAPA,PARADA DE TAIPAS,3,18:00,5,12.0,5,20.0,25.65,25.65,0.0,10000,2.24,800,2.45,25.22,33.65,0,4.74,19.65,0.8,1.0,60.0,6,1,0.331,Estabilizado,Operação Normal
2026-08-27T21:00:52.644292,8015-10,1345,1,TERM. PIRITUBA,CEM. DE PERUS,3,18:00,6,10.0,6,20.0,25.65,25.65,0.0,10000,2.24,800,4.98,15.37,30.85,1,4.74,62.36,0.8,1.0,75.0,9,3,0.4753,Estabilizado,Operação Normal
2026-08-27T21:00:52.644292,2727-10,942,1,CONJ. A. E. CARVALHO,METRÔ ARTUR ALVIM,3,18:00,6,10.0,6,20.0,25.65,25.65,0.0,10000,2.24,800,2.89,30.46,35.87,1,4.74,47.73,0.8,1.0,66.67,8,2,0.4178,Estabilizado,Operação Normal
2026-08-27T21:00:52.644292,6037-10,1215,1,TERM. CAPELINHA,JD. MITSUTANI,3,18:00,3,20.0,3,20.0,25.65,25.65,0.0,10000,2.24,800,4.51,16.86,33.71,0,4.74,34.07,0.8,1.0,66.67,4,1,0.3837,Estabilizado,Operação Normal
2026-08-27T21:00:52.644292,637G-10,101,1,PINHEIROS,GRAJAÚ,3,18:00,8,7.5,8,20.0,25.65,25.65,0.0,10000,2.24,800,6.08,12.29,28.46,0,4.74,45.06,0.8,1.0,62.5,10,2,0.4007,Estabilizado,Operação Normal
2026-08-27T21:00:52.644292,574C-10,1639,1,DIV. DE SÃO CAETANO,SÃO MATEUS,3,18:00,6,10.0,6,20.0,25.65,25.65,0.0,10000,2.24,800,4.41,21.81,35.44,1,4.74,58.37,0.8,1.0,66.67,8,2,0.4445,Estabilizado,Operação Normal
2026-08-27T21:00:52.644292,607C-10,1977,1,ITAIM BIBI,JD. MIRIAM,3,18:00,14,4.3,15,20.0,25.65,25.65,0.0,10000,2.24,800,4.58,11.19,34.32,0,4.74,34.56,0.8,1.0,64.29,18,4,0.379,Estabilizado,Operação Normal
2026-08-27T21:00:52.644292,3031-10,33735,2,METRÔ ITAQUERA,JD. ALTO PAULISTANO,3,18:00,9,6.7,9,20.0,25.65,25.65,0.0,10000,2.24,800,4.27,29.45,35.65,1,4.74,57.39,0.8,1.0,66.67,12,3,0.442,Estabilizado,Operação Normal
2026-08-27T21:00:52.644292,407W-10,2204,1,METRÔ CARRÃO,JD. IV CENTENÁRIO,3,18:00,4,15.0,4,20.0,25.65,25.65,0.0,10000,2.24,800,3.56,17.05,28.37,0,4.74,27.42,0.8,1.0,62.5,5,1,0.3567,Estabilizado,Operação Normal
2026-08-27T21:00:52.644292,8705-10,2072,1,ANHANGABAÚ,SHOP. CONTINENTAL,3,18:00,4,15.0,4,20.0,25.65,25.65,0.0,10000,2.24,800,3.5,19.0,32.12,0,4.74,27.0,0.8,1.0,62.5,5,1,0.3556,Estabilizado,Operação Normal
2026-08-27T21:00:52.644292,5106-21,34740,2,TERM. ÁGUA ESPRAIADA,JD. SELMA,3,18:00,17,3.5,18,20.0,25.65,25.65,0.0,10000,2.24,800,4.61,14.52,32.02,0,4.74,34.77,0.8,1.0,64.71,22,5,0.3805,Estabilizado,Operação Normal
2026-08-27T21:00:52.644292,971T-10,618,1,METRÔ SANTANA,VL. STA. MARIA,3,18:00,5,12.0,5,20.0,25.65,25.65,0.0,10000,2.24,800,4.09,15.65,29.11,0,4.74,31.13,0.8,1.0,60.0,6,1,0.3597,Estabilizado,Operação Normal
2026-08-27T21:00:52.644292,6118-10,33956,2,TERM. STO. AMARO,JD. ICARAÍ,3,18:00,6,10.0,6,20.0,25.65,25.65,0.0,10000,2.24,800,3.11,22.15,36.31,0,4.74,24.27,0.8,1.0,58.33,7,1,0.3383,Estabilizado,Operação Normal
2026-08-27T21:00:52.644292,8019-31,2574,1,TERM. VL. SÔNIA,PQ. CONTINENTAL,3,18:00,4,15.0,4,20.0,25.65,25.65,0.0,10000,2.24,800,3.91,16.55,28.25,0,4.74,29.87,0.8,1.0,62.5,5,1,0.3628,Estabilizado,Operação Normal
2026-08-27T21:00:52.644292,4029-10,33867,2,TERM. VL PRUDENTE,SÃO MATEUS,3,18:00,7,8.6,7,20.0,25.65,25.65,0.0,10000,2.24,800,4.03,19.59,32.91,1,4.74,55.71,0.8,1.0,71.43,10,3,0.4497,Estabilizado,Operação Normal
2026-08-27T21:00:52.644292,1788-10,653,1,METRÔ SANTANA,JD. FONTÁLIS,3,18:00,5,12.0,5,20.0,25.65,25.65,0.0,10000,2.24,800,4.94,18.51,34.56,0,4.74,37.08,0.8,1.0,70.0,7,2,0.3995,Estabilizado,Operação Normal
2026-08-27T21:00:52.644292,857A-10,1925,1,METRÔ STA. CRUZ,TERM. CAMPO LIMPO,3,18:00,5,12.0,5,20.0,25.65,25.65,0.0,10000,2.24,800,5.69,13.14,32.67,1,4.74,67.33,0.8,1.0,70.0,7,2,0.4752,Estabilizado,Operação Normal
2026-08-27T21:00:52.644292,6805-31,1788,1,TERM. JOÃO DIAS,TERM. CAPELINHA,3,18:00,2,30.0,2,20.0,25.65,25.65,0.0,10000,2.24,800,1.69,25.37,29.51,0,4.74,14.33,0.8,0.667,75.0,3,1,0.3885,Estabilizado,Operação Normal
2026-08-27T21:00:52.644292,374V-10,1647,1,METRÔ ITAQUERA,JD. SANTANA,3,18:00,3,20.0,3,20.0,25.65,25.65,0.0,10000,2.24,800,4.93,16.71,28.48,0,4.74,37.01,0.8,1.0,66.67,4,1,0.3911,Estabilizado,Operação Normal
2026-08-27T21:00:52.644292,756A-10,793,1,TERM. ÁGUA ESPRAIADA,JD. PAULO VI,3,18:00,7,8.6,7,20.0,25.65,25.65,0.0,10000,2.24,800,6.66,11.26,34.17,0,4.74,49.12,0.8,1.0,64.29,9,2,0.4154,Estabilizado,Operação Normal
2026-08-27T21:00:52.644292,3729-10,33794,2,METRÔ CARRÃO,SHOP. ARICANDUVA,3,18:00,13,4.6,14,20.0,25.65,25.65,0.0,10000,2.24,800,6.36,11.72,29.53,0,4.74,47.02,0.8,1.0,69.23,18,5,0.4225,Estabilizado,Operação Normal
2026-08-27T21:00:52.644292,9354-10,33476,2,PÇA. DO CORREIO,TERM. CACHOEIRINHA,3,18:00,5,12.0,5,20.0,25.65,25.65,0.0,10000,2.24,800,4.95,15.42,31.96,0,4.74,37.15,0.8,1.0,70.0,7,2,0.3997,Estabilizado,Operação Normal
2026-08-27T21:00:52.644292,6074-10,33929,2,EST. JURUBATUBA,JD. GAIVOTAS,3,18:00,7,8.6,7,20.0,25.65,25.65,0.0,10000,2.24,800,5.52,14.62,26.22,0,4.74,41.14,0.8,1.0,64.29,9,2,0.3954,Estabilizado,Operação Normal
2026-08-27T21:00:52.644292,5013-10,1117,1,STO. AMARO,JD. LUSO,3,18:00,7,8.6,7,20.0,25.65,25.65,0.0,10000,2.24,800,5.89,14.11,28.21,0,4.74,43.73,0.8,1.0,64.29,9,2,0.4019,Estabilizado,Operação Normal
2026-08-27T21:00:52.644292,817C-10,1337,1,HOSP. DAS CLÍNICAS,LAPA,3,18:00,4,15.0,4,20.0,25.65,25.65,0.0,10000,2.24,800,3.6,18.09,29.98,0,4.74,27.7,0.8,1.0,62.5,5,1,0.3574,Estabilizado,Operação Normal
2026-08-27T21:00:52.644292,2755-10,233,1,METRÔ PENHA,GUAIANASES,3,18:00,5,12.0,5,20.0,25.65,25.65,0.0,10000,2.24,800,2.95,20.03,31.16,1,4.74,48.15,0.8,1.0,70.0,7,2,0.4272,Estabilizado,Operação Normal
2026-08-27T21:00:52.644292,9785-10,828,1,METRÔ BARRA FUNDA,VL. TEREZINHA,3,18:00,6,10.0,6,20.0,25.65,25.65,0.0,10000,2.24,800,3.68,23.83,36.84,1,4.74,53.26,0.8,1.0,66.67,8,2,0.4317,Estabilizado,Operação Normal
2026-08-27T21:00:52.644292,4027-10,33865,2,JD. STO. ANDRÉ,HOSP. SÃO MATEUS,3,18:00,6,10.0,6,20.0,25.65,25.65,0.0,10000,2.24,800,4.87,19.57,36.56,0,4.74,36.59,0.8,1.0,66.67,8,2,0.39,Estabilizado,Operação Normal
2026-08-27T21:00:52.644292,6960-10,34211,2,TERM. STO. AMARO,TERM. VARGINHA,3,18:00,9,6.7,9,20.0,25.65,25.65,0.0,10000,2.24,800,2.99,22.67,36.31,0,4.74,23.43,0.8,1.0,61.11,11,2,0.3432,Estabilizado,Operação Normal
2026-08-27T21:00:52.644292,2127-10,693,1,LIBERDADE,PQ. EDU CHAVES,3,18:00,5,12.0,5,20.0,25.65,25.65,0.0,10000,2.24,800,4.21,15.77,31.18,1,4.74,56.97,0.8,1.0,70.0,7,2,0.4493,Estabilizado,Operação Normal
2026-08-27T21:00:52.644292,7023-10,2152,1,TERM. STO. AMARO,JD. NAKAMURA,3,18:00,9,6.7,9,20.0,25.65,25.65,0.0,10000,2.24,800,2.56,26.44,34.82,0,4.74,20.42,0.8,1.0,61.11,11,2,0.3357,Estabilizado,Operação Normal
2026-08-27T21:00:52.644292,8528-10,33343,2,PÇA. DO CORREIO,JD. GUARANI,3,18:00,12,5.0,13,20.0,25.65,25.65,0.0,10000,2.24,800,3.04,18.03,29.0,1,4.74,48.78,0.8,1.0,70.83,17,5,0.4309,Estabilizado,Operação Normal
2026-08-27T21:00:52.644292,857R-10,1892,1,ACLIMAÇÃO,TERM. CAMPO LIMPO,3,18:00,7,8.6,7,20.0,25.65,25.65,0.0,10000,2.24,800,4.43,12.72,28.75,1,4.74,58.51,0.8,1.0,71.43,10,3,0.4567,Estabilizado,Operação Normal
2026-08-27T21:00:52.644292,8026-10,2083,1,TERM. VL. SÔNIA,JD. INGÁ,3,18:00,5,12.0,5,20.0,25.65,25.65,0.0,10000,2.24,800,3.43,17.88,29.73,0,4.74,26.51,0.8,1.0,60.0,6,1,0.3481,Estabilizado,Operação Normal
2026-08-27T21:00:52.644292,3742-10,33810,2,METRÔ ITAQUERA,JD. LARANJEIRA,3,18:00,5,12.0,5,20.0,25.65,25.65,0.0,10000,2.24,800,4.1,22.45,36.62,1,4.74,56.2,0.8,1.0,70.0,7,2,0.4473,Estabilizado,Operação Normal
2026-08-27T21:00:52.644292,5034-31,1664,1,VL. LIVIERO,TERM. SACOMÃ,3,18:00,4,15.0,4,20.0,25.65,25.65,0.0,10000,2.24,800,3.87,31.63,43.23,1,4.74,54.59,0.8,1.0,75.0,6,2,0.4558,Estabilizado,Operação Normal
2026-08-27T21:00:52.644292,857P-10,1926,1,PARAÍSO,TERM. CAMPO LIMPO,3,18:00,9,6.7,9,20.0,25.65,25.65,0.0,10000,2.24,800,5.13,16.79,30.08,0,4.74,38.41,0.8,1.0,61.11,11,2,0.3806,Estabilizado,Operação Normal
2026-08-27T21:00:52.644292,3051-10,2446,1,TERM. A. E. CARVALHO,ERMELINO MATARAZZO,3,18:00,3,20.0,3,20.0,25.65,25.65,0.0,10000,2.24,800,2.02,23.47,29.12,0,4.74,16.64,0.8,1.0,66.67,4,1,0.3401,Estabilizado,Operação Normal
2026-08-27T21:00:52.644292,8027-10,2162,1,BUTANTÃ,VL. DALVA,3,18:00,1,60.0,1,20.0,25.65,25.65,0.0,10000,2.24,800,3.2,28.83,42.26,0,4.74,24.9,0.8,0.333,100.0,2,1,0.5108,Estabilizado,Operação Normal
2026-08-27T21:00:52.644292,4036-10,35329,2,TERM. VL. CARRÃO,METRÔ ITAQUERA,3,18:00,3,20.0,3,20.0,25.65,25.65,0.0,10000,2.24,800,4.55,16.8,30.85,0,4.74,34.35,0.8,1.0,66.67,4,1,0.3844,Estabilizado,Operação Normal
2026-08-27T21:00:52.644292,930P-10,34883,2,TERM. PINHEIROS,TERM. PQ. D. PEDRO II,3,18:00,5,12.0,5,20.0,25.65,25.65,0.0,10000,2.24,800,7.32,11.11,30.38,1,4.74,78.74,0.8,1.0,80.0,8,3,0.5287,Estabilizado,Operação Normal
2026-08-27T21:00:52.644292,3741-10,33809,2,METRÔ ITAQUERA,CPTM D. BOSCO,3,18:00,7,8.6,7,20.0,25.65,25.65,0.0,10000,2.24,800,5.04,18.37,36.1,1,4.74,62.78,0.8,1.0,71.43,10,3,0.4674,Estabilizado,Operação Normal
2026-08-27T21:00:52.644292,2772-10,33166,2,METRÔ PENHA,JD. NAZARÉ,3,18:00,5,12.0,5,20.0,25.65,25.65,0.0,10000,2.24,800,4.8,17.84,35.46,1,4.74,61.1,0.8,1.0,70.0,7,2,0.4596,Estabilizado,Operação Normal
2026-08-27T21:00:52.644292,701U-10,33425,2,CID. UNIVERSITÁRIA,METRÔ SANTANA,3,18:00,7,8.6,7,20.0,25.65,25.65,0.0,10000,2.24,800,3.78,18.38,30.56,0,4.74,28.96,0.8,1.0,64.29,9,2,0.365,Estabilizado,Operação Normal
2026-08-27T21:00:52.644292,509J-10,33032,2,PQ. IBIRAPUERA,JD. SELMA,3,18:00,6,10.0,6,20.0,25.65,25.65,0.0,10000,2.24,800,7.99,8.3,34.27,1,4.74,83.43,0.8,1.0,75.0,9,3,0.5279,Estabilizado,Operação Normal
2026-08-27T21:00:52.644292,5106-10,34048,2,LGO. SÃO FRANCISCO,MAR PAULISTA,3,18:00,10,6.0,11,20.0,25.65,25.65,0.0,10000,2.24,800,3.1,15.9,30.54,1,4.74,49.2,0.8,1.0,70.0,14,4,0.4299,Estabilizado,Operação Normal
2026-08-27T21:00:52.644292,7282-10,33239,2,PÇA. RAMOS DE AZEVEDO,PQ. CONTINENTAL,3,18:00,4,15.0,4,20.0,25.65,25.65,0.0,10000,2.24,800,6.27,15.37,31.46,1,4.74,71.39,0.8,1.0,75.0,6,2,0.4978,Estabilizado,Operação Normal
2026-08-27T21:00:52.644292,675A-10,1318,1,METRÔ SÃO JUDAS,PQ. STO. ANTONIO,3,18:00,4,15.0,4,20.0,25.65,25.65,0.0,10000,2.24,800,5.86,15.45,33.01,1,4.74,68.52,0.8,1.0,75.0,6,2,0.4906,Estabilizado,Operação Normal
2026-08-27T21:00:52.644292,3743-10,33811,2,METRÔ ITAQUERA,SÃO MATEUS,3,18:00,5,12.0,5,20.0,25.65,25.65,0.0,10000,2.24,800,3.74,17.91,32.35,1,4.74,53.68,0.8,1.0,70.0,7,2,0.441,Estabilizado,Operação Normal
2026-08-27T21:00:52.644292,403A-10,34960,2,TERM. PENHA,CPTM JOSÉ BONIFÁCIO,3,18:00,8,7.5,8,20.0,25.65,25.65,0.0,10000,2.24,800,5.42,13.84,30.84,0,4.74,40.44,0.8,1.0,62.5,10,2,0.3892,Estabilizado,Operação Normal
2026-08-27T21:00:52.644292,128Y-10,33611,2,LAPA,JD. PERY ALTO,3,18:00,6,10.0,6,20.0,25.65,25.65,0.0,10000,2.24,800,4.71,15.26,29.24,0,4.74,35.47,0.8,1.0,66.67,8,2,0.3872,Estabilizado,Operação Normal
2026-08-27T21:00:52.644292,148P-10,33302,2,METRÔ BARRA FUNDA,PEDRA BRANCA,3,18:00,13,4.6,14,20.0,25.65,25.65,0.0,10000,2.24,800,4.97,15.93,30.54,0,4.74,37.29,0.8,1.0,65.38,17,4,0.3885,Estabilizado,Operação Normal
2026-08-27T21:00:52.644292,637A-22,1602,1,TERM. JD. ÂNGELA,ITAIM BIBI,3,18:00,6,10.0,6,20.0,25.65,25.65,0.0,10000,2.24,800,5.0,19.26,35.97,1,4.74,62.5,0.8,1.0,75.0,9,3,0.4756,Estabilizado,Operação Normal
2026-08-27T21:00:52.644292,314J-10,33078,2,PÇA. ALMEIDA JR.,PQ. STA. MADALENA,3,18:00,5,12.0,5,20.0,25.65,25.65,0.0,10000,2.24,800,5.03,14.51,30.48,1,4.74,62.71,0.8,1.0,70.0,7,2,0.4636,Estabilizado,Operação Normal
2026-08-27T21:00:52.644292,8002-10,34020,2,TERM. LAPA,TERM. PIRITUBA,3,18:00,2,30.0,2,20.0,25.65,25.65,0.0,10000,2.24,800,2.98,23.99,33.14,1,4.74,48.36,0.8,0.667,75.0,3,1,0.4736,Estabilizado,Operação Normal
2026-08-27T21:00:52.644292,2013-10,33667,2,CACHOEIRINHA,COHAB ANTÁRTICA,3,18:00,9,6.7,9,20.0,25.65,25.65,0.0,10000,2.24,800,5.07,18.35,33.22,0,4.74,37.99,0.8,1.0,61.11,11,2,0.3796,Estabilizado,Operação Normal
2026-08-27T21:00:52.644292,1743-10,543,1,SHOP. D,JD. PERY ALTO,3,18:00,5,12.0,5,20.0,25.65,25.65,0.0,10000,2.24,800,4.88,16.48,30.59,0,4.74,36.66,0.8,1.0,70.0,7,2,0.3985,Estabilizado,Operação Normal
2026-08-27T21:00:52.644292,1764-10,625,1,METRÔ SANTANA,JD. CORISCO,3,18:00,5,12.0,5,20.0,25.65,25.65,0.0,10000,2.24,800,3.26,16.66,30.82,0,4.74,25.32,0.8,1.0,60.0,6,1,0.3451,Estabilizado,Operação Normal
2026-08-27T21:00:52.644292,6726-10,33961,2,JD. GAIVOTAS   ,TERM. GRAJAÚ,3,18:00,5,12.0,5,20.0,25.65,25.65,0.0,10000,2.24,800,3.72,17.03,34.76,0,4.74,28.54,0.8,1.0,60.0,6,1,0.3532,Estabilizado,Operação Normal
2026-08-27T21:00:52.644292,477U-10,33074,2,METRÔ VL. MARIANA,HELIÓPOLIS,3,18:00,3,20.0,3,20.0,25.65,25.65,0.0,10000,2.24,800,5.02,15.56,29.69,0,4.74,37.64,0.8,1.0,66.67,4,1,0.3926,Estabilizado,Operação Normal
2026-08-27T21:00:52.644292,3751-10,1047,1,METRÔ ITAQUERA,COHAB PRESTES MAIA,3,18:00,6,10.0,6,20.0,25.65,25.65,0.0,10000,2.24,800,5.39,16.43,33.39,1,4.74,65.23,0.8,1.0,75.0,9,3,0.4824,Estabilizado,Operação Normal
2026-08-27T21:00:52.644292,2011-10,2136,1,METRÔ SANTANA,VL. SABRINA,3,18:00,6,10.0,6,20.0,25.65,25.65,0.0,10000,2.24,800,4.57,14.63,26.33,1,4.74,59.49,0.8,1.0,66.67,8,2,0.4473,Estabilizado,Operação Normal
2026-08-27T21:00:52.644292,6818-10,32796,2,TERM. CAPELINHA,JD. VALE DAS VIRTUDES,3,18:00,3,20.0,3,20.0,25.65,25.65,0.0,10000,2.24,800,3.45,19.6,33.38,0,4.74,26.65,0.8,1.0,66.67,4,1,0.3651,Estabilizado,Operação Normal
2026-08-27T21:00:52.644292,4729-10,1108,1,METRÔ BELÉM,PQ. BANCÁRIO,3,18:00,4,15.0,4,20.0,25.65,25.65,0.0,10000,2.24,800,3.32,12.95,29.24,0,4.74,25.74,0.8,1.0,62.5,5,1,0.3524,Estabilizado,Operação Normal
2026-08-27T21:00:52.644292,8050-31,415,1,LAPA,PQ. MORRO DOCE,3,18:00,2,30.0,2,20.0,25.65,25.65,0.0,10000,2.24,800,4.89,35.85,62.53,1,4.74,61.73,0.8,0.667,75.0,3,1,0.507,Estabilizado,Operação Normal
2026-08-27T21:00:52.644292,677V-10,112,1,TERM. GRAJAÚ,JD. ALPINO,3,18:00,3,20.0,3,20.0,25.65,25.65,0.0,10000,2.24,800,5.77,13.83,28.7,0,4.74,42.89,0.8,1.0,66.67,4,1,0.4057,Estabilizado,Operação Normal
2026-08-27T21:00:52.644292,4035-10,35328,2,METRÔ ITAQUERA,GUAIANASES,3,18:00,4,15.0,4,20.0,25.65,25.65,0.0,10000,2.24,800,3.81,23.33,30.82,0,4.74,29.17,0.8,1.0,62.5,5,1,0.361,Estabilizado,Operação Normal
2026-08-27T21:00:52.644292,5145-10,1641,1,PÇA. ALMEIDA JR.,TERM. SAPOPEMBA,3,18:00,3,20.0,3,20.0,25.65,25.65,0.0,10000,2.24,800,4.31,14.02,25.39,1,4.74,57.67,0.8,1.0,66.67,4,1,0.4427,Estabilizado,Operação Normal
2026-08-27T21:00:52.644292,3722-10,33788,2,METRÔ ITAQUERA,COHAB JOSÉ BONIFÁCIO,3,18:00,2,30.0,2,20.0,25.65,25.65,0.0,10000,2.24,800,5.93,17.24,31.87,0,4.74,44.01,0.8,0.667,75.0,3,1,0.4627,Estabilizado,Operação Normal
2026-08-27T21:00:52.644292,5145-10,34409,2,PÇA. ALMEIDA JR.,TERM. SAPOPEMBA,3,18:00,5,12.0,5,20.0,25.65,25.65,0.0,10000,2.24,800,2.62,20.84,29.3,1,4.74,45.84,0.8,1.0,70.0,7,2,0.4214,Estabilizado,Operação Normal
2026-08-27T21:00:52.644292,856R-10,34196,2,SOCORRO,LAPA,3,18:00,12,5.0,13,20.0,25.65,25.65,0.0,10000,2.24,800,4.26,14.18,27.39,0,4.74,32.32,0.8,1.0,66.67,16,4,0.3793,Estabilizado,Operação Normal
2026-08-27T21:00:52.644292,6069-10,1154,1,TERM. STO. AMARO,JD. SÃO BERNARDO,3,18:00,3,20.0,3,20.0,25.65,25.65,0.0,10000,2.24,800,3.19,12.15,20.49,0,4.74,24.83,0.8,1.0,66.67,4,1,0.3606,Estabilizado,Operação Normal
2026-08-27T21:00:52.644292,9653-10,33356,2,PÇA. DO CORREIO,PEDRA BRANCA,3,18:00,11,5.5,12,20.0,25.65,25.65,0.0,10000,2.24,800,4.73,18.71,36.68,0,4.74,35.61,0.8,1.0,68.18,15,4,0.3913,Estabilizado,Operação Normal
2026-08-27T21:00:52.644292,4003-10,34927,2,E.T. ITAQUERA,INÁCIO MONTEIRO,3,18:00,4,15.0,4,20.0,25.65,25.65,0.0,10000,2.24,800,3.31,32.02,37.83,1,4.74,50.67,0.8,1.0,75.0,6,2,0.446,Estabilizado,Operação Normal
2026-08-27T21:00:52.644292,675N-10,362,1,METRÔ ANA ROSA,TERM. STO. AMARO,3,18:00,6,10.0,6,20.0,25.65,25.65,0.0,10000,2.24,800,5.58,14.05,31.69,0,4.74,41.56,0.8,1.0,66.67,8,2,0.4024,Estabilizado,Operação Normal
2026-08-27T21:00:52.644292,5611-10,598,1,PÇA. JOÃO MENDES,ELDORADO,3,18:00,6,10.0,6,20.0,25.65,25.65,0.0,10000,2.24,800,5.18,16.31,34.31,1,4.74,63.76,0.8,1.0,75.0,9,3,0.4788,Estabilizado,Operação Normal
2026-08-27T21:00:52.644292,3051-10,35214,2,TERM. A. E. CARVALHO,ERMELINO MATARAZZO,3,18:00,1,60.0,1,20.0,25.65,25.65,0.0,10000,2.24,800,2.87,27.1,37.54,0,4.74,22.59,0.8,0.333,100.0,2,1,0.505,Estabilizado,Operação Normal
2026-08-27T21:00:52.644292,106A-10,516,1,ITAIM BIBI,METRÔ SANTANA,3,18:00,25,3.0,27,20.0,25.65,25.65,0.0,10000,2.24,800,5.84,13.84,31.83,1,4.74,68.38,0.8,1.0,74.0,37,12,0.4878,Estabilizado,Operação Normal
2026-08-27T21:00:52.644292,1772-10,33403,2,METRÔ TUCURUVI,RECANTO VERDE,3,18:00,10,6.0,11,20.0,25.65,25.65,0.0,10000,2.24,800,7.91,9.12,26.77,0,4.74,57.87,0.8,1.0,75.0,15,5,0.464,Estabilizado,Operação Normal
2026-08-27T21:00:52.644292,2029-10,35038,2,METRÔ TUCURUVI,JD. FONTÁLIS,3,18:00,6,10.0,6,20.0,25.65,25.65,0.0,10000,2.24,800,6.68,11.17,24.88,0,4.74,49.26,0.8,1.0,66.67,8,2,0.4217,Estabilizado,Operação Normal
2026-08-27T21:00:52.644292,5119-10,1,1,LGO. SÃO FRANCISCO,TERM. CAPELINHA,3,18:00,12,5.0,13,20.0,25.65,25.65,0.0,10000,2.24,800,3.62,18.95,31.3,1,4.74,52.84,0.8,1.0,70.83,17,5,0.441,Estabilizado,Operação Normal
2026-08-27T21:00:52.644292,648P-10,32834,2,TERM. PINHEIROS,TERM. CAPELINHA,3,18:00,3,20.0,3,20.0,25.65,25.65,0.0,10000,2.24,800,6.07,14.64,32.92,1,4.74,69.99,0.8,1.0,83.33,5,2,0.5151,Estabilizado,Operação Normal
2026-08-27T21:00:52.644292,271M-10,684,1,METRÔ SANTANA,PQ. NOVO MUNDO,3,18:00,7,8.6,7,20.0,25.65,25.65,0.0,10000,2.24,800,2.77,21.02,32.32,0,4.74,21.89,0.8,1.0,57.14,8,1,0.3294,Estabilizado,Operação Normal
2026-08-27T21:00:52.644292,6039-21,35261,2,COHAB JD. SÃO BENTO,TERM. CAPELINHA,3,18:00,4,15.0,4,20.0,25.65,25.65,0.0,10000,2.24,800,5.22,18.42,37.25,0,4.74,39.04,0.8,1.0,62.5,5,1,0.3857,Estabilizado,Operação Normal
2026-08-27T21:00:52.644292,2076-10,368,1,TERM. PENHA,JD. DAS OLIVEIRAS,3,18:00,5,12.0,5,20.0,25.65,25.65,0.0,10000,2.24,800,3.39,20.05,28.93,0,4.74,26.23,0.8,1.0,60.0,6,1,0.3474,Estabilizado,Operação Normal
2026-08-27T21:00:52.644292,695Y-42,35400,2,TERM. EST. VARGINHA,TERM. PARELHEIROS,3,18:00,7,8.6,7,20.0,25.65,25.65,0.0,10000,2.24,800,3.91,17.82,30.13,0,4.74,29.87,0.8,1.0,64.29,9,2,0.3673,Estabilizado,Operação Normal
2026-08-27T21:00:52.644292,7060-10,1889,1,TERM. CAMPO LIMPO,VALO VELHO,3,18:00,2,30.0,2,20.0,25.65,25.65,0.0,10000,2.24,800,4.05,21.98,31.5,1,4.74,55.85,0.8,0.667,75.0,3,1,0.4923,Estabilizado,Operação Normal
2026-08-27T21:00:52.644292,9009-10,877,1,TERM. CACHOEIRINHA,COHAB BRASILÂNDIA,3,18:00,9,6.7,9,20.0,25.65,25.65,0.0,10000,2.24,800,2.85,18.26,24.57,0,4.74,22.45,0.8,1.0,61.11,11,2,0.3407,Estabilizado,Operação Normal
2026-08-27T21:00:52.644292,6051-10,33911,2,TERM. EST. VARGINHA,JD. ITAJAÍ,3,18:00,4,15.0,4,20.0,25.65,25.65,0.0,10000,2.24,800,1.4,18.7,20.42,0,4.74,12.3,0.8,1.0,62.5,5,1,0.3188,Estabilizado,Operação Normal
2026-08-27T21:00:52.644292,2770-10,33011,2,METRÔ VL. MATILDE,CPTM JOSÉ BONIFÁCIO,3,18:00,4,15.0,4,20.0,25.65,25.65,0.0,10000,2.24,800,5.38,18.2,33.23,1,4.74,65.16,0.8,1.0,75.0,6,2,0.4822,Estabilizado,Operação Normal
2026-08-27T21:00:52.644292,736I-10,33549,2,STO. AMARO,JD. INGÁ,3,18:00,6,10.0,6,20.0,25.65,25.65,0.0,10000,2.24,800,8.45,9.95,47.07,0,4.74,61.65,0.8,1.0,66.67,8,2,0.4526,Estabilizado,Operação Normal
2026-08-27T21:00:52.644292,978T-10,889,1,METRÔ BARRA FUNDA,JD. GUARANI,3,18:00,19,3.2,20,20.0,25.65,25.65,0.0,10000,2.24,800,3.78,14.3,26.16,0,4.74,28.96,0.8,1.0,63.16,24,5,0.3621,Estabilizado,Operação Normal
2026-08-27T21:00:52.644292,675G-10,32874,2,METRÔ JABAQUARA,PQ. RES. COCAIA,3,18:00,9,6.7,9,20.0,25.65,25.65,0.0,10000,2.24,800,6.28,13.31,32.9,1,4.74,71.46,0.8,1.0,72.22,13,4,0.491,Estabilizado,Operação Normal
2026-08-27T21:00:52.644292,3785-10,33831,2,METRÔ ITAQUERA,COHAB BARRO BRANCO,3,18:00,7,8.6,7,20.0,25.65,25.65,0.0,10000,2.24,800,3.61,29.06,40.7,0,4.74,27.77,0.8,1.0,64.29,9,2,0.362,Estabilizado,Operação Normal
2026-08-27T21:00:52.644292,4221-10,33093,2,TERM. PQ. D. PEDRO II,JD. PLANALTO,3,18:00,4,15.0,4,20.0,25.65,25.65,0.0,10000,2.24,800,4.45,17.87,30.13,1,4.74,58.65,0.8,1.0,75.0,6,2,0.466,Estabilizado,Operação Normal
2026-08-27T21:00:52.644292,271A-51,703,1,METRÔ SANTANA,CANGAÍBA,3,18:00,4,15.0,4,20.0,25.65,25.65,0.0,10000,2.24,800,3.63,20.51,34.02,0,4.74,27.91,0.8,1.0,62.5,5,1,0.3579,Estabilizado,Operação Normal
2026-08-27T21:00:52.644292,1178-31,34580,2,PÇA. DO CORREIO,SÃO MIGUEL,3,18:00,5,12.0,5,20.0,25.65,25.65,0.0,10000,2.24,800,5.48,19.13,33.96,0,4.74,40.86,0.8,1.0,70.0,7,2,0.409,Estabilizado,Operação Normal
2026-08-27T21:00:52.644292,3761-10,1051,1,METRÔ CARRÃO,3A. DIVISÃO,3,18:00,7,8.6,7,20.0,25.65,25.65,0.0,10000,2.24,800,4.81,21.03,35.53,0,4.74,36.17,0.8,1.0,64.29,9,2,0.383,Estabilizado,Operação Normal
2026-08-27T21:00:52.644292,695Y-10,33966,2,METRÔ VL. MARIANA,TERM. PARELHEIROS,3,18:00,10,6.0,11,20.0,25.65,25.65,0.0,10000,2.24,800,3.74,17.87,31.92,0,4.74,28.68,0.8,1.0,65.0,13,3,0.366,Estabilizado,Operação Normal
2026-08-27T21:00:52.644292,407P-10,34968,2,METRÔ TATUAPÉ,TERM. CID. TIRADENTES,3,18:00,16,3.8,17,20.0,25.65,25.65,0.0,10000,2.24,800,3.53,29.34,38.6,1,4.74,52.21,0.8,1.0,68.75,22,6,0.4343,Estabilizado,Operação Normal
2026-08-27T21:00:52.644292,5300-10,33122,2,TERM. PQ. D. PEDRO II,TERM. STO. AMARO,3,18:00,12,5.0,13,20.0,25.65,25.65,0.0,10000,2.24,800,3.62,17.83,32.02,1,4.74,52.84,0.8,1.0,70.83,17,5,0.441,Estabilizado,Operação Normal
2026-08-27T21:00:52.644292,609J-10,2242,1,METRÔ SÃO JUDAS,AEROPORTO,3,18:00,2,30.0,2,20.0,25.65,25.65,0.0,10000,2.24,800,4.47,21.45,37.0,1,4.74,58.79,0.8,0.667,75.0,3,1,0.4996,Estabilizado,Operação Normal
2026-08-27T21:00:52.644292,2203-10,33679,2,SHOP. PENHA,BURGO PAULISTA,3,18:00,3,20.0,3,20.0,25.65,25.65,0.0,10000,2.24,800,4.47,18.93,31.44,0,4.74,33.79,0.8,1.0,66.67,4,1,0.383,Estabilizado,Operação Normal
2026-08-27T21:00:52.644292,263J-10,219,1,CONJ. JOSÉ BONIFÁCIO,PENHA,3,18:00,8,7.5,8,20.0,25.65,25.65,0.0,10000,2.24,800,2.74,20.02,31.53,1,4.74,46.68,0.8,1.0,68.75,11,3,0.4204,Estabilizado,Operação Normal
2026-08-27T21:00:52.644292,807A-10,1900,1,TERM. STO. AMARO,TERM. CAMPO LIMPO,3,18:00,3,20.0,3,20.0,25.65,25.65,0.0,10000,2.24,800,3.94,19.33,33.01,0,4.74,30.08,0.8,1.0,66.67,4,1,0.3737,Estabilizado,Operação Normal
2026-08-27T21:00:52.644292,175T-10,623,1,METRÔ JABAQUARA,METRÔ SANTANA,3,18:00,17,3.5,18,20.0,25.65,25.65,0.0,10000,2.24,800,4.28,17.35,33.96,1,4.74,57.46,0.8,1.0,70.59,24,7,0.452,Estabilizado,Operação Normal
2026-08-27T21:00:52.644292,3746-10,33051,2,METRÔ BELÉM,JD. IMPERADOR,3,18:00,8,7.5,8,20.0,25.65,25.65,0.0,10000,2.24,800,3.8,18.77,31.57,0,4.74,29.1,0.8,1.0,62.5,10,2,0.3609,Estabilizado,Operação Normal
2026-08-27T21:00:52.644292,1178-10,132,1,PÇA. DO CORREIO,SÃO MIGUEL,3,18:00,5,12.0,5,20.0,25.65,25.65,0.0,10000,2.24,800,3.96,14.91,31.34,1,4.74,55.22,0.8,1.0,70.0,7,2,0.4449,Estabilizado,Operação Normal
2026-08-27T21:00:52.644292,273X-10,33160,2,METRÔ ARTUR ALVIM,JD. DAS OLIVEIRAS,3,18:00,8,7.5,8,20.0,25.65,25.65,0.0,10000,2.24,800,2.24,22.95,30.41,1,4.74,43.18,0.8,1.0,62.5,10,2,0.3961,Estabilizado,Operação Normal
2026-08-27T21:00:52.644292,917H-10,33224,2,METRÔ VL. MARIANA,TERM. PIRITUBA,3,18:00,15,4.0,16,20.0,25.65,25.65,0.0,10000,2.24,800,3.97,18.15,32.25,0,4.74,30.29,0.8,1.0,63.33,19,4,0.3659,Estabilizado,Operação Normal
2026-08-27T21:00:52.644292,6035-10,1213,1,STO. AMARO,VL. GILDA,3,18:00,4,15.0,4,20.0,25.65,25.65,0.0,10000,2.24,800,3.2,15.96,33.19,0,4.74,24.9,0.8,1.0,62.5,5,1,0.3503,Estabilizado,Operação Normal
2026-08-27T21:00:52.644292,3459-10,402,1,TERM. PQ. D. PEDRO II,ITAIM PAULISTA,3,18:00,21,3.0,23,20.0,25.65,25.65,0.0,10000,2.24,800,4.88,16.54,30.75,1,4.74,61.66,0.8,1.0,73.81,31,10,0.4705,Estabilizado,Operação Normal
2026-08-27T21:00:52.644292,477A-10,33114,2,TERM. PINHEIROS,SACOMÃ,3,18:00,7,8.6,7,20.0,25.65,25.65,0.0,10000,2.24,800,5.57,9.44,26.03,0,4.74,41.49,0.8,1.0,64.29,9,2,0.3963,Estabilizado,Operação Normal
2026-08-27T21:00:52.644292,637V-10,32872,2,TERM. STO. AMARO,PQ. AMÉRICA,3,18:00,4,15.0,4,20.0,25.65,25.65,0.0,10000,2.24,800,2.81,24.23,31.93,0,4.74,22.17,0.8,1.0,62.5,5,1,0.3435,Estabilizado,Operação Normal
2026-08-27T21:00:52.644292,4312-10,34940,2,TERM. PQ. D. PEDRO II,JD. MARÍLIA,3,18:00,12,5.0,13,20.0,25.65,25.65,0.0,10000,2.24,800,3.79,20.14,33.08,1,4.74,54.03,0.8,1.0,70.83,17,5,0.444,Estabilizado,Operação Normal
2026-08-27T21:00:52.644292,807M-10,1916,1,SHOP. MORUMBI,TERM. CAMPO LIMPO,3,18:00,9,6.7,9,20.0,25.65,25.65,0.0,10000,2.24,800,5.01,16.4,33.42,1,4.74,62.57,0.8,1.0,72.22,13,4,0.4688,Estabilizado,Operação Normal
2026-08-27T21:00:52.644292,675K-10,198,1,METRÔ STA. CRUZ,TERM. JD. ÂNGELA,3,18:00,7,8.6,7,20.0,25.65,25.65,0.0,10000,2.24,800,4.69,16.14,33.69,0,4.74,35.33,0.8,1.0,64.29,9,2,0.3809,Estabilizado,Operação Normal
2026-08-27T21:00:52.644292,1773-10,33405,2,MANDAQUI,CEM. PQ. DOS PINHEIROS,3,18:00,5,12.0,5,20.0,25.65,25.65,0.0,10000,2.24,800,2.97,20.7,31.56,0,4.74,23.29,0.8,1.0,60.0,6,1,0.3401,Estabilizado,Operação Normal
2026-08-27T21:00:52.644292,3010-10,35311,2,TERM. A. E. CARVALHO,CEM. DA SAUDADE,3,18:00,2,30.0,2,20.0,25.65,25.65,0.0,10000,2.24,800,3.3,22.03,32.55,0,4.74,25.6,0.8,0.667,75.0,3,1,0.4166,Estabilizado,Operação Normal
2026-08-27T21:00:52.644292,3787-10,34380,2,METRÔ ITAQUERA,CID. TIRADENTES,3,18:00,7,8.6,7,20.0,25.65,25.65,0.0,10000,2.24,800,4.48,21.03,34.6,0,4.74,33.86,0.8,1.0,64.29,9,2,0.3772,Estabilizado,Operação Normal
2026-08-27T21:00:52.644292,519L-10,35399,2,METRÔ SÃO JUDAS,VL. LIVIERO,3,18:00,3,20.0,3,20.0,25.65,25.65,0.0,10000,2.24,800,6.17,16.69,32.6,0,4.74,45.69,0.8,1.0,66.67,4,1,0.4128,Estabilizado,Operação Normal
2026-08-27T21:00:52.644292,2730-10,945,1,METRÔ ARTUR ALVIM,VL. JACUI,3,18:00,7,8.6,7,20.0,25.65,25.65,0.0,10000,2.24,800,3.24,20.82,30.88,0,4.74,25.18,0.8,1.0,64.29,9,2,0.3555,Estabilizado,Operação Normal
2026-08-27T21:00:52.644292,172R-10,859,1,METRÔ BELÉM,JAÇANÃ,3,18:00,10,6.0,11,20.0,25.65,25.65,0.0,10000,2.24,800,3.1,20.52,32.87,1,4.74,49.2,0.8,1.0,70.0,14,4,0.4299,Estabilizado,Operação Normal
2026-08-27T21:00:52.644292,208V-10,207,1,TERM. PQ. D. PEDRO II,TERM. A. E. CARVALHO,3,18:00,7,8.6,7,20.0,25.65,25.65,0.0,10000,2.24,800,3.92,18.75,30.04,1,4.74,54.94,0.8,1.0,71.43,10,3,0.4478,Estabilizado,Operação Normal
2026-08-27T21:00:52.644292,5111-10,32816,2,TERM. PQ. D. PEDRO II,TERM. STO. AMARO,3,18:00,9,6.7,9,20.0,25.65,25.65,0.0,10000,2.24,800,5.25,13.18,28.95,1,4.74,64.25,0.8,1.0,72.22,13,4,0.473,Estabilizado,Operação Normal
2026-08-27T21:00:52.644292,4732-10,33070,2,METRÔ SAÚDE,VL. LIVIERO,3,18:00,4,15.0,4,20.0,25.65,25.65,0.0,10000,2.24,800,3.38,17.45,28.21,0,4.74,26.16,0.8,1.0,62.5,5,1,0.3535,Estabilizado,Operação Normal
2026-08-27T21:00:52.644292,6062-10,1151,1,JD. CASTRO ALVES,TERM. GRAJAÚ,3,18:00,5,12.0,5,20.0,25.65,25.65,0.0,10000,2.24,800,3.2,18.82,23.3,0,4.74,24.9,0.8,1.0,60.0,6,1,0.3441,Estabilizado,Operação Normal
2026-08-27T21:00:52.644292,7267-10,1427,1,PÇA. RAMOS DE AZEVEDO,APIACÁS,3,18:00,3,20.0,3,20.0,25.65,25.65,0.0,10000,2.24,800,4.25,15.0,30.42,0,4.74,32.25,0.8,1.0,66.67,4,1,0.3791,Estabilizado,Operação Normal
2026-08-27T21:00:52.644292,2767-10,241,1,METRÔ TATUAPÉ,CID. PEDRO JOSÉ NUNES,3,18:00,3,20.0,3,20.0,25.65,25.65,0.0,10000,2.24,800,2.89,20.53,32.86,0,4.74,22.73,0.8,1.0,66.67,4,1,0.3553,Estabilizado,Operação Normal
2026-08-27T21:00:52.644292,546J-31,34783,2,STO. AMARO,JD. SELMA,3,18:00,4,15.0,4,20.0,25.65,25.65,0.0,10000,2.24,800,5.61,13.44,31.39,0,4.74,41.77,0.8,1.0,62.5,5,1,0.3925,Estabilizado,Operação Normal
2026-08-27T21:00:52.644292,8026-10,34851,2,TERM. VL. SÔNIA,JD. INGÁ,3,18:00,5,12.0,5,20.0,25.65,25.65,0.0,10000,2.24,800,3.84,20.63,29.59,0,4.74,29.38,0.8,1.0,60.0,6,1,0.3553,Estabilizado,Operação Normal
2026-08-27T21:00:52.644292,5630-10,32846,2,METRÔ BRÁS,TERM. GRAJAÚ,3,18:00,14,4.3,15,20.0,25.65,25.65,0.0,10000,2.24,800,4.51,20.0,34.95,1,4.74,59.07,0.8,1.0,71.43,20,6,0.4581,Estabilizado,Operação Normal
2026-08-27T21:00:52.644292,273R-10,32994,2,METRÔ ARTUR ALVIM,JD. ROBRU,3,18:00,12,5.0,13,20.0,25.65,25.65,0.0,10000,2.24,800,4.55,20.95,38.23,0,4.74,34.35,0.8,1.0,66.67,16,4,0.3844,Estabilizado,Operação Normal
2026-08-27T21:00:52.644292,3737-10,1037,1,SHOP.ARICANDUVA,METRÔ GUILHERMINA/ESPERANÇA,3,18:00,6,10.0,6,20.0,25.65,25.65,0.0,10000,2.24,800,3.97,22.36,36.51,0,4.74,30.29,0.8,1.0,66.67,8,2,0.3743,Estabilizado,Operação Normal
2026-08-27T21:00:52.644292,574W-10,1629,1,METRÔ BELÉM,JD. WALKIRIA,3,18:00,8,7.5,8,20.0,25.65,25.65,0.0,10000,2.24,800,3.19,19.41,30.48,0,4.74,24.83,0.8,1.0,62.5,10,2,0.3502,Estabilizado,Operação Normal
2026-08-27T21:00:52.644292,2720-10,933,1,METRÔ GUILHERMINA/ESPERANÇA,JD. BELÉM,3,18:00,9,6.7,9,20.0,25.65,25.65,0.0,10000,2.24,800,3.41,18.88,28.2,0,4.74,26.37,0.8,1.0,61.11,11,2,0.3505,Estabilizado,Operação Normal
2026-08-27T21:00:52.644292,745M-21,34752,2,PQ. FIGUEIRA GRANDE,CAMPO LIMPO,3,18:00,3,20.0,3,20.0,25.65,25.65,0.0,10000,2.24,800,5.47,14.15,24.82,0,4.74,40.79,0.8,1.0,66.67,4,1,0.4005,Estabilizado,Operação Normal
2026-08-27T21:00:52.644292,516N-10,33034,2,PÇA. D. GASTÃO,JD. MIRIAM,3,18:00,14,4.3,15,20.0,25.65,25.65,0.0,10000,2.24,800,5.82,14.05,33.26,0,4.74,43.24,0.8,1.0,67.86,19,5,0.4096,Estabilizado,Operação Normal
2026-08-27T21:00:52.644292,5175-10,593,1,PÇA. DA SÉ,BALN. SÃO FRANCISCO,3,18:00,13,4.6,14,20.0,25.65,25.65,0.0,10000,2.24,800,6.04,10.71,30.48,1,4.74,69.78,0.8,1.0,76.92,20,7,0.4986,Estabilizado,Operação Normal
2026-08-27T21:00:52.644292,4033-10,33871,2,NOVA CONQUISTA,JD. GUAIRACÁ,3,18:00,7,8.6,7,20.0,25.65,25.65,0.0,10000,2.24,800,3.73,18.2,32.29,1,4.74,53.61,0.8,1.0,71.43,10,3,0.4445,Estabilizado,Operação Normal
2026-08-27T21:00:52.644292,746P-10,788,1,STO. AMARO,PARAISÓPOLIS,3,18:00,10,6.0,11,20.0,25.65,25.65,0.0,10000,2.24,800,4.49,13.48,24.92,0,4.74,33.93,0.8,1.0,70.0,14,4,0.3917,Estabilizado,Operação Normal
2026-08-27T21:00:52.644292,5031-21,34515,2,TERM. SACOMÃ,VL. CDE. DO PINHAL,3,18:00,2,30.0,2,20.0,25.65,25.65,0.0,10000,2.24,800,4.12,16.08,33.68,0,4.74,31.34,0.8,0.667,75.0,3,1,0.431,Estabilizado,Operação Normal
2026-08-27T21:00:52.644292,846M-10,33190,2,TERM. PINHEIROS,VL. PIAUÍ,3,18:00,2,30.0,2,20.0,25.65,25.65,0.0,10000,2.24,800,7.73,7.37,21.42,0,4.74,56.61,0.8,0.667,75.0,3,1,0.4942,Estabilizado,Operação Normal
2026-08-27T21:00:52.644292,576M-10,604,1,PINHEIROS,VL. CLARA,3,18:00,8,7.5,8,20.0,25.65,25.65,0.0,10000,2.24,800,6.37,12.16,30.14,0,4.74,47.09,0.8,1.0,68.75,11,3,0.4214,Estabilizado,Operação Normal
2026-08-27T21:00:52.644292,373T-10,33859,2,METRÔ BRESSER,JD. ITÁPOLIS,3,18:00,11,5.5,12,20.0,25.65,25.65,0.0,10000,2.24,800,4.45,17.66,30.25,1,4.74,58.65,0.8,1.0,72.73,16,5,0.4603,Estabilizado,Operação Normal
2026-08-27T21:00:52.644292,3004-10,1798,1,CPTM VL. MARA/ITAIM,JD. SÃO MARTINHO,3,18:00,2,30.0,2,20.0,25.65,25.65,0.0,10000,2.24,800,3.2,20.54,25.04,0,4.74,24.9,0.8,0.667,75.0,3,1,0.4149,Estabilizado,Operação Normal
2026-08-27T21:00:52.644292,477P-10,33116,2,RIO PEQUENO,IPIRANGA,3,18:00,15,4.0,16,20.0,25.65,25.65,0.0,10000,2.24,800,6.07,12.32,27.92,0,4.74,44.99,0.8,1.0,66.67,20,5,0.411,Estabilizado,Operação Normal
2026-08-27T21:00:52.644292,7055-10,1888,1,TERM. CAMPO LIMPO,JD. GUARUJÁ,3,18:00,5,12.0,5,20.0,25.65,25.65,0.0,10000,2.24,800,3.63,16.39,27.02,0,4.74,27.91,0.8,1.0,60.0,6,1,0.3516,Estabilizado,Operação Normal
2026-08-27T21:00:52.644292,5106-31,34073,2,METRÔ ANA ROSA,JD. UBIRAJARA,3,18:00,10,6.0,11,20.0,25.65,25.65,0.0,10000,2.24,800,3.24,18.47,30.3,0,4.74,25.18,0.8,1.0,65.0,13,3,0.3573,Estabilizado,Operação Normal
2026-08-27T21:00:52.644292,189L-10,35218,2,LAPA,CONEXÃO VL. IÓRIO,3,18:00,4,15.0,4,20.0,25.65,25.65,0.0,10000,2.24,800,6.51,20.5,41.04,0,4.74,48.07,0.8,1.0,75.0,6,2,0.4395,Estabilizado,Operação Normal
2026-08-27T21:00:52.644292,209P-10,34984,2,TERM. PINHEIROS,CACHOEIRINHA,3,18:00,9,6.7,9,20.0,25.65,25.65,0.0,10000,2.24,800,5.8,12.04,27.13,0,4.74,43.1,0.8,1.0,66.67,12,3,0.4063,Estabilizado,Operação Normal
2026-08-27T21:00:52.644292,715M-10,33258,2,LGO. DA PÓLVORA,JD. MARIA LUIZA,3,18:00,8,7.5,8,20.0,25.65,25.65,0.0,10000,2.24,800,4.3,15.79,29.99,1,4.74,57.6,0.8,1.0,68.75,11,3,0.4477,Estabilizado,Operação Normal
2026-08-27T21:00:52.644292,2034-10,35391,2,CENTRO TEA,METRÔ TIETÊ,3,18:00,2,30.0,2,20.0,25.65,25.65,0.0,10000,2.24,800,2.68,28.08,38.82,1,4.74,46.26,0.8,0.667,75.0,3,1,0.4683,Estabilizado,Operação Normal
2026-08-27T21:00:52.644292,4016-10,2189,1,TERM. SÃO MATEUS,PQ. SÃO RAFAEL,3,18:00,2,30.0,2,20.0,25.65,25.65,0.0,10000,2.24,800,2.6,23.83,26.11,0,4.74,20.7,0.8,0.667,75.0,3,1,0.4044,Estabilizado,Operação Normal
2026-08-27T21:00:52.644292,1783-10,33412,2,METRÔ SANTANA,CACHOEIRA,3,18:00,8,7.5,8,20.0,25.65,25.65,0.0,10000,2.24,800,4.27,16.13,30.6,0,4.74,32.39,0.8,1.0,62.5,10,2,0.3691,Estabilizado,Operação Normal
2026-08-27T21:00:52.644292,6045-21,2164,1,CHÁC. STA. MARIA,TERM. CAPELINHA,3,18:00,4,15.0,4,20.0,25.65,25.65,0.0,10000,2.24,800,3.15,18.68,31.31,1,4.74,49.55,0.8,1.0,75.0,6,2,0.4432,Estabilizado,Operação Normal
2026-08-27T21:00:52.644292,5109-10,34619,2,TERM. MERCADO,TERM. VL. PRUDENTE,3,18:00,5,12.0,5,20.0,25.65,25.65,0.0,10000,2.24,800,4.9,18.85,35.43,1,4.74,61.8,0.8,1.0,70.0,7,2,0.4613,Estabilizado,Operação Normal
2026-08-27T21:00:52.644292,2715-10,33696,2,METRÔ PATRIARCA,VL. SÍLVIA,3,18:00,6,10.0,6,20.0,25.65,25.65,0.0,10000,2.24,800,5.69,19.4,38.95,0,4.74,42.33,0.8,1.0,66.67,8,2,0.4043,Estabilizado,Operação Normal
2026-08-27T21:00:52.644292,6013-10,32954,2,TERM. STO. AMARO,JD. NAKAMURA,3,18:00,5,12.0,5,20.0,25.65,25.65,0.0,10000,2.24,800,4.33,16.41,24.16,0,4.74,32.81,0.8,1.0,60.0,6,1,0.3639,Estabilizado,Operação Normal
2026-08-27T21:00:52.644292,507T-10,34976,2,METRÔ CARRÃO,TERM. SAPOPEMBA,3,18:00,12,5.0,13,20.0,25.65,25.65,0.0,10000,2.24,800,3.11,20.63,36.18,0,4.74,24.27,0.8,1.0,62.5,15,3,0.3488,Estabilizado,Operação Normal
2026-08-27T21:00:52.644292,7040-10,776,1,PINHEIROS,PARAISÓPOLIS,3,18:00,9,6.7,9,20.0,25.65,25.65,0.0,10000,2.24,800,6.65,13.66,32.58,0,4.74,49.05,0.8,1.0,66.67,12,3,0.4212,Estabilizado,Operação Normal
2026-08-27T21:00:52.644292,746P-10,33556,2,STO. AMARO,PARAISÓPOLIS,3,18:00,10,6.0,11,20.0,25.65,25.65,0.0,10000,2.24,800,4.02,12.43,31.42,0,4.74,30.64,0.8,1.0,65.0,13,3,0.371,Estabilizado,Operação Normal
2026-08-27T21:00:52.644292,1764-10,33393,2,METRÔ SANTANA,JD. CORISCO,3,18:00,6,10.0,6,20.0,25.65,25.65,0.0,10000,2.24,800,5.65,16.22,33.98,0,4.74,42.05,0.8,1.0,66.67,8,2,0.4037,Estabilizado,Operação Normal
2026-08-27T21:00:52.644292,3721-10,1019,1,SHOP. ARICANDUVA,METRÔ ARTUR ALVIM,3,18:00,8,7.5,8,20.0,25.65,25.65,0.0,10000,2.24,800,4.36,24.26,32.77,1,4.74,58.02,0.8,1.0,68.75,11,3,0.4488,Estabilizado,Operação Normal
2026-08-27T21:00:52.644292,2735-10,34689,2,METRÔ PENHA,JD. KERALUX,3,18:00,7,8.6,7,20.0,25.65,25.65,0.0,10000,2.24,800,4.89,18.07,31.28,0,4.74,36.73,0.8,1.0,64.29,9,2,0.3844,Estabilizado,Operação Normal
2026-08-27T21:00:52.644292,2007-10,896,1,CPTM ITAIM PAULISTA,CID. KEMEL II,3,18:00,6,10.0,6,20.0,25.65,25.65,0.0,10000,2.24,800,2.84,18.56,26.18,0,4.74,22.38,0.8,1.0,58.33,7,1,0.3336,Estabilizado,Operação Normal
2026-08-27T21:00:52.644292,148L-10,33299,2,LAPA,COHAB ANTÁRTICA,3,18:00,13,4.6,14,20.0,25.65,25.65,0.0,10000,2.24,800,3.33,20.05,27.82,1,4.74,50.81,0.8,1.0,69.23,18,5,0.4319,Estabilizado,Operação Normal
2026-08-27T21:00:52.644292,546L-10,34053,2,TERM. STO. AMARO,JD. LUSO,3,18:00,9,6.7,9,20.0,25.65,25.65,0.0,10000,2.24,800,3.39,19.61,28.13,0,4.74,26.23,0.8,1.0,61.11,11,2,0.3502,Estabilizado,Operação Normal
2026-08-27T21:00:52.644292,5300-10,354,1,TERM. PQ. D. PEDRO II,TERM. STO. AMARO,3,18:00,9,6.7,9,20.0,25.65,25.65,0.0,10000,2.24,800,3.47,14.44,26.26,1,4.74,51.79,0.8,1.0,66.67,12,3,0.428,Estabilizado,Operação Normal
2026-08-27T21:00:52.644292,312N-10,990,1,SÃO MIGUEL PAULISTA,TERM. CID. TIRADENTES,3,18:00,6,10.0,6,20.0,25.65,25.65,0.0,10000,2.24,800,3.41,16.99,27.58,1,4.74,51.37,0.8,1.0,66.67,8,2,0.4269,Estabilizado,Operação Normal
2026-08-27T21:00:52.644292,3069-10,33752,2,TERM. SÃO MATEUS,JD. RECANTO VERDE SOL,3,18:00,5,12.0,5,20.0,25.65,25.65,0.0,10000,2.24,800,1.9,27.62,35.27,0,4.74,15.8,0.8,1.0,60.0,6,1,0.3214,Estabilizado,Operação Normal
2026-08-27T21:00:52.644292,6092-10,33945,2,TERM. GRAJAÚ,JD. DAS PEDRAS,3,18:00,4,15.0,4,20.0,25.65,25.65,0.0,10000,2.24,800,8.76,8.17,32.92,0,4.74,63.82,0.8,1.0,75.0,6,2,0.4789,Estabilizado,Operação Normal
2026-08-27T21:00:52.644292,6072-10,1588,1,TERM. VARGINHA,JD. SÃO NICOLAU,3,18:00,9,6.7,9,20.0,25.65,25.65,0.0,10000,2.24,800,4.08,15.4,28.56,0,4.74,31.06,0.8,1.0,61.11,11,2,0.3623,Estabilizado,Operação Normal
2026-08-27T21:00:52.644292,8215-10,33342,2,PÇA. DO CORREIO,JD. PAULISTANO,3,18:00,7,8.6,7,20.0,25.65,25.65,0.0,10000,2.24,800,2.9,20.98,32.0,1,4.74,47.8,0.8,1.0,64.29,9,2,0.4121,Estabilizado,Operação Normal
2026-08-27T21:00:52.644292,6291-10,358,1,TERM. BANDEIRA,INOCOOP CAMPO LIMPO,3,18:00,7,8.6,7,20.0,25.65,25.65,0.0,10000,2.24,800,3.64,12.99,27.29,1,4.74,52.98,0.8,1.0,71.43,10,3,0.4429,Estabilizado,Operação Normal
2026-08-27T21:00:52.644292,957T-10,464,1,VL. OLÍMPIA,COHAB TAIPAS,3,18:00,5,12.0,5,20.0,25.65,25.65,0.0,10000,2.24,800,4.64,17.45,28.73,0,4.74,34.98,0.8,1.0,60.0,6,1,0.3693,Estabilizado,Operação Normal
2026-08-27T21:00:52.644292,5144-10,1627,1,TERM. PRINC. ISABEL,TERM. SAPOPEMBA,3,18:00,4,15.0,4,20.0,25.65,25.65,0.0,10000,2.24,800,4.77,15.99,30.17,0,4.74,35.89,0.8,1.0,62.5,5,1,0.3778,Estabilizado,Operação Normal
2026-08-27T21:00:52.644292,208V-10,32975,2,TERM. PQ. D. PEDRO II,TERM. A. E. CARVALHO,3,18:00,9,6.7,9,20.0,25.65,25.65,0.0,10000,2.24,800,5.64,15.89,33.17,1,4.74,66.98,0.8,1.0,72.22,13,4,0.4798,Estabilizado,Operação Normal
2026-08-27T21:00:52.644292,6034-10,32863,2,TERM. GRAJAÚ,PQ. RES. COCAIA,3,18:00,5,12.0,5,20.0,25.65,25.65,0.0,10000,2.24,800,6.56,15.33,34.82,0,4.74,48.42,0.8,1.0,70.0,7,2,0.4279,Estabilizado,Operação Normal
2026-08-27T21:00:52.644292,875C-10,478,1,METRÔ STA. CRUZ,TERM. LAPA,3,18:00,11,5.5,12,20.0,25.65,25.65,0.0,10000,2.24,800,5.67,12.24,27.94,0,4.74,42.19,0.8,1.0,68.18,15,4,0.4078,Estabilizado,Operação Normal
2026-08-27T21:00:52.644292,3732-10,33797,2,METRÔ ITAQUERA,CPTM JOSÉ BONIFÁCIO,3,18:00,6,10.0,6,20.0,25.65,25.65,0.0,10000,2.24,800,4.15,21.13,34.57,1,4.74,56.55,0.8,1.0,66.67,8,2,0.4399,Estabilizado,Operação Normal
2026-08-27T21:00:52.644292,3020-10,33726,2,SHOP. ARICANDUVA,COHAB JOSÉ BONIFÁCIO ,3,18:00,4,15.0,4,20.0,25.65,25.65,0.0,10000,2.24,800,3.23,26.48,32.76,1,4.74,50.11,0.8,1.0,75.0,6,2,0.4446,Estabilizado,Operação Normal
2026-08-27T21:00:52.644292,967A-10,568,1,PINHEIROS,IMIRIM,3,18:00,5,12.0,5,20.0,25.65,25.65,0.0,10000,2.24,800,4.76,17.51,31.82,1,4.74,60.82,0.8,1.0,70.0,7,2,0.4589,Estabilizado,Operação Normal
2026-08-27T21:00:52.644292,677Y-10,1240,1,TERM. CAPELINHA,JD. GUARUJÁ,3,18:00,3,20.0,3,20.0,25.65,25.65,0.0,10000,2.24,800,3.78,19.45,32.98,1,4.74,53.96,0.8,1.0,66.67,4,1,0.4334,Estabilizado,Operação Normal
2026-08-27T21:00:52.644292,6072-10,34356,2,TERM. VARGINHA,JD. SÃO NICOLAU,3,18:00,11,5.5,12,20.0,25.65,25.65,0.0,10000,2.24,800,3.19,21.74,32.05,0,4.74,24.83,0.8,1.0,63.64,14,3,0.353,Estabilizado,Operação Normal
2026-08-27T21:00:52.644292,938C-10,586,1,TERM. PRINC. ISABEL,COHAB TAIPAS,3,18:00,4,15.0,4,20.0,25.65,25.65,0.0,10000,2.24,800,3.41,20.44,26.21,0,4.74,26.37,0.8,1.0,62.5,5,1,0.354,Estabilizado,Operação Normal
2026-08-27T21:00:52.644292,1896-10,35288,2,PÇA. RAMOS DE AZEVEDO,JARAGUÁ,3,18:00,6,10.0,6,20.0,25.65,25.65,0.0,10000,2.24,800,6.59,16.33,31.17,1,4.74,73.63,0.8,1.0,75.0,9,3,0.5034,Estabilizado,Operação Normal
2026-08-27T21:00:52.644292,807J-10,34826,2,SHOP. MORUMBI,TERM. CAMPO LIMPO,3,18:00,7,8.6,7,20.0,25.65,25.65,0.0,10000,2.24,800,5.06,14.86,31.01,1,4.74,62.92,0.8,1.0,71.43,10,3,0.4677,Estabilizado,Operação Normal
2026-08-27T21:00:52.644292,4734-10,1109,1,METRÔ SAÚDE,VL. MORAES,3,18:00,9,6.7,9,20.0,25.65,25.65,0.0,10000,2.24,800,4.21,18.4,31.02,0,4.74,31.97,0.8,1.0,61.11,11,2,0.3645,Estabilizado,Operação Normal
2026-08-27T21:00:52.644292,3026-10,962,1,CPTM GUAIANASES,VL. IOLANDA II,3,18:00,9,6.7,9,20.0,25.65,25.65,0.0,10000,2.24,800,3.26,18.84,30.02,0,4.74,25.32,0.8,1.0,61.11,11,2,0.3479,Estabilizado,Operação Normal
2026-08-27T21:00:52.644292,1758-10,552,1,METRÔ SANTANA,JD. ANTÁRTICA,3,18:00,4,15.0,4,20.0,25.65,25.65,0.0,10000,2.24,800,4.36,19.25,32.98,0,4.74,33.02,0.8,1.0,62.5,5,1,0.3707,Estabilizado,Operação Normal
2026-08-27T21:00:52.644292,7004-10,34760,2,EST. STO. AMARO/GUIDO CALOI,TERM. JD. JACIRA,3,18:00,10,6.0,11,20.0,25.65,25.65,0.0,10000,2.24,800,2.58,14.71,28.53,0,4.74,20.56,0.8,1.0,65.0,13,3,0.3458,Estabilizado,Operação Normal
2026-08-27T21:00:52.644292,7281-10,34102,2,PÇA. RAMOS DE AZEVEDO,LAPA,3,18:00,5,12.0,5,20.0,25.65,25.65,0.0,10000,2.24,800,5.07,17.54,32.89,1,4.74,62.99,0.8,1.0,70.0,7,2,0.4643,Estabilizado,Operação Normal
2026-08-27T21:00:52.644292,2766-10,33173,2,METRÔ ITAQUERA,JD. CAMARGO VELHO,3,18:00,7,8.6,7,20.0,25.65,25.65,0.0,10000,2.24,800,4.28,19.2,31.78,1,4.74,57.46,0.8,1.0,71.43,10,3,0.4541,Estabilizado,Operação Normal
2026-08-27T21:00:52.644292,3766-10,1055,1,METRÔ ITAQUERA,COHAB II,3,18:00,5,12.0,5,20.0,25.65,25.65,0.0,10000,2.24,800,3.53,23.09,32.63,1,4.74,52.21,0.8,1.0,70.0,7,2,0.4374,Estabilizado,Operação Normal
2026-08-27T21:00:52.644292,957T-10,33232,2,VL. OLÍMPIA,COHAB TAIPAS,3,18:00,10,6.0,11,20.0,25.65,25.65,0.0,10000,2.24,800,4.06,14.07,27.83,1,4.74,55.92,0.8,1.0,75.0,15,5,0.4592,Estabilizado,Operação Normal
2026-08-27T21:00:52.644292,6821-10,32789,2,TERM. CAPELINHA,JD. JANGADEIRO,3,18:00,4,15.0,4,20.0,25.65,25.65,0.0,10000,2.24,800,4.22,17.42,32.46,0,4.74,32.04,0.8,1.0,62.5,5,1,0.3682,Estabilizado,Operação Normal
2026-08-27T21:00:52.644292,312N-10,33758,2,SÃO MIGUEL PAULISTA,TERM. CID. TIRADENTES,3,18:00,19,3.2,20,20.0,25.65,25.65,0.0,10000,2.24,800,3.92,14.89,30.24,1,4.74,54.94,0.8,1.0,68.42,26,7,0.4403,Estabilizado,Operação Normal
2026-08-27T21:00:52.644292,8549-10,580,1,PÇA. DO CORREIO,TAIPAS,3,18:00,7,8.6,7,20.0,25.65,25.65,0.0,10000,2.24,800,5.03,17.02,31.2,1,4.74,62.71,0.8,1.0,71.43,10,3,0.4672,Estabilizado,Operação Normal
2026-08-27T21:00:52.644292,7267-10,34195,2,PÇA. RAMOS DE AZEVEDO,APIACÁS,3,18:00,3,20.0,3,20.0,25.65,25.65,0.0,10000,2.24,800,5.66,14.6,31.1,1,4.74,67.12,0.8,1.0,83.33,5,2,0.508,Estabilizado,Operação Normal
2026-08-27T21:00:52.644292,8686-10,33214,2,LGO. DO PAISSANDÚ,MANGALOT,3,18:00,3,20.0,3,20.0,25.65,25.65,0.0,10000,2.24,800,3.87,17.09,29.32,0,4.74,29.59,0.8,1.0,66.67,4,1,0.3725,Estabilizado,Operação Normal
2026-08-27T21:00:52.644292,6200-10,355,1,TERM. BANDEIRA,TERM. STO. AMARO,3,18:00,10,6.0,11,20.0,25.65,25.65,0.0,10000,2.24,800,5.72,12.34,33.89,0,4.74,42.54,0.8,1.0,70.0,14,4,0.4132,Estabilizado,Operação Normal
2026-08-27T21:00:52.644292,5391-22,34546,2,JD. ÂNGELA,MOEMA,3,18:00,3,20.0,3,20.0,25.65,25.65,0.0,10000,2.24,800,7.37,14.5,33.39,0,4.74,54.09,0.8,1.0,66.67,4,1,0.4338,Estabilizado,Operação Normal
2026-08-27T21:00:52.644292,6091-10,1175,1,TERM. STO. AMARO,VARGEM GRANDE,3,18:00,14,4.3,15,20.0,25.65,25.65,0.0,10000,2.24,800,3.21,20.95,33.81,0,4.74,24.97,0.8,1.0,64.29,18,4,0.355,Estabilizado,Operação Normal
2026-08-27T21:00:52.644292,5614-10,34283,2,PÇA. JOÃO MENDES,ELDORADO,3,18:00,8,7.5,8,20.0,25.65,25.65,0.0,10000,2.24,800,4.78,21.07,42.08,1,4.74,60.96,0.8,1.0,68.75,11,3,0.4561,Estabilizado,Operação Normal
2026-08-27T21:00:52.644292,709G-10,34788,2,ITAIM BIBI,TERM. GUARAPIRANGA,3,18:00,9,6.7,9,20.0,25.65,25.65,0.0,10000,2.24,800,6.2,12.16,31.11,0,4.74,45.9,0.8,1.0,66.67,12,3,0.4133,Estabilizado,Operação Normal
2026-08-27T21:00:52.644292,1726-10,1403,1,METRÔ SANTANA,CEM. PQ. DOS PINHEIROS,3,18:00,8,7.5,8,20.0,25.65,25.65,0.0,10000,2.24,800,6.37,10.5,30.83,0,4.74,47.09,0.8,1.0,68.75,11,3,0.4214,Estabilizado,Operação Normal
2026-08-27T21:00:52.644292,5032-10,1662,1,TERM. SACOMÃ,VL. ARAPUÁ,3,18:00,8,7.5,8,20.0,25.65,25.65,0.0,10000,2.24,800,3.06,19.48,33.11,1,4.74,48.92,0.8,1.0,68.75,11,3,0.426,Estabilizado,Operação Normal
2026-08-27T21:00:52.644292,6475-10,1317,1,TERM. BANDEIRA,JD. VAZ DE LIMA,3,18:00,4,15.0,4,20.0,25.65,25.65,0.0,10000,2.24,800,3.16,23.84,37.01,0,4.74,24.62,0.8,1.0,62.5,5,1,0.3497,Estabilizado,Operação Normal
2026-08-27T21:00:52.644292,8050-10,33180,2,LAPA,PQ. MORRO DOCE,3,18:00,6,10.0,6,20.0,25.65,25.65,0.0,10000,2.24,800,4.86,18.53,37.1,0,4.74,36.52,0.8,1.0,66.67,8,2,0.3898,Estabilizado,Operação Normal
2026-08-27T21:00:52.644292,1745-10,546,1,SHOP. CENTER NORTE,VL.NOVA CACHOEIRINHA,3,18:00,4,15.0,4,20.0,25.65,25.65,0.0,10000,2.24,800,2.89,17.97,27.68,0,4.74,22.73,0.8,1.0,62.5,5,1,0.3449,Estabilizado,Operação Normal
2026-08-27T21:00:52.644292,775F-10,33564,2,HOSP. DAS CLÍNICAS,JD. DAS PALMAS,3,18:00,6,10.0,6,20.0,25.65,25.65,0.0,10000,2.24,800,3.1,19.1,28.71,1,4.74,49.2,0.8,1.0,66.67,8,2,0.4215,Estabilizado,Operação Normal
2026-08-27T21:00:52.644292,3766-10,33823,2,METRÔ ITAQUERA,COHAB II,3,18:00,10,6.0,11,20.0,25.65,25.65,0.0,10000,2.24,800,2.59,27.93,37.69,1,4.74,45.63,0.8,1.0,70.0,14,4,0.4209,Estabilizado,Operação Normal
2026-08-27T21:00:52.644292,8055-10,33182,2,LAPA,PERUS,3,18:00,7,8.6,7,20.0,25.65,25.65,0.0,10000,2.24,800,5.72,17.36,37.18,0,4.74,42.54,0.8,1.0,64.29,9,2,0.3989,Estabilizado,Operação Normal
2026-08-27T21:00:52.644292,6812-10,34010,2,JD. ANGELA,JD. CAPELA,3,18:00,4,15.0,4,20.0,25.65,25.65,0.0,10000,2.24,800,4.73,17.54,31.39,0,4.74,35.61,0.8,1.0,62.5,5,1,0.3771,Estabilizado,Operação Normal
2026-08-27T21:00:52.644292,1024-10,2302,1,CONEXÃO PETRÔNIO PORTELA,JD. CAROMBÉ,3,18:00,4,15.0,4,20.0,25.65,25.65,0.0,10000,2.24,800,2.38,18.76,24.76,0,4.74,19.16,0.8,1.0,62.5,5,1,0.336,Estabilizado,Operação Normal
2026-08-27T21:00:52.644292,575A-10,34406,2,SHOP. METRÔ TATUAPÉ,DIV. SÃO CAETANO,3,18:00,6,10.0,6,20.0,25.65,25.65,0.0,10000,2.24,800,5.0,15.79,29.05,1,4.74,62.5,0.8,1.0,75.0,9,3,0.4756,Estabilizado,Operação Normal
2026-08-27T21:00:52.644292,199D-10,2135,1,TERM. PINHEIROS,CONEXÃO VL. IÓRIO,3,18:00,8,7.5,8,20.0,25.65,25.65,0.0,10000,2.24,800,4.03,15.22,30.59,0,4.74,30.71,0.8,1.0,62.5,10,2,0.3649,Estabilizado,Operação Normal
2026-08-27T21:00:52.644292,2756-10,33006,2,METRÔ PATRIARCA,GUAIANASES,3,18:00,4,15.0,4,20.0,25.65,25.65,0.0,10000,2.24,800,2.22,22.11,29.72,0,4.74,18.04,0.8,1.0,62.5,5,1,0.3332,Estabilizado,Operação Normal
2026-08-27T21:00:52.644292,8400-10,34033,2,PÇA. RAMOS DE AZEVEDO,TERM. PIRITUBA,3,18:00,11,5.5,12,20.0,25.65,25.65,0.0,10000,2.24,800,3.79,15.96,30.65,0,4.74,29.03,0.8,1.0,68.18,15,4,0.3749,Estabilizado,Operação Normal
2026-08-27T21:00:52.644292,2728-10,943,1,METRÔ PENHA,JD. DO CASTELO,3,18:00,11,5.5,12,20.0,25.65,25.65,0.0,10000,2.24,800,2.9,18.79,30.56,0,4.74,22.8,0.8,1.0,63.64,14,3,0.3479,Estabilizado,Operação Normal
2026-08-27T21:00:52.644292,3462-10,33015,2,METRÔ TATUAPÉ,VL. SANTANA,3,18:00,4,15.0,4,20.0,25.65,25.65,0.0,10000,2.24,800,4.9,17.7,34.4,0,4.74,36.8,0.8,1.0,62.5,5,1,0.3801,Estabilizado,Operação Normal
2026-08-27T21:00:52.644292,5109-10,1851,1,TERM. MERCADO,TERM. VL. PRUDENTE,3,18:00,4,15.0,4,20.0,25.65,25.65,0.0,10000,2.24,800,5.28,17.53,34.07,1,4.74,64.46,0.8,1.0,75.0,6,2,0.4805,Estabilizado,Operação Normal
2026-08-27T21:00:52.644292,3773-10,33827,2,METRÔ CARRÃO,RES. STA. BÁRBARA,3,18:00,7,8.6,7,20.0,25.65,25.65,0.0,10000,2.24,800,5.71,16.82,34.14,0,4.74,42.47,0.8,1.0,64.29,9,2,0.3987,Estabilizado,Operação Normal
2026-08-27T21:00:52.644292,5119-10,32769,2,LGO. SÃO FRANCISCO,TERM. CAPELINHA,3,18:00,13,4.6,14,20.0,25.65,25.65,0.0,10000,2.24,800,4.44,17.26,34.02,1,4.74,58.58,0.8,1.0,73.08,19,6,0.461,Estabilizado,Operação Normal
2026-08-27T21:00:52.644292,8542-21,1361,1,TERM. LAPA,BRASILÂNDIA,3,18:00,4,15.0,4,20.0,25.65,25.65,0.0,10000,2.24,800,3.13,20.45,28.39,0,4.74,24.41,0.8,1.0,62.5,5,1,0.3491,Estabilizado,Operação Normal
2026-08-27T21:00:52.644292,5034-31,34432,2,VL. LIVIERO,TERM. SACOMÃ,3,18:00,6,10.0,6,20.0,25.65,25.65,0.0,10000,2.24,800,6.44,16.27,31.93,0,4.74,47.58,0.8,1.0,66.67,8,2,0.4175,Estabilizado,Operação Normal
2026-08-27T21:00:52.644292,6418-10,33539,2,BROOKLIN NOVO,REAL PQ.,3,18:00,1,60.0,1,20.0,25.65,25.65,0.0,10000,2.24,800,7.51,10.94,29.93,0,4.74,55.07,0.8,0.333,100.0,2,1,0.5862,Estabilizado,Operação Normal
2026-08-27T21:00:52.644292,847P-10,423,1,VL. OLÍMPIA,TERM. PIRITUBA,3,18:00,12,5.0,13,20.0,25.65,25.65,0.0,10000,2.24,800,6.49,13.73,31.72,0,4.74,47.93,0.8,1.0,70.83,17,5,0.4287,Estabilizado,Operação Normal
2026-08-27T21:00:52.644292,1780-10,33637,2,METRÔ PARADA INGLESA,JD. HEBRON,3,18:00,7,8.6,7,20.0,25.65,25.65,0.0,10000,2.24,800,4.47,12.21,27.66,1,4.74,58.79,0.8,1.0,71.43,10,3,0.4574,Estabilizado,Operação Normal
2026-08-27T21:00:52.644292,807M-10,34684,2,SHOP. MORUMBI,TERM. CAMPO LIMPO,3,18:00,8,7.5,8,20.0,25.65,25.65,0.0,10000,2.24,800,6.59,10.79,25.29,1,4.74,73.63,0.8,1.0,75.0,12,4,0.5034,Estabilizado,Operação Normal
2026-08-27T21:00:52.644292,5021-10,34435,2,TERM. SACOMÃ,ÁGUA FUNDA,3,18:00,2,30.0,2,20.0,25.65,25.65,0.0,10000,2.24,800,3.57,18.37,31.48,1,4.74,52.49,0.8,0.667,75.0,3,1,0.4839,Estabilizado,Operação Normal
2026-08-27T21:00:52.644292,8700-1,2508,1,PÇA. RAMOS DE AZEVEDO,TERM. CAMPO LIMPO,3,18:00,4,15.0,4,20.0,25.65,25.65,0.0,10000,2.24,800,2.76,19.98,30.2,0,4.74,21.82,0.8,1.0,62.5,5,1,0.3427,Estabilizado,Operação Normal
2026-08-27T21:00:52.644292,4491-10,327,1,TERM. PQ. D. PEDRO II,VL. LIVIERO,3,18:00,4,15.0,4,20.0,25.65,25.65,0.0,10000,2.24,800,2.96,27.63,38.29,0,4.74,23.22,0.8,1.0,62.5,5,1,0.3461,Estabilizado,Operação Normal
2026-08-27T21:00:52.644292,9653-10,588,1,PÇA. DO CORREIO,PEDRA BRANCA,3,18:00,4,15.0,4,20.0,25.65,25.65,0.0,10000,2.24,800,3.52,18.61,32.68,0,4.74,27.14,0.8,1.0,62.5,5,1,0.3559,Estabilizado,Operação Normal
2026-08-27T21:00:52.644292,971R-42,616,1,METRÔ SANTANA,CDHU VOITH,3,18:00,2,30.0,2,20.0,25.65,25.65,0.0,10000,2.24,800,4.29,14.92,29.27,0,4.74,32.53,0.8,0.667,75.0,3,1,0.434,Estabilizado,Operação Normal
2026-08-27T21:00:52.644292,948A-10,34191,2,METRÔ BARRA FUNDA,VL. ZATT,3,18:00,6,10.0,6,20.0,25.65,25.65,0.0,10000,2.24,800,3.11,23.86,33.85,1,4.74,49.27,0.8,1.0,66.67,8,2,0.4217,Estabilizado,Operação Normal
2026-08-27T21:00:52.644292,4032-10,33870,2,OBJETIVO UNIP,VL. DAS MERCÊS,3,18:00,3,20.0,3,20.0,25.65,25.65,0.0,10000,2.24,800,3.03,19.71,27.81,0,4.74,23.71,0.8,1.0,66.67,4,1,0.3578,Estabilizado,Operação Normal
2026-08-27T21:00:52.644292,1018-10,832,1,METRÔ SANTANA,VL. ROSA,3,18:00,4,15.0,4,20.0,25.65,25.65,0.0,10000,2.24,800,3.28,23.25,30.55,0,4.74,25.46,0.8,1.0,62.5,5,1,0.3518,Estabilizado,Operação Normal
2026-08-27T21:00:52.644292,3742-10,1042,1,METRÔ ITAQUERA,JD. LARANJEIRA,3,18:00,8,7.5,8,20.0,25.65,25.65,0.0,10000,2.24,800,6.87,12.99,31.13,0,4.74,50.59,0.8,1.0,68.75,11,3,0.4302,Estabilizado,Operação Normal
2026-08-27T21:00:52.644292,8038-10,33565,2,LAPA,PQ. CONTINENTAL,3,18:00,10,6.0,11,20.0,25.65,25.65,0.0,10000,2.24,800,3.36,22.64,33.05,0,4.74,26.02,0.8,1.0,65.0,13,3,0.3594,Estabilizado,Operação Normal
2026-08-27T21:00:52.644292,695Y-10,1198,1,METRÔ VL. MARIANA,TERM. PARELHEIROS,3,18:00,7,8.6,7,20.0,25.65,25.65,0.0,10000,2.24,800,3.65,16.81,33.07,0,4.74,28.05,0.8,1.0,64.29,9,2,0.3627,Estabilizado,Operação Normal
2026-08-27T21:00:52.644292,971V-10,33387,2,SHOP. CENTER NORTE,JD. VISTA ALEGRE,3,18:00,8,7.5,8,20.0,25.65,25.65,0.0,10000,2.24,800,3.56,19.33,29.71,0,4.74,27.42,0.8,1.0,62.5,10,2,0.3567,Estabilizado,Operação Normal
2026-08-27T21:00:52.644292,2009-10,33666,2,CPTM GUAIANASES,JD. ROBRU,3,18:00,6,10.0,6,20.0,25.65,25.65,0.0,10000,2.24,800,3.19,13.69,25.35,0,4.74,24.83,0.8,1.0,58.33,7,1,0.3397,Estabilizado,Operação Normal
2026-08-27T21:00:52.644292,2708-10,921,1,METRÔ ITAQUERA,JD. LAJEADO,3,18:00,4,15.0,4,20.0,25.65,25.65,0.0,10000,2.24,800,3.26,16.83,27.53,1,4.74,50.32,0.8,1.0,75.0,6,2,0.4451,Estabilizado,Operação Normal
2026-08-27T21:00:52.644292,748R-10,501,1,METRÔ BARRA FUNDA,JD. JOÃO XXIII,3,18:00,7,8.6,7,20.0,25.65,25.65,0.0,10000,2.24,800,2.66,28.73,40.1,0,4.74,21.12,0.8,1.0,57.14,8,1,0.3275,Estabilizado,Operação Normal
2026-08-27T21:00:52.644292,6017-10,1206,1,JD. ÂNGELA,JD. NAKAMURA,3,18:00,5,12.0,5,20.0,25.65,25.65,0.0,10000,2.24,800,7.08,9.16,25.74,0,4.74,52.06,0.8,1.0,70.0,7,2,0.437,Estabilizado,Operação Normal
2026-08-27T21:00:52.644292,714C-10,487,1,PAULISTA,COHAB EDUCANDÁRIO,3,18:00,3,20.0,3,20.0,25.65,25.65,0.0,10000,2.24,800,7.36,9.15,26.74,0,4.74,54.02,0.8,1.0,66.67,4,1,0.4336,Estabilizado,Operação Normal
2026-08-27T21:00:52.644292,8013-10,800,1,LAPA,TERM. JD. BRITANIA,3,18:00,7,8.6,7,20.0,25.65,25.65,0.0,10000,2.24,800,3.4,27.16,47.59,0,4.74,26.3,0.8,1.0,64.29,9,2,0.3583,Estabilizado,Operação Normal
2026-08-27T21:00:52.644292,3063-10,33021,2,TERM. SÃO MATEUS,GUAIANASES,3,18:00,9,6.7,9,20.0,25.65,25.65,0.0,10000,2.24,800,4.5,22.05,32.28,0,4.74,34.0,0.8,1.0,61.11,11,2,0.3696,Estabilizado,Operação Normal
2026-08-27T21:00:52.644292,374V-10,34415,2,METRÔ ITAQUERA,JD. SANTANA,3,18:00,10,6.0,11,20.0,25.65,25.65,0.0,10000,2.24,800,4.47,20.17,36.96,0,4.74,33.79,0.8,1.0,70.0,14,4,0.3913,Estabilizado,Operação Normal
2026-08-27T21:00:52.644292,2023-10,35028,2,METRÔ TUCURUVI,CACHOEIRA,3,18:00,5,12.0,5,20.0,25.65,25.65,0.0,10000,2.24,800,3.62,15.92,26.51,0,4.74,27.84,0.8,1.0,60.0,6,1,0.3514,Estabilizado,Operação Normal
2026-08-27T21:00:52.644292,148L-10,531,1,LAPA,COHAB ANTÁRTICA,3,18:00,10,6.0,11,20.0,25.65,25.65,0.0,10000,2.24,800,4.78,23.68,36.16,1,4.74,60.96,0.8,1.0,75.0,15,5,0.4718,Estabilizado,Operação Normal
2026-08-27T21:00:52.644292,178A-10,558,1,LAPA,METRÔ SANTANA,3,18:00,3,20.0,3,20.0,25.65,25.65,0.0,10000,2.24,800,3.59,17.27,27.58,0,4.74,27.63,0.8,1.0,66.67,4,1,0.3676,Estabilizado,Operação Normal
2026-08-27T21:00:52.644292,2711-10,925,1,METRÔ PATRIARCA,PONTE RASA,3,18:00,6,10.0,6,20.0,25.65,25.65,0.0,10000,2.24,800,2.53,24.05,32.6,0,4.74,20.21,0.8,1.0,58.33,7,1,0.3282,Estabilizado,Operação Normal
2026-08-27T21:00:52.644292,6451-10,61,1,TERM. BANDEIRA,TERM. CAPELINHA,3,18:00,7,8.6,7,20.0,25.65,25.65,0.0,10000,2.24,800,4.27,21.24,38.42,0,4.74,32.39,0.8,1.0,64.29,9,2,0.3735,Estabilizado,Operação Normal
2026-08-27T21:00:52.644292,5024-10,33890,2,STO. AMARO,MISSIONÁRIA,3,18:00,2,30.0,2,20.0,25.65,25.65,0.0,10000,2.24,800,6.92,15.37,33.1,0,4.74,50.94,0.8,0.667,75.0,3,1,0.48,Estabilizado,Operação Normal
2026-08-27T21:00:52.644292,9047-10,33651,2,LAPA,JD. PAULISTANO,3,18:00,9,6.7,9,20.0,25.65,25.65,0.0,10000,2.24,800,4.34,25.78,43.72,1,4.74,57.88,0.8,1.0,66.67,12,3,0.4432,Estabilizado,Operação Normal
2026-08-27T21:00:52.644292,701A-10,33457,2,METRÔ VL. MADALENA,PQ. EDU CHAVES,3,18:00,10,6.0,11,20.0,25.65,25.65,0.0,10000,2.24,800,6.13,13.66,29.12,1,4.74,70.41,0.8,1.0,80.0,16,6,0.5079,Estabilizado,Operação Normal
2026-08-27T21:00:52.644292,9019-10,34201,2,TERM. PIRITUBA,JD. PAULISTANO,3,18:00,7,8.6,7,20.0,25.65,25.65,0.0,10000,2.24,800,4.01,18.99,30.19,0,4.74,30.57,0.8,1.0,64.29,9,2,0.369,Estabilizado,Operação Normal
2026-08-27T21:00:52.644292,118Y-10,33609,2,LAPA,LAUZANE PAULISTA,3,18:00,6,10.0,6,20.0,25.65,25.65,0.0,10000,2.24,800,5.16,24.15,35.97,0,4.74,38.62,0.8,1.0,66.67,8,2,0.3951,Estabilizado,Operação Normal
2026-08-27T21:00:52.644292,8030-10,35330,2,TERM. VL. SÔNIA,PARAISÓPOLIS,3,18:00,5,12.0,5,20.0,25.65,25.65,0.0,10000,2.24,800,1.55,23.85,27.29,0,4.74,13.35,0.8,1.0,60.0,6,1,0.3152,Estabilizado,Operação Normal
2026-08-27T21:00:52.644292,1782-10,33411,2,METRÔ SANTANA,VL. NOVA GALVÃO,3,18:00,4,15.0,4,20.0,25.65,25.65,0.0,10000,2.24,800,3.93,17.17,30.28,0,4.74,30.01,0.8,1.0,62.5,5,1,0.3631,Estabilizado,Operação Normal
2026-08-27T21:00:52.644292,1756-10,33315,2,METRÔ SANTANA,PEDRA BRANCA,3,18:00,6,10.0,6,20.0,25.65,25.65,0.0,10000,2.24,800,5.19,14.79,28.51,0,4.74,38.83,0.8,1.0,66.67,8,2,0.3956,Estabilizado,Operação Normal
2026-08-27T21:00:52.644292,938L-10,1368,1,LAPA,TERM. CACHOEIRINHA,3,18:00,3,20.0,3,20.0,25.65,25.65,0.0,10000,2.24,800,6.08,21.57,46.48,1,4.74,70.06,0.8,1.0,83.33,5,2,0.5153,Estabilizado,Operação Normal
2026-08-27T21:00:52.644292,351F-10,687,1,TERM. VL. CARRÃO,JAÇANÃ,3,18:00,6,10.0,6,20.0,25.65,25.65,0.0,10000,2.24,800,3.67,18.08,29.66,1,4.74,53.19,0.8,1.0,66.67,8,2,0.4315,Estabilizado,Operação Normal
2026-08-27T21:00:52.644292,2363-10,135,1,TERM. PQ. D. PEDRO II,JD. DANFER,3,18:00,3,20.0,3,20.0,25.65,25.65,0.0,10000,2.24,800,3.03,14.65,27.86,0,4.74,23.71,0.8,1.0,66.67,4,1,0.3578,Estabilizado,Operação Normal
2026-08-27T21:00:52.644292,3026-10,33730,2,CPTM GUAIANASES,VL. IOLANDA II,3,18:00,6,10.0,6,20.0,25.65,25.65,0.0,10000,2.24,800,3.11,21.29,33.68,0,4.74,24.27,0.8,1.0,58.33,7,1,0.3383,Estabilizado,Operação Normal
2026-08-27T21:00:52.644292,675N-10,33130,2,METRÔ ANA ROSA,TERM. STO. AMARO,3,18:00,6,10.0,6,20.0,25.65,25.65,0.0,10000,2.24,800,5.34,12.57,29.22,1,4.74,64.88,0.8,1.0,75.0,9,3,0.4815,Estabilizado,Operação Normal
2026-08-27T21:00:52.644292,1787-10,650,1,METRÔ SANTANA,VL. MARIETA,3,18:00,2,30.0,2,20.0,25.65,25.65,0.0,10000,2.24,800,5.56,17.04,34.24,0,4.74,41.42,0.8,0.667,75.0,3,1,0.4562,Estabilizado,Operação Normal
2026-08-27T21:00:52.644292,476A-10,33072,2,TERM. STO. AMARO,IPIRANGA,3,18:00,6,10.0,6,20.0,25.65,25.65,0.0,10000,2.24,800,5.21,11.03,28.76,1,4.74,63.97,0.8,1.0,75.0,9,3,0.4793,Estabilizado,Operação Normal
2026-08-27T21:00:52.644292,5013-31,35004,2,STO. AMARO,JD. MIRIAM,3,18:00,5,12.0,5,20.0,25.65,25.65,0.0,10000,2.24,800,4.69,12.63,23.82,0,4.74,35.33,0.8,1.0,70.0,7,2,0.3952,Estabilizado,Operação Normal
2026-08-27T21:00:52.644292,4005-10,34947,2,BARRO BRANCO,TERM. CID. TIRADENTES,3,18:00,3,20.0,3,20.0,25.65,25.65,0.0,10000,2.24,800,2.85,27.0,37.5,0,4.74,22.45,0.8,1.0,66.67,4,1,0.3547,Estabilizado,Operação Normal
2026-08-27T21:00:52.644292,6820-21,32788,2,JD. AMÁLIA,TERM. CAPELINHA,3,18:00,4,15.0,4,20.0,25.65,25.65,0.0,10000,2.24,800,3.26,16.88,30.84,1,4.74,50.32,0.8,1.0,75.0,6,2,0.4451,Estabilizado,Operação Normal
2026-08-27T21:00:52.644292,5759-10,33906,2,METRÔ CONCEIÇÃO,PQ. PRIMAVERA,3,18:00,5,12.0,5,20.0,25.65,25.65,0.0,10000,2.24,800,5.62,15.74,33.07,1,4.74,66.84,0.8,1.0,70.0,7,2,0.4739,Estabilizado,Operação Normal
2026-08-27T21:00:52.644292,4732-31,2127,1,METRÔ SAÚDE,VL. LIVIERO,3,18:00,5,12.0,5,20.0,25.65,25.65,0.0,10000,2.24,800,4.1,19.28,31.46,1,4.74,56.2,0.8,1.0,70.0,7,2,0.4473,Estabilizado,Operação Normal
2026-08-27T21:00:52.644292,8016-10,34114,2,TERM. PIRITUBA,JD. RINCÃO,3,18:00,9,6.7,9,20.0,25.65,25.65,0.0,10000,2.24,800,3.6,21.2,32.04,1,4.74,52.7,0.8,1.0,66.67,12,3,0.4303,Estabilizado,Operação Normal
2026-08-27T21:00:52.644292,273J-10,389,1,METRÔ PENHA,JD. ROMANO,3,18:00,3,20.0,3,20.0,25.65,25.65,0.0,10000,2.24,800,4.13,16.32,34.05,1,4.74,56.41,0.8,1.0,66.67,4,1,0.4395,Estabilizado,Operação Normal
2026-08-27T21:00:52.644292,3902-10,34238,2,CPTM GUAIANASES,CPTM JD. ROMANO,3,18:00,3,20.0,3,20.0,25.65,25.65,0.0,10000,2.24,800,3.36,19.96,32.11,0,4.74,26.02,0.8,1.0,66.67,4,1,0.3636,Estabilizado,Operação Normal
2026-08-27T21:00:52.644292,573H-10,34398,2,METRÔ BRESSER,HOSP. SAPOPEMBA,3,18:00,13,4.6,14,20.0,25.65,25.65,0.0,10000,2.24,800,5.24,16.84,30.76,1,4.74,64.18,0.8,1.0,73.08,19,6,0.475,Estabilizado,Operação Normal
2026-08-27T21:00:52.644292,5178-10,33363,2,PÇA. JOÃO MENDES,JD. MIRIAM,3,18:00,9,6.7,9,20.0,25.65,25.65,0.0,10000,2.24,800,5.64,16.55,38.29,1,4.74,66.98,0.8,1.0,72.22,13,4,0.4798,Estabilizado,Operação Normal
2026-08-27T21:00:52.644292,3023-10,960,1,PQ. SÃO RAFAEL,SHOP. ARICANDUVA,3,18:00,8,7.5,8,20.0,25.65,25.65,0.0,10000,2.24,800,6.34,16.37,33.85,0,4.74,46.88,0.8,1.0,68.75,11,3,0.4209,Estabilizado,Operação Normal
2026-08-27T21:00:52.644292,172P-10,858,1,METRÔ BELÉM,VL. ZILDA,3,18:00,16,3.8,17,20.0,25.65,25.65,0.0,10000,2.24,800,3.44,20.37,27.33,1,4.74,51.58,0.8,1.0,68.75,22,6,0.4327,Estabilizado,Operação Normal
2026-08-27T21:00:52.644292,637R-10,196,1,TERM. STO. AMARO,JD. ARACATI,3,18:00,6,10.0,6,20.0,25.65,25.65,0.0,10000,2.24,800,5.69,12.3,27.02,0,4.74,42.33,0.8,1.0,66.67,8,2,0.4043,Estabilizado,Operação Normal
2026-08-27T21:00:52.644292,2363-10,32903,2,TERM. PQ. D. PEDRO II,JD. DANFER,3,18:00,5,12.0,5,20.0,25.65,25.65,0.0,10000,2.24,800,3.5,17.88,34.32,0,4.74,27.0,0.8,1.0,60.0,6,1,0.3493,Estabilizado,Operação Normal
2026-08-27T21:00:52.644292,5035-10,1668,1,TERM. SACOMÃ,VL. ARAPUÁ,3,18:00,4,15.0,4,20.0,25.65,25.65,0.0,10000,2.24,800,7.51,12.33,30.63,1,4.74,80.07,0.8,1.0,75.0,6,2,0.5195,Estabilizado,Operação Normal
2026-08-27T21:00:52.644292,2713-10,220,1,CHÁC. BELA VISTA,METRÔ PENHA,3,18:00,1,60.0,1,20.0,25.65,25.65,0.0,10000,2.24,800,5.19,18.54,36.75,0,4.74,38.83,0.8,0.333,100.0,2,1,0.5456,Estabilizado,Operação Normal
2026-08-27T21:00:52.644292,2010-10,34872,2,SHOP. D,PQ. EDU CHAVES,3,18:00,7,8.6,7,20.0,25.65,25.65,0.0,10000,2.24,800,3.1,20.6,33.39,0,4.74,24.2,0.8,1.0,64.29,9,2,0.3531,Estabilizado,Operação Normal
2026-08-27T21:00:52.644292,6000-10,1140,1,TERM. STO. AMARO,TERM. PARELHEIROS,3,18:00,21,3.0,23,20.0,25.65,25.65,0.0,10000,2.24,800,2.89,20.87,32.49,0,4.74,22.73,0.8,1.0,64.29,27,6,0.3494,Estabilizado,Operação Normal
2026-08-27T21:00:52.644292,2105-10,2247,1,LGO. DA CONCÓRDIA,JD. FILHOS DA TERRA,3,18:00,7,8.6,7,20.0,25.65,25.65,0.0,10000,2.24,800,3.07,15.55,27.12,0,4.74,23.99,0.8,1.0,64.29,9,2,0.3526,Estabilizado,Operação Normal
2026-08-27T21:00:52.644292,6110-10,33952,2,AEROPORTO,CONJ. HAB. PALMARES,3,18:00,10,6.0,11,20.0,25.65,25.65,0.0,10000,2.24,800,5.46,19.07,34.46,1,4.74,65.72,0.8,1.0,75.0,15,5,0.4837,Estabilizado,Operação Normal
2026-08-27T21:00:52.644292,4709-10,333,1,METRÔ VL. MARIANA,JD. SÃO SAVÉRIO,3,18:00,5,12.0,5,20.0,25.65,25.65,0.0,10000,2.24,800,5.1,17.28,31.82,1,4.74,63.2,0.8,1.0,70.0,7,2,0.4648,Estabilizado,Operação Normal
2026-08-27T21:00:52.644292,6042-10,33987,2,STO. AMARO,JD. TRÊS ESTRELAS,3,18:00,5,12.0,5,20.0,25.65,25.65,0.0,10000,2.24,800,2.92,14.67,19.05,1,4.74,47.94,0.8,1.0,70.0,7,2,0.4267,Estabilizado,Operação Normal
2026-08-27T21:00:52.644292,809L-10,34717,2,LAPA,CAMPO LIMPO,3,18:00,10,6.0,11,20.0,25.65,25.65,0.0,10000,2.24,800,3.81,19.13,32.79,1,4.74,54.17,0.8,1.0,75.0,15,5,0.4548,Estabilizado,Operação Normal
2026-08-27T21:00:52.644292,7012-10,34811,2,TERM. GUARAPIRANGA,PQ. DO LAGO,3,18:00,6,10.0,6,20.0,25.65,25.65,0.0,10000,2.24,800,4.85,17.45,29.49,0,4.74,36.45,0.8,1.0,66.67,8,2,0.3897,Estabilizado,Operação Normal
2026-08-27T21:00:52.644292,208M-10,35246,2,TERM. PINHEIROS,METRÔ SANTANA,3,18:00,8,7.5,8,20.0,25.65,25.65,0.0,10000,2.24,800,5.01,17.63,34.84,0,4.74,37.57,0.8,1.0,62.5,10,2,0.382,Estabilizado,Operação Normal
2026-08-27T21:00:52.644292,2014-10,33668,2,METRÔ BARRA FUNDA,JD. PERY ALTO,3,18:00,14,4.3,15,20.0,25.65,25.65,0.0,10000,2.24,800,4.99,19.31,37.77,0,4.74,37.43,0.8,1.0,67.86,19,5,0.3951,Estabilizado,Operação Normal
2026-08-27T21:00:52.644292,7022-10,34852,2,TERM. STO. AMARO,JD. CAIÇARA,3,18:00,5,12.0,5,20.0,25.65,25.65,0.0,10000,2.24,800,3.42,19.77,36.84,0,4.74,26.44,0.8,1.0,60.0,6,1,0.3479,Estabilizado,Operação Normal
2026-08-27T21:00:52.644292,550P-10,2687,1,METRÔ BRÁS,TERM. VL. PRUDENTE,3,18:00,4,15.0,4,20.0,25.65,25.65,0.0,10000,2.24,800,4.78,16.94,33.05,1,4.74,60.96,0.8,1.0,75.0,6,2,0.4718,Estabilizado,Operação Normal
2026-08-27T21:00:52.644292,502J-10,1275,1,METRÔ STA. CRUZ,EST. AUTÓDROMO,3,18:00,7,8.6,7,20.0,25.65,25.65,0.0,10000,2.24,800,4.41,16.51,29.5,0,4.74,33.37,0.8,1.0,64.29,9,2,0.376,Estabilizado,Operação Normal
2026-08-27T21:00:52.644292,3795-10,33841,2,METRÔ ITAQUERA,JD. SÃO CARLOS,3,18:00,6,10.0,6,20.0,25.65,25.65,0.0,10000,2.24,800,5.55,17.49,34.38,1,4.74,66.35,0.8,1.0,75.0,9,3,0.4852,Estabilizado,Operação Normal
2026-08-27T21:00:52.644292,4056-10,2237,1,TERM. SÃO MATEUS,PQ. BOA ESPERANÇA,3,18:00,3,20.0,3,20.0,25.65,25.65,0.0,10000,2.24,800,6.64,17.16,36.8,0,4.74,48.98,0.8,1.0,66.67,4,1,0.421,Estabilizado,Operação Normal
2026-08-27T21:00:52.644292,6970-10,34273,2,TERM. STO. AMARO,TERM. GRAJAÚ,3,18:00,4,15.0,4,20.0,25.65,25.65,0.0,10000,2.24,800,4.25,21.14,37.57,0,4.74,32.25,0.8,1.0,62.5,5,1,0.3687,Estabilizado,Operação Normal
2026-08-27T21:00:52.644292,2717-10,33698,2,CANGAÍBA,METRÔ GUILHERMINA/ESPERANÇA,3,18:00,4,15.0,4,20.0,25.65,25.65,0.0,10000,2.24,800,2.85,20.84,33.75,0,4.74,22.45,0.8,1.0,62.5,5,1,0.3442,Estabilizado,Operação Normal
2026-08-27T21:00:52.644292,2702-10,33682,2,METRÔ ARTUR ALVIM,VL. AMERICANA,3,18:00,4,15.0,4,20.0,25.65,25.65,0.0,10000,2.24,800,3.22,25.74,35.16,1,4.74,50.04,0.8,1.0,75.0,6,2,0.4445,Estabilizado,Operação Normal
2026-08-27T21:00:52.644292,4013-10,2186,1,TERM. SÃO MATEUS,JD. STO. ANDRÉ,3,18:00,7,8.6,7,20.0,25.65,25.65,0.0,10000,2.24,800,3.08,19.73,32.88,0,4.74,24.06,0.8,1.0,64.29,9,2,0.3527,Estabilizado,Operação Normal
2026-08-27T21:00:52.644292,3206-10,2112,1,CONJ. CHAPARRAL,METRÔ PENHA,3,18:00,3,20.0,3,20.0,25.65,25.65,0.0,10000,2.24,800,6.12,15.66,33.14,0,4.74,45.34,0.8,1.0,66.67,4,1,0.4119,Estabilizado,Operação Normal
2026-08-27T21:00:52.644292,2709-31,923,1,VL. UNIÃO,METRÔ PATRIARCA,3,18:00,3,20.0,3,20.0,25.65,25.65,0.0,10000,2.24,800,3.19,21.48,21.88,0,4.74,24.83,0.8,1.0,66.67,4,1,0.3606,Estabilizado,Operação Normal
2026-08-27T21:00:52.644292,7016-10,2118,1,TERM. STO. AMARO,JD. ÂNGELA,3,18:00,8,7.5,8,20.0,25.65,25.65,0.0,10000,2.24,800,3.72,18.41,30.7,0,4.74,28.54,0.8,1.0,62.5,10,2,0.3594,Estabilizado,Operação Normal
2026-08-27T21:00:52.644292,1709-10,851,1,METRÔ TUCURUVI,JD. JOANA D'ARC,3,18:00,4,15.0,4,20.0,25.65,25.65,0.0,10000,2.24,800,8.09,8.17,25.45,0,4.74,59.13,0.8,1.0,75.0,6,2,0.4672,Estabilizado,Operação Normal
2026-08-27T21:00:52.644292,637G-51,102,1,PINHEIROS,JD. ELIANA,3,18:00,1,60.0,1,20.0,25.65,25.65,0.0,10000,2.24,800,7.54,6.61,24.68,0,4.74,55.28,0.8,0.333,100.0,2,1,0.5868,Estabilizado,Operação Normal
2026-08-27T21:00:52.644292,273G-10,223,1,METRÔ ARTUR ALVIM,JD. HELENA,3,18:00,7,8.6,7,20.0,25.65,25.65,0.0,10000,2.24,800,3.02,27.42,32.99,1,4.74,48.64,0.8,1.0,64.29,9,2,0.4142,Estabilizado,Operação Normal
2026-08-27T21:00:52.644292,5103-10,1646,1,MOEMA,TERM. SACOMÃ,3,18:00,10,6.0,11,20.0,25.65,25.65,0.0,10000,2.24,800,4.29,13.18,29.9,1,4.74,57.53,0.8,1.0,75.0,15,5,0.4632,Estabilizado,Operação Normal
2026-08-27T21:00:52.644292,172U-10,860,1,MOOCA,CEM. PQ. DOS PINHEIROS,3,18:00,13,4.6,14,20.0,25.65,25.65,0.0,10000,2.24,800,4.43,13.99,27.02,0,4.74,33.51,0.8,1.0,65.38,17,4,0.3791,Estabilizado,Operação Normal
2026-08-27T21:00:52.644292,6084-10,1169,1,TERM. EST. VARGINHA,JD. CHÁC. DO SOL,3,18:00,5,12.0,5,20.0,25.65,25.65,0.0,10000,2.24,800,5.15,14.57,21.34,0,4.74,38.55,0.8,1.0,70.0,7,2,0.4032,Estabilizado,Operação Normal
2026-08-27T21:00:52.644292,2011-10,34904,2,METRÔ SANTANA,VL. SABRINA,3,18:00,8,7.5,8,20.0,25.65,25.65,0.0,10000,2.24,800,5.16,10.79,27.86,1,4.74,63.62,0.8,1.0,68.75,11,3,0.4628,Estabilizado,Operação Normal
2026-08-27T21:00:52.644292,6042-10,1219,1,STO. AMARO,JD. TRÊS ESTRELAS,3,18:00,2,30.0,2,20.0,25.65,25.65,0.0,10000,2.24,800,3.32,15.97,18.8,1,4.74,50.74,0.8,0.667,75.0,3,1,0.4795,Estabilizado,Operação Normal
2026-08-27T21:00:52.644292,5021-10,1667,1,TERM. SACOMÃ,ÁGUA FUNDA,3,18:00,4,15.0,4,20.0,25.65,25.65,0.0,10000,2.24,800,3.77,19.64,33.48,0,4.74,28.89,0.8,1.0,62.5,5,1,0.3603,Estabilizado,Operação Normal
2026-08-27T21:00:52.644292,4007-31,2681,1,SÃO MATEUS,COHAB JUSCELINO,3,18:00,2,30.0,2,20.0,25.65,25.65,0.0,10000,2.24,800,3.36,27.42,41.37,0,4.74,26.02,0.8,0.667,75.0,3,1,0.4177,Estabilizado,Operação Normal
2026-08-27T21:00:52.644292,7023-10,34920,2,TERM. STO. AMARO,JD. NAKAMURA,3,18:00,7,8.6,7,20.0,25.65,25.65,0.0,10000,2.24,800,4.37,17.21,29.94,0,4.74,33.09,0.8,1.0,64.29,9,2,0.3753,Estabilizado,Operação Normal
2026-08-27T21:00:52.644292,5164-10,34051,2,PQ. IBIRAPUERA,VL. STA. CATARINA,3,18:00,6,10.0,6,20.0,25.65,25.65,0.0,10000,2.24,800,4.05,17.77,31.27,1,4.74,55.85,0.8,1.0,66.67,8,2,0.4382,Estabilizado,Operação Normal
2026-08-27T21:00:52.644292,407N-10,34937,2,METRÔ PENHA,TERM. CID. TIRADENTES,3,18:00,19,3.2,20,20.0,25.65,25.65,0.0,10000,2.24,800,4.44,11.68,30.34,0,4.74,33.58,0.8,1.0,63.16,24,5,0.3737,Estabilizado,Operação Normal
2026-08-27T21:00:52.644292,771P-10,506,1,TERM. PINHEIROS,JD. JOÃO XXIII,3,18:00,3,20.0,3,20.0,25.65,25.65,0.0,10000,2.24,800,3.1,27.46,31.78,0,4.74,24.2,0.8,1.0,66.67,4,1,0.359,Estabilizado,Operação Normal
2026-08-27T21:00:52.644292,172X-10,33629,2,METRÔ TATUAPÉ,PQ. NOVO MUNDO,3,18:00,7,8.6,7,20.0,25.65,25.65,0.0,10000,2.24,800,5.94,16.49,30.48,0,4.74,44.08,0.8,1.0,64.29,9,2,0.4028,Estabilizado,Operação Normal
2026-08-27T21:00:52.644292,129F-10,2304,1,METRÔ BARRA FUNDA,CONEXÃO PETRÔNIO PORTELA,3,18:00,5,12.0,5,20.0,25.65,25.65,0.0,10000,2.24,800,4.67,17.48,32.23,0,4.74,35.19,0.8,1.0,60.0,6,1,0.3698,Estabilizado,Operação Normal
2026-08-27T21:00:52.644292,3738-10,1038,1,METRÔ ITAQUERA,COHAB JUSCELINO,3,18:00,5,12.0,5,20.0,25.65,25.65,0.0,10000,2.24,800,3.76,19.94,29.14,1,4.74,53.82,0.8,1.0,70.0,7,2,0.4414,Estabilizado,Operação Normal
2026-08-27T21:00:52.644292,6L10-10,1159,1,PQ. FLORESTAL   ,TERM. VARGINHA,3,18:00,3,20.0,3,20.0,25.65,25.65,0.0,10000,2.24,800,4.12,16.01,29.43,0,4.74,31.34,0.8,1.0,66.67,4,1,0.3769,Estabilizado,Operação Normal
2026-08-27T21:00:52.644292,519M-10,2211,1,MUSEU DO IPIRANGA,SÃO MATEUS,3,18:00,2,30.0,2,20.0,25.65,25.65,0.0,10000,2.24,800,3.23,20.53,34.98,1,4.74,50.11,0.8,0.667,75.0,3,1,0.4779,Estabilizado,Operação Normal
2026-08-27T21:00:52.644292,736I-10,781,1,STO. AMARO,JD. INGÁ,3,18:00,9,6.7,9,20.0,25.65,25.65,0.0,10000,2.24,800,4.32,11.01,21.52,0,4.74,32.74,0.8,1.0,61.11,11,2,0.3665,Estabilizado,Operação Normal
2026-08-27T21:00:52.644292,7057-10,34665,2,TERM. CAMPO LIMPO,JD. MITSUTANI,3,18:00,2,30.0,2,20.0,25.65,25.65,0.0,10000,2.24,800,6.97,9.99,26.34,0,4.74,51.29,0.8,0.667,75.0,3,1,0.4809,Estabilizado,Operação Normal
2026-08-27T21:00:52.644292,2031-10,367,1,TERM. A. E. CARVALHO,CID. KEMEL II,3,18:00,3,20.0,3,20.0,25.65,25.65,0.0,10000,2.24,800,4.11,22.05,39.36,0,4.74,31.27,0.8,1.0,66.67,4,1,0.3767,Estabilizado,Operação Normal
2026-08-27T21:00:52.644292,5362-41,72,1,PQ. IBIRAPUERA,PQ. RES. COCAIA,3,18:00,5,12.0,5,20.0,25.65,25.65,0.0,10000,2.24,800,5.35,16.48,37.81,0,4.74,39.95,0.8,1.0,70.0,7,2,0.4067,Estabilizado,Operação Normal
2026-08-27T21:00:52.644292,273J-10,33157,2,METRÔ PENHA,JD. ROMANO,3,18:00,10,6.0,11,20.0,25.65,25.65,0.0,10000,2.24,800,3.54,20.65,32.23,1,4.74,52.28,0.8,1.0,75.0,15,5,0.4501,Estabilizado,Operação Normal
2026-08-27T21:00:52.644292,5010-10,33882,2,STO. AMARO,JABAQUARA,3,18:00,6,10.0,6,20.0,25.65,25.65,0.0,10000,2.24,800,4.55,15.75,29.45,1,4.74,59.35,0.8,1.0,66.67,8,2,0.4469,Estabilizado,Operação Normal
2026-08-27T21:00:52.644292,273R-10,226,1,METRÔ ARTUR ALVIM,JD. ROBRU,3,18:00,6,10.0,6,20.0,25.65,25.65,0.0,10000,2.24,800,2.83,29.95,35.56,1,4.74,47.31,0.8,1.0,66.67,8,2,0.4168,Estabilizado,Operação Normal
2026-08-27T21:00:52.644292,574A-10,33370,2,LGO. CAMBUCI,AMERICANÓPOLIS,3,18:00,10,6.0,11,20.0,25.65,25.65,0.0,10000,2.24,800,4.9,15.85,33.45,0,4.74,36.8,0.8,1.0,70.0,14,4,0.3988,Estabilizado,Operação Normal
2026-08-27T21:00:52.644292,9032-10,880,1,TERM. CACHOEIRINHA,JD. DAMASCENO,3,18:00,9,6.7,9,20.0,25.65,25.65,0.0,10000,2.24,800,2.88,19.28,31.54,0,4.74,22.66,0.8,1.0,61.11,11,2,0.3413,Estabilizado,Operação Normal
2026-08-27T21:00:52.644292,3459-10,33170,2,TERM. PQ. D. PEDRO II,ITAIM PAULISTA,3,18:00,13,4.6,14,20.0,25.65,25.65,0.0,10000,2.24,800,4.71,18.55,34.19,1,4.74,60.47,0.8,1.0,73.08,19,6,0.4657,Estabilizado,Operação Normal
2026-08-27T21:00:52.644292,6010-10,1202,1,TERM. GUARAPIRANGA,CHÁC. STA. MARIA,3,18:00,8,7.5,8,20.0,25.65,25.65,0.0,10000,2.24,800,3.03,23.6,24.1,1,4.74,48.71,0.8,1.0,68.75,11,3,0.4255,Estabilizado,Operação Normal
2026-08-27T21:00:52.644292,407Y-10,2206,1,METRÔ VL. PRUDENTE,PQ. SAVOY CITY,3,18:00,4,15.0,4,20.0,25.65,25.65,0.0,10000,2.24,800,3.23,17.12,30.32,1,4.74,50.11,0.8,1.0,75.0,6,2,0.4446,Estabilizado,Operação Normal
2026-08-27T21:00:52.644292,6817-10,27,1,TERM. CAPELINHA,JD. SÃO BENTO,3,18:00,3,20.0,3,20.0,25.65,25.65,0.0,10000,2.24,800,3.52,19.2,31.48,0,4.74,27.14,0.8,1.0,66.67,4,1,0.3664,Estabilizado,Operação Normal
2026-08-27T21:00:52.644292,6804-10,30,1,TERM. JOÃO DIAS,JD. INGÁ,3,18:00,1,60.0,1,20.0,25.65,25.65,0.0,10000,2.24,800,3.62,29.26,44.1,0,4.74,27.84,0.8,0.333,100.0,2,1,0.5182,Estabilizado,Operação Normal
2026-08-27T21:00:52.644292,3762-10,1053,1,METRÔ TATUAPÉ,JD. IVA,3,18:00,7,8.6,7,20.0,25.65,25.65,0.0,10000,2.24,800,2.62,19.33,29.48,0,4.74,20.84,0.8,1.0,57.14,8,1,0.3268,Estabilizado,Operação Normal
2026-08-27T21:00:52.644292,9191-10,33578,2,BOM RETIRO,JD. ELISA MARIA,3,18:00,14,4.3,15,20.0,25.65,25.65,0.0,10000,2.24,800,4.51,19.22,34.96,1,4.74,59.07,0.8,1.0,71.43,20,6,0.4581,Estabilizado,Operação Normal
2026-08-27T21:00:52.644292,8015-21,34797,2,CPTM PERUS,CEM. DE PERUS,3,18:00,1,60.0,1,20.0,25.65,25.65,0.0,10000,2.24,800,5.36,17.74,35.75,1,4.74,65.02,0.8,0.333,100.0,2,1,0.6111,Risco,Monitorar Linha em Alerta
2026-08-27T21:00:52.644292,6026-10,87,1,TERM. STO. AMARO,JD. ICARAÍ,3,18:00,3,20.0,3,20.0,25.65,25.65,0.0,10000,2.24,800,7.61,8.55,22.5,0,4.74,55.77,0.8,1.0,66.67,4,1,0.438,Estabilizado,Operação Normal
2026-08-27T21:00:52.644292,1015-10,2230,1,CHÁC. MARIA TRINDADE,TERM. JD. BRITÂNIA,3,18:00,3,20.0,3,20.0,25.65,25.65,0.0,10000,2.24,800,8.67,20.39,78.31,0,4.74,63.19,0.8,1.0,83.33,5,2,0.4981,Estabilizado,Operação Normal
2026-08-27T21:00:52.644292,4011-10,34952,2,TERM. SÃO MATEUS,JD. LIMOEIRO,3,18:00,8,7.5,8,20.0,25.65,25.65,0.0,10000,2.24,800,2.03,25.7,31.56,0,4.74,16.71,0.8,1.0,56.25,9,1,0.3143,Estabilizado,Operação Normal
2026-08-27T21:00:52.644292,5013-10,33885,2,STO. AMARO,JD. LUSO,3,18:00,7,8.6,7,20.0,25.65,25.65,0.0,10000,2.24,800,6.96,12.94,27.47,0,4.74,51.22,0.8,1.0,64.29,9,2,0.4206,Estabilizado,Operação Normal
2026-08-27T21:00:52.644292,6801-10,5,1,TERM. JOÃO DIAS,JD. IBIRAPUERA,3,18:00,2,30.0,2,20.0,25.65,25.65,0.0,10000,2.24,800,2.98,32.19,43.31,0,4.74,23.36,0.8,0.667,75.0,3,1,0.411,Estabilizado,Operação Normal
2026-08-27T21:00:52.644292,574W-10,34397,2,METRÔ BELÉM,JD. WALKIRIA,3,18:00,6,10.0,6,20.0,25.65,25.65,0.0,10000,2.24,800,4.32,20.46,32.18,0,4.74,32.74,0.8,1.0,66.67,8,2,0.3804,Estabilizado,Operação Normal
2026-08-27T21:00:52.644292,3027-10,33731,2,SHOP. ARICANDUVA,CPTM GUAIANASES,3,18:00,7,8.6,7,20.0,25.65,25.65,0.0,10000,2.24,800,3.97,17.06,28.61,1,4.74,55.29,0.8,1.0,71.43,10,3,0.4486,Estabilizado,Operação Normal
2026-08-27T21:00:52.644292,6403-10,32826,2,TERM. PQ. D. PEDRO II,TERM. JOÃO DIAS,3,18:00,4,15.0,4,20.0,25.65,25.65,0.0,10000,2.24,800,5.03,13.36,33.39,1,4.74,62.71,0.8,1.0,75.0,6,2,0.4761,Estabilizado,Operação Normal
2026-08-27T21:00:52.644292,4017-10,34958,2,VL. YOLANDA,METALÚRGICOS,3,18:00,6,10.0,6,20.0,25.65,25.65,0.0,10000,2.24,800,2.85,27.0,37.5,0,4.74,22.45,0.8,1.0,58.33,7,1,0.3338,Estabilizado,Operação Normal
2026-08-27T21:00:52.644292,1023-10,35327,2,CPTM PIRITUBA,VL. PIRITUBA,3,18:00,3,20.0,3,20.0,25.65,25.65,0.0,10000,2.24,800,6.58,15.05,30.49,0,4.74,48.56,0.8,1.0,66.67,4,1,0.4199,Estabilizado,Operação Normal
2026-08-27T21:00:52.644292,6451-10,32829,2,TERM. BANDEIRA,TERM. CAPELINHA,3,18:00,21,3.0,23,20.0,25.65,25.65,0.0,10000,2.24,800,5.62,15.67,37.79,1,4.74,66.84,0.8,1.0,76.19,32,11,0.4894,Estabilizado,Operação Normal
2026-08-27T21:00:52.644292,695H-10,33964,2,TERM. STO. AMARO,JD. HERPLIN,3,18:00,9,6.7,9,20.0,25.65,25.65,0.0,10000,2.24,800,4.72,18.9,34.02,0,4.74,35.54,0.8,1.0,61.11,11,2,0.3735,Estabilizado,Operação Normal
2026-08-27T21:00:52.644292,4721-10,33105,2,METRÔ JABAQUARA,SHOP. PLAZA SUL,3,18:00,2,30.0,2,20.0,25.65,25.65,0.0,10000,2.24,800,4.97,14.55,28.42,0,4.74,37.29,0.8,0.667,75.0,3,1,0.4459,Estabilizado,Operação Normal
2026-08-27T21:00:52.644292,4113-10,33536,2,PÇA. DA REPÚBLICA,GENTIL DE MOURA,3,18:00,12,5.0,13,20.0,25.65,25.65,0.0,10000,2.24,800,4.4,14.55,29.81,1,4.74,58.3,0.8,1.0,75.0,18,6,0.4651,Estabilizado,Operação Normal
2026-08-27T21:00:52.644292,2709-31,33691,2,VL. UNIÃO,METRÔ PATRIARCA,3,18:00,2,30.0,2,20.0,25.65,25.65,0.0,10000,2.24,800,2.79,13.01,24.79,1,4.74,47.03,0.8,0.667,75.0,3,1,0.4702,Estabilizado,Operação Normal
2026-08-27T21:00:52.644292,1702-10,33614,2,TIETÊ,JOVA RURAL,3,18:00,9,6.7,9,20.0,25.65,25.65,0.0,10000,2.24,800,4.46,15.58,28.95,1,4.74,58.72,0.8,1.0,66.67,12,3,0.4453,Estabilizado,Operação Normal
2026-08-27T21:00:52.644292,3903-10,34239,2,PENHA,JD. VL. NOVA,3,18:00,2,30.0,2,20.0,25.65,25.65,0.0,10000,2.24,800,2.98,26.03,33.09,0,4.74,23.36,0.8,0.667,75.0,3,1,0.411,Estabilizado,Operação Normal
2026-08-27T21:00:52.644292,7550-10,34861,2,METRÔ STA. CECÍLIA,TERM. STO. AMARO,3,18:00,7,8.6,7,20.0,25.65,25.65,0.0,10000,2.24,800,4.58,15.12,30.37,0,4.74,34.56,0.8,1.0,64.29,9,2,0.379,Estabilizado,Operação Normal
2026-08-27T21:00:52.644292,273X-10,392,1,METRÔ ARTUR ALVIM,JD. DAS OLIVEIRAS,3,18:00,6,10.0,6,20.0,25.65,25.65,0.0,10000,2.24,800,3.08,27.15,40.94,1,4.74,49.06,0.8,1.0,66.67,8,2,0.4212,Estabilizado,Operação Normal
2026-08-27T21:00:52.644292,3778-10,33830,2,METRÔ CARRÃO,JD. STA. TEREZINHA,3,18:00,11,5.5,12,20.0,25.65,25.65,0.0,10000,2.24,800,4.28,20.87,34.82,0,4.74,32.46,0.8,1.0,68.18,15,4,0.3835,Estabilizado,Operação Normal
2026-08-27T21:00:52.644292,172X-10,861,1,METRÔ TATUAPÉ,PQ. NOVO MUNDO,3,18:00,10,6.0,11,20.0,25.65,25.65,0.0,10000,2.24,800,5.94,17.16,44.8,0,4.74,44.08,0.8,1.0,70.0,14,4,0.417,Estabilizado,Operação Normal
2026-08-27T21:00:52.644292,8003-10,1253,1,TERM. LAPA,REMÉDIOS,3,18:00,3,20.0,3,20.0,25.65,25.65,0.0,10000,2.24,800,3.09,22.93,35.9,0,4.74,24.13,0.8,1.0,66.67,4,1,0.3589,Estabilizado,Operação Normal
2026-08-27T21:00:52.644292,6338-10,1293,1,PQ. IBIRAPUERA,JD. MIRIAM,3,18:00,3,20.0,3,20.0,25.65,25.65,0.0,10000,2.24,800,3.59,16.69,30.68,0,4.74,27.63,0.8,1.0,66.67,4,1,0.3676,Estabilizado,Operação Normal
2026-08-27T21:00:52.644292,2451-10,32981,2,TERM. ARICANDUVA,VL. SÃO FRANCISCO,3,18:00,1,60.0,1,20.0,25.65,25.65,0.0,10000,2.24,800,5.83,14.24,27.57,0,4.74,43.31,0.8,0.333,100.0,2,1,0.5568,Estabilizado,Operação Normal
2026-08-27T21:00:52.644292,408A-10,766,1,CARDOSO DE ALMEIDA,MACHADO DE ASSIS,3,18:00,3,20.0,3,20.0,25.65,25.65,0.0,10000,2.24,800,3.72,12.65,26.6,1,4.74,53.54,0.8,1.0,66.67,4,1,0.4324,Estabilizado,Operação Normal
2026-08-27T21:00:52.644292,148P-10,534,1,METRÔ BARRA FUNDA,PEDRA BRANCA,3,18:00,9,6.7,9,20.0,25.65,25.65,0.0,10000,2.24,800,5.37,18.19,37.26,0,4.74,40.09,0.8,1.0,66.67,12,3,0.3988,Estabilizado,Operação Normal
2026-08-27T21:00:52.644292,8215-10,574,1,PÇA. DO CORREIO,JD. PAULISTANO,3,18:00,5,12.0,5,20.0,25.65,25.65,0.0,10000,2.24,800,3.9,17.1,29.19,0,4.74,29.8,0.8,1.0,60.0,6,1,0.3563,Estabilizado,Operação Normal
2026-08-27T21:00:52.644292,909T-10,35024,2,TERM. PQ. D. PEDRO II,TERM. PINHEIROS,3,18:00,2,30.0,2,20.0,25.65,25.65,0.0,10000,2.24,800,3.78,16.12,30.1,0,4.74,28.96,0.8,0.667,75.0,3,1,0.425,Estabilizado,Operação Normal
2026-08-27T21:00:52.644292,509M-10,34045,2,TERM. PRINC. ISABEL,JD. MIRIAM,3,18:00,9,6.7,9,20.0,25.65,25.65,0.0,10000,2.24,800,5.4,14.19,31.29,1,4.74,65.3,0.8,1.0,72.22,13,4,0.4757,Estabilizado,Operação Normal
2026-08-27T21:00:52.644292,2710-10,33692,2,BURGO PAULISTA,METRÔ PATRIARCA,3,18:00,4,15.0,4,20.0,25.65,25.65,0.0,10000,2.24,800,3.12,21.36,33.44,0,4.74,24.34,0.8,1.0,62.5,5,1,0.3489,Estabilizado,Operação Normal
2026-08-27T21:00:52.644292,6837-10,32774,2,TERM. CAPELINHA,SHOP. PORTAL,3,18:00,11,5.5,12,20.0,25.65,25.65,0.0,10000,2.24,800,4.56,15.49,26.47,1,4.74,59.42,0.8,1.0,72.73,16,5,0.4622,Estabilizado,Operação Normal
2026-08-27T21:00:52.644292,311C-10,33077,2,BOM RETIRO,PQ. SÃO LUCAS,3,18:00,6,10.0,6,20.0,25.65,25.65,0.0,10000,2.24,800,6.55,11.58,25.99,0,4.74,48.35,0.8,1.0,66.67,8,2,0.4194,Estabilizado,Operação Normal
2026-08-27T21:00:52.644292,2705-10,33685,2,METRÔ ITAQUERA,JD. FANGANIELO,3,18:00,4,15.0,4,20.0,25.65,25.65,0.0,10000,2.24,800,3.74,19.53,31.16,1,4.74,53.68,0.8,1.0,75.0,6,2,0.4536,Estabilizado,Operação Normal
2026-08-27T21:00:52.644292,502J-22,34875,2,VL. STA. CATARINA,EST. AUTÓDROMO,3,18:00,3,20.0,3,20.0,25.65,25.65,0.0,10000,2.24,800,4.43,17.71,29.86,0,4.74,33.51,0.8,1.0,66.67,4,1,0.3823,Estabilizado,Operação Normal
2026-08-27T21:00:52.644292,5154-10,33121,2,TERM. PRINC. ISABEL,TERM. STO. AMARO,3,18:00,6,10.0,6,20.0,25.65,25.65,0.0,10000,2.24,800,4.18,12.01,29.17,1,4.74,56.76,0.8,1.0,66.67,8,2,0.4404,Estabilizado,Operação Normal
2026-08-27T21:00:52.644292,6970-10,1505,1,TERM. STO. AMARO,TERM. GRAJAÚ,3,18:00,5,12.0,5,20.0,25.65,25.65,0.0,10000,2.24,800,3.91,19.69,35.5,0,4.74,29.87,0.8,1.0,60.0,6,1,0.3565,Estabilizado,Operação Normal
2026-08-27T21:00:52.644292,877T-10,34149,2,METRÔ PARAÍSO,VL. ANASTÁCIO,3,18:00,4,15.0,4,20.0,25.65,25.65,0.0,10000,2.24,800,3.7,18.81,33.61,1,4.74,53.4,0.8,1.0,75.0,6,2,0.4528,Estabilizado,Operação Normal
2026-08-27T21:00:52.644292,3029-10,966,1,METRÔ TATUAPÉ,JD. DAS ROSAS,3,18:00,11,5.5,12,20.0,25.65,25.65,0.0,10000,2.24,800,5.85,11.46,26.35,0,4.74,43.45,0.8,1.0,68.18,15,4,0.4109,Estabilizado,Operação Normal
2026-08-27T21:00:52.644292,746C-10,783,1,STO. AMARO,JD. TABOÃO,3,18:00,6,10.0,6,20.0,25.65,25.65,0.0,10000,2.24,800,3.66,20.47,31.44,1,4.74,53.12,0.8,1.0,66.67,8,2,0.4313,Estabilizado,Operação Normal
2026-08-27T21:00:52.644292,3539-10,33516,2,METRÔ BRESSER,CID. TIRADENTES,3,18:00,12,5.0,13,20.0,25.65,25.65,0.0,10000,2.24,800,3.34,15.2,41.13,1,4.74,50.88,0.8,1.0,70.83,17,5,0.4361,Estabilizado,Operação Normal
2026-08-27T21:00:52.644292,2762-10,32912,2,METRÔ TATUAPÉ,ERMELINO MATARAZZO,3,18:00,4,15.0,4,20.0,25.65,25.65,0.0,10000,2.24,800,3.94,17.45,30.64,0,4.74,30.08,0.8,1.0,62.5,5,1,0.3633,Estabilizado,Operação Normal
2026-08-27T21:00:52.644292,407J-10,2198,1,METRÔ TATUAPÉ,JD. SOARES,3,18:00,12,5.0,13,20.0,25.65,25.65,0.0,10000,2.24,800,3.6,14.22,25.51,1,4.74,52.7,0.8,1.0,70.83,17,5,0.4407,Estabilizado,Operação Normal
2026-08-27T21:00:52.644292,3008-10,35283,2,CPTM ITAIM PAULISTA,JD. MIRIAM,3,18:00,4,15.0,4,20.0,25.65,25.65,0.0,10000,2.24,800,2.66,19.9,30.04,0,4.74,21.12,0.8,1.0,62.5,5,1,0.3409,Estabilizado,Operação Normal
2026-08-27T21:00:52.644292,4210-10,34938,2,TERM. PQ. D. PEDRO II,TERM. CID. TIRADENTES,3,18:00,9,6.7,9,20.0,25.65,25.65,0.0,10000,2.24,800,3.67,21.91,35.58,1,4.74,53.19,0.8,1.0,66.67,12,3,0.4315,Estabilizado,Operação Normal
2026-08-27T21:00:52.644292,8055-51,33185,2,METRÔ BARRA FUNDA,PERUS,3,18:00,7,8.6,7,20.0,25.65,25.65,0.0,10000,2.24,800,5.3,19.66,35.62,1,4.74,64.6,0.8,1.0,71.43,10,3,0.4719,Estabilizado,Operação Normal
2026-08-27T21:00:52.644292,5630-10,78,1,METRÔ BRÁS,TERM. GRAJAÚ,3,18:00,9,6.7,9,20.0,25.65,25.65,0.0,10000,2.24,800,4.93,18.44,34.74,1,4.74,62.01,0.8,1.0,72.22,13,4,0.4674,Estabilizado,Operação Normal
2026-08-27T21:00:52.644292,5031-21,1747,1,TERM. SACOMÃ,VL. CDE. DO PINHAL,3,18:00,3,20.0,3,20.0,25.65,25.65,0.0,10000,2.24,800,6.84,13.53,36.81,1,4.74,75.38,0.8,1.0,83.33,5,2,0.5286,Estabilizado,Operação Normal
2026-08-27T21:00:52.644292,3098-31,34607,2,JD. ELIZABETH,SÃO MATEUS,3,18:00,2,30.0,2,20.0,25.65,25.65,0.0,10000,2.24,800,4.93,19.96,33.4,0,4.74,37.01,0.8,0.667,75.0,3,1,0.4452,Estabilizado,Operação Normal
2026-08-27T21:00:52.644292,2715-10,928,1,METRÔ PATRIARCA,VL. SÍLVIA,3,18:00,5,12.0,5,20.0,25.65,25.65,0.0,10000,2.24,800,1.71,34.81,41.22,0,4.74,14.47,0.8,1.0,60.0,6,1,0.318,Estabilizado,Operação Normal
2026-08-27T21:00:52.644292,675L-10,1478,1,METRÔ STA. CRUZ,TERM. STO. AMARO,3,18:00,3,20.0,3,20.0,25.65,25.65,0.0,10000,2.24,800,3.38,16.82,28.16,0,4.74,26.16,0.8,1.0,66.67,4,1,0.3639,Estabilizado,Operação Normal
2026-08-27T21:00:52.644292,2735-10,1921,1,METRÔ PENHA,JD. KERALUX,3,18:00,6,10.0,6,20.0,25.65,25.65,0.0,10000,2.24,800,4.48,19.48,31.36,0,4.74,33.86,0.8,1.0,66.67,8,2,0.3832,Estabilizado,Operação Normal
2026-08-27T21:00:52.644292,4724-10,34828,2,VL. NHOCUNÉ,METRÔ PATRIARCA,3,18:00,2,30.0,2,20.0,25.65,25.65,0.0,10000,2.24,800,3.84,24.23,40.68,0,4.74,29.38,0.8,0.667,75.0,3,1,0.4261,Estabilizado,Operação Normal
2026-08-27T21:00:52.644292,7021-10,34757,2,TERM. JOÃO DIAS,JD. MARACÁ,3,18:00,3,20.0,3,20.0,25.65,25.65,0.0,10000,2.24,800,2.78,24.15,32.75,0,4.74,21.96,0.8,1.0,66.67,4,1,0.3534,Estabilizado,Operação Normal
2026-08-27T21:00:52.644292,9301-10,458,1,PÇA. DO CORREIO,TERM. CASA VERDE,3,18:00,4,15.0,4,20.0,25.65,25.65,0.0,10000,2.24,800,3.59,16.97,34.32,0,4.74,27.63,0.8,1.0,62.5,5,1,0.3572,Estabilizado,Operação Normal
2026-08-27T21:00:52.644292,373L-10,1027,1,METRÔ ITAQUERA,JD. LIMOEIRO,3,18:00,5,12.0,5,20.0,25.65,25.65,0.0,10000,2.24,800,3.59,20.85,29.16,1,4.74,52.63,0.8,1.0,70.0,7,2,0.4384,Estabilizado,Operação Normal
2026-08-27T21:00:52.644292,2182-10,700,1,PÇA. DO CORREIO,JD. BRASIL,3,18:00,4,15.0,4,20.0,25.65,25.65,0.0,10000,2.24,800,3.47,18.91,32.35,0,4.74,26.79,0.8,1.0,62.5,5,1,0.3551,Estabilizado,Operação Normal
2026-08-27T21:00:52.644292,6078-10,1166,1,SHOP. INTERLAGOS,CANTINHO DO CÉU,3,18:00,9,6.7,9,20.0,25.65,25.65,0.0,10000,2.24,800,3.91,21.02,32.2,0,4.74,29.87,0.8,1.0,61.11,11,2,0.3593,Estabilizado,Operação Normal
2026-08-27T21:00:52.644292,3414-10,33514,2,TERM. PQ. D. PEDRO II,VL. DALILA,3,18:00,7,8.6,7,20.0,25.65,25.65,0.0,10000,2.24,800,5.17,18.88,33.76,1,4.74,63.69,0.8,1.0,71.43,10,3,0.4697,Estabilizado,Operação Normal
2026-08-27T21:00:52.644292,2772-10,398,1,METRÔ PENHA,JD. NAZARÉ,3,18:00,3,20.0,3,20.0,25.65,25.65,0.0,10000,2.24,800,3.05,20.97,27.23,0,4.74,23.85,0.8,1.0,66.67,4,1,0.3582,Estabilizado,Operação Normal
2026-08-27T21:00:52.644292,5105-10,1651,1,TERM. MERCADO,TERM. SACOMÃ,3,18:00,5,12.0,5,20.0,25.65,25.65,0.0,10000,2.24,800,3.68,21.03,36.23,1,4.74,53.26,0.8,1.0,70.0,7,2,0.44,Estabilizado,Operação Normal
2026-08-27T21:00:52.644292,2765-10,32913,2,METRÔ TATUAPÉ,VL. CISPER,3,18:00,9,6.7,9,20.0,25.65,25.65,0.0,10000,2.24,800,3.82,15.76,31.1,0,4.74,29.24,0.8,1.0,61.11,11,2,0.3577,Estabilizado,Operação Normal
2026-08-27T21:00:52.644292,9011-10,33646,2,TERM. CACHOEIRINHA,CPTM JARAGUÁ,3,18:00,10,6.0,11,20.0,25.65,25.65,0.0,10000,2.24,800,3.27,19.42,29.56,0,4.74,25.39,0.8,1.0,65.0,13,3,0.3578,Estabilizado,Operação Normal
2026-08-27T21:00:52.644292,4491-10,33095,2,TERM. PQ. D. PEDRO II,VL. LIVIERO,3,18:00,6,10.0,6,20.0,25.65,25.65,0.0,10000,2.24,800,4.05,21.77,34.1,1,4.74,55.85,0.8,1.0,66.67,8,2,0.4382,Estabilizado,Operação Normal
2026-08-27T21:00:52.644292,8029-10,2540,1,TERM. MORUMBI,SHOP. PORTAL,3,18:00,3,20.0,3,20.0,25.65,25.65,0.0,10000,2.24,800,2.22,20.67,29.42,1,4.74,43.04,0.8,1.0,66.67,4,1,0.4061,Estabilizado,Operação Normal
2026-08-27T21:00:52.644292,4222-10,33056,2,MOOCA,PQ. STA. MADALENA,3,18:00,4,15.0,4,20.0,25.65,25.65,0.0,10000,2.24,800,4.72,22.61,39.69,1,4.74,60.54,0.8,1.0,75.0,6,2,0.4707,Estabilizado,Operação Normal
2026-08-27T21:00:52.644292,6047-10,1224,1,STO. AMARO,JD. LÍDIA,3,18:00,3,20.0,3,20.0,25.65,25.65,0.0,10000,2.24,800,5.08,16.93,26.36,1,4.74,63.06,0.8,1.0,83.33,5,2,0.4978,Estabilizado,Operação Normal
2026-08-27T21:00:52.644292,6020-51,2456,1,PARELHEIROS,ESTR. DO JUSA,3,18:00,1,60.0,1,20.0,25.65,25.65,0.0,10000,2.24,800,8.1,16.0,32.0,0,4.74,59.2,0.8,0.333,100.0,2,1,0.5966,Estabilizado,Operação Normal
2026-08-27T21:00:52.644292,6031-10,92,1,EST. MENDES/VL. NATAL,TERM. GRAJAÚ,3,18:00,4,15.0,4,20.0,25.65,25.65,0.0,10000,2.24,800,2.77,18.27,26.97,0,4.74,21.89,0.8,1.0,62.5,5,1,0.3428,Estabilizado,Operação Normal
2026-08-27T21:00:52.644292,5317-10,32837,2,PÇA. DO CORREIO,SESC/ORION,3,18:00,5,12.0,5,20.0,25.65,25.65,0.0,10000,2.24,800,4.51,19.09,34.2,0,4.74,34.07,0.8,1.0,60.0,6,1,0.367,Estabilizado,Operação Normal
2026-08-27T21:00:52.644292,3069-21,35368,2,TERM. SÃO MATEUS,JD. ALTO ALEGRE,3,18:00,3,20.0,3,20.0,25.65,25.65,0.0,10000,2.24,800,3.78,17.63,32.72,0,4.74,28.96,0.8,1.0,66.67,4,1,0.3709,Estabilizado,Operação Normal
2026-08-27T21:00:52.644292,7272-10,34101,2,PÇA. RAMOS DE AZEVEDO,MERCADO DA LAPA,3,18:00,5,12.0,5,20.0,25.65,25.65,0.0,10000,2.24,800,4.65,12.24,26.4,1,4.74,60.05,0.8,1.0,70.0,7,2,0.457,Estabilizado,Operação Normal
2026-08-27T21:00:52.644292,6027-10,90,1,TERM. STO. AMARO,JD. GRAUNA,3,18:00,5,12.0,5,20.0,25.65,25.65,0.0,10000,2.24,800,4.58,19.0,32.67,0,4.74,34.56,0.8,1.0,60.0,6,1,0.3682,Estabilizado,Operação Normal
2026-08-27T21:00:52.644292,271A-51,33471,2,METRÔ SANTANA,CANGAÍBA,3,18:00,5,12.0,5,20.0,25.65,25.65,0.0,10000,2.24,800,2.05,26.65,34.26,0,4.74,16.85,0.8,1.0,60.0,6,1,0.324,Estabilizado,Operação Normal
2026-08-27T21:00:52.644292,4011-10,2184,1,TERM. SÃO MATEUS,JD. LIMOEIRO,3,18:00,6,10.0,6,20.0,25.65,25.65,0.0,10000,2.24,800,3.98,18.92,33.12,0,4.74,30.36,0.8,1.0,66.67,8,2,0.3744,Estabilizado,Operação Normal
2026-08-27T21:00:52.644292,6803-10,32797,2,TERM. JOÃO DIAS,JD. CAPELINHA,3,18:00,2,30.0,2,20.0,25.65,25.65,0.0,10000,2.24,800,3.9,18.88,27.07,0,4.74,29.8,0.8,0.667,75.0,3,1,0.4272,Estabilizado,Operação Normal
2026-08-27T21:00:52.644292,6414-10,33128,2,TERM. BANDEIRA,SOCORRO,3,18:00,8,7.5,8,20.0,25.65,25.65,0.0,10000,2.24,800,6.49,13.1,33.1,1,4.74,72.93,0.8,1.0,75.0,12,4,0.5017,Estabilizado,Operação Normal
2026-08-27T21:00:52.644292,2735-21,514,1,METRÔ PENHA,JD. SÃO FRANCISCO,3,18:00,2,30.0,2,20.0,25.65,25.65,0.0,10000,2.24,800,7.86,9.05,23.93,0,4.74,57.52,0.8,0.667,75.0,3,1,0.4964,Estabilizado,Operação Normal
2026-08-27T21:00:52.644292,2702-10,914,1,METRÔ ARTUR ALVIM,VL. AMERICANA,3,18:00,5,12.0,5,20.0,25.65,25.65,0.0,10000,2.24,800,3.51,17.18,29.15,1,4.74,52.07,0.8,1.0,70.0,7,2,0.437,Estabilizado,Operação Normal
2026-08-27T21:00:52.644292,6L04-10,1180,1,TERM. PARELHEIROS,JD. ORIENTAL/FONTES,3,18:00,1,60.0,1,20.0,25.65,25.65,0.0,10000,2.24,800,3.0,22.5,45.0,0,4.74,23.5,0.8,0.333,100.0,2,1,0.5073,Estabilizado,Operação Normal
2026-08-27T21:00:52.644292,2060-10,32902,2,METRÔ ARTUR ALVIM,TERM. A. E. CARVALHO,3,18:00,1,60.0,1,20.0,25.65,25.65,0.0,10000,2.24,800,4.13,21.07,37.82,0,4.74,31.41,0.8,0.333,100.0,2,1,0.5271,Estabilizado,Operação Normal
2026-08-27T21:00:52.644292,6076-10,33933,2,TERM. STO. AMARO,JD. PROGRESSO,3,18:00,9,6.7,9,20.0,25.65,25.65,0.0,10000,2.24,800,5.55,14.84,29.82,0,4.74,41.35,0.8,1.0,66.67,12,3,0.4019,Estabilizado,Operação Normal
2026-08-27T21:00:52.644292,3725-10,1022,1,VL. DALILA,METRÔ VL. MATILDE,3,18:00,5,12.0,5,20.0,25.65,25.65,0.0,10000,2.24,800,7.08,12.92,29.18,0,4.74,52.06,0.8,1.0,70.0,7,2,0.437,Estabilizado,Operação Normal
2026-08-27T21:00:52.644292,2551-10,141,1,TERM. PQ. D. PEDRO II,TERM. A. E. CARVALHO,3,18:00,6,10.0,6,20.0,25.65,25.65,0.0,10000,2.24,800,5.06,16.52,30.14,1,4.74,62.92,0.8,1.0,75.0,9,3,0.4767,Estabilizado,Operação Normal
2026-08-27T21:00:52.644292,695D-10,32882,2,METRÔ JABAQUARA,JD. STA. BARBARA,3,18:00,9,6.7,9,20.0,25.65,25.65,0.0,10000,2.24,800,4.52,18.64,32.82,1,4.74,59.14,0.8,1.0,66.67,12,3,0.4464,Estabilizado,Operação Normal
2026-08-27T21:00:52.644292,2007-10,33664,2,CPTM ITAIM PAULISTA,CID. KEMEL II,3,18:00,7,8.6,7,20.0,25.65,25.65,0.0,10000,2.24,800,2.66,19.2,25.5,0,4.74,21.12,0.8,1.0,57.14,8,1,0.3275,Estabilizado,Operação Normal
2026-08-27T21:00:52.644292,2004-10,33660,2,CPTM GUAIANASES,JD. NSA. SRA. DO CAMINHO,3,18:00,4,15.0,4,20.0,25.65,25.65,0.0,10000,2.24,800,5.08,15.77,32.74,0,4.74,38.06,0.8,1.0,62.5,5,1,0.3832,Estabilizado,Operação Normal
2026-08-27T21:00:52.644292,3112-10,1080,1,METRÔ BELÉM,VL. INDUSTRIAL,3,18:00,6,10.0,6,20.0,25.65,25.65,0.0,10000,2.24,800,5.91,12.11,26.46,1,4.74,68.87,0.8,1.0,75.0,9,3,0.4915,Estabilizado,Operação Normal
2026-08-27T21:00:52.644292,6022-10,33975,2,JD. ÂNGELA,PQ. CEREJEIRA,3,18:00,4,15.0,4,20.0,25.65,25.65,0.0,10000,2.24,800,5.61,18.69,35.71,0,4.74,41.77,0.8,1.0,62.5,5,1,0.3925,Estabilizado,Operação Normal
2026-08-27T21:00:52.644292,2552-10,32910,2,TERM. PQ. D. PEDRO II,VL. MARA,3,18:00,10,6.0,11,20.0,25.65,25.65,0.0,10000,2.24,800,4.97,15.32,30.67,1,4.74,62.29,0.8,1.0,75.0,15,5,0.4751,Estabilizado,Operação Normal
2026-08-27T21:00:52.644292,3141-10,33502,2,TERM. PQ. D. PEDRO II,SÃO MATEUS,3,18:00,7,8.6,7,20.0,25.65,25.65,0.0,10000,2.24,800,6.46,12.82,35.74,1,4.74,72.72,0.8,1.0,71.43,10,3,0.4922,Estabilizado,Operação Normal
2026-08-27T21:00:52.644292,5110-10,2209,1,TERM. MERCADO,TERM. SÃO MATEUS,3,18:00,15,4.0,16,20.0,25.65,25.65,0.0,10000,2.24,800,4.25,18.54,32.79,1,4.74,57.25,0.8,1.0,70.0,21,6,0.45,Estabilizado,Operação Normal
2026-08-27T21:00:52.644292,8028-10,2532,1,METRÔ MORUMBI,PARAISÓPOLIS,3,18:00,5,12.0,5,20.0,25.65,25.65,0.0,10000,2.24,800,4.32,18.81,34.28,1,4.74,57.74,0.8,1.0,70.0,7,2,0.4512,Estabilizado,Operação Normal
2026-08-27T21:00:52.644292,978J-10,591,1,TERM. PRINC. ISABEL,VOITH,3,18:00,4,15.0,4,20.0,25.65,25.65,0.0,10000,2.24,800,3.99,19.64,30.41,0,4.74,30.43,0.8,1.0,62.5,5,1,0.3642,Estabilizado,Operação Normal
2026-08-27T21:00:52.644292,271A-10,33470,2,METRÔ SANTANA,TERM. PENHA,3,18:00,6,10.0,6,20.0,25.65,25.65,0.0,10000,2.24,800,3.5,16.46,27.55,0,4.74,27.0,0.8,1.0,58.33,7,1,0.3452,Estabilizado,Operação Normal
2026-08-27T21:00:52.644292,8083-10,2606,1,METRÔ BUTANTÃ,CID. UNIVERSITÁRIA,3,18:00,3,20.0,3,20.0,25.65,25.65,0.0,10000,2.24,800,2.91,21.18,31.76,0,4.74,22.87,0.8,1.0,66.67,4,1,0.3557,Estabilizado,Operação Normal
2026-08-27T21:00:52.644292,8029-10,35308,2,TERM. MORUMBI,SHOP. PORTAL,3,18:00,6,10.0,6,20.0,25.65,25.65,0.0,10000,2.24,800,2.97,20.03,30.5,1,4.74,48.29,0.8,1.0,66.67,8,2,0.4193,Estabilizado,Operação Normal
2026-08-27T21:00:52.644292,2590-10,912,1,PQ. D. PEDRO II,UNIÃO DE VL. NOVA,3,18:00,7,8.6,7,20.0,25.65,25.65,0.0,10000,2.24,800,3.1,16.96,31.15,0,4.74,24.2,0.8,1.0,64.29,9,2,0.3531,Estabilizado,Operação Normal
2026-08-27T21:00:52.644292,516N-10,266,1,PÇA. D. GASTÃO,JD. MIRIAM,3,18:00,8,7.5,8,20.0,25.65,25.65,0.0,10000,2.24,800,4.45,13.79,28.57,0,4.74,33.65,0.8,1.0,62.5,10,2,0.3722,Estabilizado,Operação Normal
2026-08-27T21:00:52.644292,1036-10,2453,1,CONEXÃO VL. IÓRIO,COHAB BRASILÂNDIA,3,18:00,10,6.0,11,20.0,25.65,25.65,0.0,10000,2.24,800,2.92,15.35,22.92,0,4.74,22.94,0.8,1.0,65.0,13,3,0.3517,Estabilizado,Operação Normal
2026-08-27T21:00:52.644292,2717-10,930,1,CANGAÍBA,METRÔ GUILHERMINA/ESPERANÇA,3,18:00,5,12.0,5,20.0,25.65,25.65,0.0,10000,2.24,800,3.97,20.91,35.73,0,4.74,30.29,0.8,1.0,60.0,6,1,0.3576,Estabilizado,Operação Normal
2026-08-27T21:00:52.644292,4033-21,35460,2,NOVA CONQUISTA,SÃO MATEUS,3,18:00,2,30.0,2,20.0,25.65,25.65,0.0,10000,2.24,800,5.89,16.66,30.33,0,4.74,43.73,0.8,0.667,75.0,3,1,0.462,Estabilizado,Operação Normal
2026-08-27T21:00:52.644292,3459-23,404,1,ITAIM PAULISTA,METRÔ BRESSER,3,18:00,6,10.0,6,20.0,25.65,25.65,0.0,10000,2.24,800,4.08,18.36,30.19,1,4.74,56.06,0.8,1.0,66.67,8,2,0.4387,Estabilizado,Operação Normal
2026-08-27T21:00:52.644292,669A-10,4,1,TERM. PRINC. ISABEL,TERM. STO. AMARO,3,18:00,7,8.6,7,20.0,25.65,25.65,0.0,10000,2.24,800,5.68,11.47,29.06,0,4.74,42.26,0.8,1.0,64.29,9,2,0.3982,Estabilizado,Operação Normal
2026-08-27T21:00:52.644292,1775-10,33406,2,SHOP. CENTER NORTE,VL. ALBERTINA,3,18:00,3,20.0,3,20.0,25.65,25.65,0.0,10000,2.24,800,3.88,19.45,34.2,0,4.74,29.66,0.8,1.0,66.67,4,1,0.3727,Estabilizado,Operação Normal
2026-08-27T21:00:52.644292,4033-10,1103,1,NOVA CONQUISTA,JD. GUAIRACÁ,3,18:00,14,4.3,15,20.0,25.65,25.65,0.0,10000,2.24,800,4.89,16.61,30.49,1,4.74,61.73,0.8,1.0,71.43,20,6,0.4647,Estabilizado,Operação Normal
2026-08-27T21:00:52.644292,2722-10,935,1,METRÔ GUILHERMINA/ESPERANÇA,JD. VERONIA,3,18:00,8,7.5,8,20.0,25.65,25.65,0.0,10000,2.24,800,3.03,22.29,27.89,0,4.74,23.71,0.8,1.0,62.5,10,2,0.3474,Estabilizado,Operação Normal
2026-08-27T21:00:52.644292,4007-10,2181,1,TERM. VL. CARRÃO,COHAB JUSCELINO,3,18:00,4,15.0,4,20.0,25.65,25.65,0.0,10000,2.24,800,4.53,24.52,41.28,1,4.74,59.21,0.8,1.0,75.0,6,2,0.4674,Estabilizado,Operação Normal
2026-08-27T21:00:52.644292,5362-10,32838,2,PÇA. DA SÉ,PQ. RES. COCAIA,3,18:00,9,6.7,9,20.0,25.65,25.65,0.0,10000,2.24,800,3.99,22.99,38.84,0,4.74,30.43,0.8,1.0,61.11,11,2,0.3607,Estabilizado,Operação Normal
2026-08-27T21:00:52.644292,2726-10,33708,2,METRÔ PENHA,LIMOEIRO,3,18:00,6,10.0,6,20.0,25.65,25.65,0.0,10000,2.24,800,3.04,24.87,35.54,0,4.74,23.78,0.8,1.0,58.33,7,1,0.3371,Estabilizado,Operação Normal
2026-08-27T21:00:52.644292,748A-10,33266,2,LAPA,JD. D'ABRIL,3,18:00,3,20.0,3,20.0,25.65,25.65,0.0,10000,2.24,800,3.99,20.52,32.85,0,4.74,30.43,0.8,1.0,66.67,4,1,0.3746,Estabilizado,Operação Normal
2026-08-27T21:00:52.644292,8605-10,1917,1,TERM. BANDEIRA,TERM. CAMPO LIMPO,3,18:00,6,10.0,6,20.0,25.65,25.65,0.0,10000,2.24,800,4.48,17.58,32.64,1,4.74,58.86,0.8,1.0,66.67,8,2,0.4457,Estabilizado,Operação Normal
2026-08-27T21:00:52.644292,5111-10,48,1,TERM. PQ. D. PEDRO II,TERM. STO. AMARO,3,18:00,7,8.6,7,20.0,25.65,25.65,0.0,10000,2.24,800,3.56,13.04,29.26,1,4.74,52.42,0.8,1.0,71.43,10,3,0.4415,Estabilizado,Operação Normal
2026-08-27T21:00:52.644292,9050-10,34856,2,ITAIM BIBI,TERM. LAPA,3,18:00,7,8.6,7,20.0,25.65,25.65,0.0,10000,2.24,800,5.42,14.07,28.08,0,4.74,40.44,0.8,1.0,64.29,9,2,0.3937,Estabilizado,Operação Normal
2026-08-27T21:00:52.644292,408A-10,33534,2,CARDOSO DE ALMEIDA,MACHADO DE ASSIS,3,18:00,6,10.0,6,20.0,25.65,25.65,0.0,10000,2.24,800,4.79,16.51,34.14,1,4.74,61.03,0.8,1.0,66.67,8,2,0.4511,Estabilizado,Operação Normal
2026-08-27T21:00:52.644292,6030-10,1142,1,TERM. STO. AMARO,UNISA-CAMPUS 1,3,18:00,8,7.5,8,20.0,25.65,25.65,0.0,10000,2.24,800,3.55,20.99,34.03,0,4.74,27.35,0.8,1.0,62.5,10,2,0.3565,Estabilizado,Operação Normal
2026-08-27T21:00:52.644292,2711-10,33693,2,METRÔ PATRIARCA,PONTE RASA,3,18:00,3,20.0,3,20.0,25.65,25.65,0.0,10000,2.24,800,2.38,21.53,30.27,0,4.74,19.16,0.8,1.0,66.67,4,1,0.3464,Estabilizado,Operação Normal
2026-08-27T21:00:52.644292,3098-10,33846,2,SHOP. ARICANDUVA,JD. SÃO FRANCISCO,3,18:00,7,8.6,7,20.0,25.65,25.65,0.0,10000,2.24,800,6.54,17.21,37.48,0,4.74,48.28,0.8,1.0,64.29,9,2,0.4133,Estabilizado,Operação Normal
2026-08-27T21:00:52.644292,9008-10,33643,2,TERM. CACHOEIRINHA,PQ. DE TAIPAS,3,18:00,9,6.7,9,20.0,25.65,25.65,0.0,10000,2.24,800,4.05,17.52,31.59,0,4.74,30.85,0.8,1.0,61.11,11,2,0.3618,Estabilizado,Operação Normal
2026-08-27T21:00:52.644292,637P-10,32815,2,TERM. PINHEIROS,TERM. STO. AMARO,3,18:00,8,7.5,8,20.0,25.65,25.65,0.0,10000,2.24,800,6.66,11.3,32.83,0,4.74,49.12,0.8,1.0,68.75,11,3,0.4265,Estabilizado,Operação Normal
2026-08-27T21:00:52.644292,2720-10,33701,2,METRÔ GUILHERMINA/ESPERANÇA,JD. BELÉM,3,18:00,9,6.7,9,20.0,25.65,25.65,0.0,10000,2.24,800,3.31,21.67,33.98,0,4.74,25.67,0.8,1.0,61.11,11,2,0.3488,Estabilizado,Operação Normal
2026-08-27T21:00:52.644292,9023-10,34205,2,TERM. PIRITUBA,PQ. DE TAIPAS,3,18:00,10,6.0,11,20.0,25.65,25.65,0.0,10000,2.24,800,5.13,13.52,29.4,0,4.74,38.41,0.8,1.0,70.0,14,4,0.4029,Estabilizado,Operação Normal
2026-08-27T21:00:52.644292,677A-10,34007,2,ITAIM BIBI,TERM. JD. ÂNGELA,3,18:00,12,5.0,13,20.0,25.65,25.65,0.0,10000,2.24,800,5.86,15.72,33.05,1,4.74,68.52,0.8,1.0,75.0,18,6,0.4906,Estabilizado,Operação Normal
2026-08-27T21:00:52.644292,8007-10,34025,2,TERM. PIRITUBA,HAB. TURÍSTICA,3,18:00,3,20.0,3,20.0,25.65,25.65,0.0,10000,2.24,800,6.22,16.45,35.35,1,4.74,71.04,0.8,1.0,83.33,5,2,0.5178,Estabilizado,Operação Normal
2026-08-27T21:00:52.644292,1017-10,2141,1,CONEXÃO VL. IÓRIO,PERUS,3,18:00,10,6.0,11,20.0,25.65,25.65,0.0,10000,2.24,800,3.53,15.35,23.21,1,4.74,52.21,0.8,1.0,75.0,15,5,0.4499,Estabilizado,Operação Normal
2026-08-27T21:00:52.644292,9784-10,827,1,METRÔ BARRA FUNDA,JD. DOS FRANCOS,3,18:00,7,8.6,7,20.0,25.65,25.65,0.0,10000,2.24,800,3.73,17.46,30.46,0,4.74,28.61,0.8,1.0,64.29,9,2,0.3641,Estabilizado,Operação Normal
2026-08-27T21:00:52.644292,407J-10,34966,2,METRÔ TATUAPÉ,JD. SOARES,3,18:00,17,3.5,18,20.0,25.65,25.65,0.0,10000,2.24,800,5.13,16.65,34.29,1,4.74,63.41,0.8,1.0,73.53,25,8,0.4742,Estabilizado,Operação Normal
2026-08-27T21:00:52.644292,6012-10,1204,1,JD. ÂNGELA,PQ. INDEPENDÊNCIA,3,18:00,2,30.0,2,20.0,25.65,25.65,0.0,10000,2.24,800,4.05,11.06,35.84,0,4.74,30.85,0.8,0.667,75.0,3,1,0.4298,Estabilizado,Operação Normal
2026-08-27T21:00:52.644292,1156-10,659,1,PÇA. DO CORREIO,VL. SABRINA,3,18:00,5,12.0,5,20.0,25.65,25.65,0.0,10000,2.24,800,3.43,21.7,36.98,0,4.74,26.51,0.8,1.0,60.0,6,1,0.3481,Estabilizado,Operação Normal
2026-08-27T21:00:52.644292,2019-10,33673,2,SHOP. PENHA,PQ. PAINEIRAS,3,18:00,3,20.0,3,20.0,25.65,25.65,0.0,10000,2.24,800,3.34,20.79,31.23,1,4.74,50.88,0.8,1.0,66.67,4,1,0.4257,Estabilizado,Operação Normal
2026-08-27T21:00:52.644292,2720-31,1842,1,METRÔ GUILHERMINA/ESPERANÇA,JD. BELÉM,3,18:00,2,30.0,2,20.0,25.65,25.65,0.0,10000,2.24,800,3.59,21.39,30.89,0,4.74,27.63,0.8,0.667,75.0,3,1,0.4217,Estabilizado,Operação Normal
2026-08-27T21:00:52.644292,8594-10,33200,2,PÇA. RAMOS DE AZEVEDO,CID. D'ABRIL ,3,18:00,14,4.3,15,20.0,25.65,25.65,0.0,10000,2.24,800,3.83,20.66,33.48,0,4.74,29.31,0.8,1.0,64.29,18,4,0.3659,Estabilizado,Operação Normal
2026-08-27T21:00:52.644292,5129-10,34049,2,TERM. GUARAPIRANGA,JD. MIRIAM,3,18:00,9,6.7,9,20.0,25.65,25.65,0.0,10000,2.24,800,3.69,17.35,35.43,0,4.74,28.33,0.8,1.0,61.11,11,2,0.3554,Estabilizado,Operação Normal
2026-08-27T21:00:52.644292,5028-10,34402,2,METRÔ ALTO DO IPIRANGA,CONJ. HAB. HELIÓPOLIS,3,18:00,3,20.0,3,20.0,25.65,25.65,0.0,10000,2.24,800,3.84,16.7,27.29,1,4.74,54.38,0.8,1.0,66.67,4,1,0.4345,Estabilizado,Operação Normal
2026-08-27T21:00:52.644292,3756-10,1050,1,METRÔ ITAQUERA ,BARRO BRANCO,3,18:00,6,10.0,6,20.0,25.65,25.65,0.0,10000,2.24,800,1.81,25.18,30.6,1,4.74,40.17,0.8,1.0,66.67,8,2,0.399,Estabilizado,Operação Normal
2026-08-27T21:00:52.644292,6913-21,34317,2,ITAIM BIBI,TERM. VARGINHA,3,18:00,7,8.6,7,20.0,25.65,25.65,0.0,10000,2.24,800,4.83,11.68,29.06,0,4.74,36.31,0.8,1.0,64.29,9,2,0.3834,Estabilizado,Operação Normal
2026-08-27T21:00:52.644292,3718-10,1013,1,NOVA AMERICA,METRÔ ARTUR ALVIM,3,18:00,6,10.0,6,20.0,25.65,25.65,0.0,10000,2.24,800,4.25,20.2,34.64,1,4.74,57.25,0.8,1.0,66.67,8,2,0.4416,Estabilizado,Operação Normal
2026-08-27T21:00:52.644292,745M-10,33550,2,SHOP. SP MARKET,CAMPO LIMPO,3,18:00,9,6.7,9,20.0,25.65,25.65,0.0,10000,2.24,800,5.22,18.83,36.53,1,4.74,64.04,0.8,1.0,72.22,13,4,0.4725,Estabilizado,Operação Normal
2026-08-27T21:00:52.644292,888P-10,33222,2,COHAB TAIPAS,PERUS,3,18:00,6,10.0,6,20.0,25.65,25.65,0.0,10000,2.24,800,6.39,14.76,39.97,1,4.74,72.23,0.8,1.0,75.0,9,3,0.4999,Estabilizado,Operação Normal
2026-08-27T21:00:52.644292,2718-10,33699,2,METRÔ PENHA,VL. SÍLVIA,3,18:00,9,6.7,9,20.0,25.65,25.65,0.0,10000,2.24,800,4.53,19.63,31.24,0,4.74,34.21,0.8,1.0,61.11,11,2,0.3701,Estabilizado,Operação Normal
2026-08-27T21:00:52.644292,5290-10,597,1,TERM. PQ. D. PEDRO II,DIV. DIADEMA,3,18:00,7,8.6,7,20.0,25.65,25.65,0.0,10000,2.24,800,4.0,14.99,29.01,1,4.74,55.5,0.8,1.0,71.43,10,3,0.4492,Estabilizado,Operação Normal
2026-08-27T21:00:52.644292,2769-10,33165,2,METRÔ TATUAPÉ,JD. ROMANO,3,18:00,5,12.0,5,20.0,25.65,25.65,0.0,10000,2.24,800,4.28,15.89,33.02,1,4.74,57.46,0.8,1.0,70.0,7,2,0.4505,Estabilizado,Operação Normal
2026-08-27T21:00:52.644292,2762-10,144,1,METRÔ TATUAPÉ,ERMELINO MATARAZZO,3,18:00,5,12.0,5,20.0,25.65,25.65,0.0,10000,2.24,800,3.18,18.34,30.57,0,4.74,24.76,0.8,1.0,60.0,6,1,0.3438,Estabilizado,Operação Normal
2026-08-27T21:00:52.644292,4002-10,2177,1,TERM. VL. CARRÃO,GUAIANASES,3,18:00,5,12.0,5,20.0,25.65,25.65,0.0,10000,2.24,800,7.21,13.03,32.4,0,4.74,52.97,0.8,1.0,70.0,7,2,0.4393,Estabilizado,Operação Normal
2026-08-27T21:00:52.644292,524L-10,1715,1,METRÔ TATUAPÉ,PQ. SÃO LUCAS,3,18:00,4,15.0,4,20.0,25.65,25.65,0.0,10000,2.24,800,4.5,16.92,31.07,0,4.74,34.0,0.8,1.0,62.5,5,1,0.3731,Estabilizado,Operação Normal
2026-08-27T21:00:52.644292,3734-10,1034,1,METRÔ ARTUR ALVIM,CID. LIDER,3,18:00,6,10.0,6,20.0,25.65,25.65,0.0,10000,2.24,800,5.52,16.62,30.74,1,4.74,66.14,0.8,1.0,75.0,9,3,0.4847,Estabilizado,Operação Normal
2026-08-27T21:00:52.644292,3390-10,738,1,TERM. PQ. D. PEDRO II,SÃO MATEUS,3,18:00,4,15.0,4,20.0,25.65,25.65,0.0,10000,2.24,800,4.82,16.69,32.1,1,4.74,61.24,0.8,1.0,75.0,6,2,0.4725,Estabilizado,Operação Normal
2026-08-27T21:00:52.644292,8004-10,34022,2,TERM. LAPA,HAB. TURÍSTICA,3,18:00,4,15.0,4,20.0,25.65,25.65,0.0,10000,2.24,800,5.73,13.14,32.01,1,4.74,67.61,0.8,1.0,75.0,6,2,0.4884,Estabilizado,Operação Normal
2026-08-27T21:00:52.644292,3728-41,34756,2,PQ. NOVA SAVOY,METRÔ ARTUR ALVIM,3,18:00,3,20.0,3,20.0,25.65,25.65,0.0,10000,2.24,800,4.83,18.83,31.74,1,4.74,61.31,0.8,1.0,66.67,4,1,0.4518,Estabilizado,Operação Normal
2026-08-27T21:00:52.644292,978L-10,466,1,TERM. PRINC. ISABEL,TERM. CACHOEIRINHA,3,18:00,1,60.0,1,20.0,25.65,25.65,0.0,10000,2.24,800,6.79,13.48,31.41,0,4.74,50.03,0.8,0.333,100.0,2,1,0.5736,Estabilizado,Operação Normal
2026-08-27T21:00:52.644292,3134-10,993,1,METRÔ TAMANDUATEÍ,SHOP. ARICANDUVA,3,18:00,9,6.7,9,20.0,25.65,25.65,0.0,10000,2.24,800,4.33,17.9,29.38,1,4.74,57.81,0.8,1.0,66.67,12,3,0.4431,Estabilizado,Operação Normal
2026-08-27T21:00:52.644292,573T-31,2248,1,METRÔ CARRÃO,TERM. SAPOPEMBA,3,18:00,2,30.0,2,20.0,25.65,25.65,0.0,10000,2.24,800,3.96,22.11,35.59,0,4.74,30.22,0.8,0.667,75.0,3,1,0.4282,Estabilizado,Operação Normal
2026-08-27T21:00:52.644292,805L-10,124,1,ACLIMAÇÃO,TERM. PRINC. ISABEL,3,18:00,2,30.0,2,20.0,25.65,25.65,0.0,10000,2.24,800,3.46,16.92,28.93,0,4.74,26.72,0.8,0.667,75.0,3,1,0.4194,Estabilizado,Operação Normal
2026-08-27T21:00:52.644292,2719-10,33700,2,METRÔ VL. MATILDE,ERMELINO MATARAZZO,3,18:00,14,4.3,15,20.0,25.65,25.65,0.0,10000,2.24,800,3.18,22.89,37.09,0,4.74,24.76,0.8,1.0,64.29,18,4,0.3545,Estabilizado,Operação Normal
2026-08-27T21:00:52.644292,3301-10,34386,2,TERM. PQ. D. PEDRO II,TERM. SÃO MIGUEL,3,18:00,5,12.0,5,20.0,25.65,25.65,0.0,10000,2.24,800,3.57,18.27,34.4,1,4.74,52.49,0.8,1.0,70.0,7,2,0.4381,Estabilizado,Operação Normal
2026-08-27T21:00:52.644292,8705-10,34840,2,ANHANGABAÚ,SHOP. CONTINENTAL,3,18:00,9,6.7,9,20.0,25.65,25.65,0.0,10000,2.24,800,4.01,16.49,29.47,1,4.74,55.57,0.8,1.0,66.67,12,3,0.4375,Estabilizado,Operação Normal
2026-08-27T21:00:52.644292,9006-10,874,1,TERM. CACHOEIRINHA,VL. PENTEADO,3,18:00,3,20.0,3,20.0,25.65,25.65,0.0,10000,2.24,800,3.03,19.14,28.4,0,4.74,23.71,0.8,1.0,66.67,4,1,0.3578,Estabilizado,Operação Normal
2026-08-27T21:00:52.644292,2730-10,33713,2,METRÔ ARTUR ALVIM,VL. JACUI,3,18:00,8,7.5,8,20.0,25.65,25.65,0.0,10000,2.24,800,4.27,18.63,30.6,0,4.74,32.39,0.8,1.0,62.5,10,2,0.3691,Estabilizado,Operação Normal
2026-08-27T21:00:52.644292,233A-10,249,1,TERM. VL. CARRÃO,JD. HELENA,3,18:00,4,15.0,4,20.0,25.65,25.65,0.0,10000,2.24,800,4.53,14.59,27.98,1,4.74,59.21,0.8,1.0,75.0,6,2,0.4674,Estabilizado,Operação Normal
2026-08-27T21:00:52.644292,4312-10,2172,1,TERM. PQ. D. PEDRO II,JD. MARÍLIA,3,18:00,5,12.0,5,20.0,25.65,25.65,0.0,10000,2.24,800,5.67,13.95,29.47,1,4.74,67.19,0.8,1.0,70.0,7,2,0.4748,Estabilizado,Operação Normal
2026-08-27T21:00:52.644292,6016-10,32852,2,TERM. GRAJAÚ,JD. NORONHA,3,18:00,5,12.0,5,20.0,25.65,25.65,0.0,10000,2.24,800,4.47,14.98,34.54,0,4.74,33.79,0.8,1.0,60.0,6,1,0.3663,Estabilizado,Operação Normal
2026-08-27T21:00:52.644292,6082-10,35446,2,CONEXÃO TERMINAIS,CONEXÃO TERMINAIS,3,18:00,3,20.0,3,20.0,25.65,25.65,0.0,10000,2.24,800,5.62,14.74,27.07,0,4.74,41.84,0.8,1.0,66.67,4,1,0.4031,Estabilizado,Operação Normal
2026-08-27T21:00:52.644292,189L-10,2450,1,LAPA,CONEXÃO VL. IÓRIO,3,18:00,4,15.0,4,20.0,25.65,25.65,0.0,10000,2.24,800,3.06,25.8,39.94,0,4.74,23.92,0.8,1.0,62.5,5,1,0.3479,Estabilizado,Operação Normal
2026-08-27T21:00:52.644292,4725-10,33106,2,SHOP. IBIRAPUERA,VL. BRASILINA,3,18:00,3,20.0,3,20.0,25.65,25.65,0.0,10000,2.24,800,2.57,28.39,38.08,1,4.74,45.49,0.8,1.0,66.67,4,1,0.4123,Estabilizado,Operação Normal
2026-08-27T21:00:52.644292,2012-10,2281,1,SHOP.D,VL. MEDEIROS,3,18:00,1,60.0,1,20.0,25.65,25.65,0.0,10000,2.24,800,7.04,15.82,29.59,0,4.74,51.78,0.8,0.333,100.0,2,1,0.578,Estabilizado,Operação Normal
2026-08-27T21:00:52.644292,272N-10,33473,2,PQ. D. PEDRO II,PQ. NOVO MUNDO,3,18:00,3,20.0,3,20.0,25.65,25.65,0.0,10000,2.24,800,2.93,19.18,28.16,0,4.74,23.01,0.8,1.0,66.67,4,1,0.3561,Estabilizado,Operação Normal
2026-08-27T21:00:52.644292,178T-10,565,1,CEASA,METRÔ SANTANA,3,18:00,7,8.6,7,20.0,25.65,25.65,0.0,10000,2.24,800,3.54,19.98,31.34,0,4.74,27.28,0.8,1.0,64.29,9,2,0.3608,Estabilizado,Operação Normal
2026-08-27T21:00:52.644292,6027-10,32858,2,TERM. STO. AMARO,JD. GRAUNA,3,18:00,8,7.5,8,20.0,25.65,25.65,0.0,10000,2.24,800,4.4,19.62,31.02,0,4.74,33.3,0.8,1.0,62.5,10,2,0.3713,Estabilizado,Operação Normal
2026-08-27T21:00:52.644292,2732-10,947,1,VL. REGINA,METRÔ ARTUR ALVIM,3,18:00,5,12.0,5,20.0,25.65,25.65,0.0,10000,2.24,800,3.31,27.47,33.64,1,4.74,50.67,0.8,1.0,70.0,7,2,0.4335,Estabilizado,Operação Normal
2026-08-27T21:00:52.644292,3462-10,247,1,METRÔ TATUAPÉ,VL. SANTANA,3,18:00,3,20.0,3,20.0,25.65,25.65,0.0,10000,2.24,800,3.54,20.58,33.33,0,4.74,27.28,0.8,1.0,66.67,4,1,0.3667,Estabilizado,Operação Normal
2026-08-27T21:00:52.644292,6262-10,34139,2,TERM. BANDEIRA,CEASA,3,18:00,5,12.0,5,20.0,25.65,25.65,0.0,10000,2.24,800,6.26,11.83,33.42,1,4.74,71.32,0.8,1.0,70.0,7,2,0.4851,Estabilizado,Operação Normal
2026-08-27T21:00:52.644292,8014-10,33569,2,PERUS,MORRO DOCE,3,18:00,8,7.5,8,20.0,25.65,25.65,0.0,10000,2.24,800,4.02,39.56,52.65,0,4.74,30.64,0.8,1.0,62.5,10,2,0.3647,Estabilizado,Operação Normal
2026-08-27T21:00:52.644292,7053-22,34664,2,TERM. CAMPO LIMPO,JD. MARIA SAMPAIO,3,18:00,2,30.0,2,20.0,25.65,25.65,0.0,10000,2.24,800,4.35,17.29,28.27,0,4.74,32.95,0.8,0.667,75.0,3,1,0.435,Estabilizado,Operação Normal
2026-08-27T21:00:52.644292,3721-10,33787,2,SHOP. ARICANDUVA,METRÔ ARTUR ALVIM,3,18:00,2,30.0,2,20.0,25.65,25.65,0.0,10000,2.24,800,6.3,17.89,34.08,0,4.74,46.6,0.8,0.667,75.0,3,1,0.4692,Estabilizado,Operação Normal
2026-08-27T21:00:52.644292,2009-10,898,1,CPTM GUAIANASES,JD. ROBRU,3,18:00,5,12.0,5,20.0,25.65,25.65,0.0,10000,2.24,800,2.33,25.85,32.71,0,4.74,18.81,0.8,1.0,60.0,6,1,0.3289,Estabilizado,Operação Normal
2026-08-27T21:00:52.644292,1017-10,34909,2,CONEXÃO VL. IÓRIO,PERUS,3,18:00,9,6.7,9,20.0,25.65,25.65,0.0,10000,2.24,800,3.46,15.31,20.83,1,4.74,51.72,0.8,1.0,66.67,12,3,0.4278,Estabilizado,Operação Normal
2026-08-27T21:00:52.644292,5012-10,1116,1,JABAQUARA,VL. GUACURI,3,18:00,8,7.5,8,20.0,25.65,25.65,0.0,10000,2.24,800,3.89,15.39,27.09,0,4.74,29.73,0.8,1.0,62.5,10,2,0.3624,Estabilizado,Operação Normal
2026-08-27T21:00:52.644292,607A-10,34907,2,SOCORRO,JD. APURÁ,3,18:00,4,15.0,4,20.0,25.65,25.65,0.0,10000,2.24,800,3.15,25.59,28.63,0,4.74,24.55,0.8,1.0,62.5,5,1,0.3495,Estabilizado,Operação Normal
2026-08-27T21:00:52.644292,7011-31,1954,1,JD. ÂNGELA,JD. DOS REIS,3,18:00,4,15.0,4,20.0,25.65,25.65,0.0,10000,2.24,800,4.44,21.12,37.71,0,4.74,33.58,0.8,1.0,62.5,5,1,0.372,Estabilizado,Operação Normal
2026-08-27T21:00:52.644292,778J-10,508,1,METRÔ BARRA FUNDA,JD. ARPOADOR,3,18:00,1,60.0,1,20.0,25.65,25.65,0.0,10000,2.24,800,2.48,21.25,28.18,0,4.74,19.86,0.8,0.333,100.0,2,1,0.4982,Estabilizado,Operação Normal
2026-08-27T21:00:52.644292,775P-10,33275,2,METRÔ ANA ROSA,JD. GUARAÚ,3,18:00,3,20.0,3,20.0,25.65,25.65,0.0,10000,2.24,800,4.95,15.0,29.55,0,4.74,37.15,0.8,1.0,66.67,4,1,0.3914,Estabilizado,Operação Normal
2026-08-27T21:00:52.644292,8677-10,443,1,LGO. DO PAISSANDÚ,JD. LÍBANO,3,18:00,7,8.6,7,20.0,25.65,25.65,0.0,10000,2.24,800,4.54,14.51,28.55,0,4.74,34.28,0.8,1.0,64.29,9,2,0.3783,Estabilizado,Operação Normal
2026-08-27T21:00:52.644292,875A-10,33377,2,PERDIZES,AEROPORTO,3,18:00,9,6.7,9,20.0,25.65,25.65,0.0,10000,2.24,800,4.37,15.74,28.45,1,4.74,58.09,0.8,1.0,66.67,12,3,0.4438,Estabilizado,Operação Normal
2026-08-27T21:00:52.644292,6250-10,33236,2,TERM. BANDEIRA,JD. JAQUELINE,3,18:00,3,20.0,3,20.0,25.65,25.65,0.0,10000,2.24,800,6.34,12.12,29.55,1,4.74,71.88,0.8,1.0,83.33,5,2,0.5199,Estabilizado,Operação Normal
2026-08-27T21:00:52.644292,7458-10,496,1,TERM. VL. SÔNIA,JD. BOA VISTA,3,18:00,3,20.0,3,20.0,25.65,25.65,0.0,10000,2.24,800,4.8,16.4,28.89,0,4.74,36.1,0.8,1.0,66.67,4,1,0.3888,Estabilizado,Operação Normal
2026-08-27T21:00:52.644292,5164-10,1283,1,PQ. IBIRAPUERA,VL. STA. CATARINA,3,18:00,5,12.0,5,20.0,25.65,25.65,0.0,10000,2.24,800,4.93,16.55,34.42,1,4.74,62.01,0.8,1.0,70.0,7,2,0.4619,Estabilizado,Operação Normal
2026-08-27T21:00:52.644292,1732-10,33439,2,TERM. AMARAL GURGEL,VL. SABRINA,3,18:00,7,8.6,7,20.0,25.65,25.65,0.0,10000,2.24,800,3.79,17.31,32.16,0,4.74,29.03,0.8,1.0,64.29,9,2,0.3651,Estabilizado,Operação Normal
2026-08-27T21:00:52.644292,637G-10,32869,2,PINHEIROS,GRAJAÚ,3,18:00,4,15.0,4,20.0,25.65,25.65,0.0,10000,2.24,800,6.89,11.92,30.78,0,4.74,50.73,0.8,1.0,75.0,6,2,0.4462,Estabilizado,Operação Normal
2026-08-27T21:00:52.644292,3763-10,33822,2,METRÔ TATUAPÉ,TERM. VL. CARRÃO,3,18:00,14,4.3,15,20.0,25.65,25.65,0.0,10000,2.24,800,3.68,16.73,27.9,0,4.74,28.26,0.8,1.0,64.29,18,4,0.3632,Estabilizado,Operação Normal
2026-08-27T21:00:52.644292,4742-10,342,1,METRÔ SÃO JUDAS,JD. CLÍMAX,3,18:00,2,30.0,2,20.0,25.65,25.65,0.0,10000,2.24,800,2.65,19.52,29.81,0,4.74,21.05,0.8,0.667,75.0,3,1,0.4053,Estabilizado,Operação Normal
2026-08-27T21:00:52.644292,4727-10,340,1,METRÔ PÇA. DA ÁRVORE,JD. CLÍMAX,3,18:00,2,30.0,2,20.0,25.65,25.65,0.0,10000,2.24,800,3.46,21.95,29.27,1,4.74,51.72,0.8,0.667,75.0,3,1,0.482,Estabilizado,Operação Normal
2026-08-27T21:00:52.644292,2678-10,383,1,TERM. PQ. D. PEDRO II,OLIVEIRINHA,3,18:00,6,10.0,6,20.0,25.65,25.65,0.0,10000,2.24,800,3.46,21.61,33.65,0,4.74,26.72,0.8,1.0,58.33,7,1,0.3445,Estabilizado,Operação Normal
2026-08-27T21:00:52.644292,9023-10,1437,1,TERM. PIRITUBA,PQ. DE TAIPAS,3,18:00,7,8.6,7,20.0,25.65,25.65,0.0,10000,2.24,800,3.53,22.87,33.74,0,4.74,27.21,0.8,1.0,64.29,9,2,0.3606,Estabilizado,Operação Normal
2026-08-27T21:00:52.644292,675I-10,32836,2,METRÔ SÃO JUDAS,TERM. JOÃO DIAS,3,18:00,4,15.0,4,20.0,25.65,25.65,0.0,10000,2.24,800,3.5,28.99,41.29,1,4.74,52.0,0.8,1.0,75.0,6,2,0.4494,Estabilizado,Operação Normal
2026-08-27T21:00:52.644292,746C-10,33551,2,STO. AMARO,JD. TABOÃO,3,18:00,13,4.6,14,20.0,25.65,25.65,0.0,10000,2.24,800,4.32,15.29,30.61,1,4.74,57.74,0.8,1.0,73.08,19,6,0.4589,Estabilizado,Operação Normal
2026-08-27T21:00:52.644292,809A-10,34837,2,TERM. PINHEIROS,JD. D'ABRIL,3,18:00,7,8.6,7,20.0,25.65,25.65,0.0,10000,2.24,800,3.43,17.76,33.59,0,4.74,26.51,0.8,1.0,64.29,9,2,0.3589,Estabilizado,Operação Normal
2026-08-27T21:00:52.644292,2583-10,33143,2,TERM. ARICANDUVA,VL. CURUÇÁ,3,18:00,4,15.0,4,20.0,25.65,25.65,0.0,10000,2.24,800,4.5,13.02,29.68,0,4.74,34.0,0.8,1.0,62.5,5,1,0.3731,Estabilizado,Operação Normal
2026-08-27T21:00:52.644292,971A-10,658,1,SHOP. D,JD. PRIMAVERA,3,18:00,5,12.0,5,20.0,25.65,25.65,0.0,10000,2.24,800,6.08,14.47,27.85,0,4.74,45.06,0.8,1.0,70.0,7,2,0.4195,Estabilizado,Operação Normal
2026-08-27T21:00:52.644292,477P-10,348,1,RIO PEQUENO,IPIRANGA,3,18:00,9,6.7,9,20.0,25.65,25.65,0.0,10000,2.24,800,5.26,14.06,32.75,0,4.74,39.32,0.8,1.0,61.11,11,2,0.3829,Estabilizado,Operação Normal
2026-08-27T21:00:52.644292,809V-10,35011,2,METRÔ - TRIANON - MASP,VL. GOMES,3,18:00,4,15.0,4,20.0,25.65,25.65,0.0,10000,2.24,800,5.66,11.34,30.36,0,4.74,42.12,0.8,1.0,62.5,5,1,0.3934,Estabilizado,Operação Normal
2026-08-27T21:00:52.644292,2583-10,375,1,TERM. ARICANDUVA,VL. CURUÇÁ,3,18:00,2,30.0,2,20.0,25.65,25.65,0.0,10000,2.24,800,4.14,21.83,37.11,1,4.74,56.48,0.8,0.667,75.0,3,1,0.4938,Estabilizado,Operação Normal
2026-08-27T21:00:52.644292,637J-10,32871,2,PINHEIROS,VL. SÃO JOSÉ,3,18:00,10,6.0,11,20.0,25.65,25.65,0.0,10000,2.24,800,5.25,14.04,30.89,0,4.74,39.25,0.8,1.0,70.0,14,4,0.405,Estabilizado,Operação Normal
2026-08-27T21:00:52.644292,9354-10,708,1,PÇA. DO CORREIO,TERM. CACHOEIRINHA,3,18:00,6,10.0,6,20.0,25.65,25.65,0.0,10000,2.24,800,3.25,18.41,33.09,0,4.74,25.25,0.8,1.0,58.33,7,1,0.3408,Estabilizado,Operação Normal
2026-08-27T21:00:52.644292,7006-10,34763,2,JD. ÂNGELA,JD. HORIZONTE AZUL,3,18:00,6,10.0,6,20.0,25.65,25.65,0.0,10000,2.24,800,4.99,20.75,33.51,0,4.74,37.43,0.8,1.0,66.67,8,2,0.3921,Estabilizado,Operação Normal
2026-08-27T21:00:52.644292,407N-10,2169,1,METRÔ PENHA,TERM. CID. TIRADENTES,3,18:00,8,7.5,8,20.0,25.65,25.65,0.0,10000,2.24,800,5.17,20.33,37.13,0,4.74,38.69,0.8,1.0,62.5,10,2,0.3848,Estabilizado,Operação Normal
2026-08-27T21:00:52.644292,509M-10,1277,1,TERM. PRINC. ISABEL,JD. MIRIAM,3,18:00,3,20.0,3,20.0,25.65,25.65,0.0,10000,2.24,800,6.66,14.3,39.54,0,4.74,49.12,0.8,1.0,66.67,4,1,0.4213,Estabilizado,Operação Normal
2026-08-27T21:00:52.644292,3738-10,33806,2,METRÔ ITAQUERA,COHAB JUSCELINO,3,18:00,12,5.0,13,20.0,25.65,25.65,0.0,10000,2.24,800,2.39,19.58,30.16,1,4.74,44.23,0.8,1.0,70.83,17,5,0.4195,Estabilizado,Operação Normal
2026-08-27T21:00:52.644292,5110-41,34978,2,METRÔ TAMANDUATEÍ,SÃO MATEUS,3,18:00,5,12.0,5,20.0,25.65,25.65,0.0,10000,2.24,800,3.31,14.83,25.08,0,4.74,25.67,0.8,1.0,60.0,6,1,0.346,Estabilizado,Operação Normal
2026-08-27T21:00:52.644292,7411-10,1376,1,PÇA. DA SÉ,CID. UNIVERSITÁRIA,3,18:00,1,60.0,1,20.0,25.65,25.65,0.0,10000,2.24,800,5.65,12.08,28.45,0,4.74,42.05,0.8,0.333,100.0,2,1,0.5537,Estabilizado,Operação Normal
2026-08-27T21:00:52.644292,6826-10,32784,2,TERM. CAPELINHA,JD. D. JOSÉ,3,18:00,3,20.0,3,20.0,25.65,25.65,0.0,10000,2.24,800,4.62,16.56,32.25,1,4.74,59.84,0.8,1.0,66.67,4,1,0.4481,Estabilizado,Operação Normal
2026-08-27T21:00:52.644292,3161-10,1084,1,TERM. PQ. D. PEDRO II,JD. COLORADO,3,18:00,4,15.0,4,20.0,25.65,25.65,0.0,10000,2.24,800,5.57,14.78,31.58,1,4.74,66.49,0.8,1.0,75.0,6,2,0.4856,Estabilizado,Operação Normal
2026-08-27T21:00:52.644292,2058-10,259,1,CPTM GUAIANASES,TERM. SÃO MIGUEL,3,18:00,3,20.0,3,20.0,25.65,25.65,0.0,10000,2.24,800,4.76,16.84,31.77,0,4.74,35.82,0.8,1.0,66.67,4,1,0.3881,Estabilizado,Operação Normal
2026-08-27T21:00:52.644292,7245-10,363,1,HOSP. DAS CLÍNICAS,TERM. STO. AMARO,3,18:00,7,8.6,7,20.0,25.65,25.65,0.0,10000,2.24,800,5.53,13.47,29.6,1,4.74,66.21,0.8,1.0,71.43,10,3,0.4759,Estabilizado,Operação Normal
2026-08-27T21:00:52.644292,4008-10,2182,1,TERM. VL. CARRÃO,JD. CIBELE,3,18:00,4,15.0,4,20.0,25.65,25.65,0.0,10000,2.24,800,6.36,13.71,29.75,1,4.74,72.02,0.8,1.0,75.0,6,2,0.4994,Estabilizado,Operação Normal
2026-08-27T21:00:52.644292,4092-10,34644,2,SETOR IIB,TERM. CID. TIRADENTES,3,18:00,3,20.0,3,20.0,25.65,25.65,0.0,10000,2.24,800,5.08,20.26,29.2,0,4.74,38.06,0.8,1.0,66.67,4,1,0.3937,Estabilizado,Operação Normal
2026-08-27T21:00:52.644292,6262-10,1371,1,TERM. BANDEIRA,CEASA,3,18:00,5,12.0,5,20.0,25.65,25.65,0.0,10000,2.24,800,6.35,11.44,33.82,0,4.74,46.95,0.8,1.0,70.0,7,2,0.4242,Estabilizado,Operação Normal
2026-08-27T21:00:52.644292,695Y-42,2632,1,TERM. EST. VARGINHA,TERM. PARELHEIROS,3,18:00,12,5.0,13,20.0,25.65,25.65,0.0,10000,2.24,800,6.32,10.13,21.06,0,4.74,46.74,0.8,1.0,70.83,17,5,0.4258,Estabilizado,Operação Normal
2026-08-27T21:00:52.644292,7009-10,34719,2,JD. ÂNGELA,JD. SÃO LOURENÇO,3,18:00,2,30.0,2,20.0,25.65,25.65,0.0,10000,2.24,800,5.96,14.61,34.96,0,4.74,44.22,0.8,0.667,75.0,3,1,0.4632,Estabilizado,Operação Normal
2026-08-27T21:00:52.644292,3161-10,33852,2,TERM. PQ. D. PEDRO II,JD. COLORADO,3,18:00,5,12.0,5,20.0,25.65,25.65,0.0,10000,2.24,800,6.51,12.87,30.79,1,4.74,73.07,0.8,1.0,70.0,7,2,0.4895,Estabilizado,Operação Normal
2026-08-27T21:00:52.644292,675A-10,34086,2,METRÔ SÃO JUDAS,PQ. STO. ANTONIO,3,18:00,5,12.0,5,20.0,25.65,25.65,0.0,10000,2.24,800,5.05,17.12,29.8,1,4.74,62.85,0.8,1.0,70.0,7,2,0.464,Estabilizado,Operação Normal
2026-08-27T21:00:52.644292,776M-10,35448,2,AEROPORTO,TERM. ÁGUA ESPRAIADA,3,18:00,3,20.0,3,20.0,25.65,25.65,0.0,10000,2.24,800,4.53,15.37,36.93,1,4.74,59.21,0.8,1.0,66.67,4,1,0.4466,Estabilizado,Operação Normal
2026-08-27T21:00:52.644292,4729-10,33876,2,METRÔ BELÉM,PQ. BANCÁRIO,3,18:00,5,12.0,5,20.0,25.65,25.65,0.0,10000,2.24,800,3.01,18.97,32.81,1,4.74,48.57,0.8,1.0,70.0,7,2,0.4283,Estabilizado,Operação Normal
2026-08-27T21:00:52.644292,709A-10,34860,2,METRÔ ANA ROSA,TERM. ÁGUA ESPRAIADA,3,18:00,3,20.0,3,20.0,25.65,25.65,0.0,10000,2.24,800,7.04,11.4,31.42,0,4.74,51.78,0.8,1.0,66.67,4,1,0.428,Estabilizado,Operação Normal
2026-08-27T21:00:52.644292,2025-10,35035,2,SANTANA,VL. NOVA GALVÃO,3,18:00,8,7.5,8,20.0,25.65,25.65,0.0,10000,2.24,800,5.44,16.44,29.5,1,4.74,65.58,0.8,1.0,68.75,11,3,0.4677,Estabilizado,Operação Normal
2026-08-27T21:00:52.644292,1206-10,842,1,CORREIO,PQ. VL. MARIA,3,18:00,3,20.0,3,20.0,25.65,25.65,0.0,10000,2.24,800,2.67,31.28,44.82,0,4.74,21.19,0.8,1.0,66.67,4,1,0.3515,Estabilizado,Operação Normal
2026-08-27T21:00:52.644292,6014-10,32956,2,TERM. STO. AMARO,TERM. JD. JACIRA,3,18:00,10,6.0,11,20.0,25.65,25.65,0.0,10000,2.24,800,3.95,18.3,34.43,0,4.74,30.15,0.8,1.0,65.0,13,3,0.3697,Estabilizado,Operação Normal
2026-08-27T21:00:52.644292,3729-10,1026,1,METRÔ CARRÃO,SHOP. ARICANDUVA,3,18:00,9,6.7,9,20.0,25.65,25.65,0.0,10000,2.24,800,3.43,19.89,31.63,0,4.74,26.51,0.8,1.0,61.11,11,2,0.3509,Estabilizado,Operação Normal
2026-08-27T21:00:52.644292,6840-10,201,1,TERM. CAPELINHA,TERM. JD. JACIRA,3,18:00,5,12.0,5,20.0,25.65,25.65,0.0,10000,2.24,800,4.16,18.78,32.4,0,4.74,31.62,0.8,1.0,60.0,6,1,0.3609,Estabilizado,Operação Normal
2026-08-27T21:00:52.644292,390E-10,34650,2,TERM. PQ. D. PEDRO II,TERM. PENHA,3,18:00,5,12.0,5,20.0,25.65,25.65,0.0,10000,2.24,800,3.67,17.08,29.69,0,4.74,28.19,0.8,1.0,60.0,6,1,0.3523,Estabilizado,Operação Normal
2026-08-27T21:00:52.644292,746H-10,785,1,STO. AMARO,JD. JAQUELINE,3,18:00,12,5.0,13,20.0,25.65,25.65,0.0,10000,2.24,800,3.28,18.77,30.77,1,4.74,50.46,0.8,1.0,70.83,17,5,0.4351,Estabilizado,Operação Normal
2026-08-27T21:00:52.644292,6078-10,33934,2,SHOP. INTERLAGOS,CANTINHO DO CÉU,3,18:00,8,7.5,8,20.0,25.65,25.65,0.0,10000,2.24,800,3.65,20.15,31.87,0,4.74,28.05,0.8,1.0,62.5,10,2,0.3582,Estabilizado,Operação Normal
2026-08-27T21:00:52.644292,9166-10,707,1,JD. STA. CRUZ,CACHOEIRINHA,3,18:00,2,30.0,2,20.0,25.65,25.65,0.0,10000,2.24,800,2.99,20.02,30.03,0,4.74,23.43,0.8,0.667,75.0,3,1,0.4112,Estabilizado,Operação Normal
2026-08-27T21:00:52.644292,3731-10,33796,2,SHOP. ARICANDUVA,METRÔ VL. MATILDE,3,18:00,7,8.6,7,20.0,25.65,25.65,0.0,10000,2.24,800,6.45,11.35,31.01,0,4.74,47.65,0.8,1.0,64.29,9,2,0.4117,Estabilizado,Operação Normal
2026-08-27T21:00:52.644292,4001-10,34944,2,TERM. VL. CARRÃO,ITAQUERA,3,18:00,3,20.0,3,20.0,25.65,25.65,0.0,10000,2.24,800,3.82,21.63,36.88,0,4.74,29.24,0.8,1.0,66.67,4,1,0.3716,Estabilizado,Operação Normal
2026-08-27T21:00:52.644292,6035-10,33981,2,STO. AMARO,VL. GILDA,3,18:00,7,8.6,7,20.0,25.65,25.65,0.0,10000,2.24,800,3.05,21.01,33.57,0,4.74,23.85,0.8,1.0,64.29,9,2,0.3522,Estabilizado,Operação Normal
2026-08-27T21:00:52.644292,8047-41,33178,2,METRÔ VL. MADALENA,JARAGUÁ,3,18:00,2,30.0,2,20.0,25.65,25.65,0.0,10000,2.24,800,6.12,20.15,31.97,1,4.74,70.34,0.8,0.667,75.0,3,1,0.5285,Estabilizado,Operação Normal
2026-08-27T21:00:52.644292,502J-22,2107,1,VL. STA. CATARINA,EST. AUTÓDROMO,3,18:00,4,15.0,4,20.0,25.65,25.65,0.0,10000,2.24,800,3.62,12.92,24.27,0,4.74,27.84,0.8,1.0,62.5,5,1,0.3577,Estabilizado,Operação Normal
2026-08-27T21:00:52.644292,978A-10,1369,1,METRÔ BARRA FUNDA,TERM. CACHOEIRINHA,3,18:00,6,10.0,6,20.0,25.65,25.65,0.0,10000,2.24,800,3.32,19.98,31.53,1,4.74,50.74,0.8,1.0,66.67,8,2,0.4254,Estabilizado,Operação Normal
2026-08-27T21:00:52.644292,407H-10,2197,1,METRÔ ITAQUERA,JD. SÃO FRANCISCO,3,18:00,8,7.5,8,20.0,25.65,25.65,0.0,10000,2.24,800,3.87,34.49,39.9,1,4.74,54.59,0.8,1.0,68.75,11,3,0.4402,Estabilizado,Operação Normal
2026-08-27T21:00:52.644292,6116-10,33954,2,TERM. GRAJAÚ,JD. PRAINHA,3,18:00,6,10.0,6,20.0,25.65,25.65,0.0,10000,2.24,800,8.09,10.38,34.28,0,4.74,59.13,0.8,1.0,66.67,8,2,0.4464,Estabilizado,Operação Normal
2026-08-27T21:00:52.644292,5024-31,1123,1,STO. AMARO,MISSIONÁRIA,3,18:00,1,60.0,1,20.0,25.65,25.65,0.0,10000,2.24,800,2.94,18.89,28.94,0,4.74,23.08,0.8,0.333,100.0,2,1,0.5062,Estabilizado,Operação Normal
2026-08-27T21:00:52.644292,5025-10,1564,1,METRÔ TAMANDUATEÍ,JD. GUAIRACÁ,3,18:00,3,20.0,3,20.0,25.65,25.65,0.0,10000,2.24,800,4.59,20.89,31.36,1,4.74,59.63,0.8,1.0,66.67,4,1,0.4476,Estabilizado,Operação Normal
2026-08-27T21:00:52.644292,6076-10,1165,1,TERM. STO. AMARO,JD. PROGRESSO,3,18:00,5,12.0,5,20.0,25.65,25.65,0.0,10000,2.24,800,3.41,17.8,28.04,0,4.74,26.37,0.8,1.0,60.0,6,1,0.3478,Estabilizado,Operação Normal
2026-08-27T21:00:52.644292,2523-10,250,1,TERM. A. E. CARVALHO,VL. PROGRESSO,3,18:00,3,20.0,3,20.0,25.65,25.65,0.0,10000,2.24,800,2.81,21.22,29.53,0,4.74,22.17,0.8,1.0,66.67,4,1,0.3539,Estabilizado,Operação Normal
2026-08-27T21:00:52.644292,509J-10,264,1,PQ. IBIRAPUERA,JD. SELMA,3,18:00,5,12.0,5,20.0,25.65,25.65,0.0,10000,2.24,800,4.54,14.83,29.25,1,4.74,59.28,0.8,1.0,70.0,7,2,0.4551,Estabilizado,Operação Normal
2026-08-27T21:00:52.644292,213E-10,2498,1,METRÔ BELÉM,PQ. EDU CHAVES,3,18:00,3,20.0,3,20.0,25.65,25.65,0.0,10000,2.24,800,3.23,29.85,40.98,1,4.74,50.11,0.8,1.0,66.67,4,1,0.4238,Estabilizado,Operação Normal
2026-08-27T21:00:52.644292,6913-21,1549,1,ITAIM BIBI,TERM. VARGINHA,3,18:00,4,15.0,4,20.0,25.65,25.65,0.0,10000,2.24,800,4.21,16.19,24.67,0,4.74,31.97,0.8,1.0,62.5,5,1,0.368,Estabilizado,Operação Normal
2026-08-27T21:00:52.644292,2731-10,33714,2,METRÔ ITAQUERA,VL. PROGRESSO,3,18:00,9,6.7,9,20.0,25.65,25.65,0.0,10000,2.24,800,3.21,23.24,31.99,0,4.74,24.97,0.8,1.0,61.11,11,2,0.347,Estabilizado,Operação Normal
2026-08-27T21:00:52.644292,2033-10,35267,2,SHOP. D,VL. SABRINA,3,18:00,5,12.0,5,20.0,25.65,25.65,0.0,10000,2.24,800,3.08,18.36,32.24,0,4.74,24.06,0.8,1.0,60.0,6,1,0.342,Estabilizado,Operação Normal
2026-08-27T21:00:52.644292,3902-10,1470,1,CPTM GUAIANASES,CPTM JD. ROMANO,3,18:00,6,10.0,6,20.0,25.65,25.65,0.0,10000,2.24,800,2.58,16.85,21.58,0,4.74,20.56,0.8,1.0,58.33,7,1,0.3291,Estabilizado,Operação Normal
2026-08-27T21:00:52.644292,174M-10,673,1,MUSEU DO IPIRANGA,VL. SABRINA,3,18:00,6,10.0,6,20.0,25.65,25.65,0.0,10000,2.24,800,7.32,10.32,28.92,1,4.74,78.74,0.8,1.0,75.0,9,3,0.5162,Estabilizado,Operação Normal
2026-08-27T21:00:52.644292,3003-10,34565,2,CPTM VL. MARA/ITAIM,JD. SÃO MARTINHO,3,18:00,4,15.0,4,20.0,25.65,25.65,0.0,10000,2.24,800,4.25,19.61,28.16,0,4.74,32.25,0.8,1.0,62.5,5,1,0.3687,Estabilizado,Operação Normal
2026-08-27T21:00:52.644292,5362-23,34628,2,VICENTE RAO,PQ. RES. COCAIA,3,18:00,11,5.5,12,20.0,25.65,25.65,0.0,10000,2.24,800,3.43,22.2,37.21,0,4.74,26.51,0.8,1.0,63.64,14,3,0.3572,Estabilizado,Operação Normal
2026-08-27T21:00:52.644292,709M-10,35230,2,TERM. PINHEIROS,TERM. STO. AMARO,3,18:00,5,12.0,5,20.0,25.65,25.65,0.0,10000,2.24,800,6.48,11.47,31.39,0,4.74,47.86,0.8,1.0,70.0,7,2,0.4265,Estabilizado,Operação Normal
2026-08-27T21:00:52.644292,6073-10,1160,1,TERM. VARGINHA,JD. STA. TEREZINHA,3,18:00,4,15.0,4,20.0,25.65,25.65,0.0,10000,2.24,800,3.99,15.58,28.52,0,4.74,30.43,0.8,1.0,62.5,5,1,0.3642,Estabilizado,Operação Normal
2026-08-27T21:00:52.644292,8050-10,412,1,LAPA,PQ. MORRO DOCE,3,18:00,4,15.0,4,20.0,25.65,25.65,0.0,10000,2.24,800,2.73,27.38,37.42,0,4.74,21.61,0.8,1.0,62.5,5,1,0.3421,Estabilizado,Operação Normal
2026-08-27T21:00:52.644292,2032-10,35034,2,METRÔ CARANDIRU,JD. BRASIL,3,18:00,4,15.0,4,20.0,25.65,25.65,0.0,10000,2.24,800,3.17,17.71,37.14,0,4.74,24.69,0.8,1.0,62.5,5,1,0.3498,Estabilizado,Operação Normal
2026-08-27T21:00:52.644292,139A-10,2451,1,LAPA,VL. IÓRIO,3,18:00,2,30.0,2,20.0,25.65,25.65,0.0,10000,2.24,800,5.29,13.44,44.08,0,4.74,39.53,0.8,0.667,75.0,3,1,0.4515,Estabilizado,Operação Normal
2026-08-27T21:00:52.644292,938L-10,34136,2,LAPA,TERM. CACHOEIRINHA,3,18:00,4,15.0,4,20.0,25.65,25.65,0.0,10000,2.24,800,3.24,19.93,31.56,1,4.74,50.18,0.8,1.0,75.0,6,2,0.4448,Estabilizado,Operação Normal
2026-08-27T21:00:52.644292,407T-10,2202,1,METRÔ ITAQUERA,JD. REDIL,3,18:00,2,30.0,2,20.0,25.65,25.65,0.0,10000,2.24,800,3.03,30.44,38.21,0,4.74,23.71,0.8,0.667,75.0,3,1,0.4119,Estabilizado,Operação Normal
2026-08-27T21:00:52.644292,8549-10,33348,2,PÇA. DO CORREIO,TAIPAS,3,18:00,10,6.0,11,20.0,25.65,25.65,0.0,10000,2.24,800,2.89,19.24,26.7,1,4.74,47.73,0.8,1.0,70.0,14,4,0.4262,Estabilizado,Operação Normal
2026-08-27T21:00:52.644292,476G-41,1112,1,METRÔ ANA ROSA,VL. INDUSTRIAL,3,18:00,6,10.0,6,20.0,25.65,25.65,0.0,10000,2.24,800,3.23,21.79,30.46,1,4.74,50.11,0.8,1.0,66.67,8,2,0.4238,Estabilizado,Operação Normal
2026-08-27T21:00:52.644292,7002-10,772,1,HOSP. DAS CLÍNICAS,JD. ROSA MARIA,3,18:00,9,6.7,9,20.0,25.65,25.65,0.0,10000,2.24,800,4.19,17.32,30.74,0,4.74,31.83,0.8,1.0,61.11,11,2,0.3642,Estabilizado,Operação Normal
2026-08-27T21:00:52.644292,7545-10,33272,2,PÇA. RAMOS DE AZEVEDO,JD. JOÃO XXIII,3,18:00,14,4.3,15,20.0,25.65,25.65,0.0,10000,2.24,800,3.22,17.05,26.92,1,4.74,50.04,0.8,1.0,71.43,20,6,0.4355,Estabilizado,Operação Normal
2026-08-27T21:00:52.644292,2709-10,922,1,VL. UNIÃO,METRÔ PATRIARCA,3,18:00,5,12.0,5,20.0,25.65,25.65,0.0,10000,2.24,800,2.19,25.16,32.92,1,4.74,42.83,0.8,1.0,70.0,7,2,0.4139,Estabilizado,Operação Normal
2026-08-27T21:00:52.644292,3046-10,33739,2,METRÔ TATUAPÉ,VL. GUARANI,3,18:00,11,5.5,12,20.0,25.65,25.65,0.0,10000,2.24,800,4.5,13.84,29.15,1,4.74,59.0,0.8,1.0,72.73,16,5,0.4612,Estabilizado,Operação Normal
2026-08-27T21:00:52.644292,778R-10,509,1,TERM. PRINC. ISABEL,COHAB RAPOSO TAVARES,3,18:00,6,10.0,6,20.0,25.65,25.65,0.0,10000,2.24,800,4.19,13.67,30.38,0,4.74,31.83,0.8,1.0,66.67,8,2,0.3781,Estabilizado,Operação Normal
2026-08-27T21:00:52.644292,2017-10,903,1,SÃO MIGUEL,JD. ROBRU,3,18:00,4,15.0,4,20.0,25.65,25.65,0.0,10000,2.24,800,4.09,16.62,25.85,0,4.74,31.13,0.8,1.0,62.5,5,1,0.3659,Estabilizado,Operação Normal
2026-08-27T21:00:52.644292,5702-10,33905,2,METRÔ JABAQUARA,REFÚGIO STA. TEREZINHA,3,18:00,3,20.0,3,20.0,25.65,25.65,0.0,10000,2.24,800,6.78,15.22,33.31,0,4.74,49.96,0.8,1.0,66.67,4,1,0.4234,Estabilizado,Operação Normal
2026-08-27T21:00:52.644292,407M-10,33086,2,VL. MONUMENTO,METRÔ VL. MARIANA,3,18:00,1,60.0,1,20.0,25.65,25.65,0.0,10000,2.24,800,5.23,10.62,28.97,0,4.74,39.11,0.8,0.333,100.0,2,1,0.5463,Estabilizado,Operação Normal
2026-08-27T21:00:52.644292,874C-10,477,1,METRÔ - TRIANON - MASP ,PQ. CONTINENTAL,3,18:00,4,15.0,4,20.0,25.65,25.65,0.0,10000,2.24,800,3.51,18.02,33.0,0,4.74,27.07,0.8,1.0,62.5,5,1,0.3558,Estabilizado,Operação Normal
2026-08-27T21:00:52.644292,1701-10,845,1,METRÔ SANTANA,JOVA RURAL,3,18:00,3,20.0,3,20.0,25.65,25.65,0.0,10000,2.24,800,4.87,15.01,31.31,1,4.74,61.59,0.8,1.0,66.67,4,1,0.4525,Estabilizado,Operação Normal
2026-08-27T21:00:52.644292,177Y-10,867,1,PINHEIROS,METRÔ BARRA FUNDA,3,18:00,4,15.0,4,20.0,25.65,25.65,0.0,10000,2.24,800,6.03,13.74,28.36,0,4.74,44.71,0.8,1.0,62.5,5,1,0.3999,Estabilizado,Operação Normal
2026-08-27T21:00:52.644292,6045-21,34932,2,CHÁC. STA. MARIA,TERM. CAPELINHA,3,18:00,2,30.0,2,20.0,25.65,25.65,0.0,10000,2.24,800,2.81,19.3,23.62,0,4.74,22.17,0.8,0.667,75.0,3,1,0.4081,Estabilizado,Operação Normal
2026-08-27T21:00:52.644292,8013-41,34779,2,JD. PAINEIRAS,TERM. JD. BRITANIA,3,18:00,1,60.0,1,20.0,25.65,25.65,0.0,10000,2.24,800,6.09,36.25,71.26,0,4.74,45.13,0.8,0.333,100.0,2,1,0.5614,Estabilizado,Operação Normal
2026-08-27T21:00:52.644292,8500-10,34035,2,METRÔ BARRA FUNDA,TERM. PIRITUBA,3,18:00,7,8.6,7,20.0,25.65,25.65,0.0,10000,2.24,800,3.39,18.19,40.56,1,4.74,51.23,0.8,1.0,64.29,9,2,0.4206,Estabilizado,Operação Normal
2026-08-27T21:00:52.644292,3112-10,33848,2,METRÔ BELÉM,VL. INDUSTRIAL,3,18:00,10,6.0,11,20.0,25.65,25.65,0.0,10000,2.24,800,4.57,16.19,30.76,1,4.74,59.49,0.8,1.0,75.0,15,5,0.4681,Estabilizado,Operação Normal
2026-08-27T21:00:52.644292,4024-10,2158,1,E.T. ITAQUERA,COHAB FAZENDA DO CARMO,3,18:00,6,10.0,6,20.0,25.65,25.65,0.0,10000,2.24,800,2.79,31.98,39.39,1,4.74,47.03,0.8,1.0,66.67,8,2,0.4161,Estabilizado,Operação Normal
2026-08-27T21:00:52.644292,175P-10,33443,2,ANA ROSA,METRÔ SANTANA,3,18:00,10,6.0,11,20.0,25.65,25.65,0.0,10000,2.24,800,4.1,16.99,31.0,0,4.74,31.2,0.8,1.0,65.0,13,3,0.3723,Estabilizado,Operação Normal
2026-08-27T21:00:52.644292,2722-31,936,1,JD. VERÔNIA,METRÔ GUILHERMINA/ESPERANÇA,3,18:00,3,20.0,3,20.0,25.65,25.65,0.0,10000,2.24,800,2.2,23.87,33.75,0,4.74,17.9,0.8,1.0,66.67,4,1,0.3433,Estabilizado,Operação Normal
2026-08-27T21:00:52.644292,8000-10,34041,2,PÇA. RAMOS DE AZEVEDO,TERM. LAPA,3,18:00,5,12.0,5,20.0,25.65,25.65,0.0,10000,2.24,800,3.5,19.52,32.13,0,4.74,27.0,0.8,1.0,60.0,6,1,0.3493,Estabilizado,Operação Normal
2026-08-27T21:00:52.644292,8009-10,34027,2,TERM. PIRITUBA,CID. D'ABRIL 3ª GLEBA,3,18:00,1,60.0,1,20.0,25.65,25.65,0.0,10000,2.24,800,5.77,16.71,32.3,0,4.74,42.89,0.8,0.333,100.0,2,1,0.5558,Estabilizado,Operação Normal
2026-08-27T21:00:52.644292,6074-10,1161,1,EST. JURUBATUBA,JD. GAIVOTAS,3,18:00,5,12.0,5,20.0,25.65,25.65,0.0,10000,2.24,800,3.49,23.02,37.05,0,4.74,26.93,0.8,1.0,60.0,6,1,0.3492,Estabilizado,Operação Normal
2026-08-27T21:00:52.644292,414P-10,1105,1,TERM. NORTE METRÔ CARRÃO,VL. INDUSTRIAL,3,18:00,6,10.0,6,20.0,25.65,25.65,0.0,10000,2.24,800,3.27,19.12,29.2,0,4.74,25.39,0.8,1.0,58.33,7,1,0.3411,Estabilizado,Operação Normal
2026-08-27T21:00:52.644292,209P-10,2216,1,TERM. PINHEIROS,CACHOEIRINHA,3,18:00,13,4.6,14,20.0,25.65,25.65,0.0,10000,2.24,800,4.3,15.49,31.81,1,4.74,57.6,0.8,1.0,73.08,19,6,0.4586,Estabilizado,Operação Normal
2026-08-27T21:00:52.644292,9011-21,1768,1,CITY JARAGUÁ,CPTM JARAGUÁ,3,18:00,5,12.0,5,20.0,25.65,25.65,0.0,10000,2.24,800,6.73,17.41,37.22,1,4.74,74.61,0.8,1.0,70.0,7,2,0.4934,Estabilizado,Operação Normal
2026-08-27T21:00:52.644292,374M-10,1965,1,METRÔ ITAQUERA,CPTM ERMELINO MATARAZZO,3,18:00,5,12.0,5,20.0,25.65,25.65,0.0,10000,2.24,800,3.14,23.41,32.56,0,4.74,24.48,0.8,1.0,60.0,6,1,0.343,Estabilizado,Operação Normal
2026-08-27T21:00:52.644292,3746-10,283,1,METRÔ BELÉM,JD. IMPERADOR,3,18:00,3,20.0,3,20.0,25.65,25.65,0.0,10000,2.24,800,4.69,17.26,30.65,0,4.74,35.33,0.8,1.0,66.67,4,1,0.3869,Estabilizado,Operação Normal
2026-08-27T21:00:52.644292,4724-10,2060,1,VL. NHOCUNÉ,METRÔ PATRIARCA,3,18:00,2,30.0,2,20.0,25.65,25.65,0.0,10000,2.24,800,3.76,25.57,42.38,0,4.74,28.82,0.8,0.667,75.0,3,1,0.4247,Estabilizado,Operação Normal
2026-08-27T21:00:52.644292,271F-10,33451,2,METRÔ BELÉM     ,CENTER NORTE,3,18:00,3,20.0,3,20.0,25.65,25.65,0.0,10000,2.24,800,5.83,15.25,31.05,0,4.74,43.31,0.8,1.0,66.67,4,1,0.4068,Estabilizado,Operação Normal
2026-08-27T21:00:52.644292,8300-1,2507,1,TERM. LAPA,TERM. PIRITUBA,3,18:00,1,60.0,1,20.0,25.65,25.65,0.0,10000,2.24,800,2.73,27.17,40.85,0,4.74,21.61,0.8,0.333,100.0,2,1,0.5026,Estabilizado,Operação Normal
2026-08-27T21:00:52.644292,476G-10,33879,2,IBIRAPUERA,JD. ELBA,3,18:00,7,8.6,7,20.0,25.65,25.65,0.0,10000,2.24,800,4.43,16.8,29.74,0,4.74,33.51,0.8,1.0,64.29,9,2,0.3763,Estabilizado,Operação Normal
2026-08-27T21:00:52.644292,5194-10,33037,2,PQ. IBIRAPUERA,JD. APURÁ,3,18:00,5,12.0,5,20.0,25.65,25.65,0.0,10000,2.24,800,3.26,25.1,24.51,1,4.74,50.32,0.8,1.0,70.0,7,2,0.4326,Estabilizado,Operação Normal
2026-08-27T21:00:52.644292,2016-10,902,1,SÃO MIGUEL,JD. DAS OLIVEIRAS,3,18:00,4,15.0,4,20.0,25.65,25.65,0.0,10000,2.24,800,3.77,19.06,35.41,0,4.74,28.89,0.8,1.0,62.5,5,1,0.3603,Estabilizado,Operação Normal
2026-08-27T21:00:52.644292,807J-10,2058,1,SHOP. MORUMBI,TERM. CAMPO LIMPO,3,18:00,7,8.6,7,20.0,25.65,25.65,0.0,10000,2.24,800,4.51,19.17,36.9,1,4.74,59.07,0.8,1.0,71.43,10,3,0.4581,Estabilizado,Operação Normal
2026-08-27T21:00:52.644292,2105-10,35015,2,LGO. DA CONCÓRDIA,JD. FILHOS DA TERRA,3,18:00,5,12.0,5,20.0,25.65,25.65,0.0,10000,2.24,800,4.48,17.01,30.99,0,4.74,33.86,0.8,1.0,60.0,6,1,0.3665,Estabilizado,Operação Normal
2026-08-27T21:00:52.644292,5141-10,1625,1,PÇA. DO CORREIO,TERM. SAPOPEMBA,3,18:00,3,20.0,3,20.0,25.65,25.65,0.0,10000,2.24,800,3.59,16.78,29.81,0,4.74,27.63,0.8,1.0,66.67,4,1,0.3676,Estabilizado,Operação Normal
2026-08-27T21:00:52.644292,6338-10,34061,2,PQ. IBIRAPUERA,JD. MIRIAM,3,18:00,5,12.0,5,20.0,25.65,25.65,0.0,10000,2.24,800,4.07,16.92,30.19,0,4.74,30.99,0.8,1.0,60.0,6,1,0.3593,Estabilizado,Operação Normal
2026-08-27T21:00:52.644292,6913-10,34233,2,TERM. BANDEIRA,TERM. VARGINHA,3,18:00,12,5.0,13,20.0,25.65,25.65,0.0,10000,2.24,800,4.26,15.77,31.3,0,4.74,32.32,0.8,1.0,66.67,16,4,0.3793,Estabilizado,Operação Normal
2026-08-27T21:00:52.644292,4708-10,33100,2,METRÔ VL. MARIANA,JD. CLÍMAX,3,18:00,5,12.0,5,20.0,25.65,25.65,0.0,10000,2.24,800,4.01,24.07,30.14,0,4.74,30.57,0.8,1.0,60.0,6,1,0.3583,Estabilizado,Operação Normal
2026-08-27T21:00:52.644292,4716-10,1106,1,METRÔ STA. CRUZ,METRÔ TAMANDUATEÍ,3,18:00,6,10.0,6,20.0,25.65,25.65,0.0,10000,2.24,800,2.67,18.95,28.19,1,4.74,46.19,0.8,1.0,66.67,8,2,0.414,Estabilizado,Operação Normal
2026-08-27T21:00:52.644292,8014-10,801,1,PERUS,MORRO DOCE,3,18:00,7,8.6,7,20.0,25.65,25.65,0.0,10000,2.24,800,7.77,14.94,44.69,1,4.74,81.89,0.8,1.0,78.57,11,4,0.533,Estabilizado,Operação Normal
2026-08-27T21:00:52.644292,702C-10,485,1,METRÔ BELÉM,JD. BONFIGLIOLI,3,18:00,8,7.5,8,20.0,25.65,25.65,0.0,10000,2.24,800,3.73,19.41,33.21,0,4.74,28.61,0.8,1.0,62.5,10,2,0.3596,Estabilizado,Operação Normal
2026-08-27T21:00:52.644292,5370-10,1442,1,LGO. SÃO FRANCISCO,TERM. VARGINHA,3,18:00,7,8.6,7,20.0,25.65,25.65,0.0,10000,2.24,800,3.11,23.84,36.51,1,4.74,49.27,0.8,1.0,64.29,9,2,0.4158,Estabilizado,Operação Normal
2026-08-27T21:00:52.644292,1787-10,33418,2,METRÔ SANTANA,VL. MARIETA,3,18:00,4,15.0,4,20.0,25.65,25.65,0.0,10000,2.24,800,3.86,20.37,36.1,0,4.74,29.52,0.8,1.0,62.5,5,1,0.3619,Estabilizado,Operação Normal
2026-08-27T21:00:52.644292,647P-10,1316,1,TERM. PINHEIROS,COHAB ADVENTISTA,3,18:00,7,8.6,7,20.0,25.65,25.65,0.0,10000,2.24,800,4.53,15.01,29.92,0,4.74,34.21,0.8,1.0,64.29,9,2,0.3781,Estabilizado,Operação Normal
2026-08-27T21:00:52.644292,7053-10,34655,2,TERM. CAMPO LIMPO,JD. MACEDÔNIA,3,18:00,5,12.0,5,20.0,25.65,25.65,0.0,10000,2.24,800,5.17,13.54,28.58,0,4.74,38.69,0.8,1.0,70.0,7,2,0.4036,Estabilizado,Operação Normal
2026-08-27T21:00:52.644292,809H-10,35013,2,LAPA,JD. BOA VISTA,3,18:00,7,8.6,7,20.0,25.65,25.65,0.0,10000,2.24,800,5.06,17.34,35.61,0,4.74,37.92,0.8,1.0,64.29,9,2,0.3874,Estabilizado,Operação Normal
2026-08-27T21:00:52.644292,2016-10,33670,2,SÃO MIGUEL,JD. DAS OLIVEIRAS,3,18:00,4,15.0,4,20.0,25.65,25.65,0.0,10000,2.24,800,2.93,22.37,25.46,1,4.74,48.01,0.8,1.0,75.0,6,2,0.4394,Estabilizado,Operação Normal
2026-08-27T21:00:52.644292,6258-31,34551,2,JD. IBIRAPUERA,JD. STA. MARGARIDA,3,18:00,1,60.0,1,20.0,25.65,25.65,0.0,10000,2.24,800,3.57,17.36,28.63,0,4.74,27.49,0.8,0.333,100.0,2,1,0.5173,Estabilizado,Operação Normal
2026-08-27T21:00:52.644292,607M-10,34804,2,TERM. ÁGUA ESPRAIADA,TERM. GRAJAÚ,3,18:00,3,20.0,3,20.0,25.65,25.65,0.0,10000,2.24,800,3.88,14.92,31.26,0,4.74,29.66,0.8,1.0,66.67,4,1,0.3727,Estabilizado,Operação Normal
2026-08-27T21:00:52.644292,4112-10,33535,2,PÇA. DA REPÚBLICA,STA. MARGARIDA MARIA,3,18:00,3,20.0,3,20.0,25.65,25.65,0.0,10000,2.24,800,3.52,15.32,28.14,1,4.74,52.14,0.8,1.0,66.67,4,1,0.4289,Estabilizado,Operação Normal
2026-08-27T21:00:52.644292,9300-10,116,1,TERM. PQ. D. PEDRO II,TERM. CASA VERDE,3,18:00,4,15.0,4,20.0,25.65,25.65,0.0,10000,2.24,800,3.37,17.45,39.18,1,4.74,51.09,0.8,1.0,75.0,6,2,0.4471,Estabilizado,Operação Normal
2026-08-27T21:00:52.644292,3013-10,954,1,METALÚRGICOS,TERM. CID. TIRADENTES,3,18:00,1,60.0,1,20.0,25.65,25.65,0.0,10000,2.24,800,4.31,22.66,30.58,0,4.74,32.67,0.8,0.333,100.0,2,1,0.5302,Estabilizado,Operação Normal
2026-08-27T21:00:52.644292,2666-10,33146,2,TERM. PQ. D. PEDRO II,JD. CAMARGO VELHO,3,18:00,12,5.0,13,20.0,25.65,25.65,0.0,10000,2.24,800,5.21,16.87,31.59,1,4.74,63.97,0.8,1.0,75.0,18,6,0.4793,Estabilizado,Operação Normal
2026-08-27T21:00:52.644292,3099-10,1079,1,JD. DA CONQUISTA,HOSP. SÃO MATEUS,3,18:00,11,5.5,12,20.0,25.65,25.65,0.0,10000,2.24,800,3.64,19.34,30.37,0,4.74,27.98,0.8,1.0,63.64,14,3,0.3609,Estabilizado,Operação Normal
2026-08-27T21:00:52.644292,1206-10,33610,2,CORREIO,PQ. VL. MARIA,3,18:00,9,6.7,9,20.0,25.65,25.65,0.0,10000,2.24,800,4.76,19.67,37.51,1,4.74,60.82,0.8,1.0,66.67,12,3,0.4506,Estabilizado,Operação Normal
2026-08-27T21:00:52.644292,4085-10,34924,2,METRÔ ITAQUERA,COHAB FAZENDA DO CARMO,3,18:00,4,15.0,4,20.0,25.65,25.65,0.0,10000,2.24,800,6.78,13.07,30.61,0,4.74,49.96,0.8,1.0,75.0,6,2,0.4442,Estabilizado,Operação Normal
2026-08-27T21:00:52.644292,8065-10,33189,2,LAPA,HAB. TURÍSTICA,3,18:00,1,60.0,1,20.0,25.65,25.65,0.0,10000,2.24,800,5.19,30.14,43.2,0,4.74,38.83,0.8,0.333,100.0,2,1,0.5456,Estabilizado,Operação Normal
2026-08-27T21:00:52.644292,5705-10,1657,1,METRÔ VERGUEIRO,TERM. SACOMÃ,3,18:00,2,30.0,2,20.0,25.65,25.65,0.0,10000,2.24,800,5.48,16.52,32.65,0,4.74,40.86,0.8,0.667,75.0,3,1,0.4548,Estabilizado,Operação Normal
2026-08-27T21:00:52.644292,848L-10,33576,2,TERM. PIRITUBA,RECANTO DOS HUMILDES,3,18:00,7,8.6,7,20.0,25.65,25.65,0.0,10000,2.24,800,4.39,18.94,36.33,0,4.74,33.23,0.8,1.0,64.29,9,2,0.3756,Estabilizado,Operação Normal
2026-08-27T21:00:52.644292,8047-41,410,1,METRÔ VL. MADALENA,JARAGUÁ,3,18:00,3,20.0,3,20.0,25.65,25.65,0.0,10000,2.24,800,3.46,15.64,27.7,0,4.74,26.72,0.8,1.0,66.67,4,1,0.3653,Estabilizado,Operação Normal
2026-08-27T21:00:52.644292,1765-10,34550,2,METRÔ TUCURUVI,JD. CABUÇU,3,18:00,4,15.0,4,20.0,25.65,25.65,0.0,10000,2.24,800,4.4,15.26,28.24,1,4.74,58.3,0.8,1.0,75.0,6,2,0.4651,Estabilizado,Operação Normal
2026-08-27T21:00:52.644292,8528-10,575,1,PÇA. DO CORREIO,JD. GUARANI,3,18:00,6,10.0,6,20.0,25.65,25.65,0.0,10000,2.24,800,4.03,19.2,28.65,1,4.74,55.71,0.8,1.0,66.67,8,2,0.4378,Estabilizado,Operação Normal
2026-08-27T21:00:52.644292,6358-10,1294,1,TERM. BANDEIRA,JD. LUSO,3,18:00,5,12.0,5,20.0,25.65,25.65,0.0,10000,2.24,800,4.83,23.18,44.5,1,4.74,61.31,0.8,1.0,70.0,7,2,0.4601,Estabilizado,Operação Normal
2026-08-27T21:00:52.644292,695X-10,34209,2,METRÔ JABAQUARA,TERM. VARGINHA,3,18:00,7,8.6,7,20.0,25.65,25.65,0.0,10000,2.24,800,5.96,15.71,38.13,1,4.74,69.22,0.8,1.0,71.43,10,3,0.4835,Estabilizado,Operação Normal
2026-08-27T21:00:52.644292,1722-10,864,1,METRÔ TUCURUVI,JD. MARINA,3,18:00,17,3.5,18,20.0,25.65,25.65,0.0,10000,2.24,800,2.66,20.83,26.85,1,4.74,46.12,0.8,1.0,67.65,23,6,0.4163,Estabilizado,Operação Normal
2026-08-27T21:00:52.644292,5123-10,33893,2,HOSP. SÃO PAULO,JD. MIRIAM,3,18:00,11,5.5,12,20.0,25.65,25.65,0.0,10000,2.24,800,4.73,17.04,31.62,0,4.74,35.61,0.8,1.0,68.18,15,4,0.3913,Estabilizado,Operação Normal
2026-08-27T21:00:52.644292,4111-10,33088,2,PÇA. DA REPÚBLICA,VL. MONUMENTO,3,18:00,2,30.0,2,20.0,25.65,25.65,0.0,10000,2.24,800,4.96,15.26,29.45,1,4.74,62.22,0.8,0.667,75.0,3,1,0.5082,Estabilizado,Operação Normal
2026-08-27T21:00:52.644292,577T-10,1291,1,METRÔ ANA ROSA,JD. MIRIAM,3,18:00,5,12.0,5,20.0,25.65,25.65,0.0,10000,2.24,800,3.96,15.29,28.52,0,4.74,30.22,0.8,1.0,60.0,6,1,0.3574,Estabilizado,Operação Normal
2026-08-27T21:00:52.644292,9090-10,33652,2,TERM. CASA VERDE,PQ. TIETÊ,3,18:00,4,15.0,4,20.0,25.65,25.65,0.0,10000,2.24,800,2.62,19.5,26.61,0,4.74,20.84,0.8,1.0,62.5,5,1,0.3402,Estabilizado,Operação Normal
2026-08-27T21:00:52.644292,7006-51,34765,2,METRÔ CAPÃO REDONDO,JD. HORIZONTE AZUL,3,18:00,8,7.5,8,20.0,25.65,25.65,0.0,10000,2.24,800,2.56,14.02,26.43,1,4.74,45.42,0.8,1.0,68.75,11,3,0.4173,Estabilizado,Operação Normal
2026-08-27T21:00:52.644292,809U-10,2254,1,METRÔ BARRA FUNDA,CID. UNIVERSITÁRIA,3,18:00,1,60.0,1,20.0,25.65,25.65,0.0,10000,2.24,800,4.03,16.24,29.6,0,4.74,30.71,0.8,0.333,100.0,2,1,0.5253,Estabilizado,Operação Normal
2026-08-27T21:00:52.644292,574R-10,1623,1,METRÔ BELÉM,TERM. SAPOPEMBA,3,18:00,4,15.0,4,20.0,25.65,25.65,0.0,10000,2.24,800,2.58,22.9,33.09,1,4.74,45.56,0.8,1.0,75.0,6,2,0.4333,Estabilizado,Operação Normal
2026-08-27T21:00:52.644292,6001-10,32820,2,TERM. STO. AMARO,TERM. CAPELINHA,3,18:00,3,20.0,3,20.0,25.65,25.65,0.0,10000,2.24,800,3.72,22.16,35.07,0,4.74,28.54,0.8,1.0,66.67,4,1,0.3699,Estabilizado,Operação Normal
2026-08-27T21:00:52.644292,3301-10,1618,1,TERM. PQ. D. PEDRO II,TERM. SÃO MIGUEL,3,18:00,6,10.0,6,20.0,25.65,25.65,0.0,10000,2.24,800,3.92,15.58,30.66,1,4.74,54.94,0.8,1.0,66.67,8,2,0.4359,Estabilizado,Operação Normal
2026-08-27T21:00:52.644292,7062-31,34682,2,TERM. CAMPO LIMPO,INOCOOP CAMPO LIMPO,3,18:00,3,20.0,3,20.0,25.65,25.65,0.0,10000,2.24,800,5.69,14.69,29.19,0,4.74,42.33,0.8,1.0,66.67,4,1,0.4043,Estabilizado,Operação Normal
2026-08-27T21:00:52.644292,1709-10,33619,2,METRÔ TUCURUVI,JD. JOANA D'ARC,3,18:00,11,5.5,12,20.0,25.65,25.65,0.0,10000,2.24,800,6.94,14.55,34.94,0,4.74,51.08,0.8,1.0,72.73,16,5,0.4414,Estabilizado,Operação Normal
2026-08-27T21:00:52.644292,2088-10,33140,2,TERM. A. E. CARVALHO,CONJ. ENCOSTA NORTE,3,18:00,4,15.0,4,20.0,25.65,25.65,0.0,10000,2.24,800,2.6,17.45,25.35,0,4.74,20.7,0.8,1.0,62.5,5,1,0.3398,Estabilizado,Operação Normal
2026-08-27T21:00:52.644292,7055-10,34656,2,TERM. CAMPO LIMPO,JD. GUARUJÁ,3,18:00,6,10.0,6,20.0,25.65,25.65,0.0,10000,2.24,800,2.63,14.38,23.58,0,4.74,20.91,0.8,1.0,58.33,7,1,0.3299,Estabilizado,Operação Normal
2026-08-27T21:00:52.644292,6052-10,33912,2,TERM. EST. VARGINHA,JD. SETE DE SETEMBRO,3,18:00,2,30.0,2,20.0,25.65,25.65,0.0,10000,2.24,800,2.42,25.51,30.0,0,4.74,19.44,0.8,0.667,75.0,3,1,0.4012,Estabilizado,Operação Normal
2026-08-27T21:00:52.644292,3791-10,33837,2,METRÔ ARTUR ALVIM,SHOP. ARICANDUVA,3,18:00,6,10.0,6,20.0,25.65,25.65,0.0,10000,2.24,800,4.57,21.6,37.34,1,4.74,59.49,0.8,1.0,66.67,8,2,0.4473,Estabilizado,Operação Normal
2026-08-27T21:00:52.644292,875P-10,1341,1,METRÔ ANA ROSA,METRÔ BARRA FUNDA,3,18:00,4,15.0,4,20.0,25.65,25.65,0.0,10000,2.24,800,4.52,13.99,30.66,0,4.74,34.14,0.8,1.0,62.5,5,1,0.3735,Estabilizado,Operação Normal
2026-08-27T21:00:52.644292,3053-10,33741,2,METRÔ BELÉM,JD. ITÁPOLIS,3,18:00,12,5.0,13,20.0,25.65,25.65,0.0,10000,2.24,800,3.66,18.82,31.05,1,4.74,53.12,0.8,1.0,70.83,17,5,0.4417,Estabilizado,Operação Normal
2026-08-27T21:00:52.644292,746R-10,790,1,STO. AMARO,REAL PQ.,3,18:00,4,15.0,4,20.0,25.65,25.65,0.0,10000,2.24,800,4.05,19.49,34.35,1,4.74,55.85,0.8,1.0,75.0,6,2,0.459,Estabilizado,Operação Normal
2026-08-27T21:00:52.644292,967A-10,33336,2,PINHEIROS,IMIRIM,3,18:00,10,6.0,11,20.0,25.65,25.65,0.0,10000,2.24,800,4.32,18.98,31.52,1,4.74,57.74,0.8,1.0,75.0,15,5,0.4637,Estabilizado,Operação Normal
2026-08-27T21:00:52.644292,847P-42,1424,1,VL. OLÍMPIA,BRASILÂNDIA,3,18:00,2,30.0,2,20.0,25.65,25.65,0.0,10000,2.24,800,4.67,14.04,28.19,0,4.74,35.19,0.8,0.667,75.0,3,1,0.4406,Estabilizado,Operação Normal
2026-08-27T21:00:52.644292,7001-10,34490,2,JD. ÂNGELA,VL. GILDA,3,18:00,9,6.7,9,20.0,25.65,25.65,0.0,10000,2.24,800,4.14,14.77,28.89,0,4.74,31.48,0.8,1.0,61.11,11,2,0.3633,Estabilizado,Operação Normal
2026-08-27T21:00:52.644292,809A-10,2069,1,TERM. PINHEIROS,JD. D'ABRIL,3,18:00,5,12.0,5,20.0,25.65,25.65,0.0,10000,2.24,800,3.16,17.39,30.99,0,4.74,24.62,0.8,1.0,60.0,6,1,0.3434,Estabilizado,Operação Normal
2026-08-27T21:00:52.644292,3064-10,33748,2,CPTM GUAIANASES,CID. TIRADENTES,3,18:00,9,6.7,9,20.0,25.65,25.65,0.0,10000,2.24,800,3.75,19.71,31.29,1,4.74,53.75,0.8,1.0,66.67,12,3,0.4329,Estabilizado,Operação Normal
2026-08-27T21:00:52.644292,1016-10,33599,2,SHOP. CENTER NORTE,CEM. DO HORTO,3,18:00,9,6.7,9,20.0,25.65,25.65,0.0,10000,2.24,800,3.7,18.46,35.92,0,4.74,28.4,0.8,1.0,61.11,11,2,0.3556,Estabilizado,Operação Normal
2026-08-27T21:00:52.644292,514T-10,1671,1,CONJ. TEOTÔNIO VILELA,TERM. SACOMÃ,3,18:00,15,4.0,16,20.0,25.65,25.65,0.0,10000,2.24,800,5.9,15.72,31.25,1,4.74,68.8,0.8,1.0,73.33,22,7,0.4872,Estabilizado,Operação Normal
2026-08-27T21:00:52.644292,7545-10,504,1,PÇA. RAMOS DE AZEVEDO,JD. JOÃO XXIII,3,18:00,7,8.6,7,20.0,25.65,25.65,0.0,10000,2.24,800,2.8,18.3,26.48,1,4.74,47.1,0.8,1.0,64.29,9,2,0.4103,Estabilizado,Operação Normal
2026-08-27T21:00:52.644292,7052-10,1886,1,TERM. CAMPO LIMPO,JD. HELGA,3,18:00,4,15.0,4,20.0,25.65,25.65,0.0,10000,2.24,800,5.6,15.5,31.33,0,4.74,41.7,0.8,1.0,62.5,5,1,0.3923,Estabilizado,Operação Normal
2026-08-27T21:00:52.644292,407E-10,2215,1,METRÔ CARRÃO,JD. STO. ANDRÉ,3,18:00,8,7.5,8,20.0,25.65,25.65,0.0,10000,2.24,800,5.36,16.39,32.68,0,4.74,40.02,0.8,1.0,62.5,10,2,0.3881,Estabilizado,Operação Normal
2026-08-27T21:00:52.644292,172U-10,33628,2,MOOCA,CEM. PQ. DOS PINHEIROS,3,18:00,10,6.0,11,20.0,25.65,25.65,0.0,10000,2.24,800,2.28,22.25,29.34,1,4.74,43.46,0.8,1.0,70.0,14,4,0.4155,Estabilizado,Operação Normal
2026-08-27T21:00:52.644292,938C-10,33354,2,TERM. PRINC. ISABEL,COHAB TAIPAS,3,18:00,4,15.0,4,20.0,25.65,25.65,0.0,10000,2.24,800,5.69,17.77,33.08,0,4.74,42.33,0.8,1.0,62.5,5,1,0.3939,Estabilizado,Operação Normal
2026-08-27T21:00:52.644292,5107-10,1659,1,PÇA. DO CORREIO,TERM. SACOMÃ,3,18:00,4,15.0,4,20.0,25.65,25.65,0.0,10000,2.24,800,3.4,17.38,31.07,0,4.74,26.3,0.8,1.0,62.5,5,1,0.3538,Estabilizado,Operação Normal
2026-08-27T21:00:52.644292,978A-10,34137,2,METRÔ BARRA FUNDA,TERM. CACHOEIRINHA,3,18:00,11,5.5,12,20.0,25.65,25.65,0.0,10000,2.24,800,3.23,23.24,35.02,1,4.74,50.11,0.8,1.0,72.73,16,5,0.439,Estabilizado,Operação Normal
2026-08-27T21:00:52.644292,9789-10,829,1,METRÔ BARRA FUNDA,JD. PAULISTANO,3,18:00,7,8.6,7,20.0,25.65,25.65,0.0,10000,2.24,800,3.05,23.85,31.22,0,4.74,23.85,0.8,1.0,64.29,9,2,0.3522,Estabilizado,Operação Normal
2026-08-27T21:00:52.644292,971R-42,33384,2,METRÔ SANTANA,CDHU VOITH,3,18:00,4,15.0,4,20.0,25.65,25.65,0.0,10000,2.24,800,7.71,10.09,30.08,0,4.74,56.47,0.8,1.0,75.0,6,2,0.4605,Estabilizado,Operação Normal
2026-08-27T21:00:52.644292,3206-10,34880,2,CONJ. CHAPARRAL,METRÔ PENHA,3,18:00,2,30.0,2,20.0,25.65,25.65,0.0,10000,2.24,800,3.26,19.44,34.62,0,4.74,25.32,0.8,0.667,75.0,3,1,0.416,Estabilizado,Operação Normal
2026-08-27T21:00:52.644292,8542-21,34129,2,TERM. LAPA,BRASILÂNDIA,3,18:00,7,8.6,7,20.0,25.65,25.65,0.0,10000,2.24,800,3.64,21.69,34.14,1,4.74,52.98,0.8,1.0,71.43,10,3,0.4429,Estabilizado,Operação Normal
2026-08-27T21:00:52.644292,6500-10,32814,2,TERM. BANDEIRA,TERM. STO. AMARO,3,18:00,13,4.6,14,20.0,25.65,25.65,0.0,10000,2.24,800,4.73,14.75,30.78,1,4.74,60.61,0.8,1.0,73.08,19,6,0.4661,Estabilizado,Operação Normal
2026-08-27T21:00:52.644292,3002-10,1808,1,SÃO MIGUEL,JD. MABEL,3,18:00,4,15.0,4,20.0,25.65,25.65,0.0,10000,2.24,800,2.85,22.23,25.69,0,4.74,22.45,0.8,1.0,62.5,5,1,0.3442,Estabilizado,Operação Normal
2026-08-27T21:00:52.644292,7011-10,34720,2,JD. ÂNGELA,JD. DOS REIS,3,18:00,2,30.0,2,20.0,25.65,25.65,0.0,10000,2.24,800,6.47,12.9,27.17,0,4.74,47.79,0.8,0.667,75.0,3,1,0.4721,Estabilizado,Operação Normal
2026-08-27T21:00:52.644292,209P-1,35069,2,TERM. PINHEIROS,CACHOEIRINHA,3,18:00,3,20.0,3,20.0,25.65,25.65,0.0,10000,2.24,800,3.8,17.25,33.8,1,4.74,54.1,0.8,1.0,66.67,4,1,0.4338,Estabilizado,Operação Normal
2026-08-27T21:00:52.644292,3029-10,33734,2,METRÔ TATUAPÉ,JD. DAS ROSAS,3,18:00,11,5.5,12,20.0,25.65,25.65,0.0,10000,2.24,800,3.05,22.66,32.22,0,4.74,23.85,0.8,1.0,63.64,14,3,0.3506,Estabilizado,Operação Normal
2026-08-27T21:00:52.644292,7001-10,1722,1,JD. ÂNGELA,VL. GILDA,3,18:00,3,20.0,3,20.0,25.65,25.65,0.0,10000,2.24,800,4.7,19.14,34.0,0,4.74,35.4,0.8,1.0,66.67,4,1,0.387,Estabilizado,Operação Normal
2026-08-27T21:00:52.644292,8010-10,798,1,LAPA,PERUS,3,18:00,9,6.7,9,20.0,25.65,25.65,0.0,10000,2.24,800,4.84,17.34,33.54,1,4.74,61.38,0.8,1.0,66.67,12,3,0.452,Estabilizado,Operação Normal
2026-08-27T21:00:52.644292,5702-10,1137,1,METRÔ JABAQUARA,REFÚGIO STA. TEREZINHA,3,18:00,3,20.0,3,20.0,25.65,25.65,0.0,10000,2.24,800,5.44,14.55,29.63,0,4.74,40.58,0.8,1.0,66.67,4,1,0.4,Estabilizado,Operação Normal
2026-08-27T21:00:52.644292,351F-10,33455,2,TERM. VL. CARRÃO,JAÇANÃ,3,18:00,7,8.6,7,20.0,25.65,25.65,0.0,10000,2.24,800,3.68,19.52,31.37,0,4.74,28.26,0.8,1.0,64.29,9,2,0.3632,Estabilizado,Operação Normal
2026-08-27T21:00:52.644292,7013-10,33543,2,TERM. VL. SÔNIA,PQ. ARARIBA,3,18:00,5,12.0,5,20.0,25.65,25.65,0.0,10000,2.24,800,6.85,12.11,34.8,0,4.74,50.45,0.8,1.0,70.0,7,2,0.433,Estabilizado,Operação Normal
2026-08-27T21:00:52.644292,6059-10,1226,1,STO. AMARO,JD. UNIVERSAL,3,18:00,2,30.0,2,20.0,25.65,25.65,0.0,10000,2.24,800,3.59,18.4,22.9,1,4.74,52.63,0.8,0.667,75.0,3,1,0.4842,Estabilizado,Operação Normal
2026-08-27T21:00:52.644292,9181-10,33653,2,LAPA,VL. TEREZINHA,3,18:00,10,6.0,11,20.0,25.65,25.65,0.0,10000,2.24,800,3.91,21.7,33.64,1,4.74,54.87,0.8,1.0,75.0,15,5,0.4565,Estabilizado,Operação Normal
2026-08-27T21:00:52.644292,573H-10,1630,1,METRÔ BRESSER,HOSP. SAPOPEMBA,3,18:00,8,7.5,8,20.0,25.65,25.65,0.0,10000,2.24,800,3.44,15.93,26.44,1,4.74,51.58,0.8,1.0,68.75,11,3,0.4327,Estabilizado,Operação Normal
2026-08-27T21:00:52.644292,6069-10,33922,2,TERM. STO. AMARO,JD. SÃO BERNARDO,3,18:00,5,12.0,5,20.0,25.65,25.65,0.0,10000,2.24,800,2.85,20.82,31.25,0,4.74,22.45,0.8,1.0,60.0,6,1,0.338,Estabilizado,Operação Normal
2026-08-27T21:00:52.644292,809H-10,2245,1,LAPA,JD. BOA VISTA,3,18:00,4,15.0,4,20.0,25.65,25.65,0.0,10000,2.24,800,3.44,16.4,25.78,0,4.74,26.58,0.8,1.0,62.5,5,1,0.3545,Estabilizado,Operação Normal
2026-08-27T21:00:52.644292,875A-10,609,1,PERDIZES,AEROPORTO,3,18:00,8,7.5,8,20.0,25.65,25.65,0.0,10000,2.24,800,4.08,17.9,33.62,1,4.74,56.06,0.8,1.0,68.75,11,3,0.4439,Estabilizado,Operação Normal
2026-08-27T21:00:52.644292,3754-10,1049,1,METRÔ ITAQUERA,INÁCIO MONTEIRO,3,18:00,5,12.0,5,20.0,25.65,25.65,0.0,10000,2.24,800,3.41,22.75,32.94,1,4.74,51.37,0.8,1.0,70.0,7,2,0.4353,Estabilizado,Operação Normal
2026-08-27T21:00:52.644292,6003-21,35344,2,EST. MENDES/VL. NATAL,TERM. VARGINHA,3,18:00,2,30.0,2,20.0,25.65,25.65,0.0,10000,2.24,800,4.15,16.32,29.92,0,4.74,31.55,0.8,0.667,75.0,3,1,0.4315,Estabilizado,Operação Normal
2026-08-27T21:00:52.644292,6091-10,33943,2,TERM. STO. AMARO,VARGEM GRANDE,3,18:00,12,5.0,13,20.0,25.65,25.65,0.0,10000,2.24,800,3.74,18.99,29.99,0,4.74,28.68,0.8,1.0,66.67,16,4,0.3702,Estabilizado,Operação Normal
2026-08-27T21:00:52.644292,4732-10,302,1,METRÔ SAÚDE,VL. LIVIERO,3,18:00,2,30.0,2,20.0,25.65,25.65,0.0,10000,2.24,800,3.62,15.71,30.23,0,4.74,27.84,0.8,0.667,75.0,3,1,0.4222,Estabilizado,Operação Normal
2026-08-27T21:00:52.644292,6403-10,58,1,TERM. PQ. D. PEDRO II,TERM. JOÃO DIAS,3,18:00,3,20.0,3,20.0,25.65,25.65,0.0,10000,2.24,800,7.08,9.62,35.0,1,4.74,77.06,0.8,1.0,83.33,5,2,0.5328,Estabilizado,Operação Normal
2026-08-27T21:00:52.644292,809R-10,2067,1,TERM. PINHEIROS,RIO PEQUENO,3,18:00,2,30.0,2,20.0,25.65,25.65,0.0,10000,2.24,800,3.86,21.06,32.78,0,4.74,29.52,0.8,0.667,75.0,3,1,0.4264,Estabilizado,Operação Normal
2026-08-27T21:00:52.644292,8047-10,33176,2,LAPA,JARAGUÁ,3,18:00,8,7.5,8,20.0,25.65,25.65,0.0,10000,2.24,800,3.18,12.51,28.18,0,4.74,24.76,0.8,1.0,62.5,10,2,0.35,Estabilizado,Operação Normal
2026-08-27T21:00:52.644292,1730-10,865,1,METRÔ SANTANA,CENTER NORTE,3,18:00,3,20.0,3,20.0,25.65,25.65,0.0,10000,2.24,800,3.45,11.25,29.82,0,4.74,26.65,0.8,1.0,66.67,4,1,0.3651,Estabilizado,Operação Normal
2026-08-27T21:00:52.644292,971X-10,34463,2,METRÔ SANTANA,TERM. CACHOEIRINHA,3,18:00,16,3.8,17,20.0,25.65,25.65,0.0,10000,2.24,800,5.74,12.81,29.42,0,4.74,42.68,0.8,1.0,68.75,22,6,0.4104,Estabilizado,Operação Normal
2026-08-27T21:00:52.644292,1024-10,35070,2,CONEXÃO PETRÔNIO PORTELA,JD. CAROMBÉ,3,18:00,9,6.7,9,20.0,25.65,25.65,0.0,10000,2.24,800,2.67,19.13,23.51,0,4.74,21.19,0.8,1.0,61.11,11,2,0.3376,Estabilizado,Operação Normal
2026-08-27T21:00:52.644292,6258-10,1232,1,TERM. STO. AMARO,JD. SÃO FRANCISCO,3,18:00,4,15.0,4,20.0,25.65,25.65,0.0,10000,2.24,800,4.07,21.89,39.11,0,4.74,30.99,0.8,1.0,62.5,5,1,0.3656,Estabilizado,Operação Normal
2026-08-27T21:00:52.644292,5632-10,81,1,LGO. SÃO FRANCISCO,VL. SÃO JOSÉ,3,18:00,6,10.0,6,20.0,25.65,25.65,0.0,10000,2.24,800,4.09,20.75,36.67,1,4.74,56.13,0.8,1.0,66.67,8,2,0.4389,Estabilizado,Operação Normal
2026-08-27T21:00:52.644292,809N-10,2244,1,LAPA,VL. DALVA,3,18:00,2,30.0,2,20.0,25.65,25.65,0.0,10000,2.24,800,3.34,19.7,31.69,0,4.74,25.88,0.8,0.667,75.0,3,1,0.4174,Estabilizado,Operação Normal
2026-08-27T21:00:52.644292,172J-10,856,1,TATUAPÉ,JD. BRASIL,3,18:00,9,6.7,9,20.0,25.65,25.65,0.0,10000,2.24,800,5.23,18.83,40.78,0,4.74,39.11,0.8,1.0,61.11,11,2,0.3824,Estabilizado,Operação Normal
2026-08-27T21:00:52.644292,7022-10,2084,1,TERM. STO. AMARO,JD. CAIÇARA,3,18:00,4,15.0,4,20.0,25.65,25.65,0.0,10000,2.24,800,3.1,18.17,32.04,0,4.74,24.2,0.8,1.0,62.5,5,1,0.3486,Estabilizado,Operação Normal
2026-08-27T21:00:52.644292,3796-10,33842,2,METRÔ ITAQUERA,GLEBA DO PESSEGO,3,18:00,3,20.0,3,20.0,25.65,25.65,0.0,10000,2.24,800,4.09,21.66,32.81,0,4.74,31.13,0.8,1.0,66.67,4,1,0.3764,Estabilizado,Operação Normal
2026-08-27T21:00:52.644292,278A-10,33474,2,PENHA  ,METRÔ SANTANA,3,18:00,3,20.0,3,20.0,25.65,25.65,0.0,10000,2.24,800,3.33,17.89,29.9,0,4.74,25.81,0.8,1.0,66.67,4,1,0.363,Estabilizado,Operação Normal
2026-08-27T21:00:52.644292,5018-31,1861,1,JABAQUARA,SHOP. INTERLAGOS,3,18:00,2,30.0,2,20.0,25.65,25.65,0.0,10000,2.24,800,4.83,17.09,30.12,0,4.74,36.31,0.8,0.667,75.0,3,1,0.4434,Estabilizado,Operação Normal
2026-08-27T21:00:52.644292,971M-10,612,1,METRÔ SANTANA,VL. PENTEADO,3,18:00,6,10.0,6,20.0,25.65,25.65,0.0,10000,2.24,800,3.87,17.86,27.91,0,4.74,29.59,0.8,1.0,66.67,8,2,0.3725,Estabilizado,Operação Normal
2026-08-27T21:00:52.644292,4005-10,2179,1,BARRO BRANCO,TERM. CID. TIRADENTES,3,18:00,4,15.0,4,20.0,25.65,25.65,0.0,10000,2.24,800,2.85,26.62,32.81,0,4.74,22.45,0.8,1.0,62.5,5,1,0.3442,Estabilizado,Operação Normal
2026-08-27T21:00:52.644292,297A-10,2133,1,METRÔ BARRA FUNDA,VL. SANTA MARIA,3,18:00,6,10.0,6,20.0,25.65,25.65,0.0,10000,2.24,800,4.66,19.05,27.9,0,4.74,35.12,0.8,1.0,66.67,8,2,0.3863,Estabilizado,Operação Normal
2026-08-27T21:00:52.644292,776M-10,2680,1,AEROPORTO,TERM. ÁGUA ESPRAIADA,3,18:00,3,20.0,3,20.0,25.65,25.65,0.0,10000,2.24,800,6.24,12.39,33.93,0,4.74,46.18,0.8,1.0,66.67,4,1,0.414,Estabilizado,Operação Normal
2026-08-27T21:00:52.644292,7005-51,1999,1,METRÔ CAPÃO REDONDO ,JD. VERA CRUZ,3,18:00,4,15.0,4,20.0,25.65,25.65,0.0,10000,2.24,800,5.88,17.92,35.22,0,4.74,43.66,0.8,1.0,62.5,5,1,0.3972,Estabilizado,Operação Normal
2026-08-27T21:00:52.644292,5012-10,33884,2,JABAQUARA,VL. GUACURI,3,18:00,17,3.5,18,20.0,25.65,25.65,0.0,10000,2.24,800,5.56,14.41,27.26,0,4.74,41.42,0.8,1.0,67.65,23,6,0.4045,Estabilizado,Operação Normal
2026-08-27T21:00:52.644292,909T-10,2256,1,TERM. PQ. D. PEDRO II,TERM. PINHEIROS,3,18:00,2,30.0,2,20.0,25.65,25.65,0.0,10000,2.24,800,4.66,13.88,28.59,1,4.74,60.12,0.8,0.667,75.0,3,1,0.503,Estabilizado,Operação Normal
2026-08-27T21:00:52.644292,6084-10,33937,2,TERM. EST. VARGINHA,JD. CHÁC. DO SOL,3,18:00,6,10.0,6,20.0,25.65,25.65,0.0,10000,2.24,800,6.68,13.42,25.36,0,4.74,49.26,0.8,1.0,66.67,8,2,0.4217,Estabilizado,Operação Normal
2026-08-27T21:00:52.644292,938P-10,33656,2,METRÔ BARRA FUNDA,JD. TEREZA,3,18:00,9,6.7,9,20.0,25.65,25.65,0.0,10000,2.24,800,3.81,16.87,26.78,1,4.74,54.17,0.8,1.0,66.67,12,3,0.434,Estabilizado,Operação Normal
2026-08-27T21:00:52.644292,5107-10,34427,2,PÇA. DO CORREIO,TERM. SACOMÃ,3,18:00,3,20.0,3,20.0,25.65,25.65,0.0,10000,2.24,800,3.53,18.0,30.28,1,4.74,52.21,0.8,1.0,66.67,4,1,0.4291,Estabilizado,Operação Normal
2026-08-27T21:00:52.644292,857C-10,34669,2,METRÔ CONCEIÇÃO,TERM. CAMPO LIMPO,3,18:00,6,10.0,6,20.0,25.65,25.65,0.0,10000,2.24,800,3.58,18.46,34.75,0,4.74,27.56,0.8,1.0,58.33,7,1,0.3466,Estabilizado,Operação Normal
2026-08-27T21:00:52.644292,856R-10,1428,1,SOCORRO,LAPA,3,18:00,14,4.3,15,20.0,25.65,25.65,0.0,10000,2.24,800,6.14,12.56,32.17,0,4.74,45.48,0.8,1.0,67.86,19,5,0.4152,Estabilizado,Operação Normal
2026-08-27T21:00:52.644292,390E-10,1882,1,TERM. PQ. D. PEDRO II,TERM. PENHA,3,18:00,2,30.0,2,20.0,25.65,25.65,0.0,10000,2.24,800,5.36,13.69,32.24,1,4.74,65.02,0.8,0.667,75.0,3,1,0.5152,Estabilizado,Operação Normal
2026-08-27T21:00:52.644292,6039-21,2493,1,COHAB JD. SÃO BENTO,TERM. CAPELINHA,3,18:00,3,20.0,3,20.0,25.65,25.65,0.0,10000,2.24,800,4.31,17.5,32.49,1,4.74,57.67,0.8,1.0,66.67,4,1,0.4427,Estabilizado,Operação Normal
2026-08-27T21:00:52.644292,2740-10,34560,2,METRÔ SANTANA,PEDRA BRANCA,3,18:00,4,15.0,4,20.0,25.65,25.65,0.0,10000,2.24,800,4.74,14.17,29.91,0,4.74,35.68,0.8,1.0,62.5,5,1,0.3773,Estabilizado,Operação Normal
2026-08-27T21:00:52.644292,5759-31,33907,2,METRÔ CONCEIÇÃO,PQ. PRIMAVERA,3,18:00,5,12.0,5,20.0,25.65,25.65,0.0,10000,2.24,800,7.23,10.01,28.59,0,4.74,53.11,0.8,1.0,70.0,7,2,0.4396,Estabilizado,Operação Normal
2026-08-27T21:00:52.644292,938V-10,33581,2,METRÔ BARRA FUNDA,JD. VISTA ALEGRE,3,18:00,14,4.3,15,20.0,25.65,25.65,0.0,10000,2.24,800,3.95,19.56,30.74,0,4.74,30.15,0.8,1.0,64.29,18,4,0.3679,Estabilizado,Operação Normal
2026-08-27T21:00:52.644292,3761-10,33819,2,METRÔ CARRÃO,3A. DIVISÃO,3,18:00,8,7.5,8,20.0,25.65,25.65,0.0,10000,2.24,800,5.27,19.21,35.24,0,4.74,39.39,0.8,1.0,62.5,10,2,0.3866,Estabilizado,Operação Normal
2026-08-27T21:00:52.644292,6035-21,34563,2,TERM. GUARAPIRANGA,VL. GILDA,3,18:00,4,15.0,4,20.0,25.65,25.65,0.0,10000,2.24,800,3.36,14.53,24.94,0,4.74,26.02,0.8,1.0,62.5,5,1,0.3531,Estabilizado,Operação Normal
2026-08-27T21:00:52.644292,2080-10,33139,2,TERM. ARICANDUVA,CID. KEMEL,3,18:00,8,7.5,8,20.0,25.65,25.65,0.0,10000,2.24,800,3.5,20.83,31.41,0,4.74,27.0,0.8,1.0,62.5,10,2,0.3556,Estabilizado,Operação Normal
2026-08-27T21:00:52.644292,2017-10,33671,2,SÃO MIGUEL,JD. ROBRU,3,18:00,1,60.0,1,20.0,25.65,25.65,0.0,10000,2.24,800,3.96,14.6,33.27,1,4.74,55.22,0.8,0.333,100.0,2,1,0.5866,Estabilizado,Operação Normal
2026-08-27T21:00:52.644292,745M-10,782,1,SHOP. SP MARKET,CAMPO LIMPO,3,18:00,6,10.0,6,20.0,25.65,25.65,0.0,10000,2.24,800,7.16,16.66,36.43,1,4.74,77.62,0.8,1.0,75.0,9,3,0.5134,Estabilizado,Operação Normal
2026-08-27T21:00:52.644292,3098-10,1078,1,SHOP. ARICANDUVA,JD. SÃO FRANCISCO,3,18:00,7,8.6,7,20.0,25.65,25.65,0.0,10000,2.24,800,5.03,16.85,29.53,0,4.74,37.71,0.8,1.0,64.29,9,2,0.3869,Estabilizado,Operação Normal
2026-08-27T21:00:52.644292,272N-10,705,1,PQ. D. PEDRO II,PQ. NOVO MUNDO,3,18:00,3,20.0,3,20.0,25.65,25.65,0.0,10000,2.24,800,3.82,21.25,35.82,1,4.74,54.24,0.8,1.0,66.67,4,1,0.4341,Estabilizado,Operação Normal
2026-08-27T21:00:52.644292,938V-10,813,1,METRÔ BARRA FUNDA,JD. VISTA ALEGRE,3,18:00,11,5.5,12,20.0,25.65,25.65,0.0,10000,2.24,800,3.37,22.2,34.3,1,4.74,51.09,0.8,1.0,72.73,16,5,0.4414,Estabilizado,Operação Normal
2026-08-27T21:00:52.644292,354M-10,34387,2,TERM. SÃO MATEUS,TERM. SÃO MIGUEL,3,18:00,8,7.5,8,20.0,25.65,25.65,0.0,10000,2.24,800,4.21,20.42,33.41,1,4.74,56.97,0.8,1.0,68.75,11,3,0.4461,Estabilizado,Operação Normal
2026-08-27T21:00:52.644292,2740-10,1792,1,METRÔ SANTANA,PEDRA BRANCA,3,18:00,3,20.0,3,20.0,25.65,25.65,0.0,10000,2.24,800,2.55,17.3,24.24,0,4.74,20.35,0.8,1.0,66.67,4,1,0.3494,Estabilizado,Operação Normal
2026-08-27T21:00:52.644292,2019-10,905,1,SHOP. PENHA,PQ. PAINEIRAS,3,18:00,3,20.0,3,20.0,25.65,25.65,0.0,10000,2.24,800,3.74,19.15,29.46,0,4.74,28.68,0.8,1.0,66.67,4,1,0.3702,Estabilizado,Operação Normal
2026-08-27T21:00:52.644292,5129-41,34742,2,STO. AMARO,JD. MIRIAM,3,18:00,3,20.0,3,20.0,25.65,25.65,0.0,10000,2.24,800,4.05,22.5,37.2,0,4.74,30.85,0.8,1.0,66.67,4,1,0.3757,Estabilizado,Operação Normal
2026-08-27T21:00:52.644292,307C-10,34882,2,METRÔ ARTUR ALVIM,CONJ. ENCOSTA NORTE,3,18:00,4,15.0,4,20.0,25.65,25.65,0.0,10000,2.24,800,3.17,17.21,24.59,0,4.74,24.69,0.8,1.0,62.5,5,1,0.3498,Estabilizado,Operação Normal
2026-08-27T21:00:52.644292,9162-10,34133,2,TERM. CASA VERDE,VL. PENTEADO,3,18:00,2,30.0,2,20.0,25.65,25.65,0.0,10000,2.24,800,2.87,21.41,29.09,0,4.74,22.59,0.8,0.667,75.0,3,1,0.4091,Estabilizado,Operação Normal
2026-08-27T21:00:52.644292,1757-10,33316,2,METRÔ SANTANA ,CONJ. DOS BANCÁRIOS,3,18:00,2,30.0,2,20.0,25.65,25.65,0.0,10000,2.24,800,4.8,14.48,27.11,0,4.74,36.1,0.8,0.667,75.0,3,1,0.4429,Estabilizado,Operação Normal
2026-08-27T21:00:52.644292,4021-10,2548,1,VL. CHUCA,METRÔ ITAQUERA,3,18:00,3,20.0,3,20.0,25.65,25.65,0.0,10000,2.24,800,6.2,15.96,30.62,0,4.74,45.9,0.8,1.0,66.67,4,1,0.4133,Estabilizado,Operação Normal
2026-08-27T21:00:52.644292,178A-10,33326,2,LAPA,METRÔ SANTANA,3,18:00,7,8.6,7,20.0,25.65,25.65,0.0,10000,2.24,800,6.35,12.2,26.68,0,4.74,46.95,0.8,1.0,64.29,9,2,0.41,Estabilizado,Operação Normal
2026-08-27T21:00:52.644292,8010-21,34505,2,SÍTIO BOTUQUARA,CPTM PERUS,3,18:00,1,60.0,1,20.0,25.65,25.65,0.0,10000,2.24,800,7.67,19.09,44.16,0,4.74,56.19,0.8,0.333,100.0,2,1,0.589,Estabilizado,Operação Normal
2026-08-27T21:00:52.644292,3015-10,35222,2,JD. MABEL,JD. ROMANO,3,18:00,2,30.0,2,20.0,25.65,25.65,0.0,10000,2.24,800,2.67,18.66,25.4,0,4.74,21.19,0.8,0.667,75.0,3,1,0.4056,Estabilizado,Operação Normal
2026-08-27T21:00:52.644292,352A-10,164,1,TERM. SÃO MATEUS,JD. HELENA,3,18:00,6,10.0,6,20.0,25.65,25.65,0.0,10000,2.24,800,4.35,18.93,31.69,1,4.74,57.95,0.8,1.0,66.67,8,2,0.4434,Estabilizado,Operação Normal
2026-08-27T21:00:52.644292,6043-10,33988,2,TERM. STO. AMARO,JD. CAPELINHA,3,18:00,2,30.0,2,20.0,25.65,25.65,0.0,10000,2.24,800,4.92,12.81,26.32,0,4.74,36.94,0.8,0.667,75.0,3,1,0.445,Estabilizado,Operação Normal
2026-08-27T21:00:52.644292,809R-10,34835,2,TERM. PINHEIROS,RIO PEQUENO,3,18:00,2,30.0,2,20.0,25.65,25.65,0.0,10000,2.24,800,3.63,18.72,34.64,0,4.74,27.91,0.8,0.667,75.0,3,1,0.4224,Estabilizado,Operação Normal
2026-08-27T21:00:52.644292,1721-10,33434,2,METRÔ CARANDIRU,VL. SABRINA,3,18:00,7,8.6,7,20.0,25.65,25.65,0.0,10000,2.24,800,3.88,13.15,27.05,0,4.74,29.66,0.8,1.0,64.29,9,2,0.3667,Estabilizado,Operação Normal
2026-08-27T21:00:52.644292,2718-10,931,1,METRÔ PENHA,VL. SÍLVIA,3,18:00,8,7.5,8,20.0,25.65,25.65,0.0,10000,2.24,800,4.04,20.9,32.62,0,4.74,30.78,0.8,1.0,62.5,10,2,0.365,Estabilizado,Operação Normal
2026-08-27T21:00:52.644292,719P-10,34140,2,TERM. PRINC. ISABEL,TERM. PINHEIROS,3,18:00,3,20.0,3,20.0,25.65,25.65,0.0,10000,2.24,800,6.13,12.42,29.2,0,4.74,45.41,0.8,1.0,66.67,4,1,0.4121,Estabilizado,Operação Normal
2026-08-27T21:00:52.644292,5391-10,171,1,LGO. SÃO FRANCISCO,JD. ÂNGELA,3,18:00,3,20.0,3,20.0,25.65,25.65,0.0,10000,2.24,800,3.71,17.67,31.98,0,4.74,28.47,0.8,1.0,66.67,4,1,0.3697,Estabilizado,Operação Normal
2026-08-27T21:00:52.644292,5018-10,1492,1,JABAQUARA,SHOP. INTERLAGOS,3,18:00,1,60.0,1,20.0,25.65,25.65,0.0,10000,2.24,800,6.79,11.1,25.87,0,4.74,50.03,0.8,0.333,100.0,2,1,0.5736,Estabilizado,Operação Normal
2026-08-27T21:00:52.644292,372F-10,33783,2,METRÔ BRESSER,UNIV. SÃO JUDAS TADEU,3,18:00,3,20.0,3,20.0,25.65,25.65,0.0,10000,2.24,800,7.94,9.23,29.23,1,4.74,83.08,0.8,1.0,83.33,5,2,0.5479,Estabilizado,Operação Normal
2026-08-27T21:00:52.644292,1701-21,35244,2,METRÔ TUCURUVI,JOVA RURAL,3,18:00,5,12.0,5,20.0,25.65,25.65,0.0,10000,2.24,800,4.3,13.05,29.66,1,4.74,57.6,0.8,1.0,70.0,7,2,0.4509,Estabilizado,Operação Normal
2026-08-27T21:00:52.644292,6007-10,176,1,TERM. STO. AMARO,TERM. CAPELINHA,3,18:00,4,15.0,4,20.0,25.65,25.65,0.0,10000,2.24,800,3.35,17.22,23.14,0,4.74,25.95,0.8,1.0,62.5,5,1,0.353,Estabilizado,Operação Normal
2026-08-27T21:00:52.644292,709A-10,2092,1,METRÔ ANA ROSA,TERM. ÁGUA ESPRAIADA,3,18:00,4,15.0,4,20.0,25.65,25.65,0.0,10000,2.24,800,4.1,13.15,28.17,1,4.74,56.2,0.8,1.0,75.0,6,2,0.4598,Estabilizado,Operação Normal
2026-08-27T21:00:52.644292,695Y-23,2612,1,PARELHEIROS,EST. MENDES/VL. NATAL,3,18:00,1,60.0,1,20.0,25.65,25.65,0.0,10000,2.24,800,3.8,9.0,20.0,0,4.74,29.1,0.8,0.333,100.0,2,1,0.5213,Estabilizado,Operação Normal
2026-08-27T21:00:52.644292,178Y-10,33636,2,METRÔ JD. SÃO PAULO,VL. AMÉLIA,3,18:00,2,30.0,2,20.0,25.65,25.65,0.0,10000,2.24,800,5.93,14.2,29.37,0,4.74,44.01,0.8,0.667,75.0,3,1,0.4627,Estabilizado,Operação Normal
2026-08-27T21:00:52.644292,9015-31,2585,1,TERM. PIRITUBA,VL. ZATT,3,18:00,3,20.0,3,20.0,25.65,25.65,0.0,10000,2.24,800,4.04,23.13,37.7,0,4.74,30.78,0.8,1.0,66.67,4,1,0.3755,Estabilizado,Operação Normal
2026-08-27T21:00:52.644292,9789-10,33597,2,METRÔ BARRA FUNDA,JD. PAULISTANO,3,18:00,10,6.0,11,20.0,25.65,25.65,0.0,10000,2.24,800,2.71,20.41,27.29,0,4.74,21.47,0.8,1.0,65.0,13,3,0.348,Estabilizado,Operação Normal
2026-08-27T21:00:52.644292,695Y-21,1622,1,EST. AUTÓDROMO,TERM. PARELHEIROS,3,18:00,3,20.0,3,20.0,25.65,25.65,0.0,10000,2.24,800,4.67,17.72,30.18,0,4.74,35.19,0.8,1.0,66.67,4,1,0.3865,Estabilizado,Operação Normal
2026-08-27T21:00:52.644292,5029-10,34440,2,TERM. SACOMÃ,JD. PATENTE,3,18:00,5,12.0,5,20.0,25.65,25.65,0.0,10000,2.24,800,7.13,14.6,29.6,1,4.74,77.41,0.8,1.0,80.0,8,3,0.5254,Estabilizado,Operação Normal
2026-08-27T21:00:52.644292,1745-10,33314,2,SHOP. CENTER NORTE,VL.NOVA CACHOEIRINHA,3,18:00,4,15.0,4,20.0,25.65,25.65,0.0,10000,2.24,800,4.82,16.08,27.07,0,4.74,36.24,0.8,1.0,62.5,5,1,0.3787,Estabilizado,Operação Normal
2026-08-27T21:00:52.644292,7054-10,41,1,TERM. CAMPO LIMPO,JD. MACEDÔNIA,3,18:00,1,60.0,1,20.0,25.65,25.65,0.0,10000,2.24,800,4.54,16.06,29.65,0,4.74,34.28,0.8,0.333,100.0,2,1,0.5342,Estabilizado,Operação Normal
2026-08-27T21:00:52.644292,7458-10,33264,2,TERM. VL. SÔNIA,JD. BOA VISTA,3,18:00,4,15.0,4,20.0,25.65,25.65,0.0,10000,2.24,800,5.89,14.77,29.42,0,4.74,43.73,0.8,1.0,62.5,5,1,0.3974,Estabilizado,Operação Normal
2026-08-27T21:00:52.644292,627M-10,2597,1,TERM. STO. AMARO,MAR PAULISTA,3,18:00,3,20.0,3,20.0,25.65,25.65,0.0,10000,2.24,800,5.97,14.59,28.87,0,4.74,44.29,0.8,1.0,66.67,4,1,0.4093,Estabilizado,Operação Normal
2026-08-27T21:00:52.644292,2161-10,33462,2,PÇA. DO CORREIO,PQ. EDU CHAVES,3,18:00,6,10.0,6,20.0,25.65,25.65,0.0,10000,2.24,800,2.8,21.29,31.9,1,4.74,47.1,0.8,1.0,66.67,8,2,0.4163,Estabilizado,Operação Normal
2026-08-27T21:00:52.644292,407A-10,34962,2,LGO. DA CONCÓRDIA,PQ. SAVOY,3,18:00,8,7.5,8,20.0,25.65,25.65,0.0,10000,2.24,800,4.38,14.29,28.28,0,4.74,33.16,0.8,1.0,62.5,10,2,0.371,Estabilizado,Operação Normal
2026-08-27T21:00:52.644292,1720-10,33631,2,CANTAREIRA,JD. GUANCÃ,3,18:00,7,8.6,7,20.0,25.65,25.65,0.0,10000,2.24,800,5.48,13.05,30.78,0,4.74,40.86,0.8,1.0,64.29,9,2,0.3947,Estabilizado,Operação Normal
2026-08-27T21:00:52.644292,6006-10,32943,2,SHOP. INTERLAGOS,JD. HERCULANO,3,18:00,7,8.6,7,20.0,25.65,25.65,0.0,10000,2.24,800,3.21,22.11,34.87,0,4.74,24.97,0.8,1.0,64.29,9,2,0.355,Estabilizado,Operação Normal
2026-08-27T21:00:52.644292,5185-10,1308,1,TERM. PQ. D. PEDRO II,TERM. GUARAPIRANGA,3,18:00,7,8.6,7,20.0,25.65,25.65,0.0,10000,2.24,800,6.13,13.45,34.68,1,4.74,70.41,0.8,1.0,71.43,10,3,0.4865,Estabilizado,Operação Normal
2026-08-27T21:00:52.644292,119C-10,33429,2,TERM. PRINC. ISABEL,PQ. EDU CHAVES,3,18:00,6,10.0,6,20.0,25.65,25.65,0.0,10000,2.24,800,2.86,16.98,27.98,0,4.74,22.52,0.8,1.0,58.33,7,1,0.334,Estabilizado,Operação Normal
2026-08-27T21:00:52.644292,4037-10,2588,1,CIRCULAR,TERM. VL. CARRÃO,3,18:00,3,20.0,3,20.0,25.65,25.65,0.0,10000,2.24,800,3.36,19.48,35.5,0,4.74,26.02,0.8,1.0,66.67,4,1,0.3636,Estabilizado,Operação Normal
2026-08-27T21:00:52.644292,4001-10,2176,1,TERM. VL. CARRÃO,ITAQUERA,3,18:00,3,20.0,3,20.0,25.65,25.65,0.0,10000,2.24,800,3.79,25.14,39.26,1,4.74,54.03,0.8,1.0,66.67,4,1,0.4336,Estabilizado,Operação Normal
2026-08-27T21:00:52.644292,3732-10,1029,1,METRÔ ITAQUERA,CPTM JOSÉ BONIFÁCIO,3,18:00,11,5.5,12,20.0,25.65,25.65,0.0,10000,2.24,800,3.68,25.75,37.4,1,4.74,53.26,0.8,1.0,72.73,16,5,0.4468,Estabilizado,Operação Normal
2026-08-27T21:00:52.644292,3002-10,34576,2,SÃO MIGUEL,JD. MABEL,3,18:00,4,15.0,4,20.0,25.65,25.65,0.0,10000,2.24,800,5.39,14.91,28.17,1,4.74,65.23,0.8,1.0,75.0,6,2,0.4824,Estabilizado,Operação Normal
2026-08-27T21:00:52.644292,8544-10,430,1,PÇA. DO CORREIO,CID. D'ABRIL 3ª GLEBA,3,18:00,3,20.0,3,20.0,25.65,25.65,0.0,10000,2.24,800,5.65,12.0,30.58,0,4.74,42.05,0.8,1.0,66.67,4,1,0.4037,Estabilizado,Operação Normal
2026-08-27T21:00:52.644292,1742-10,542,1,METRÔ SANTANA,JD. ANTÁRTICA,3,18:00,4,15.0,4,20.0,25.65,25.65,0.0,10000,2.24,800,3.46,18.66,31.54,0,4.74,26.72,0.8,1.0,62.5,5,1,0.3549,Estabilizado,Operação Normal
2026-08-27T21:00:52.644292,6820-21,20,1,JD. AMÁLIA,TERM. CAPELINHA,3,18:00,2,30.0,2,20.0,25.65,25.65,0.0,10000,2.24,800,2.18,14.06,21.87,1,4.74,42.76,0.8,0.667,75.0,3,1,0.4596,Estabilizado,Operação Normal
2026-08-27T21:00:52.644292,5317-10,69,1,PÇA. DO CORREIO,SESC/ORION,3,18:00,5,12.0,5,20.0,25.65,25.65,0.0,10000,2.24,800,5.55,12.4,26.04,0,4.74,41.35,0.8,1.0,70.0,7,2,0.4102,Estabilizado,Operação Normal
2026-08-27T21:00:52.644292,352A-10,32932,2,TERM. SÃO MATEUS,JD. HELENA,3,18:00,4,15.0,4,20.0,25.65,25.65,0.0,10000,2.24,800,3.96,19.17,30.55,1,4.74,55.22,0.8,1.0,75.0,6,2,0.4574,Estabilizado,Operação Normal
2026-08-27T21:00:52.644292,6116-10,1186,1,TERM. GRAJAÚ,JD. PRAINHA,3,18:00,2,30.0,2,20.0,25.65,25.65,0.0,10000,2.24,800,8.1,12.88,34.11,0,4.74,59.2,0.8,0.667,75.0,3,1,0.5006,Estabilizado,Operação Normal
2026-08-27T21:00:52.644292,6836-10,32781,2,TERM. JOÃO DIAS,CAPÃO REDONDO,3,18:00,3,20.0,3,20.0,25.65,25.65,0.0,10000,2.24,800,6.53,9.95,23.53,0,4.74,48.21,0.8,1.0,66.67,4,1,0.4191,Estabilizado,Operação Normal
2026-08-27T21:00:52.644292,695X-22,34389,2,SHOP. INTERLAGOS,TERM. VARGINHA,3,18:00,3,20.0,3,20.0,25.65,25.65,0.0,10000,2.24,800,4.02,19.99,37.89,0,4.74,30.64,0.8,1.0,66.67,4,1,0.3751,Estabilizado,Operação Normal
2026-08-27T21:00:52.644292,2769-10,397,1,METRÔ TATUAPÉ,JD. ROMANO,3,18:00,4,15.0,4,20.0,25.65,25.65,0.0,10000,2.24,800,3.44,18.88,31.31,0,4.74,26.58,0.8,1.0,62.5,5,1,0.3545,Estabilizado,Operação Normal
2026-08-27T21:00:52.644292,6801-10,32773,2,TERM. JOÃO DIAS,JD. IBIRAPUERA,3,18:00,2,30.0,2,20.0,25.65,25.65,0.0,10000,2.24,800,3.61,23.46,33.18,0,4.74,27.77,0.8,0.667,75.0,3,1,0.4221,Estabilizado,Operação Normal
2026-08-27T21:00:52.644292,5106-31,1305,1,METRÔ ANA ROSA,JD. UBIRAJARA,3,18:00,7,8.6,7,20.0,25.65,25.65,0.0,10000,2.24,800,3.4,18.19,28.27,0,4.74,26.3,0.8,1.0,64.29,9,2,0.3583,Estabilizado,Operação Normal
2026-08-27T21:00:52.644292,847J-10,1342,1,JAGUARÉ,CITY JARAGUÁ,3,18:00,4,15.0,4,20.0,25.65,25.65,0.0,10000,2.24,800,4.53,15.04,38.92,1,4.74,59.21,0.8,1.0,75.0,6,2,0.4674,Estabilizado,Operação Normal
2026-08-27T21:00:52.644292,4008-10,34950,2,TERM. VL. CARRÃO,JD. CIBELE,3,18:00,4,15.0,4,20.0,25.65,25.65,0.0,10000,2.24,800,7.67,19.42,42.5,0,4.74,56.19,0.8,1.0,75.0,6,2,0.4598,Estabilizado,Operação Normal
2026-08-27T21:00:52.644292,4086-10,2250,1,CIRCULAR,TERM. CID. TIRADENTES,3,18:00,1,60.0,1,20.0,25.65,25.65,0.0,10000,2.24,800,3.0,22.5,45.0,0,4.74,23.5,0.8,0.333,100.0,2,1,0.5073,Estabilizado,Operação Normal
2026-08-27T21:00:52.644292,3735-10,33803,2,JD. SÃO JOÃO ,METRÔ ARTUR ALVIM,3,18:00,4,15.0,4,20.0,25.65,25.65,0.0,10000,2.24,800,4.54,22.9,32.05,1,4.74,59.28,0.8,1.0,75.0,6,2,0.4676,Estabilizado,Operação Normal
2026-08-27T21:00:52.644292,6816-10,32794,2,TERM. CAPELINHA,JD. MITSUTANI,3,18:00,2,30.0,2,20.0,25.65,25.65,0.0,10000,2.24,800,3.31,18.45,31.21,0,4.74,25.67,0.8,0.667,75.0,3,1,0.4168,Estabilizado,Operação Normal
2026-08-27T21:00:52.644292,6045-10,1222,1,STO. AMARO,VALO VELHO,3,18:00,3,20.0,3,20.0,25.65,25.65,0.0,10000,2.24,800,3.66,14.32,18.21,1,4.74,53.12,0.8,1.0,66.67,4,1,0.4313,Estabilizado,Operação Normal
2026-08-27T21:00:52.644292,6008-10,33968,2,EST. STO. AMARO/GUIDO CALOI,JD. PLANALTO,3,18:00,4,15.0,4,20.0,25.65,25.65,0.0,10000,2.24,800,2.82,20.68,30.38,0,4.74,22.24,0.8,1.0,62.5,5,1,0.3437,Estabilizado,Operação Normal
2026-08-27T21:00:52.644292,2756-10,238,1,METRÔ PATRIARCA,GUAIANASES,3,18:00,2,30.0,2,20.0,25.65,25.65,0.0,10000,2.24,800,1.64,24.86,30.08,0,4.74,13.98,0.8,0.667,75.0,3,1,0.3876,Estabilizado,Operação Normal
2026-08-27T21:00:52.644292,107T-10,33389,2,TERM. PINHEIROS,METRÔ TUCURUVI,3,18:00,7,8.6,7,20.0,25.65,25.65,0.0,10000,2.24,800,4.82,14.94,33.1,0,4.74,36.24,0.8,1.0,64.29,9,2,0.3832,Estabilizado,Operação Normal
2026-08-27T21:00:52.644292,637A-22,34370,2,TERM. JD. ÂNGELA,ITAIM BIBI,3,18:00,3,20.0,3,20.0,25.65,25.65,0.0,10000,2.24,800,7.02,12.39,36.69,0,4.74,51.64,0.8,1.0,66.67,4,1,0.4276,Estabilizado,Operação Normal
2026-08-27T21:00:52.644292,846M-10,422,1,TERM. PINHEIROS,VL. PIAUÍ,3,18:00,2,30.0,2,20.0,25.65,25.65,0.0,10000,2.24,800,4.5,10.2,26.23,0,4.74,34.0,0.8,0.667,75.0,3,1,0.4376,Estabilizado,Operação Normal
2026-08-27T21:00:52.644292,177H-10,33398,2,CID. UNIVERSITÁRIA,METRÔ SANTANA,3,18:00,8,7.5,8,20.0,25.65,25.65,0.0,10000,2.24,800,4.85,15.39,31.18,1,4.74,61.45,0.8,1.0,68.75,11,3,0.4574,Estabilizado,Operação Normal
2026-08-27T21:00:52.644292,9015-10,34037,2,TERM. PIRITUBA,VL. ZATT,3,18:00,3,20.0,3,20.0,25.65,25.65,0.0,10000,2.24,800,2.35,21.29,27.81,0,4.74,18.95,0.8,1.0,66.67,4,1,0.3459,Estabilizado,Operação Normal
2026-08-27T21:00:52.644292,606Y-10,35357,2,CHÁC. DO CONDE,EST. MENDES/VL. NATAL,3,18:00,2,30.0,2,20.0,25.65,25.65,0.0,10000,2.24,800,2.48,22.81,29.85,0,4.74,19.86,0.8,0.667,75.0,3,1,0.4023,Estabilizado,Operação Normal
2026-08-27T21:00:52.644292,707K-10,35271,2,METRÔ JABAQUARA,TERM. GUARAPIRANGA,3,18:00,10,6.0,11,20.0,25.65,25.65,0.0,10000,2.24,800,5.26,14.95,32.98,1,4.74,64.32,0.8,1.0,75.0,15,5,0.4801,Estabilizado,Operação Normal
2026-08-27T21:00:52.644292,2076-10,33136,2,TERM. PENHA,JD. DAS OLIVEIRAS,3,18:00,6,10.0,6,20.0,25.65,25.65,0.0,10000,2.24,800,2.74,19.25,28.16,1,4.74,46.68,0.8,1.0,66.67,8,2,0.4152,Estabilizado,Operação Normal
2026-08-27T21:00:52.644292,1759-10,553,1,METRÔ SANTANA,JD. PERY,3,18:00,5,12.0,5,20.0,25.65,25.65,0.0,10000,2.24,800,5.15,15.09,31.39,0,4.74,38.55,0.8,1.0,70.0,7,2,0.4032,Estabilizado,Operação Normal
2026-08-27T21:00:52.644292,407F-10,34935,2,METRÔ BELÉM,TERM. SÃO MATEUS,3,18:00,6,10.0,6,20.0,25.65,25.65,0.0,10000,2.24,800,3.37,17.6,28.71,0,4.74,26.09,0.8,1.0,58.33,7,1,0.3429,Estabilizado,Operação Normal
2026-08-27T21:00:52.644292,573A-10,1637,1,VL. ALPINA,METRÔ BRESSER,3,18:00,8,7.5,8,20.0,25.65,25.65,0.0,10000,2.24,800,5.14,15.93,33.95,1,4.74,63.48,0.8,1.0,68.75,11,3,0.4624,Estabilizado,Operação Normal
2026-08-27T21:00:52.644292,4032-10,1102,1,OBJETIVO UNIP,VL. DAS MERCÊS,3,18:00,3,20.0,3,20.0,25.65,25.65,0.0,10000,2.24,800,3.44,18.24,27.59,0,4.74,26.58,0.8,1.0,66.67,4,1,0.365,Estabilizado,Operação Normal
2026-08-27T21:00:52.644292,6L01-10,33939,2,TERM. VARGINHA,MARSILAC,3,18:00,7,8.6,7,20.0,25.65,25.65,0.0,10000,2.24,800,7.85,15.59,31.3,0,4.74,57.45,0.8,1.0,71.43,10,3,0.4541,Estabilizado,Operação Normal
2026-08-27T21:00:52.644292,7006-10,1995,1,JD. ÂNGELA,JD. HORIZONTE AZUL,3,18:00,6,10.0,6,20.0,25.65,25.65,0.0,10000,2.24,800,2.7,14.47,24.4,0,4.74,21.4,0.8,1.0,58.33,7,1,0.3312,Estabilizado,Operação Normal
2026-08-27T21:00:52.644292,2523-10,33018,2,TERM. A. E. CARVALHO,VL. PROGRESSO,3,18:00,2,30.0,2,20.0,25.65,25.65,0.0,10000,2.24,800,6.38,14.44,28.21,1,4.74,72.16,0.8,0.667,75.0,3,1,0.533,Estabilizado,Operação Normal
2026-08-27T21:00:52.644292,6455-10,63,1,LGO. SÃO FRANCISCO,TERM. CAPELINHA,3,18:00,3,20.0,3,20.0,25.65,25.65,0.0,10000,2.24,800,4.05,17.36,31.47,0,4.74,30.85,0.8,1.0,66.67,4,1,0.3757,Estabilizado,Operação Normal
2026-08-27T21:00:52.644292,6048-10,32824,2,STO. AMARO,CAPÃO REDONDO,3,18:00,4,15.0,4,20.0,25.65,25.65,0.0,10000,2.24,800,4.43,20.92,37.44,0,4.74,33.51,0.8,1.0,62.5,5,1,0.3719,Estabilizado,Operação Normal
2026-08-27T21:00:52.644292,209P-1,2301,1,TERM. PINHEIROS,CACHOEIRINHA,3,18:00,4,15.0,4,20.0,25.65,25.65,0.0,10000,2.24,800,3.42,24.46,41.29,0,4.74,26.44,0.8,1.0,62.5,5,1,0.3542,Estabilizado,Operação Normal
2026-08-27T21:00:52.644292,2202-10,33678,2,CPTM GUAIANASES,JD. DAS OLIVEIRAS,3,18:00,18,3.3,19,20.0,25.65,25.65,0.0,10000,2.24,800,4.17,18.4,31.09,0,4.74,31.69,0.8,1.0,63.89,23,5,0.3708,Estabilizado,Operação Normal
2026-08-27T21:00:52.644292,809T-10,2246,1,LAPA,COHAB RAPOSO TAVARES,3,18:00,3,20.0,3,20.0,25.65,25.65,0.0,10000,2.24,800,3.63,17.36,26.94,0,4.74,27.91,0.8,1.0,66.67,4,1,0.3683,Estabilizado,Operação Normal
2026-08-27T21:00:52.644292,4030-10,1100,1,SHOP. ARICANDUVA,FAZENDA DA JUTA,3,18:00,7,8.6,7,20.0,25.65,25.65,0.0,10000,2.24,800,5.58,17.18,34.56,0,4.74,41.56,0.8,1.0,64.29,9,2,0.3965,Estabilizado,Operação Normal
2026-08-27T21:00:52.644292,1732-10,671,1,TERM. AMARAL GURGEL,VL. SABRINA,3,18:00,7,8.6,7,20.0,25.65,25.65,0.0,10000,2.24,800,4.62,16.26,31.08,0,4.74,34.84,0.8,1.0,64.29,9,2,0.3797,Estabilizado,Operação Normal
2026-08-27T21:00:52.644292,978T-10,33657,2,METRÔ BARRA FUNDA,JD. GUARANI,3,18:00,13,4.6,14,20.0,25.65,25.65,0.0,10000,2.24,800,3.76,23.48,34.1,1,4.74,53.82,0.8,1.0,73.08,19,6,0.4491,Estabilizado,Operação Normal
2026-08-27T21:00:52.644292,775A-10,473,1,PINHEIROS,JD. ADALGIZA,3,18:00,3,20.0,3,20.0,25.65,25.65,0.0,10000,2.24,800,3.67,18.71,29.23,0,4.74,28.19,0.8,1.0,66.67,4,1,0.369,Estabilizado,Operação Normal
2026-08-27T21:00:52.644292,4030-10,33868,2,SHOP. ARICANDUVA,FAZENDA DA JUTA,3,18:00,5,12.0,5,20.0,25.65,25.65,0.0,10000,2.24,800,5.14,20.23,37.17,0,4.74,38.48,0.8,1.0,70.0,7,2,0.403,Estabilizado,Operação Normal
2026-08-27T21:00:52.644292,9047-10,883,1,LAPA,JD. PAULISTANO,3,18:00,5,12.0,5,20.0,25.65,25.65,0.0,10000,2.24,800,2.28,25.67,34.04,1,4.74,43.46,0.8,1.0,70.0,7,2,0.4155,Estabilizado,Operação Normal
2026-08-27T21:00:52.644292,2031-10,33135,2,TERM. A. E. CARVALHO,CID. KEMEL II,3,18:00,4,15.0,4,20.0,25.65,25.65,0.0,10000,2.24,800,3.0,18.78,32.88,0,4.74,23.5,0.8,1.0,62.5,5,1,0.3468,Estabilizado,Operação Normal
2026-08-27T21:00:52.644292,9701-10,569,1,METRÔ BARRA FUNDA,CEM. CACHOEIRINHA,3,18:00,4,15.0,4,20.0,25.65,25.65,0.0,10000,2.24,800,4.72,19.99,43.88,0,4.74,35.54,0.8,1.0,62.5,5,1,0.377,Estabilizado,Operação Normal
2026-08-27T21:00:52.644292,233C-10,32923,2,CERET,TERM. A. E. CARVALHO,3,18:00,4,15.0,4,20.0,25.65,25.65,0.0,10000,2.24,800,2.25,18.95,28.05,1,4.74,43.25,0.8,1.0,62.5,5,1,0.3962,Estabilizado,Operação Normal
2026-08-27T21:00:52.644292,6500-10,46,1,TERM. BANDEIRA,TERM. STO. AMARO,3,18:00,6,10.0,6,20.0,25.65,25.65,0.0,10000,2.24,800,4.16,24.07,33.58,1,4.74,56.62,0.8,1.0,66.67,8,2,0.4401,Estabilizado,Operação Normal
2026-08-27T21:00:52.644292,7016-10,34886,2,TERM. STO. AMARO,JD. ÂNGELA,3,18:00,8,7.5,8,20.0,25.65,25.65,0.0,10000,2.24,800,3.82,19.19,35.16,0,4.74,29.24,0.8,1.0,62.5,10,2,0.3612,Estabilizado,Operação Normal
2026-08-27T21:00:52.644292,7272-10,1333,1,PÇA. RAMOS DE AZEVEDO,MERCADO DA LAPA,3,18:00,3,20.0,3,20.0,25.65,25.65,0.0,10000,2.24,800,3.87,15.92,28.15,0,4.74,29.59,0.8,1.0,66.67,4,1,0.3725,Estabilizado,Operação Normal
2026-08-27T21:00:52.644292,6063-42,2002,1,TERM. EST. VARGINHA,CHÁC. STO. AMARO,3,18:00,2,30.0,2,20.0,25.65,25.65,0.0,10000,2.24,800,2.93,26.41,33.74,0,4.74,23.01,0.8,0.667,75.0,3,1,0.4102,Estabilizado,Operação Normal
2026-08-27T21:00:52.644292,1178-10,32900,2,PÇA. DO CORREIO,SÃO MIGUEL,3,18:00,7,8.6,7,20.0,25.65,25.65,0.0,10000,2.24,800,3.69,17.4,35.57,1,4.74,53.33,0.8,1.0,71.43,10,3,0.4437,Estabilizado,Operação Normal
2026-08-27T21:00:52.644292,407M-10,318,1,VL. MONUMENTO,METRÔ VL. MARIANA,3,18:00,1,60.0,1,20.0,25.65,25.65,0.0,10000,2.24,800,3.98,23.78,36.5,0,4.74,30.36,0.8,0.333,100.0,2,1,0.5244,Estabilizado,Operação Normal
2026-08-27T21:00:52.644292,9500-10,33229,2,PÇA. DO CORREIO,TERM. CACHOEIRINHA,3,18:00,9,6.7,9,20.0,25.65,25.65,0.0,10000,2.24,800,3.46,17.87,29.86,0,4.74,26.72,0.8,1.0,61.11,11,2,0.3514,Estabilizado,Operação Normal
2026-08-27T21:00:52.644292,874T-10,307,1,LAPA,IPIRANGA,3,18:00,4,15.0,4,20.0,25.65,25.65,0.0,10000,2.24,800,4.87,11.28,27.28,0,4.74,36.59,0.8,1.0,62.5,5,1,0.3796,Estabilizado,Operação Normal
2026-08-27T21:00:52.644292,8544-10,33198,2,PÇA. DO CORREIO,CID. D'ABRIL 3ª GLEBA,3,18:00,4,15.0,4,20.0,25.65,25.65,0.0,10000,2.24,800,3.29,29.43,43.02,0,4.74,25.53,0.8,1.0,62.5,5,1,0.3519,Estabilizado,Operação Normal
2026-08-27T21:00:52.644292,5030-10,34437,2,TERM. SACOMÃ,JD. MARIA ESTELA,3,18:00,2,30.0,2,20.0,25.65,25.65,0.0,10000,2.24,800,2.4,26.07,34.79,1,4.74,44.3,0.8,0.667,75.0,3,1,0.4634,Estabilizado,Operação Normal
2026-08-27T21:00:52.644292,6835-10,12,1,TERM. CAPELINHA,VALO VELHO,3,18:00,2,30.0,2,20.0,25.65,25.65,0.0,10000,2.24,800,2.59,20.27,32.41,0,4.74,20.63,0.8,0.667,75.0,3,1,0.4042,Estabilizado,Operação Normal
2026-08-27T21:00:52.644292,2726-10,940,1,METRÔ PENHA,LIMOEIRO,3,18:00,7,8.6,7,20.0,25.65,25.65,0.0,10000,2.24,800,3.01,23.2,31.03,0,4.74,23.57,0.8,1.0,57.14,8,1,0.3336,Estabilizado,Operação Normal
2026-08-27T21:00:52.644292,8700-1,35276,2,PÇA. RAMOS DE AZEVEDO,TERM. CAMPO LIMPO,3,18:00,7,8.6,7,20.0,25.65,25.65,0.0,10000,2.24,800,5.06,15.84,29.18,1,4.74,62.92,0.8,1.0,71.43,10,3,0.4677,Estabilizado,Operação Normal
2026-08-27T21:00:52.644292,971D-10,33477,2,SHOP. CENTER NORTE,JD. DAMASCENO,3,18:00,11,5.5,12,20.0,25.65,25.65,0.0,10000,2.24,800,5.15,16.82,30.12,0,4.74,38.55,0.8,1.0,68.18,15,4,0.3987,Estabilizado,Operação Normal
2026-08-27T21:00:52.644292,407K-10,34936,2,METRÔ CARRÃO,TERM. SÃO MATEUS,3,18:00,5,12.0,5,20.0,25.65,25.65,0.0,10000,2.24,800,4.72,19.89,36.56,0,4.74,35.54,0.8,1.0,70.0,7,2,0.3957,Estabilizado,Operação Normal
2026-08-27T21:00:52.644292,675I-10,68,1,METRÔ SÃO JUDAS,TERM. JOÃO DIAS,3,18:00,4,15.0,4,20.0,25.65,25.65,0.0,10000,2.24,800,3.9,21.04,35.2,0,4.74,29.8,0.8,1.0,62.5,5,1,0.3626,Estabilizado,Operação Normal
2026-08-27T21:00:52.644292,971T-10,33386,2,METRÔ SANTANA,VL. STA. MARIA,3,18:00,5,12.0,5,20.0,25.65,25.65,0.0,10000,2.24,800,4.42,19.68,27.57,0,4.74,33.44,0.8,1.0,60.0,6,1,0.3654,Estabilizado,Operação Normal
2026-08-27T21:00:52.644292,6071-10,1156,1,TERM. STO. AMARO,JD. ORION,3,18:00,4,15.0,4,20.0,25.65,25.65,0.0,10000,2.24,800,3.79,20.01,30.04,0,4.74,29.03,0.8,1.0,62.5,5,1,0.3607,Estabilizado,Operação Normal
2026-08-27T21:00:52.644292,475R-10,33112,2,TERM. PQ. D. PEDRO II,JD. SÃO SAVÉRIO,3,18:00,9,6.7,9,20.0,25.65,25.65,0.0,10000,2.24,800,5.3,11.8,28.42,1,4.74,64.6,0.8,1.0,72.22,13,4,0.4739,Estabilizado,Operação Normal
2026-08-27T21:00:52.644292,6015-10,1205,1,JD. ÂNGELA,VL. CALÚ,3,18:00,4,15.0,4,20.0,25.65,25.65,0.0,10000,2.24,800,5.32,19.15,39.3,0,4.74,39.74,0.8,1.0,62.5,5,1,0.3875,Estabilizado,Operação Normal
2026-08-27T21:00:52.644292,9785-10,33596,2,METRÔ BARRA FUNDA,VL. TEREZINHA,3,18:00,9,6.7,9,20.0,25.65,25.65,0.0,10000,2.24,800,3.68,18.73,30.1,1,4.74,53.26,0.8,1.0,66.67,12,3,0.4317,Estabilizado,Operação Normal
2026-08-27T21:00:52.644292,3686-10,32934,2,TERM. PQ. D. PEDRO II,JD. SÃO PAULO,3,18:00,8,7.5,8,20.0,25.65,25.65,0.0,10000,2.24,800,3.75,19.77,32.45,1,4.74,53.75,0.8,1.0,68.75,11,3,0.4381,Estabilizado,Operação Normal
2026-08-27T21:00:52.644292,8018-10,34838,2,METRÔ MORUMBI,VL. SÔNIA,3,18:00,1,60.0,1,20.0,25.65,25.65,0.0,10000,2.24,800,2.87,19.6,29.11,1,4.74,37.59,0.8,0.333,100.0,2,1,0.5425,Estabilizado,Operação Normal
2026-08-27T21:00:52.644292,8615-10,1339,1,TERM. PQ. D. PEDRO II,PQ. DA LAPA,3,18:00,5,12.0,5,20.0,25.65,25.65,0.0,10000,2.24,800,3.93,16.33,29.65,0,4.74,30.01,0.8,1.0,60.0,6,1,0.3569,Estabilizado,Operação Normal
2026-08-27T21:00:52.644292,575C-10,1686,1,VL. MATIAS,TERM. VL. PRUDENTE,3,18:00,2,30.0,2,20.0,25.65,25.65,0.0,10000,2.24,800,4.02,23.67,39.46,0,4.74,30.64,0.8,0.667,75.0,3,1,0.4292,Estabilizado,Operação Normal
2026-08-27T21:00:52.644292,177H-10,630,1,CID. UNIVERSITÁRIA,METRÔ SANTANA,3,18:00,7,8.6,7,20.0,25.65,25.65,0.0,10000,2.24,800,5.87,15.4,29.97,1,4.74,68.59,0.8,1.0,71.43,10,3,0.4819,Estabilizado,Operação Normal
2026-08-27T21:00:52.644292,8040-10,33174,2,TERM. LAPA,SOL NASCENTE,3,18:00,7,8.6,7,20.0,25.65,25.65,0.0,10000,2.24,800,3.36,27.64,41.71,1,4.74,51.02,0.8,1.0,64.29,9,2,0.4201,Estabilizado,Operação Normal
2026-08-27T21:00:52.644292,1772-10,635,1,METRÔ TUCURUVI,RECANTO VERDE,3,18:00,5,12.0,5,20.0,25.65,25.65,0.0,10000,2.24,800,5.44,11.66,27.78,1,4.74,65.58,0.8,1.0,70.0,7,2,0.4708,Estabilizado,Operação Normal
2026-08-27T21:00:52.644292,675P-10,33043,2,METRÔ CONCEIÇÃO,SHOP. SP MARKET,3,18:00,5,12.0,5,20.0,25.65,25.65,0.0,10000,2.24,800,4.41,14.1,29.9,1,4.74,58.37,0.8,1.0,70.0,7,2,0.4528,Estabilizado,Operação Normal
2026-08-27T21:00:52.644292,8300-10,34032,2,TERM. LAPA,TERM. PIRITUBA,3,18:00,3,20.0,3,20.0,25.65,25.65,0.0,10000,2.24,800,5.63,16.05,33.98,0,4.74,41.91,0.8,1.0,66.67,4,1,0.4033,Estabilizado,Operação Normal
2026-08-27T21:00:52.644292,3019-10,957,1,VL. PAULISTA I,TERM. CID. TIRADENTES,3,18:00,3,20.0,3,20.0,25.65,25.65,0.0,10000,2.24,800,3.72,23.84,31.3,0,4.74,28.54,0.8,1.0,66.67,4,1,0.3699,Estabilizado,Operação Normal
2026-08-27T21:00:52.644292,576C-10,1290,1,TERM. STO. AMARO,METRÔ JABAQUARA,3,18:00,8,7.5,8,20.0,25.65,25.65,0.0,10000,2.24,800,3.64,15.45,27.55,1,4.74,52.98,0.8,1.0,68.75,11,3,0.4362,Estabilizado,Operação Normal
2026-08-27T21:00:52.644292,3789-10,1067,1,METRÔ ITAQUERA,CID. TIRADENTES,3,18:00,7,8.6,7,20.0,25.65,25.65,0.0,10000,2.24,800,2.59,18.22,27.98,0,4.74,20.63,0.8,1.0,57.14,8,1,0.3263,Estabilizado,Operação Normal
2026-08-27T21:00:52.644292,2716-10,33697,2,METRÔ PENHA,CHÁC. CRUZ. DO SUL,3,18:00,4,15.0,4,20.0,25.65,25.65,0.0,10000,2.24,800,3.0,25.68,28.76,0,4.74,23.5,0.8,1.0,62.5,5,1,0.3468,Estabilizado,Operação Normal
2026-08-27T21:00:52.644292,3099-10,33847,2,JD. DA CONQUISTA,HOSP. SÃO MATEUS,3,18:00,7,8.6,7,20.0,25.65,25.65,0.0,10000,2.24,800,3.32,32.98,30.78,0,4.74,25.74,0.8,1.0,64.29,9,2,0.3569,Estabilizado,Operação Normal
2026-08-27T21:00:52.644292,8707-10,2064,1,TERM. PRINC. ISABEL,RIO PEQUENO,3,18:00,6,10.0,6,20.0,25.65,25.65,0.0,10000,2.24,800,4.26,12.53,28.6,0,4.74,32.32,0.8,1.0,66.67,8,2,0.3793,Estabilizado,Operação Normal
2026-08-27T21:00:52.644292,2705-10,917,1,METRÔ ITAQUERA,JD. FANGANIELO,3,18:00,3,20.0,3,20.0,25.65,25.65,0.0,10000,2.24,800,3.03,22.32,30.95,0,4.74,23.71,0.8,1.0,66.67,4,1,0.3578,Estabilizado,Operação Normal
2026-08-27T21:00:52.644292,6052-10,1144,1,TERM. EST. VARGINHA,JD. SETE DE SETEMBRO,3,18:00,4,15.0,4,20.0,25.65,25.65,0.0,10000,2.24,800,2.17,23.13,28.33,0,4.74,17.69,0.8,1.0,62.5,5,1,0.3323,Estabilizado,Operação Normal
2026-08-27T21:00:52.644292,8043-10,407,1,LAPA,HAB. TURÍSTICA,3,18:00,2,30.0,2,20.0,25.65,25.65,0.0,10000,2.24,800,6.12,19.66,40.79,0,4.74,45.34,0.8,0.667,75.0,3,1,0.466,Estabilizado,Operação Normal
2026-08-27T21:00:52.644292,707K-10,2503,1,METRÔ JABAQUARA,TERM. GUARAPIRANGA,3,18:00,9,6.7,9,20.0,25.65,25.65,0.0,10000,2.24,800,3.88,15.75,31.82,1,4.74,54.66,0.8,1.0,66.67,12,3,0.4352,Estabilizado,Operação Normal
2026-08-27T21:00:52.644292,4013-10,34954,2,TERM. SÃO MATEUS,JD. STO. ANDRÉ,3,18:00,5,12.0,5,20.0,25.65,25.65,0.0,10000,2.24,800,3.42,18.65,32.5,0,4.74,26.44,0.8,1.0,60.0,6,1,0.3479,Estabilizado,Operação Normal
2026-08-27T21:00:52.644292,5164-21,1616,1,PQ. IBIRAPUERA,CID. LEONOR,3,18:00,3,20.0,3,20.0,25.65,25.65,0.0,10000,2.24,800,3.28,17.05,28.92,0,4.74,25.46,0.8,1.0,66.67,4,1,0.3622,Estabilizado,Operação Normal
2026-08-27T21:00:52.644292,6813-10,32801,2,TERM. CAPELINHA,JD. LÍDIA,3,18:00,2,30.0,2,20.0,25.65,25.65,0.0,10000,2.24,800,5.47,17.08,35.27,0,4.74,40.79,0.8,0.667,75.0,3,1,0.4546,Estabilizado,Operação Normal
2026-08-27T21:00:52.644292,5029-10,1672,1,TERM. SACOMÃ,JD. PATENTE,3,18:00,3,20.0,3,20.0,25.65,25.65,0.0,10000,2.24,800,6.76,14.28,32.16,1,4.74,74.82,0.8,1.0,83.33,5,2,0.5272,Estabilizado,Operação Normal
2026-08-27T21:00:52.644292,3139-10,995,1,PÇA. JOÃO MENDES,JD. VL. FORMOSA,3,18:00,3,20.0,3,20.0,25.65,25.65,0.0,10000,2.24,800,5.86,10.86,28.67,1,4.74,68.52,0.8,1.0,83.33,5,2,0.5115,Estabilizado,Operação Normal
2026-08-27T21:00:52.644292,7017-10,35270,2,TERM. GUARAPIRANGA,JD. GUARUJÁ,3,18:00,7,8.6,7,20.0,25.65,25.65,0.0,10000,2.24,800,4.52,14.62,24.79,0,4.74,34.14,0.8,1.0,64.29,9,2,0.3779,Estabilizado,Operação Normal
2026-08-27T21:00:52.644292,8686-10,446,1,LGO. DO PAISSANDÚ,MANGALOT,3,18:00,3,20.0,3,20.0,25.65,25.65,0.0,10000,2.24,800,4.59,18.33,30.29,0,4.74,34.63,0.8,1.0,66.67,4,1,0.3851,Estabilizado,Operação Normal
2026-08-27T21:00:52.644292,3785-10,1063,1,METRÔ ITAQUERA,COHAB BARRO BRANCO,3,18:00,4,15.0,4,20.0,25.65,25.65,0.0,10000,2.24,800,6.16,14.72,29.53,1,4.74,70.62,0.8,1.0,75.0,6,2,0.4959,Estabilizado,Operação Normal
2026-08-27T21:00:52.644292,2020-10,2262,1,METRÔ TUCURUVI,HORTO FLORESTAL,3,18:00,3,20.0,3,20.0,25.65,25.65,0.0,10000,2.24,800,2.86,22.06,32.66,0,4.74,22.52,0.8,1.0,66.67,4,1,0.3548,Estabilizado,Operação Normal
2026-08-27T21:00:52.644292,2058-10,33027,2,CPTM GUAIANASES,TERM. SÃO MIGUEL,3,18:00,4,15.0,4,20.0,25.65,25.65,0.0,10000,2.24,800,3.76,19.07,30.84,0,4.74,28.82,0.8,1.0,62.5,5,1,0.3601,Estabilizado,Operação Normal
2026-08-27T21:00:52.644292,715M-10,490,1,LGO. DA PÓLVORA,JD. MARIA LUIZA,3,18:00,7,8.6,7,20.0,25.65,25.65,0.0,10000,2.24,800,4.4,15.28,30.4,1,4.74,58.3,0.8,1.0,71.43,10,3,0.4562,Estabilizado,Operação Normal
2026-08-27T21:00:52.644292,342C-10,1002,1,PENHA,JD. MARÍLIA,3,18:00,4,15.0,4,20.0,25.65,25.65,0.0,10000,2.24,800,3.66,19.22,30.6,0,4.74,28.12,0.8,1.0,62.5,5,1,0.3584,Estabilizado,Operação Normal
2026-08-27T21:00:52.644292,8077-10,2050,1,TERM. VL. SÔNIA,JD. JOÃO XXIII,3,18:00,2,30.0,2,20.0,25.65,25.65,0.0,10000,2.24,800,4.52,15.57,28.01,0,4.74,34.14,0.8,0.667,75.0,3,1,0.438,Estabilizado,Operação Normal
2026-08-27T21:00:52.644292,695V-10,32776,2,METRÔ ANA ROSA,TERM. CAPELINHA,3,18:00,5,12.0,5,20.0,25.65,25.65,0.0,10000,2.24,800,4.21,15.85,29.74,0,4.74,31.97,0.8,1.0,60.0,6,1,0.3618,Estabilizado,Operação Normal
2026-08-27T21:00:52.644292,373M-10,281,1,SHOP. METRÔ TATUAPÉ,JD. GUAIRACÁ,3,18:00,2,30.0,2,20.0,25.65,25.65,0.0,10000,2.24,800,2.66,23.64,35.18,1,4.74,46.12,0.8,0.667,75.0,3,1,0.468,Estabilizado,Operação Normal
2026-08-27T21:00:52.644292,6048-10,56,1,STO. AMARO,CAPÃO REDONDO,3,18:00,4,15.0,4,20.0,25.65,25.65,0.0,10000,2.24,800,2.5,17.4,26.07,1,4.74,45.0,0.8,1.0,62.5,5,1,0.4006,Estabilizado,Operação Normal
2026-08-27T21:00:52.644292,403A-10,2192,1,TERM. PENHA,CPTM JOSÉ BONIFÁCIO,3,18:00,5,12.0,5,20.0,25.65,25.65,0.0,10000,2.24,800,4.33,21.7,37.05,1,4.74,57.81,0.8,1.0,70.0,7,2,0.4514,Estabilizado,Operação Normal
2026-08-27T21:00:52.644292,7011-10,1952,1,JD. ÂNGELA,JD. DOS REIS,3,18:00,5,12.0,5,20.0,25.65,25.65,0.0,10000,2.24,800,7.11,11.69,26.53,0,4.74,52.27,0.8,1.0,70.0,7,2,0.4375,Estabilizado,Operação Normal
2026-08-27T21:00:52.644292,5752-10,34055,2,METRÔ CONCEIÇÃO,VL. MISSIONÁRIA,3,18:00,9,6.7,9,20.0,25.65,25.65,0.0,10000,2.24,800,4.25,20.36,37.87,1,4.74,57.25,0.8,1.0,66.67,12,3,0.4416,Estabilizado,Operação Normal
2026-08-27T21:00:52.644292,695Y-21,34390,2,EST. AUTÓDROMO,TERM. PARELHEIROS,3,18:00,5,12.0,5,20.0,25.65,25.65,0.0,10000,2.24,800,3.03,24.76,30.23,0,4.74,23.71,0.8,1.0,60.0,6,1,0.3411,Estabilizado,Operação Normal
2026-08-27T21:00:52.644292,6026-10,32855,2,TERM. STO. AMARO,JD. ICARAÍ,3,18:00,6,10.0,6,20.0,25.65,25.65,0.0,10000,2.24,800,3.23,18.99,29.66,0,4.74,25.11,0.8,1.0,58.33,7,1,0.3404,Estabilizado,Operação Normal
2026-08-27T21:00:52.644292,6053-10,1145,1,TERM. GRAJAÚ,JD. ELLUS,3,18:00,2,30.0,2,20.0,25.65,25.65,0.0,10000,2.24,800,8.17,13.17,36.9,0,4.74,59.69,0.8,0.667,75.0,3,1,0.5019,Estabilizado,Operação Normal
2026-08-27T21:00:52.644292,5143-10,34396,2,TERM. PQ. D. PEDRO II,TERM. SAPOPEMBA,3,18:00,6,10.0,6,20.0,25.65,25.65,0.0,10000,2.24,800,5.32,16.84,33.42,1,4.74,64.74,0.8,1.0,75.0,9,3,0.4812,Estabilizado,Operação Normal
2026-08-27T21:00:52.644292,6016-41,34474,2,TERM. GRAJAÚ,JD. PORTO VELHO,3,18:00,6,10.0,6,20.0,25.65,25.65,0.0,10000,2.24,800,8.46,10.99,34.84,0,4.74,61.72,0.8,1.0,66.67,8,2,0.4528,Estabilizado,Operação Normal
2026-08-27T21:00:52.644292,9188-42,1711,1,LAPA,CAPELA DA LAGOA,3,18:00,2,30.0,2,20.0,25.65,25.65,0.0,10000,2.24,800,3.83,25.25,41.78,0,4.74,29.31,0.8,0.667,75.0,3,1,0.4259,Estabilizado,Operação Normal
2026-08-27T21:00:52.644292,8085-10,35376,2,CIRCULAR USP,P3,3,18:00,1,60.0,1,20.0,25.65,25.65,0.0,10000,2.24,800,2.14,32.37,35.31,0,4.74,17.48,0.8,0.333,100.0,2,1,0.4922,Estabilizado,Operação Normal
2026-08-27T21:00:52.644292,6014-10,188,1,TERM. STO. AMARO,TERM. JD. JACIRA,3,18:00,4,15.0,4,20.0,25.65,25.65,0.0,10000,2.24,800,4.94,16.73,33.39,0,4.74,37.08,0.8,1.0,62.5,5,1,0.3808,Estabilizado,Operação Normal
2026-08-27T21:00:52.644292,5103-10,34414,2,MOEMA,TERM. SACOMÃ,3,18:00,8,7.5,8,20.0,25.65,25.65,0.0,10000,2.24,800,3.52,15.99,27.4,1,4.74,52.14,0.8,1.0,68.75,11,3,0.4341,Estabilizado,Operação Normal
2026-08-27T21:00:52.644292,4055-10,35215,2,VL. SOLANGE,CPTM GUAIANASES,3,18:00,2,30.0,2,20.0,25.65,25.65,0.0,10000,2.24,800,4.15,18.13,30.66,0,4.74,31.55,0.8,0.667,75.0,3,1,0.4315,Estabilizado,Operação Normal
2026-08-27T21:00:52.644292,4020-10,2530,1,JD. NOVO HORIZONTE,E. T. ITAQUERA,3,18:00,2,30.0,2,20.0,25.65,25.65,0.0,10000,2.24,800,4.93,21.29,41.51,0,4.74,37.01,0.8,0.667,75.0,3,1,0.4452,Estabilizado,Operação Normal
2026-08-27T21:00:52.644292,7051-10,1885,1,TERM. CAMPO LIMPO,JD. ROSANA,3,18:00,3,20.0,3,20.0,25.65,25.65,0.0,10000,2.24,800,5.75,15.44,30.95,0,4.74,42.75,0.8,1.0,66.67,4,1,0.4054,Estabilizado,Operação Normal
2026-08-27T21:00:52.644292,172J-10,33624,2,TATUAPÉ,JD. BRASIL,3,18:00,11,5.5,12,20.0,25.65,25.65,0.0,10000,2.24,800,3.83,22.66,38.03,0,4.74,29.31,0.8,1.0,68.18,15,4,0.3756,Estabilizado,Operação Normal
2026-08-27T21:00:52.644292,4014-10,34955,2,TERM. VL. CARRÃO,JD. VL. CARRÃO,3,18:00,5,12.0,5,20.0,25.65,25.65,0.0,10000,2.24,800,5.97,20.08,40.88,0,4.74,44.29,0.8,1.0,70.0,7,2,0.4176,Estabilizado,Operação Normal
2026-08-27T21:00:52.644292,2707-10,33687,2,METRÔ ITAQUERA,CHABILÂNDIA,3,18:00,6,10.0,6,20.0,25.65,25.65,0.0,10000,2.24,800,1.36,24.39,28.87,0,4.74,12.02,0.8,1.0,58.33,7,1,0.3077,Estabilizado,Operação Normal
2026-08-27T21:00:52.644292,8319-10,33244,2,SESC POMPÉIA,PQ. CONTINENTAL,3,18:00,5,12.0,5,20.0,25.65,25.65,0.0,10000,2.24,800,3.11,20.44,32.28,0,4.74,24.27,0.8,1.0,60.0,6,1,0.3425,Estabilizado,Operação Normal
2026-08-27T21:00:52.644292,2018-10,33672,2,SÃO MIGUEL,JD. CAMPOS,3,18:00,3,20.0,3,20.0,25.65,25.65,0.0,10000,2.24,800,2.66,20.26,22.1,0,4.74,21.12,0.8,1.0,66.67,4,1,0.3513,Estabilizado,Operação Normal
2026-08-27T21:00:52.644292,6002-10,34747,2,HOSP. PEDREIRA,CID. DUTRA,3,18:00,3,20.0,3,20.0,25.65,25.65,0.0,10000,2.24,800,2.51,22.92,31.91,0,4.74,20.07,0.8,1.0,66.67,4,1,0.3487,Estabilizado,Operação Normal
2026-08-27T21:00:52.644292,273D-10,32990,2,METRÔ ARTUR ALVIM,PQ. D. JOÃO NERY,3,18:00,4,15.0,4,20.0,25.65,25.65,0.0,10000,2.24,800,2.6,21.63,24.65,0,4.74,20.7,0.8,1.0,62.5,5,1,0.3398,Estabilizado,Operação Normal
2026-08-27T21:00:52.644292,8025-10,34844,2,TERM. VL. SÔNIA,JD. ROSA MARIA,3,18:00,5,12.0,5,20.0,25.65,25.65,0.0,10000,2.24,800,3.62,16.33,26.2,0,4.74,27.84,0.8,1.0,60.0,6,1,0.3514,Estabilizado,Operação Normal
2026-08-27T21:00:52.644292,2765-10,145,1,METRÔ TATUAPÉ,VL. CISPER,3,18:00,7,8.6,7,20.0,25.65,25.65,0.0,10000,2.24,800,2.55,18.17,26.65,0,4.74,20.35,0.8,1.0,57.14,8,1,0.3256,Estabilizado,Operação Normal
2026-08-27T21:00:52.644292,4725-10,338,1,SHOP. IBIRAPUERA,VL. BRASILINA,3,18:00,2,30.0,2,20.0,25.65,25.65,0.0,10000,2.24,800,3.92,19.51,29.86,1,4.74,54.94,0.8,0.667,75.0,3,1,0.49,Estabilizado,Operação Normal
2026-08-27T21:00:52.644292,6036-10,1214,1,TERM. CAPELINHA,JD. MACEDÔNIA,3,18:00,6,10.0,6,20.0,25.65,25.65,0.0,10000,2.24,800,5.15,14.56,33.73,0,4.74,38.55,0.8,1.0,66.67,8,2,0.3949,Estabilizado,Operação Normal
2026-08-27T21:00:52.644292,3745-10,1044,1,METRÔ TATUAPÉ,JD. IMPERADOR,3,18:00,5,12.0,5,20.0,25.65,25.65,0.0,10000,2.24,800,3.95,15.37,32.15,0,4.74,30.15,0.8,1.0,60.0,6,1,0.3572,Estabilizado,Operação Normal
2026-08-27T21:00:52.644292,273F-10,159,1,METRÔ ITAQUERA,VL. MARA,3,18:00,2,30.0,2,20.0,25.65,25.65,0.0,10000,2.24,800,4.4,21.0,33.26,0,4.74,33.3,0.8,0.667,75.0,3,1,0.4359,Estabilizado,Operação Normal
2026-08-27T21:00:52.644292,8594-10,432,1,PÇA. RAMOS DE AZEVEDO,CID. D'ABRIL ,3,18:00,6,10.0,6,20.0,25.65,25.65,0.0,10000,2.24,800,5.01,16.68,29.79,0,4.74,37.57,0.8,1.0,66.67,8,2,0.3925,Estabilizado,Operação Normal
2026-08-27T21:00:52.644292,4052-10,2145,1,METRÔ ITAQUERA,CPTM GUAIANASES,3,18:00,3,20.0,3,20.0,25.65,25.65,0.0,10000,2.24,800,6.27,15.31,29.03,1,4.74,71.39,0.8,1.0,83.33,5,2,0.5186,Estabilizado,Operação Normal
2026-08-27T21:00:52.644292,271M-10,33452,2,METRÔ SANTANA,PQ. NOVO MUNDO,3,18:00,4,15.0,4,20.0,25.65,25.65,0.0,10000,2.24,800,5.92,13.78,32.97,0,4.74,43.94,0.8,1.0,62.5,5,1,0.3979,Estabilizado,Operação Normal
2026-08-27T21:00:52.644292,274P-10,232,1,METRÔ VL. MARIANA,PENHA,3,18:00,2,30.0,2,20.0,25.65,25.65,0.0,10000,2.24,800,3.37,18.66,31.38,1,4.74,51.09,0.8,0.667,75.0,3,1,0.4804,Estabilizado,Operação Normal
2026-08-27T21:00:52.644292,695V-10,8,1,METRÔ ANA ROSA,TERM. CAPELINHA,3,18:00,4,15.0,4,20.0,25.65,25.65,0.0,10000,2.24,800,3.93,21.09,36.71,0,4.74,30.01,0.8,1.0,62.5,5,1,0.3631,Estabilizado,Operação Normal
2026-08-27T21:00:52.644292,2725-10,33707,2,JD. SÃO CARLOS,METRÔ ARTUR ALVIM,3,18:00,7,8.6,7,20.0,25.65,25.65,0.0,10000,2.24,800,3.78,24.47,34.27,1,4.74,53.96,0.8,1.0,71.43,10,3,0.4453,Estabilizado,Operação Normal
2026-08-27T21:00:52.644292,5110-41,2210,1,METRÔ TAMANDUATEÍ,SÃO MATEUS,3,18:00,2,30.0,2,20.0,25.65,25.65,0.0,10000,2.24,800,4.86,17.13,34.43,0,4.74,36.52,0.8,0.667,75.0,3,1,0.444,Estabilizado,Operação Normal
2026-08-27T21:00:52.644292,577T-10,34059,2,METRÔ ANA ROSA,JD. MIRIAM,3,18:00,5,12.0,5,20.0,25.65,25.65,0.0,10000,2.24,800,6.05,14.37,37.73,0,4.74,44.85,0.8,1.0,70.0,7,2,0.419,Estabilizado,Operação Normal
2026-08-27T21:00:52.644292,958P-10,33233,2,VL. OLÍMPIA,JD. NARDINI,3,18:00,5,12.0,5,20.0,25.65,25.65,0.0,10000,2.24,800,5.44,15.72,30.46,0,4.74,40.58,0.8,1.0,70.0,7,2,0.4083,Estabilizado,Operação Normal
2026-08-27T21:00:52.644292,6L10-41,34773,2,TERM. VARGINHA,MESSIÂNICA,3,18:00,3,20.0,3,20.0,25.65,25.65,0.0,10000,2.24,800,4.68,18.03,33.08,0,4.74,35.26,0.8,1.0,66.67,4,1,0.3867,Estabilizado,Operação Normal
2026-08-27T21:00:52.644292,3025-10,33729,2,CPTM GUAIANASES,SÍTIO CONCEIÇÃO,3,18:00,5,12.0,5,20.0,25.65,25.65,0.0,10000,2.24,800,3.44,7.4,21.85,1,4.74,51.58,0.8,1.0,70.0,7,2,0.4358,Estabilizado,Operação Normal
2026-08-27T21:00:52.644292,139A-10,35219,2,LAPA,VL. IÓRIO,3,18:00,3,20.0,3,20.0,25.65,25.65,0.0,10000,2.24,800,4.03,19.68,35.3,0,4.74,30.71,0.8,1.0,66.67,4,1,0.3753,Estabilizado,Operação Normal
2026-08-27T21:00:52.644292,311C-10,309,1,BOM RETIRO,PQ. SÃO LUCAS,3,18:00,3,20.0,3,20.0,25.65,25.65,0.0,10000,2.24,800,2.96,18.13,29.36,0,4.74,23.22,0.8,1.0,66.67,4,1,0.3566,Estabilizado,Operação Normal
2026-08-27T21:00:52.644292,6036-10,33982,2,TERM. CAPELINHA,JD. MACEDÔNIA,3,18:00,8,7.5,8,20.0,25.65,25.65,0.0,10000,2.24,800,5.15,10.97,32.85,0,4.74,38.55,0.8,1.0,62.5,10,2,0.3845,Estabilizado,Operação Normal
2026-08-27T21:00:52.644292,524L-10,34483,2,METRÔ TATUAPÉ,PQ. SÃO LUCAS,3,18:00,4,15.0,4,20.0,25.65,25.65,0.0,10000,2.24,800,2.55,24.1,31.24,0,4.74,20.35,0.8,1.0,62.5,5,1,0.339,Estabilizado,Operação Normal
2026-08-27T21:00:52.644292,609F-10,37,1,TERM. PRINC. ISABEL,CHÁC. SANTANA,3,18:00,7,8.6,7,20.0,25.65,25.65,0.0,10000,2.24,800,4.66,13.32,34.43,1,4.74,60.12,0.8,1.0,71.43,10,3,0.4607,Estabilizado,Operação Normal
2026-08-27T21:00:52.644292,8000-10,1273,1,PÇA. RAMOS DE AZEVEDO,TERM. LAPA,3,18:00,6,10.0,6,20.0,25.65,25.65,0.0,10000,2.24,800,2.95,21.62,32.75,0,4.74,23.15,0.8,1.0,58.33,7,1,0.3355,Estabilizado,Operação Normal
2026-08-27T21:00:52.644292,6012-10,33972,2,JD. ÂNGELA,PQ. INDEPENDÊNCIA,3,18:00,4,15.0,4,20.0,25.65,25.65,0.0,10000,2.24,800,4.29,14.96,30.27,0,4.74,32.53,0.8,1.0,62.5,5,1,0.3694,Estabilizado,Operação Normal
2026-08-27T21:00:52.644292,1896-10,2520,1,PÇA. RAMOS DE AZEVEDO,JARAGUÁ,3,18:00,5,12.0,5,20.0,25.65,25.65,0.0,10000,2.24,800,3.22,26.06,30.14,0,4.74,25.04,0.8,1.0,60.0,6,1,0.3445,Estabilizado,Operação Normal
2026-08-27T21:00:52.644292,4113-10,768,1,PÇA. DA REPÚBLICA,GENTIL DE MOURA,3,18:00,8,7.5,8,20.0,25.65,25.65,0.0,10000,2.24,800,3.21,12.12,24.92,1,4.74,49.97,0.8,1.0,68.75,11,3,0.4286,Estabilizado,Operação Normal
2026-08-27T21:00:52.644292,6083-10,1733,1,TERM. GRAJAÚ,JD. ELIANA,3,18:00,3,20.0,3,20.0,25.65,25.65,0.0,10000,2.24,800,7.88,14.47,38.24,0,4.74,57.66,0.8,1.0,66.67,4,1,0.4427,Estabilizado,Operação Normal
2026-08-27T21:00:52.644292,5131-10,34050,2,PQ. D. PEDRO II,CID. ADEMAR,3,18:00,4,15.0,4,20.0,25.65,25.65,0.0,10000,2.24,800,4.12,14.62,26.98,1,4.74,56.34,0.8,1.0,75.0,6,2,0.4602,Estabilizado,Operação Normal
2026-08-27T21:00:52.644292,546J-10,33901,2,STO. AMARO,JD. SELMA,3,18:00,4,15.0,4,20.0,25.65,25.65,0.0,10000,2.24,800,8.04,9.85,27.42,0,4.74,58.78,0.8,1.0,75.0,6,2,0.4663,Estabilizado,Operação Normal
2026-08-27T21:00:52.644292,807P-10,2099,1,STO. AMARO,PARAISÓPOLIS,3,18:00,6,10.0,6,20.0,25.65,25.65,0.0,10000,2.24,800,3.9,24.85,37.62,0,4.74,29.8,0.8,1.0,66.67,8,2,0.373,Estabilizado,Operação Normal
2026-08-27T21:00:52.644292,9051-10,34857,2,TERM. PINHEIROS,LAPA,3,18:00,3,20.0,3,20.0,25.65,25.65,0.0,10000,2.24,800,4.75,13.27,26.44,0,4.74,35.75,0.8,1.0,66.67,4,1,0.3879,Estabilizado,Operação Normal
2026-08-27T21:00:52.644292,7053-21,34663,2,TERM. CAMPO LIMPO,JD. MARIA SAMPAIO,3,18:00,2,30.0,2,20.0,25.65,25.65,0.0,10000,2.24,800,5.71,14.55,29.0,0,4.74,42.47,0.8,0.667,75.0,3,1,0.4588,Estabilizado,Operação Normal
2026-08-27T21:00:52.644292,917M-31,34135,2,METRÔ ANA ROSA,MORRO GRANDE,3,18:00,3,20.0,3,20.0,25.65,25.65,0.0,10000,2.24,800,6.42,18.75,37.43,0,4.74,47.44,0.8,1.0,66.67,4,1,0.4171,Estabilizado,Operação Normal
2026-08-27T21:00:52.644292,4006-10,34948,2,CIRCULAR,JD. NOVA VITÓRIA,3,18:00,3,20.0,3,20.0,25.65,25.65,0.0,10000,2.24,800,4.35,20.66,32.0,0,4.74,32.95,0.8,1.0,66.67,4,1,0.3809,Estabilizado,Operação Normal
2026-08-27T21:00:52.644292,8020-10,34494,2,SHOP. MORUMBI,BUTANTÃ,3,18:00,3,20.0,3,20.0,25.65,25.65,0.0,10000,2.24,800,5.04,16.93,32.74,0,4.74,37.78,0.8,1.0,66.67,4,1,0.393,Estabilizado,Operação Normal
2026-08-27T21:00:52.644292,8002-10,1252,1,TERM. LAPA,TERM. PIRITUBA,3,18:00,3,20.0,3,20.0,25.65,25.65,0.0,10000,2.24,800,5.08,20.56,38.39,1,4.74,63.06,0.8,1.0,83.33,5,2,0.4978,Estabilizado,Operação Normal
2026-08-27T21:00:52.644292,9004-10,871,1,TERM. CACHOEIRINHA,JD. ELISA MARIA,3,18:00,5,12.0,5,20.0,25.65,25.65,0.0,10000,2.24,800,3.48,20.43,37.09,0,4.74,26.86,0.8,1.0,60.0,6,1,0.349,Estabilizado,Operação Normal
2026-08-27T21:00:52.644292,3031-10,967,1,METRÔ ITAQUERA,JD. ALTO PAULISTANO,3,18:00,5,12.0,5,20.0,25.65,25.65,0.0,10000,2.24,800,3.83,22.48,32.42,1,4.74,54.31,0.8,1.0,70.0,7,2,0.4426,Estabilizado,Operação Normal
2026-08-27T21:00:52.644292,1783-10,644,1,METRÔ SANTANA,CACHOEIRA,3,18:00,4,15.0,4,20.0,25.65,25.65,0.0,10000,2.24,800,8.5,5.67,28.93,0,4.74,62.0,0.8,1.0,75.0,6,2,0.4743,Estabilizado,Operação Normal
2026-08-27T21:00:52.644292,5370-21,1551,1,PQ. IBIRAPUERA,TERM. VARGINHA,3,18:00,2,30.0,2,20.0,25.65,25.65,0.0,10000,2.24,800,8.75,6.18,30.23,0,4.74,63.75,0.8,0.667,75.0,3,1,0.512,Estabilizado,Operação Normal
2026-08-27T21:00:52.644292,6075-10,33930,2,TERM. VARGINHA,JD. REC. CAMPO BELO,3,18:00,6,10.0,6,20.0,25.65,25.65,0.0,10000,2.24,800,3.0,22.5,45.0,0,4.74,23.5,0.8,1.0,58.33,7,1,0.3364,Estabilizado,Operação Normal
2026-08-27T21:00:52.644292,9008-10,875,1,TERM. CACHOEIRINHA,PQ. DE TAIPAS,3,18:00,8,7.5,8,20.0,25.65,25.65,0.0,10000,2.24,800,2.13,17.17,23.72,0,4.74,17.41,0.8,1.0,56.25,9,1,0.316,Estabilizado,Operação Normal
2026-08-27T21:00:52.644292,9015-10,1269,1,TERM. PIRITUBA,VL. ZATT,3,18:00,2,30.0,2,20.0,25.65,25.65,0.0,10000,2.24,800,3.01,22.34,31.37,0,4.74,23.57,0.8,0.667,75.0,3,1,0.4116,Estabilizado,Operação Normal
2026-08-27T21:00:52.644292,273D-10,222,1,METRÔ ARTUR ALVIM,PQ. D. JOÃO NERY,3,18:00,4,15.0,4,20.0,25.65,25.65,0.0,10000,2.24,800,2.74,34.74,35.34,1,4.74,46.68,0.8,1.0,75.0,6,2,0.436,Estabilizado,Operação Normal
2026-08-27T21:00:52.644292,809P-10,34659,2,TERM. PINHEIROS,TERM. CAMPO LIMPO,3,18:00,8,7.5,8,20.0,25.65,25.65,0.0,10000,2.24,800,4.18,17.14,30.39,1,4.74,56.76,0.8,1.0,68.75,11,3,0.4456,Estabilizado,Operação Normal
2026-08-27T21:00:52.644292,3712-10,1009,1,METRÔ ITAQUERA,JD. SÃO JOÃO,3,18:00,1,60.0,1,20.0,25.65,25.65,0.0,10000,2.24,800,3.18,20.95,27.45,0,4.74,24.76,0.8,0.333,100.0,2,1,0.5104,Estabilizado,Operação Normal
2026-08-27T21:00:52.644292,8075-21,35305,2,TERM. VL. SÔNIA,TERM. CAMPO LIMPO,3,18:00,2,30.0,2,20.0,25.65,25.65,0.0,10000,2.24,800,5.93,10.32,21.29,0,4.74,44.01,0.8,0.667,75.0,3,1,0.4627,Estabilizado,Operação Normal
2026-08-27T21:00:52.644292,5129-41,1974,1,STO. AMARO,JD. MIRIAM,3,18:00,4,15.0,4,20.0,25.65,25.65,0.0,10000,2.24,800,3.17,28.45,38.52,0,4.74,24.69,0.8,1.0,62.5,5,1,0.3498,Estabilizado,Operação Normal
2026-08-27T21:00:52.644292,948A-10,1423,1,METRÔ BARRA FUNDA,VL. ZATT,3,18:00,1,60.0,1,20.0,25.65,25.65,0.0,10000,2.24,800,3.94,19.73,42.9,1,4.74,55.08,0.8,0.333,100.0,2,1,0.5862,Estabilizado,Operação Normal
2026-08-27T21:00:52.644292,809U-21,2307,1,METRÔ VILA MADALENA,METRÔ BARRA FUNDA,3,18:00,7,8.6,7,20.0,25.65,25.65,0.0,10000,2.24,800,6.29,12.99,29.87,0,4.74,46.53,0.8,1.0,64.29,9,2,0.4089,Estabilizado,Operação Normal
2026-08-27T21:00:52.644292,3746-31,34865,2,METRÔ BELÉM,JD. IMPERADOR,3,18:00,3,20.0,3,20.0,25.65,25.65,0.0,10000,2.24,800,4.65,18.39,30.64,0,4.74,35.05,0.8,1.0,66.67,4,1,0.3861,Estabilizado,Operação Normal
2026-08-27T21:00:52.644292,4010-10,34951,2,TERM. VL. CARRÃO,JD. NSA. SRA. DO CARMO,3,18:00,2,30.0,2,20.0,25.65,25.65,0.0,10000,2.24,800,2.42,23.1,34.63,0,4.74,19.44,0.8,0.667,75.0,3,1,0.4012,Estabilizado,Operação Normal
2026-08-27T21:00:52.644292,6232-10,33251,2,METRÔ BARRA FUNDA,PINHEIROS/VILA IDA ,3,18:00,2,30.0,2,20.0,25.65,25.65,0.0,10000,2.24,800,1.16,26.82,30.77,1,4.74,35.62,0.8,0.667,75.0,3,1,0.4417,Estabilizado,Operação Normal
2026-08-27T21:00:52.644292,6057-10,1148,1,TERM. GRAJAÚ,VL. NATAL,3,18:00,5,12.0,5,20.0,25.65,25.65,0.0,10000,2.24,800,3.51,19.97,28.89,0,4.74,27.07,0.8,1.0,60.0,6,1,0.3495,Estabilizado,Operação Normal
2026-08-27T21:00:52.644292,4315-10,2175,1,TERM. PQ. D. PEDRO II,TERM. VL. CARRÃO,3,18:00,3,20.0,3,20.0,25.65,25.65,0.0,10000,2.24,800,3.76,19.47,31.22,1,4.74,53.82,0.8,1.0,66.67,4,1,0.4331,Estabilizado,Operação Normal
2026-08-27T21:00:52.644292,9717-10,817,1,METRÔ SANTANA,JD. ALMANARA,3,18:00,7,8.6,7,20.0,25.65,25.65,0.0,10000,2.24,800,5.24,16.69,34.69,1,4.74,64.18,0.8,1.0,71.43,10,3,0.4709,Estabilizado,Operação Normal
2026-08-27T21:00:52.644292,746V-10,792,1,HOSP. CAMPO LIMPO,JD. REBOUÇAS,3,18:00,3,20.0,3,20.0,25.65,25.65,0.0,10000,2.24,800,8.4,9.9,33.84,1,4.74,86.3,0.8,1.0,83.33,5,2,0.5559,Estabilizado,Operação Normal
2026-08-27T21:00:52.644292,606Y-10,2589,1,CHÁC. DO CONDE,EST. MENDES/VL. NATAL,3,18:00,1,60.0,1,20.0,25.65,25.65,0.0,10000,2.24,800,2.53,22.62,30.67,0,4.74,20.21,0.8,0.333,100.0,2,1,0.4991,Estabilizado,Operação Normal
2026-08-27T21:00:52.644292,6092-10,1177,1,TERM. GRAJAÚ,JD. DAS PEDRAS,3,18:00,2,30.0,2,20.0,25.65,25.65,0.0,10000,2.24,800,3.62,16.63,23.41,0,4.74,27.84,0.8,0.667,75.0,3,1,0.4222,Estabilizado,Operação Normal
2026-08-27T21:00:52.644292,6450-10,59,1,TERM. BANDEIRA,TERM. CAPELINHA,3,18:00,10,6.0,11,20.0,25.65,25.65,0.0,10000,2.24,800,3.93,20.7,34.18,0,4.74,30.01,0.8,1.0,65.0,13,3,0.3694,Estabilizado,Operação Normal
2026-08-27T21:00:52.644292,5024-31,33891,2,STO. AMARO,MISSIONÁRIA,3,18:00,4,15.0,4,20.0,25.65,25.65,0.0,10000,2.24,800,5.27,15.49,32.28,0,4.74,39.39,0.8,1.0,62.5,5,1,0.3866,Estabilizado,Operação Normal
2026-08-27T21:00:52.644292,9014-10,34193,2,TERM. LAPA,MORRO GRANDE,3,18:00,4,15.0,4,20.0,25.65,25.65,0.0,10000,2.24,800,4.03,20.44,33.09,1,4.74,55.71,0.8,1.0,75.0,6,2,0.4586,Estabilizado,Operação Normal
2026-08-27T21:00:52.644292,9188-10,33577,2,LAPA,CAPELA DA LAGOA ,3,18:00,6,10.0,6,20.0,25.65,25.65,0.0,10000,2.24,800,3.34,19.95,33.43,0,4.74,25.88,0.8,1.0,58.33,7,1,0.3424,Estabilizado,Operação Normal
2026-08-27T21:00:52.644292,3053-10,973,1,METRÔ BELÉM,JD. ITÁPOLIS,3,18:00,10,6.0,11,20.0,25.65,25.65,0.0,10000,2.24,800,3.02,20.31,30.43,0,4.74,23.64,0.8,1.0,65.0,13,3,0.3535,Estabilizado,Operação Normal
2026-08-27T21:00:52.644292,7057-10,1897,1,TERM. CAMPO LIMPO,JD. MITSUTANI,3,18:00,3,20.0,3,20.0,25.65,25.65,0.0,10000,2.24,800,6.08,14.82,31.07,0,4.74,45.06,0.8,1.0,66.67,4,1,0.4112,Estabilizado,Operação Normal
2026-08-27T21:00:52.644292,2728-10,33711,2,METRÔ PENHA,JD. DO CASTELO,3,18:00,10,6.0,11,20.0,25.65,25.65,0.0,10000,2.24,800,2.69,16.39,25.43,0,4.74,21.33,0.8,1.0,65.0,13,3,0.3477,Estabilizado,Operação Normal
2026-08-27T21:00:52.644292,5106-10,1280,1,LGO. SÃO FRANCISCO,MAR PAULISTA,3,18:00,5,12.0,5,20.0,25.65,25.65,0.0,10000,2.24,800,5.46,13.35,27.92,0,4.74,40.72,0.8,1.0,70.0,7,2,0.4086,Estabilizado,Operação Normal
2026-08-27T21:00:52.644292,1778-10,1789,1,METRÔ SANTANA,JD. CABUÇU,3,18:00,2,30.0,2,20.0,25.65,25.65,0.0,10000,2.24,800,3.92,24.66,35.86,0,4.74,29.94,0.8,0.667,75.0,3,1,0.4275,Estabilizado,Operação Normal
2026-08-27T21:00:52.644292,6058-10,1149,1,TERM. EST. VARGINHA,JD. NORONHA,3,18:00,5,12.0,5,20.0,25.65,25.65,0.0,10000,2.24,800,6.65,13.35,25.27,0,4.74,49.05,0.8,1.0,70.0,7,2,0.4295,Estabilizado,Operação Normal
2026-08-27T21:00:52.644292,6039-10,33985,2,STO. AMARO,VALO VELHO,3,18:00,4,15.0,4,20.0,25.65,25.65,0.0,10000,2.24,800,4.63,19.44,34.11,1,4.74,59.91,0.8,1.0,75.0,6,2,0.4691,Estabilizado,Operação Normal
2026-08-27T21:00:52.644292,213E-10,35266,2,METRÔ BELÉM,PQ. EDU CHAVES,3,18:00,2,30.0,2,20.0,25.65,25.65,0.0,10000,2.24,800,6.27,15.85,31.8,0,4.74,46.39,0.8,0.667,75.0,3,1,0.4686,Estabilizado,Operação Normal
2026-08-27T21:00:52.644292,3741-10,1041,1,METRÔ ITAQUERA,CPTM D. BOSCO,3,18:00,5,12.0,5,20.0,25.65,25.65,0.0,10000,2.24,800,6.05,15.12,32.83,1,4.74,69.85,0.8,1.0,70.0,7,2,0.4815,Estabilizado,Operação Normal
2026-08-27T21:00:52.644292,2033-10,2499,1,SHOP. D,VL. SABRINA,3,18:00,2,30.0,2,20.0,25.65,25.65,0.0,10000,2.24,800,2.59,19.09,29.81,0,4.74,20.63,0.8,0.667,75.0,3,1,0.4042,Estabilizado,Operação Normal
2026-08-27T21:00:52.644292,8082-10,2605,1,METRÔ BUTANTÃ,CID. UNIVERSITÁRIA,3,18:00,4,15.0,4,20.0,25.65,25.65,0.0,10000,2.24,800,3.82,15.52,31.01,0,4.74,29.24,0.8,1.0,62.5,5,1,0.3612,Estabilizado,Operação Normal
2026-08-27T21:00:52.644292,675M-10,32876,2,METRÔ JABAQUARA,CENTRO SESC,3,18:00,5,12.0,5,20.0,25.65,25.65,0.0,10000,2.24,800,3.41,14.46,25.46,0,4.74,26.37,0.8,1.0,60.0,6,1,0.3478,Estabilizado,Operação Normal
2026-08-27T21:00:52.644292,476G-10,1111,1,IBIRAPUERA,JD. ELBA,3,18:00,4,15.0,4,20.0,25.65,25.65,0.0,10000,2.24,800,4.02,21.54,29.99,0,4.74,30.64,0.8,1.0,62.5,5,1,0.3647,Estabilizado,Operação Normal
2026-08-27T21:00:52.644292,1743-10,33311,2,SHOP. D,JD. PERY ALTO,3,18:00,7,8.6,7,20.0,25.65,25.65,0.0,10000,2.24,800,4.17,16.78,29.71,0,4.74,31.69,0.8,1.0,64.29,9,2,0.3718,Estabilizado,Operação Normal
2026-08-27T21:00:52.644292,342N-10,33771,2,CPTM GUAIANASES,COHAB JUSCELINO,3,18:00,4,15.0,4,20.0,25.65,25.65,0.0,10000,2.24,800,5.19,27.66,44.39,1,4.74,63.83,0.8,1.0,75.0,6,2,0.4789,Estabilizado,Operação Normal
2026-08-27T21:00:52.644292,5020-10,34438,2,TERM. SACOMÃ,HOSP. HELIÓPOLIS,3,18:00,4,15.0,4,20.0,25.65,25.65,0.0,10000,2.24,800,3.89,21.51,34.18,0,4.74,29.73,0.8,1.0,62.5,5,1,0.3624,Estabilizado,Operação Normal
2026-08-27T21:00:52.644292,5110-24,35227,2,TERM. VL. PRUDENTE,SÃO MATEUS,3,18:00,3,20.0,3,20.0,25.65,25.65,0.0,10000,2.24,800,3.24,25.33,31.35,0,4.74,25.18,0.8,1.0,66.67,4,1,0.3615,Estabilizado,Operação Normal
2026-08-27T21:00:52.644292,4087-10,2602,1,VL. POPULAR,E.T. ITAQUERA,3,18:00,3,20.0,3,20.0,25.65,25.65,0.0,10000,2.24,800,3.98,30.04,39.75,0,4.74,30.36,0.8,1.0,66.67,4,1,0.3744,Estabilizado,Operação Normal
2026-08-27T21:00:52.644292,2059-10,33028,2,CPTM GUAIANASES,SÃO MIGUEL,3,18:00,8,7.5,8,20.0,25.65,25.65,0.0,10000,2.24,800,5.65,14.14,31.42,1,4.74,67.05,0.8,1.0,68.75,11,3,0.4713,Estabilizado,Operação Normal
2026-08-27T21:00:52.644292,5108-21,1927,1,METRÔ ALTO DO IPIRANGA,JD. CELESTE,3,18:00,5,12.0,5,20.0,25.65,25.65,0.0,10000,2.24,800,3.12,15.67,27.36,1,4.74,49.34,0.8,1.0,70.0,7,2,0.4302,Estabilizado,Operação Normal
2026-08-27T21:00:52.644292,5011-10,33883,2,STO. AMARO,ELDORADO,3,18:00,5,12.0,5,20.0,25.65,25.65,0.0,10000,2.24,800,4.53,21.52,36.62,0,4.74,34.21,0.8,1.0,60.0,6,1,0.3674,Estabilizado,Operação Normal
2026-08-27T21:00:52.644292,2023-42,35444,2,METRÔ TUCURUVI,JD. NOVA PARIS,3,18:00,2,30.0,2,20.0,25.65,25.65,0.0,10000,2.24,800,8.97,6.08,26.01,0,4.74,65.29,0.8,0.667,75.0,3,1,0.5159,Estabilizado,Operação Normal
2026-08-27T21:00:52.644292,6L01-10,1171,1,TERM. VARGINHA,MARSILAC,3,18:00,3,20.0,3,20.0,25.65,25.65,0.0,10000,2.24,800,3.45,15.19,25.77,0,4.74,26.65,0.8,1.0,66.67,4,1,0.3651,Estabilizado,Operação Normal
2026-08-27T21:00:52.644292,9020-10,34202,2,TERM. PIRITUBA,VL. MIRANTE,3,18:00,5,12.0,5,20.0,25.65,25.65,0.0,10000,2.24,800,3.03,16.76,27.3,0,4.74,23.71,0.8,1.0,60.0,6,1,0.3411,Estabilizado,Operação Normal
2026-08-27T21:00:52.644292,271A-10,702,1,METRÔ SANTANA,TERM. PENHA,3,18:00,6,10.0,6,20.0,25.65,25.65,0.0,10000,2.24,800,3.36,24.48,39.0,0,4.74,26.02,0.8,1.0,58.33,7,1,0.3427,Estabilizado,Operação Normal
2026-08-27T21:00:52.644292,5129-10,1281,1,TERM. GUARAPIRANGA,JD. MIRIAM,3,18:00,9,6.7,9,20.0,25.65,25.65,0.0,10000,2.24,800,4.79,18.64,34.32,0,4.74,36.03,0.8,1.0,61.11,11,2,0.3747,Estabilizado,Operação Normal
2026-08-27T21:00:52.644292,2725-10,939,1,JD. SÃO CARLOS,METRÔ ARTUR ALVIM,3,18:00,4,15.0,4,20.0,25.65,25.65,0.0,10000,2.24,800,2.67,22.45,29.77,0,4.74,21.19,0.8,1.0,62.5,5,1,0.3411,Estabilizado,Operação Normal
2026-08-27T21:00:52.644292,7062-41,35039,2,HORTO DO YPÊ,METRÔ CAMPO LIMPO,3,18:00,2,30.0,2,20.0,25.65,25.65,0.0,10000,2.24,800,6.37,11.24,24.24,0,4.74,47.09,0.8,0.667,75.0,3,1,0.4704,Estabilizado,Operação Normal
2026-08-27T21:00:52.644292,8030-10,2562,1,TERM. VL. SÔNIA,PARAISÓPOLIS,3,18:00,3,20.0,3,20.0,25.65,25.65,0.0,10000,2.24,800,6.29,10.97,21.12,0,4.74,46.53,0.8,1.0,66.67,4,1,0.4148,Estabilizado,Operação Normal
2026-08-27T21:00:52.644292,3027-10,963,1,SHOP. ARICANDUVA,CPTM GUAIANASES,3,18:00,3,20.0,3,20.0,25.65,25.65,0.0,10000,2.24,800,5.77,18.36,41.41,1,4.74,67.89,0.8,1.0,83.33,5,2,0.5099,Estabilizado,Operação Normal
2026-08-27T21:00:52.644292,5131-10,1282,1,PQ. D. PEDRO II,CID. ADEMAR,3,18:00,3,20.0,3,20.0,25.65,25.65,0.0,10000,2.24,800,4.84,17.27,31.79,1,4.74,61.38,0.8,1.0,66.67,4,1,0.452,Estabilizado,Operação Normal
2026-08-27T21:00:52.644292,5105-10,34419,2,TERM. MERCADO,TERM. SACOMÃ,3,18:00,6,10.0,6,20.0,25.65,25.65,0.0,10000,2.24,800,5.1,17.19,34.53,1,4.74,63.2,0.8,1.0,75.0,9,3,0.4773,Estabilizado,Operação Normal
2026-08-27T21:00:52.644292,6080-10,33936,2,SHOP. INTERLAGOS,JD. LUCÉLIA,3,18:00,5,12.0,5,20.0,25.65,25.65,0.0,10000,2.24,800,7.58,9.95,35.29,0,4.74,55.56,0.8,1.0,70.0,7,2,0.4457,Estabilizado,Operação Normal
2026-08-27T21:00:52.644292,342N-10,1003,1,CPTM GUAIANASES,COHAB JUSCELINO,3,18:00,4,15.0,4,20.0,25.65,25.65,0.0,10000,2.24,800,3.84,22.28,33.89,0,4.74,29.38,0.8,1.0,62.5,5,1,0.3615,Estabilizado,Operação Normal
2026-08-27T21:00:52.644292,695T-1,2619,1,METRÔ VL. MARIANA,TERM. CAPELINHA,3,18:00,7,8.6,7,20.0,25.65,25.65,0.0,10000,2.24,800,5.18,14.99,31.5,0,4.74,38.76,0.8,1.0,64.29,9,2,0.3895,Estabilizado,Operação Normal
2026-08-27T21:00:52.644292,8040-10,406,1,TERM. LAPA,SOL NASCENTE,3,18:00,4,15.0,4,20.0,25.65,25.65,0.0,10000,2.24,800,3.09,18.97,38.36,0,4.74,24.13,0.8,1.0,62.5,5,1,0.3484,Estabilizado,Operação Normal
2026-08-27T21:00:52.644292,3778-10,1062,1,METRÔ CARRÃO,JD. STA. TEREZINHA,3,18:00,5,12.0,5,20.0,25.65,25.65,0.0,10000,2.24,800,4.58,17.24,31.67,0,4.74,34.56,0.8,1.0,60.0,6,1,0.3682,Estabilizado,Operação Normal
2026-08-27T21:00:52.644292,EVEN-10,34358,2,PÇA. RAMOS DE AZEVEDO,MORUMBI,3,18:00,1,60.0,1,20.0,25.65,25.65,0.0,10000,2.24,800,2.22,15.18,21.51,0,4.74,18.04,0.8,0.333,100.0,2,1,0.4936,Estabilizado,Operação Normal
2026-08-27T21:00:52.644292,4734-10,33877,2,METRÔ SAÚDE,VL. MORAES,3,18:00,11,5.5,12,20.0,25.65,25.65,0.0,10000,2.24,800,4.93,13.17,30.75,0,4.74,37.01,0.8,1.0,68.18,15,4,0.3948,Estabilizado,Operação Normal
2026-08-27T21:00:52.644292,5106-21,1972,1,TERM. ÁGUA ESPRAIADA,JD. SELMA,3,18:00,6,10.0,6,20.0,25.65,25.65,0.0,10000,2.24,800,6.02,15.88,34.65,0,4.74,44.64,0.8,1.0,66.67,8,2,0.4101,Estabilizado,Operação Normal
2026-08-27T21:00:52.644292,4222-10,288,1,MOOCA,PQ. STA. MADALENA,3,18:00,4,15.0,4,20.0,25.65,25.65,0.0,10000,2.24,800,3.73,18.44,31.29,1,4.74,53.61,0.8,1.0,75.0,6,2,0.4534,Estabilizado,Operação Normal
2026-08-27T21:00:52.644292,6043-10,1220,1,TERM. STO. AMARO,JD. CAPELINHA,3,18:00,4,15.0,4,20.0,25.65,25.65,0.0,10000,2.24,800,3.65,16.98,25.45,0,4.74,28.05,0.8,1.0,62.5,5,1,0.3582,Estabilizado,Operação Normal
2026-08-27T21:00:52.644292,5034-10,34431,2,TERM. SACOMÃ,VL. LIVIERO,3,18:00,5,12.0,5,20.0,25.65,25.65,0.0,10000,2.24,800,4.25,16.87,29.68,1,4.74,57.25,0.8,1.0,70.0,7,2,0.45,Estabilizado,Operação Normal
2026-08-27T21:00:52.644292,3134-10,33761,2,METRÔ TAMANDUATEÍ,SHOP. ARICANDUVA,3,18:00,9,6.7,9,20.0,25.65,25.65,0.0,10000,2.24,800,3.49,11.56,28.77,1,4.74,51.93,0.8,1.0,66.67,12,3,0.4284,Estabilizado,Operação Normal
2026-08-27T21:00:52.644292,771P-10,33274,2,TERM. PINHEIROS,JD. JOÃO XXIII,3,18:00,1,60.0,1,20.0,25.65,25.65,0.0,10000,2.24,800,3.13,17.39,23.28,0,4.74,24.41,0.8,0.333,100.0,2,1,0.5096,Estabilizado,Operação Normal
2026-08-27T21:00:52.644292,8605-10,34685,2,TERM. BANDEIRA,TERM. CAMPO LIMPO,3,18:00,10,6.0,11,20.0,25.65,25.65,0.0,10000,2.24,800,4.56,16.71,31.96,1,4.74,59.42,0.8,1.0,75.0,15,5,0.4679,Estabilizado,Operação Normal
2026-08-27T21:00:52.644292,502J-10,34043,2,METRÔ STA. CRUZ,EST. AUTÓDROMO,3,18:00,10,6.0,11,20.0,25.65,25.65,0.0,10000,2.24,800,4.03,23.06,36.09,1,4.74,55.71,0.8,1.0,75.0,15,5,0.4586,Estabilizado,Operação Normal
2026-08-27T21:00:52.644292,6803-10,29,1,TERM. JOÃO DIAS,JD. CAPELINHA,3,18:00,3,20.0,3,20.0,25.65,25.65,0.0,10000,2.24,800,4.18,18.62,28.79,0,4.74,31.76,0.8,1.0,66.67,4,1,0.3779,Estabilizado,Operação Normal
2026-08-27T21:00:52.644292,5701-10,1136,1,TERM. ÁGUA ESPRAIADA,METRÔ CONCEIÇÃO,3,18:00,4,15.0,4,20.0,25.65,25.65,0.0,10000,2.24,800,6.29,14.11,38.24,1,4.74,71.53,0.8,1.0,75.0,6,2,0.4982,Estabilizado,Operação Normal
2026-08-27T21:00:52.644292,8001-10,1251,1,TERM. LAPA,VL. PIAUÍ,3,18:00,1,60.0,1,20.0,25.65,25.65,0.0,10000,2.24,800,5.65,15.33,31.88,0,4.74,42.05,0.8,0.333,100.0,2,1,0.5537,Estabilizado,Operação Normal
2026-08-27T21:00:52.644292,2175-10,697,1,TERM. PQ. D. PEDRO II,PQ. EDU CHAVES,3,18:00,2,30.0,2,20.0,25.65,25.65,0.0,10000,2.24,800,3.41,17.99,29.07,1,4.74,51.37,0.8,0.667,75.0,3,1,0.4811,Estabilizado,Operação Normal
2026-08-27T21:00:52.644292,2724-10,33706,2,CONJ. ARAUCÁRIA,METRÔ ARTUR ALVIM,3,18:00,5,12.0,5,20.0,25.65,25.65,0.0,10000,2.24,800,2.99,27.89,33.8,1,4.74,48.43,0.8,1.0,70.0,7,2,0.4279,Estabilizado,Operação Normal
2026-08-27T21:00:52.644292,508L-10,32885,2,ACLIMAÇÃO,TERM. PRINC. ISABEL,3,18:00,2,30.0,2,20.0,25.65,25.65,0.0,10000,2.24,800,3.27,16.76,27.44,0,4.74,25.39,0.8,0.667,75.0,3,1,0.4161,Estabilizado,Operação Normal
2026-08-27T21:00:52.644292,6805-10,32799,2,TERM. JOÃO DIAS,TERM. CAPELINHA,3,18:00,2,30.0,2,20.0,25.65,25.65,0.0,10000,2.24,800,3.17,23.79,34.45,0,4.74,24.69,0.8,0.667,75.0,3,1,0.4144,Estabilizado,Operação Normal
2026-08-27T21:00:52.644292,2030-10,35032,2,METRÔ SANTANA,LAUZANE PAULISTA,3,18:00,2,30.0,2,20.0,25.65,25.65,0.0,10000,2.24,800,7.19,10.91,28.5,0,4.74,52.83,0.8,0.667,75.0,3,1,0.4847,Estabilizado,Operação Normal
2026-08-27T21:00:52.644292,805L-10,32892,2,ACLIMAÇÃO,TERM. PRINC. ISABEL,3,18:00,5,12.0,5,20.0,25.65,25.65,0.0,10000,2.24,800,3.66,13.41,29.42,1,4.74,53.12,0.8,1.0,70.0,7,2,0.4396,Estabilizado,Operação Normal
2026-08-27T21:00:52.644292,407F-10,2167,1,METRÔ BELÉM,TERM. SÃO MATEUS,3,18:00,3,20.0,3,20.0,25.65,25.65,0.0,10000,2.24,800,2.6,15.06,23.87,0,4.74,20.7,0.8,1.0,66.67,4,1,0.3503,Estabilizado,Operação Normal
2026-08-27T21:00:52.644292,178Y-10,868,1,METRÔ JD. SÃO PAULO,VL. AMÉLIA,3,18:00,6,10.0,6,20.0,25.65,25.65,0.0,10000,2.24,800,6.39,13.98,26.93,0,4.74,47.23,0.8,1.0,66.67,8,2,0.4166,Estabilizado,Operação Normal
2026-08-27T21:00:52.644292,677Y-10,34008,2,TERM. CAPELINHA,JD. GUARUJÁ,3,18:00,4,15.0,4,20.0,25.65,25.65,0.0,10000,2.24,800,5.66,15.79,35.92,0,4.74,42.12,0.8,1.0,62.5,5,1,0.3934,Estabilizado,Operação Normal
2026-08-27T21:00:52.644292,6801-51,1774,1,TERM. JOÃO DIAS,JD. IBIRAPUERA,3,18:00,1,60.0,1,20.0,25.65,25.65,0.0,10000,2.24,800,3.45,31.24,45.51,0,4.74,26.65,0.8,0.333,100.0,2,1,0.5152,Estabilizado,Operação Normal
2026-08-27T21:00:52.644292,746K-10,787,1,CAMPO BELO,PARAISÓPOLIS,3,18:00,5,12.0,5,20.0,25.65,25.65,0.0,10000,2.24,800,7.75,10.36,34.67,0,4.74,56.75,0.8,1.0,70.0,7,2,0.4487,Estabilizado,Operação Normal
2026-08-27T21:00:52.644292,5705-10,34425,2,METRÔ VERGUEIRO,TERM. SACOMÃ,3,18:00,2,30.0,2,20.0,25.65,25.65,0.0,10000,2.24,800,3.61,20.96,34.49,0,4.74,27.77,0.8,0.667,75.0,3,1,0.4221,Estabilizado,Operação Normal
2026-08-27T21:00:52.644292,8199-10,807,1,CEM. VL. NOVA CACHOEIRINHA,PIRITUBA,3,18:00,9,6.7,9,20.0,25.65,25.65,0.0,10000,2.24,800,3.18,19.67,28.76,1,4.74,49.76,0.8,1.0,66.67,12,3,0.4229,Estabilizado,Operação Normal
2026-08-27T21:00:52.644292,517J-10,1129,1,TERM. ÁGUA ESPRAIADA,JD. SELMA,3,18:00,4,15.0,4,20.0,25.65,25.65,0.0,10000,2.24,800,7.22,11.52,35.27,0,4.74,53.04,0.8,1.0,75.0,6,2,0.4519,Estabilizado,Operação Normal
2026-08-27T21:00:52.644292,4020-10,35298,2,JD. NOVO HORIZONTE,E. T. ITAQUERA,3,18:00,2,30.0,2,20.0,25.65,25.65,0.0,10000,2.24,800,2.55,37.16,44.4,0,4.74,20.35,0.8,0.667,75.0,3,1,0.4035,Estabilizado,Operação Normal
2026-08-27T21:00:52.644292,2780-10,399,1,METRÔ ITAQUERA,JD. CAMARGO NOVO,3,18:00,7,8.6,7,20.0,25.65,25.65,0.0,10000,2.24,800,2.22,29.75,34.43,0,4.74,18.04,0.8,1.0,57.14,8,1,0.3198,Estabilizado,Operação Normal
2026-08-27T21:00:52.644292,7004-21,35351,2,VL. DO SOL,TERM. JD. JACIRA,3,18:00,1,60.0,1,20.0,25.65,25.65,0.0,10000,2.24,800,1.41,45.93,53.19,0,4.74,12.37,0.8,0.333,100.0,2,1,0.4795,Estabilizado,Operação Normal
2026-08-27T21:00:52.644292,6505-10,1450,1,TERM. BANDEIRA,TERM. GUARAPIRANGA,3,18:00,7,8.6,7,20.0,25.65,25.65,0.0,10000,2.24,800,3.81,21.51,36.4,1,4.74,54.17,0.8,1.0,71.43,10,3,0.4459,Estabilizado,Operação Normal
2026-08-27T21:00:52.644292,7181-10,1332,1,TERM. PRINC. ISABEL,CID. UNIVERSITÁRIA,3,18:00,2,30.0,2,20.0,25.65,25.65,0.0,10000,2.24,800,5.93,10.87,22.71,0,4.74,44.01,0.8,0.667,75.0,3,1,0.4627,Estabilizado,Operação Normal
2026-08-27T21:00:52.644292,6046-10,1223,1,STO. AMARO,JD. SÃO BENTO NOVO,3,18:00,4,15.0,4,20.0,25.65,25.65,0.0,10000,2.24,800,4.56,17.13,30.23,1,4.74,59.42,0.8,1.0,75.0,6,2,0.4679,Estabilizado,Operação Normal
2026-08-27T21:00:52.644292,3718-10,33781,2,NOVA AMERICA,METRÔ ARTUR ALVIM,3,18:00,5,12.0,5,20.0,25.65,25.65,0.0,10000,2.24,800,4.41,22.24,33.42,1,4.74,58.37,0.8,1.0,70.0,7,2,0.4528,Estabilizado,Operação Normal
2026-08-27T21:00:52.644292,407I-10,2222,1,METRÔ BRESSER,CONJ. MANOEL DA NÓBREGA,3,18:00,3,20.0,3,20.0,25.65,25.65,0.0,10000,2.24,800,8.7,5.29,19.02,0,4.74,63.4,0.8,1.0,83.33,5,2,0.4987,Estabilizado,Operação Normal
2026-08-27T21:00:52.644292,8538-10,1359,1,PÇA. DO CORREIO,FREGUESIA DO Ó,3,18:00,1,60.0,1,20.0,25.65,25.65,0.0,10000,2.24,800,3.19,23.4,38.68,0,4.74,24.83,0.8,0.333,100.0,2,1,0.5106,Estabilizado,Operação Normal
2026-08-27T21:00:52.644292,3737-31,1354,1,CIRCULAR,METRÔ GUILHERMINA/ESPERANÇA ,3,18:00,1,60.0,1,20.0,25.65,25.65,0.0,10000,2.24,800,3.35,26.45,39.87,0,4.74,25.95,0.8,0.333,100.0,2,1,0.5134,Estabilizado,Operação Normal
2026-08-27T21:00:52.644292,2770-10,243,1,METRÔ VL. MATILDE,CPTM JOSÉ BONIFÁCIO,3,18:00,3,20.0,3,20.0,25.65,25.65,0.0,10000,2.24,800,3.88,19.12,34.85,1,4.74,54.66,0.8,1.0,66.67,4,1,0.4352,Estabilizado,Operação Normal
2026-08-27T21:00:52.644292,574A-10,602,1,LGO. CAMBUCI,AMERICANÓPOLIS,3,18:00,5,12.0,5,20.0,25.65,25.65,0.0,10000,2.24,800,4.66,16.77,32.76,0,4.74,35.12,0.8,1.0,60.0,6,1,0.3696,Estabilizado,Operação Normal
2026-08-27T21:00:52.644292,546L-10,1285,1,TERM. STO. AMARO,JD. LUSO,3,18:00,5,12.0,5,20.0,25.65,25.65,0.0,10000,2.24,800,3.59,18.93,27.2,0,4.74,27.63,0.8,1.0,60.0,6,1,0.3509,Estabilizado,Operação Normal
2026-08-27T21:00:52.644292,3721-41,1693,1,METRÔ ITAQUERA,SHOP. ARICANDUVA,3,18:00,7,8.6,7,20.0,25.65,25.65,0.0,10000,2.24,800,5.1,20.18,32.3,1,4.74,63.2,0.8,1.0,71.43,10,3,0.4684,Estabilizado,Operação Normal
2026-08-27T21:00:52.644292,2710-31,1654,1,TERM. A. E. CARVALHO,METRÔ PATRIARCA,3,18:00,1,60.0,1,20.0,25.65,25.65,0.0,10000,2.24,800,3.15,20.05,31.16,0,4.74,24.55,0.8,0.333,100.0,2,1,0.5099,Estabilizado,Operação Normal
2026-08-27T21:00:52.644292,8062-10,420,1,LAPA,PQ. SÃO DOMINGOS,3,18:00,1,60.0,1,20.0,25.65,25.65,0.0,10000,2.24,800,2.88,22.13,44.44,0,4.74,22.66,0.8,0.333,100.0,2,1,0.5052,Estabilizado,Operação Normal
2026-08-27T21:00:52.644292,373M-10,33049,2,SHOP. METRÔ TATUAPÉ,JD. GUAIRACÁ,3,18:00,3,20.0,3,20.0,25.65,25.65,0.0,10000,2.24,800,3.07,17.33,28.67,0,4.74,23.99,0.8,1.0,66.67,4,1,0.3585,Estabilizado,Operação Normal
2026-08-27T21:00:52.644292,172Y-10,862,1,METRÔ BELÉM,VL. CONSTANÇA,3,18:00,5,12.0,5,20.0,25.65,25.65,0.0,10000,2.24,800,3.03,18.61,33.64,0,4.74,23.71,0.8,1.0,60.0,6,1,0.3411,Estabilizado,Operação Normal
2026-08-27T21:00:52.644292,4288-10,290,1,TERM. PQ. D. PEDRO II,PQ. STA. MADALENA,3,18:00,1,60.0,1,20.0,25.65,25.65,0.0,10000,2.24,800,6.06,13.79,36.08,1,4.74,69.92,0.8,0.333,100.0,2,1,0.6234,Risco,Monitorar Linha em Alerta
2026-08-27T21:00:52.644292,5143-10,1628,1,TERM. PQ. D. PEDRO II,TERM. SAPOPEMBA,3,18:00,3,20.0,3,20.0,25.65,25.65,0.0,10000,2.24,800,3.01,19.34,27.82,0,4.74,23.57,0.8,1.0,66.67,4,1,0.3575,Estabilizado,Operação Normal
2026-08-27T21:00:52.644292,6L11-10,33935,2,TERM. GRAJAÚ,ILHA DO BORORÉ,3,18:00,4,15.0,4,20.0,25.65,25.65,0.0,10000,2.24,800,5.48,14.66,28.22,0,4.74,40.86,0.8,1.0,62.5,5,1,0.3902,Estabilizado,Operação Normal
2026-08-27T21:00:52.644292,1177-10,129,1,LUZ,TERM. A. E. CARVALHO,3,18:00,6,10.0,6,20.0,25.65,25.65,0.0,10000,2.24,800,3.83,20.02,32.37,0,4.74,29.31,0.8,1.0,66.67,8,2,0.3718,Estabilizado,Operação Normal
2026-08-27T21:00:52.644292,3539-10,748,1,METRÔ BRESSER,CID. TIRADENTES,3,18:00,10,6.0,11,20.0,25.65,25.65,0.0,10000,2.24,800,4.95,16.11,32.42,1,4.74,62.15,0.8,1.0,75.0,15,5,0.4747,Estabilizado,Operação Normal
2026-08-27T21:00:52.644292,172N-10,664,1,METRÔ BELÉM,SHOP. CENTER NORTE,3,18:00,6,10.0,6,20.0,25.65,25.65,0.0,10000,2.24,800,3.82,18.86,31.77,0,4.74,29.24,0.8,1.0,66.67,8,2,0.3716,Estabilizado,Operação Normal
2026-08-27T21:00:52.644292,3735-41,34688,2,JD. SÃO JOSÉ,METRÔ ARTUR ALVIM,3,18:00,1,60.0,1,20.0,25.65,25.65,0.0,10000,2.24,800,4.61,22.69,31.74,1,4.74,59.77,0.8,0.333,100.0,2,1,0.598,Estabilizado,Operação Normal
2026-08-27T21:00:52.644292,5034-10,1663,1,TERM. SACOMÃ,VL. LIVIERO,3,18:00,4,15.0,4,20.0,25.65,25.65,0.0,10000,2.24,800,7.09,13.07,32.18,1,4.74,77.13,0.8,1.0,75.0,6,2,0.5122,Estabilizado,Operação Normal
2026-08-27T21:00:52.644292,807A-10,34668,2,TERM. STO. AMARO,TERM. CAMPO LIMPO,3,18:00,7,8.6,7,20.0,25.65,25.65,0.0,10000,2.24,800,4.15,17.77,29.17,0,4.74,31.55,0.8,1.0,64.29,9,2,0.3715,Estabilizado,Operação Normal
2026-08-27T21:00:52.644292,7054-10,32809,2,TERM. CAMPO LIMPO,JD. MACEDÔNIA,3,18:00,2,30.0,2,20.0,25.65,25.65,0.0,10000,2.24,800,6.01,14.37,30.2,0,4.74,44.57,0.8,0.667,75.0,3,1,0.4641,Estabilizado,Operação Normal
2026-08-27T21:00:52.644292,5025-10,34332,2,METRÔ TAMANDUATEÍ,JD. GUAIRACÁ,3,18:00,4,15.0,4,20.0,25.65,25.65,0.0,10000,2.24,800,4.18,19.97,30.94,1,4.74,56.76,0.8,1.0,75.0,6,2,0.4612,Estabilizado,Operação Normal
2026-08-27T21:00:52.644292,8060-10,418,1,TERM. LAPA,VL. PIAUÍ,3,18:00,4,15.0,4,20.0,25.65,25.65,0.0,10000,2.24,800,3.61,20.46,30.79,0,4.74,27.77,0.8,1.0,62.5,5,1,0.3575,Estabilizado,Operação Normal
2026-08-27T21:00:52.644292,118C-10,519,1,TERM. AMARAL GURGEL,JD. PERY ALTO,3,18:00,7,8.6,7,20.0,25.65,25.65,0.0,10000,2.24,800,4.21,17.08,31.75,0,4.74,31.97,0.8,1.0,64.29,9,2,0.3725,Estabilizado,Operação Normal
2026-08-27T21:00:52.644292,9012-10,34036,2,TERM. LAPA,ITABERABA,3,18:00,2,30.0,2,20.0,25.65,25.65,0.0,10000,2.24,800,4.5,17.1,30.14,0,4.74,34.0,0.8,0.667,75.0,3,1,0.4376,Estabilizado,Operação Normal
2026-08-27T21:00:52.644292,8047-10,408,1,LAPA,JARAGUÁ,3,18:00,5,12.0,5,20.0,25.65,25.65,0.0,10000,2.24,800,2.9,36.31,45.91,0,4.74,22.8,0.8,1.0,60.0,6,1,0.3388,Estabilizado,Operação Normal
2026-08-27T21:00:52.644292,2002-10,33479,2,TERM. BANDEIRA,TERM. PQ. D. PEDRO II,3,18:00,5,12.0,5,20.0,25.65,25.65,0.0,10000,2.24,800,4.58,13.26,29.54,1,4.74,59.56,0.8,1.0,70.0,7,2,0.4557,Estabilizado,Operação Normal
2026-08-27T21:00:52.644292,8300-1,35275,2,TERM. LAPA,TERM. PIRITUBA,3,18:00,1,60.0,1,20.0,25.65,25.65,0.0,10000,2.24,800,3.53,15.39,30.38,0,4.74,27.21,0.8,0.333,100.0,2,1,0.5166,Estabilizado,Operação Normal
2026-08-27T21:00:52.644292,1025-10,2303,1,CONEXÃO PETRÔNIO PORTELA,JD. CAROMBÉ,3,18:00,2,30.0,2,20.0,25.65,25.65,0.0,10000,2.24,800,2.51,16.8,24.43,0,4.74,20.07,0.8,0.667,75.0,3,1,0.4028,Estabilizado,Operação Normal
2026-08-27T21:00:52.644292,1760-10,33325,2,SHOP. CENTER NORTE,COHAB ANTÁRTICA,3,18:00,3,20.0,3,20.0,25.65,25.65,0.0,10000,2.24,800,4.55,16.05,31.46,0,4.74,34.35,0.8,1.0,66.67,4,1,0.3844,Estabilizado,Operação Normal
2026-08-27T21:00:52.644292,546A-10,1131,1,STO. AMARO,JD. APURÁ,3,18:00,6,10.0,6,20.0,25.65,25.65,0.0,10000,2.24,800,3.09,15.4,24.99,0,4.74,24.13,0.8,1.0,58.33,7,1,0.338,Estabilizado,Operação Normal
2026-08-27T21:00:52.644292,975A-10,589,1,METRÔ ANA ROSA,VL. BRASILÂNDIA,3,18:00,4,15.0,4,20.0,25.65,25.65,0.0,10000,2.24,800,3.77,17.04,32.34,1,4.74,53.89,0.8,1.0,75.0,6,2,0.4541,Estabilizado,Operação Normal
2026-08-27T21:00:52.644292,978J-10,33359,2,TERM. PRINC. ISABEL,VOITH,3,18:00,6,10.0,6,20.0,25.65,25.65,0.0,10000,2.24,800,5.45,17.03,33.94,1,4.74,65.65,0.8,1.0,75.0,9,3,0.4835,Estabilizado,Operação Normal
2026-08-27T21:00:52.644292,9188-10,809,1,LAPA,CAPELA DA LAGOA ,3,18:00,5,12.0,5,20.0,25.65,25.65,0.0,10000,2.24,800,3.0,21.33,35.43,0,4.74,23.5,0.8,1.0,60.0,6,1,0.3406,Estabilizado,Operação Normal
2026-08-27T21:00:52.644292,1016-10,831,1,SHOP. CENTER NORTE,CEM. DO HORTO,3,18:00,6,10.0,6,20.0,25.65,25.65,0.0,10000,2.24,800,4.24,16.99,29.64,0,4.74,32.18,0.8,1.0,66.67,8,2,0.379,Estabilizado,Operação Normal
2026-08-27T21:00:52.644292,7013-10,775,1,TERM. VL. SÔNIA,PQ. ARARIBA,3,18:00,4,15.0,4,20.0,25.65,25.65,0.0,10000,2.24,800,5.19,14.96,27.87,1,4.74,63.83,0.8,1.0,75.0,6,2,0.4789,Estabilizado,Operação Normal
2026-08-27T21:00:52.644292,695T-10,1322,1,METRÔ VL. MARIANA,TERM. CAPELINHA,3,18:00,1,60.0,1,20.0,25.65,25.65,0.0,10000,2.24,800,4.15,18.87,31.92,0,4.74,31.55,0.8,0.333,100.0,2,1,0.5274,Estabilizado,Operação Normal
2026-08-27T21:00:52.644292,3743-10,1043,1,METRÔ ITAQUERA,SÃO MATEUS,3,18:00,6,10.0,6,20.0,25.65,25.65,0.0,10000,2.24,800,4.42,16.96,31.21,0,4.74,33.44,0.8,1.0,66.67,8,2,0.3821,Estabilizado,Operação Normal
2026-08-27T21:00:52.644292,6062-51,34507,2,TERM. STO. AMARO,JD. CASTRO ALVES,3,18:00,7,8.6,7,20.0,25.65,25.65,0.0,10000,2.24,800,5.4,14.41,27.78,0,4.74,40.3,0.8,1.0,64.29,9,2,0.3933,Estabilizado,Operação Normal
2026-08-27T21:00:52.644292,5128-10,33896,2,METRÔ CONCEIÇÃO,JD. APURÁ,3,18:00,6,10.0,6,20.0,25.65,25.65,0.0,10000,2.24,800,3.1,23.35,26.2,0,4.74,24.2,0.8,1.0,58.33,7,1,0.3382,Estabilizado,Operação Normal
2026-08-27T21:00:52.644292,233A-10,33017,2,TERM. VL. CARRÃO,JD. HELENA,3,18:00,4,15.0,4,20.0,25.65,25.65,0.0,10000,2.24,800,2.95,19.31,35.43,1,4.74,48.15,0.8,1.0,75.0,6,2,0.4397,Estabilizado,Operação Normal
2026-08-27T21:00:52.644292,2025-10,2267,1,SANTANA,VL. NOVA GALVÃO,3,18:00,5,12.0,5,20.0,25.65,25.65,0.0,10000,2.24,800,4.57,18.86,33.95,1,4.74,59.49,0.8,1.0,70.0,7,2,0.4556,Estabilizado,Operação Normal
2026-08-27T21:00:52.644292,847J-10,34110,2,JAGUARÉ,CITY JARAGUÁ,3,18:00,4,15.0,4,20.0,25.65,25.65,0.0,10000,2.24,800,3.06,18.73,31.73,0,4.74,23.92,0.8,1.0,62.5,5,1,0.3479,Estabilizado,Operação Normal
2026-08-27T21:00:52.644292,4033-21,2692,1,NOVA CONQUISTA,SÃO MATEUS,3,18:00,3,20.0,3,20.0,25.65,25.65,0.0,10000,2.24,800,3.79,18.97,33.02,0,4.74,29.03,0.8,1.0,66.67,4,1,0.3711,Estabilizado,Operação Normal
2026-08-27T21:00:52.644292,7282-10,471,1,PÇA. RAMOS DE AZEVEDO,PQ. CONTINENTAL,3,18:00,3,20.0,3,20.0,25.65,25.65,0.0,10000,2.24,800,2.45,30.48,40.91,0,4.74,19.65,0.8,1.0,66.67,4,1,0.3477,Estabilizado,Operação Normal
2026-08-27T21:00:52.644292,971C-10,571,1,METRÔ SANTANA,COHAB BRASILÂNDIA,3,18:00,7,8.6,7,20.0,25.65,25.65,0.0,10000,2.24,800,4.17,16.77,28.47,0,4.74,31.69,0.8,1.0,64.29,9,2,0.3718,Estabilizado,Operação Normal
2026-08-27T21:00:52.644292,8000-1,2506,1,PÇA. RAMOS DE AZEVEDO,TERM. LAPA,3,18:00,4,15.0,4,20.0,25.65,25.65,0.0,10000,2.24,800,3.8,18.26,28.45,0,4.74,29.1,0.8,1.0,62.5,5,1,0.3609,Estabilizado,Operação Normal
2026-08-27T21:00:52.644292,675M-10,108,1,METRÔ JABAQUARA,CENTRO SESC,3,18:00,4,15.0,4,20.0,25.65,25.65,0.0,10000,2.24,800,3.3,18.94,35.16,0,4.74,25.6,0.8,1.0,62.5,5,1,0.3521,Estabilizado,Operação Normal
2026-08-27T21:00:52.644292,1773-10,637,1,MANDAQUI,CEM. PQ. DOS PINHEIROS,3,18:00,4,15.0,4,20.0,25.65,25.65,0.0,10000,2.24,800,5.79,12.79,30.69,0,4.74,43.03,0.8,1.0,62.5,5,1,0.3957,Estabilizado,Operação Normal
2026-08-27T21:00:52.644292,8085-10,2608,1,CIRCULAR USP,P3,3,18:00,1,60.0,1,20.0,25.65,25.65,0.0,10000,2.24,800,1.65,32.18,35.31,0,4.74,14.05,0.8,0.333,100.0,2,1,0.4837,Estabilizado,Operação Normal
2026-08-27T21:00:52.644292,4007-31,35449,2,SÃO MATEUS,COHAB JUSCELINO,3,18:00,4,15.0,4,20.0,25.65,25.65,0.0,10000,2.24,800,5.82,14.02,30.71,1,4.74,68.24,0.8,1.0,75.0,6,2,0.4899,Estabilizado,Operação Normal
2026-08-27T21:00:52.644292,8086-10,35389,2,PINHEIROS,JAGUARÉ,3,18:00,3,20.0,3,20.0,25.65,25.65,0.0,10000,2.24,800,3.07,22.87,35.84,0,4.74,23.99,0.8,1.0,66.67,4,1,0.3585,Estabilizado,Operação Normal
2026-08-27T21:00:52.644292,5010-10,1114,1,STO. AMARO,JABAQUARA,3,18:00,5,12.0,5,20.0,25.65,25.65,0.0,10000,2.24,800,5.23,15.39,31.32,1,4.74,64.11,0.8,1.0,70.0,7,2,0.4671,Estabilizado,Operação Normal
2026-08-27T21:00:52.644292,8538-10,34127,2,PÇA. DO CORREIO,FREGUESIA DO Ó,3,18:00,3,20.0,3,20.0,25.65,25.65,0.0,10000,2.24,800,2.41,20.64,28.25,0,4.74,19.37,0.8,1.0,66.67,4,1,0.3469,Estabilizado,Operação Normal
2026-08-27T21:00:52.644292,4015-10,34956,2,TERM. SÃO MATEUS,PQ. SÃO RAFAEL,3,18:00,3,20.0,3,20.0,25.65,25.65,0.0,10000,2.24,800,2.96,21.09,30.62,0,4.74,23.22,0.8,1.0,66.67,4,1,0.3566,Estabilizado,Operação Normal
2026-08-27T21:00:52.644292,1019-10,35263,2,TERM. PIRITUBA,SOL NASCENTE,3,18:00,2,30.0,2,20.0,25.65,25.65,0.0,10000,2.24,800,1.89,24.11,29.98,0,4.74,15.73,0.8,0.667,75.0,3,1,0.392,Estabilizado,Operação Normal
2026-08-27T21:00:52.644292,6046-10,33991,2,STO. AMARO,JD. SÃO BENTO NOVO,3,18:00,2,30.0,2,20.0,25.65,25.65,0.0,10000,2.24,800,2.06,18.85,27.98,0,4.74,16.92,0.8,0.667,75.0,3,1,0.395,Estabilizado,Operação Normal
2026-08-27T21:00:52.644292,4051-10,34912,2,CPTM GUAIANASES,JD. SÃO PAULO,3,18:00,5,12.0,5,20.0,25.65,25.65,0.0,10000,2.24,800,3.05,18.45,26.66,0,4.74,23.85,0.8,1.0,60.0,6,1,0.3415,Estabilizado,Operação Normal
2026-08-27T21:00:52.644292,3139-10,33763,2,PÇA. JOÃO MENDES,JD. VL. FORMOSA,3,18:00,2,30.0,2,20.0,25.65,25.65,0.0,10000,2.24,800,3.54,15.13,36.0,1,4.74,52.28,0.8,0.667,75.0,3,1,0.4834,Estabilizado,Operação Normal
2026-08-27T21:00:52.644292,8013-10,33568,2,LAPA,TERM. JD. BRITANIA,3,18:00,12,5.0,13,20.0,25.65,25.65,0.0,10000,2.24,800,6.92,24.55,46.38,0,4.74,50.94,0.8,1.0,70.83,17,5,0.4363,Estabilizado,Operação Normal
2026-08-27T21:00:52.644292,609J-10,35010,2,METRÔ SÃO JUDAS,AEROPORTO,3,18:00,1,60.0,1,20.0,25.65,25.65,0.0,10000,2.24,800,3.46,20.96,32.73,0,4.74,26.72,0.8,0.333,100.0,2,1,0.5154,Estabilizado,Operação Normal
2026-08-27T21:00:52.644292,701H-10,2558,1,CIRCULAR,HOSPITAL GUARAPIRANGA,3,18:00,2,30.0,2,20.0,25.65,25.65,0.0,10000,2.24,800,3.0,22.5,45.0,0,4.74,23.5,0.8,0.667,75.0,3,1,0.4114,Estabilizado,Operação Normal
2026-08-27T21:00:52.644292,8018-10,2070,1,METRÔ MORUMBI,VL. SÔNIA,3,18:00,2,30.0,2,20.0,25.65,25.65,0.0,10000,2.24,800,3.14,17.56,27.1,0,4.74,24.48,0.8,0.667,75.0,3,1,0.4138,Estabilizado,Operação Normal
2026-08-27T21:00:52.644292,627J-10,34824,2,METRÔ SÃO JUDAS,JD. MIRIAM,3,18:00,5,12.0,5,20.0,25.65,25.65,0.0,10000,2.24,800,5.26,15.29,33.35,0,4.74,39.32,0.8,1.0,70.0,7,2,0.4052,Estabilizado,Operação Normal
2026-08-27T21:00:52.644292,971V-10,619,1,SHOP. CENTER NORTE,JD. VISTA ALEGRE,3,18:00,5,12.0,5,20.0,25.65,25.65,0.0,10000,2.24,800,5.55,14.48,27.38,0,4.74,41.35,0.8,1.0,70.0,7,2,0.4102,Estabilizado,Operação Normal
2026-08-27T21:00:52.644292,2079-10,370,1,CPTM ITAIM PAULISTA,JD. NÉLIA,3,18:00,1,60.0,1,20.0,25.65,25.65,0.0,10000,2.24,800,4.57,17.93,23.98,0,4.74,34.49,0.8,0.333,100.0,2,1,0.5348,Estabilizado,Operação Normal
2026-08-27T21:00:52.644292,4727-10,33108,2,METRÔ PÇA. DA ÁRVORE,JD. CLÍMAX,3,18:00,3,20.0,3,20.0,25.65,25.65,0.0,10000,2.24,800,3.04,19.83,20.99,0,4.74,23.78,0.8,1.0,66.67,4,1,0.358,Estabilizado,Operação Normal
2026-08-27T21:00:52.644292,778J-41,1486,1,METRÔ BARRA FUNDA,COHAB RAPOSO TAVARES,3,18:00,7,8.6,7,20.0,25.65,25.65,0.0,10000,2.24,800,3.37,21.35,29.79,0,4.74,26.09,0.8,1.0,64.29,9,2,0.3578,Estabilizado,Operação Normal
2026-08-27T21:00:52.644292,2733-10,948,1,METRÔ ITAQUERA,PQ. GUARANI,3,18:00,5,12.0,5,20.0,25.65,25.65,0.0,10000,2.24,800,2.75,20.89,31.05,0,4.74,21.75,0.8,1.0,60.0,6,1,0.3362,Estabilizado,Operação Normal
2026-08-27T21:00:52.644292,8086-10,2621,1,PINHEIROS,JAGUARÉ,3,18:00,3,20.0,3,20.0,25.65,25.65,0.0,10000,2.24,800,2.96,21.29,30.82,0,4.74,23.22,0.8,1.0,66.67,4,1,0.3566,Estabilizado,Operação Normal
2026-08-27T21:00:52.644292,3032-10,720,1,CIRCULAR,TERM. VL. CARRÃO,3,18:00,1,60.0,1,20.0,25.65,25.65,0.0,10000,2.24,800,3.03,17.95,35.27,0,4.74,23.71,0.8,0.333,100.0,2,1,0.5078,Estabilizado,Operação Normal
2026-08-27T21:00:52.644292,3712-51,2505,1,METRÔ ITAQUERA,VL. COSMOPOLITA,3,18:00,3,20.0,3,20.0,25.65,25.65,0.0,10000,2.24,800,5.82,14.71,30.14,1,4.74,68.24,0.8,1.0,83.33,5,2,0.5108,Estabilizado,Operação Normal
2026-08-27T21:00:52.644292,1786-10,649,1,METRÔ SANTANA,VL. ALBERTINA,3,18:00,5,12.0,5,20.0,25.65,25.65,0.0,10000,2.24,800,4.97,15.08,30.77,0,4.74,37.29,0.8,1.0,70.0,7,2,0.4001,Estabilizado,Operação Normal
2026-08-27T21:00:52.644292,6823-10,32802,2,TERM. CAPELINHA,JD. GUARUJÁ,3,18:00,2,30.0,2,20.0,25.65,25.65,0.0,10000,2.24,800,6.06,17.84,36.65,0,4.74,44.92,0.8,0.667,75.0,3,1,0.465,Estabilizado,Operação Normal
2026-08-27T21:00:52.644292,9500-10,461,1,PÇA. DO CORREIO,TERM. CACHOEIRINHA,3,18:00,4,15.0,4,20.0,25.65,25.65,0.0,10000,2.24,800,4.56,15.62,29.91,0,4.74,34.42,0.8,1.0,62.5,5,1,0.3741,Estabilizado,Operação Normal
2026-08-27T21:00:52.644292,2724-10,938,1,CONJ. ARAUCÁRIA,METRÔ ARTUR ALVIM,3,18:00,4,15.0,4,20.0,25.65,25.65,0.0,10000,2.24,800,2.72,38.97,41.25,1,4.74,46.54,0.8,1.0,75.0,6,2,0.4357,Estabilizado,Operação Normal
2026-08-27T21:00:52.644292,407K-10,2168,1,METRÔ CARRÃO,TERM. SÃO MATEUS,3,18:00,1,60.0,1,20.0,25.65,25.65,0.0,10000,2.24,800,4.24,15.32,33.42,0,4.74,32.18,0.8,0.333,100.0,2,1,0.529,Estabilizado,Operação Normal
2026-08-27T21:00:52.644292,2710-31,34422,2,TERM. A. E. CARVALHO,METRÔ PATRIARCA,3,18:00,1,60.0,1,20.0,25.65,25.65,0.0,10000,2.24,800,3.11,24.0,35.54,0,4.74,24.27,0.8,0.333,100.0,2,1,0.5092,Estabilizado,Operação Normal
2026-08-27T21:00:52.644292,407W-10,34972,2,METRÔ CARRÃO,JD. IV CENTENÁRIO,3,18:00,4,15.0,4,20.0,25.65,25.65,0.0,10000,2.24,800,4.53,16.72,27.84,0,4.74,34.21,0.8,1.0,62.5,5,1,0.3736,Estabilizado,Operação Normal
2026-08-27T21:00:52.644292,3712-10,33777,2,METRÔ ITAQUERA,JD. SÃO JOÃO,3,18:00,5,12.0,5,20.0,25.65,25.65,0.0,10000,2.24,800,6.16,12.99,27.55,1,4.74,70.62,0.8,1.0,70.0,7,2,0.4834,Estabilizado,Operação Normal
2026-08-27T21:00:52.644292,874C-10,33245,2,METRÔ - TRIANON - MASP ,PQ. CONTINENTAL,3,18:00,6,10.0,6,20.0,25.65,25.65,0.0,10000,2.24,800,5.94,14.15,31.06,0,4.74,44.08,0.8,1.0,66.67,8,2,0.4087,Estabilizado,Operação Normal
2026-08-27T21:00:52.644292,5127-10,33895,2,EST. JURUBATUBA,VL. GUACURI,3,18:00,9,6.7,9,20.0,25.65,25.65,0.0,10000,2.24,800,4.02,21.83,34.64,0,4.74,30.64,0.8,1.0,61.11,11,2,0.3612,Estabilizado,Operação Normal
2026-08-27T21:00:52.644292,2734-10,34528,2,METRÔ ITAQUERA,JD. CAMPOS,3,18:00,7,8.6,7,20.0,25.65,25.65,0.0,10000,2.24,800,3.82,21.53,33.54,0,4.74,29.24,0.8,1.0,64.29,9,2,0.3657,Estabilizado,Operação Normal
2026-08-27T21:00:52.644292,6L11-10,1167,1,TERM. GRAJAÚ,ILHA DO BORORÉ,3,18:00,3,20.0,3,20.0,25.65,25.65,0.0,10000,2.24,800,5.63,14.34,28.28,0,4.74,41.91,0.8,1.0,66.67,4,1,0.4033,Estabilizado,Operação Normal
2026-08-27T21:00:52.644292,6L03-10,1565,1,TERM. PARELHEIROS,CIPÓ DO MEIO,3,18:00,1,60.0,1,20.0,25.65,25.65,0.0,10000,2.24,800,3.0,22.5,45.0,0,4.74,23.5,0.8,0.333,100.0,2,1,0.5073,Estabilizado,Operação Normal
2026-08-27T21:00:52.644292,524M-10,34399,2,SHOP. ARICANDUVA,MASCARENHAS DE MORAIS,3,18:00,9,6.7,9,20.0,25.65,25.65,0.0,10000,2.24,800,2.11,24.56,28.05,0,4.74,17.27,0.8,1.0,55.56,10,1,0.3139,Estabilizado,Operação Normal
2026-08-27T21:00:52.644292,2552-41,34485,2,TERM. PQ. D. PEDRO II,JD. SÃO MARTINHO,3,18:00,2,30.0,2,20.0,25.65,25.65,0.0,10000,2.24,800,5.61,13.1,32.01,1,4.74,66.77,0.8,0.667,75.0,3,1,0.5196,Estabilizado,Operação Normal
2026-08-27T21:00:52.644292,2104-10,2255,1,TERM. PQ. D. PEDRO II,METRÔ SANTANA,3,18:00,2,30.0,2,20.0,25.65,25.65,0.0,10000,2.24,800,6.34,14.48,32.1,1,4.74,71.88,0.8,0.667,75.0,3,1,0.5324,Estabilizado,Operação Normal
2026-08-27T21:00:52.644292,172Y-10,33630,2,METRÔ BELÉM,VL. CONSTANÇA,3,18:00,6,10.0,6,20.0,25.65,25.65,0.0,10000,2.24,800,2.76,23.45,35.09,1,4.74,46.82,0.8,1.0,66.67,8,2,0.4156,Estabilizado,Operação Normal
2026-08-27T21:00:52.644292,6035-21,1795,1,TERM. GUARAPIRANGA,VL. GILDA,3,18:00,4,15.0,4,20.0,25.65,25.65,0.0,10000,2.24,800,2.69,14.56,25.35,0,4.74,21.33,0.8,1.0,62.5,5,1,0.3414,Estabilizado,Operação Normal
2026-08-27T21:00:52.644292,3013-10,33722,2,METALÚRGICOS,TERM. CID. TIRADENTES,3,18:00,2,30.0,2,20.0,25.65,25.65,0.0,10000,2.24,800,4.25,22.09,33.89,0,4.74,32.25,0.8,0.667,75.0,3,1,0.4333,Estabilizado,Operação Normal
2026-08-27T21:00:52.644292,1744-10,33312,2,METRÔ SANTANA,LAUZANE PAULISTA,3,18:00,4,15.0,4,20.0,25.65,25.65,0.0,10000,2.24,800,7.71,10.22,29.78,0,4.74,56.47,0.8,1.0,75.0,6,2,0.4605,Estabilizado,Operação Normal
2026-08-27T21:00:52.644292,2035-10,2682,1,CONJ. HAB. SONDA II,METRÔ PARADA INGLESA,3,18:00,1,60.0,1,20.0,25.65,25.65,0.0,10000,2.24,800,2.53,24.03,30.93,0,4.74,20.21,0.8,0.333,100.0,2,1,0.4991,Estabilizado,Operação Normal
2026-08-27T21:00:52.644292,4053-10,2146,1,CPTM GUAIANASES,GUAIANASES,3,18:00,2,30.0,2,20.0,25.65,25.65,0.0,10000,2.24,800,4.81,16.78,33.11,0,4.74,36.17,0.8,0.667,75.0,3,1,0.4431,Estabilizado,Operação Normal
2026-08-27T21:00:52.644292,8075-10,34812,2,METRÔ BUTANTÃ,TERM. CAMPO LIMPO,3,18:00,4,15.0,4,20.0,25.65,25.65,0.0,10000,2.24,800,7.04,11.92,35.97,1,4.74,76.78,0.8,1.0,75.0,6,2,0.5113,Estabilizado,Operação Normal
2026-08-27T21:00:52.644292,5015-10,1119,1,METRÔ JABAQUARA,JD. SÃO JORGE,3,18:00,3,20.0,3,20.0,25.65,25.65,0.0,10000,2.24,800,6.99,11.67,28.63,0,4.74,51.43,0.8,1.0,66.67,4,1,0.4271,Estabilizado,Operação Normal
2026-08-27T21:00:52.644292,1720-21,1937,1,METRÔ TUCURUVI,VILA SABRINA,3,18:00,2,30.0,2,20.0,25.65,25.65,0.0,10000,2.24,800,2.5,21.13,29.98,0,4.74,20.0,0.8,0.667,75.0,3,1,0.4026,Estabilizado,Operação Normal
2026-08-27T21:00:52.644292,574C-10,34407,2,DIV. DE SÃO CAETANO,SÃO MATEUS,3,18:00,5,12.0,5,20.0,25.65,25.65,0.0,10000,2.24,800,4.05,9.28,26.61,1,4.74,55.85,0.8,1.0,70.0,7,2,0.4465,Estabilizado,Operação Normal
2026-08-27T21:00:52.644292,6044-10,1221,1,TERM. STO. AMARO,JD. D. JOSÉ,3,18:00,4,15.0,4,20.0,25.65,25.65,0.0,10000,2.24,800,4.97,17.84,33.61,1,4.74,62.29,0.8,1.0,75.0,6,2,0.4751,Estabilizado,Operação Normal
2026-08-27T21:00:52.644292,857A-10,34693,2,METRÔ STA. CRUZ,TERM. CAMPO LIMPO,3,18:00,6,10.0,6,20.0,25.65,25.65,0.0,10000,2.24,800,6.6,12.46,31.2,1,4.74,73.7,0.8,1.0,75.0,9,3,0.5036,Estabilizado,Operação Normal
2026-08-27T21:00:52.644292,8200-10,1263,1,TERM. LAPA,TERM. PIRITUBA,3,18:00,3,20.0,3,20.0,25.65,25.65,0.0,10000,2.24,800,3.74,28.56,43.84,0,4.74,28.68,0.8,1.0,66.67,4,1,0.3702,Estabilizado,Operação Normal
2026-08-27T21:00:52.644292,2023-10,2260,1,METRÔ TUCURUVI,CACHOEIRA,3,18:00,4,15.0,4,20.0,25.65,25.65,0.0,10000,2.24,800,5.81,13.39,28.97,0,4.74,43.17,0.8,1.0,62.5,5,1,0.396,Estabilizado,Operação Normal
2026-08-27T21:00:52.644292,3459-23,33172,2,ITAIM PAULISTA,METRÔ BRESSER,3,18:00,3,20.0,3,20.0,25.65,25.65,0.0,10000,2.24,800,8.06,13.04,23.26,0,4.74,58.92,0.8,1.0,66.67,4,1,0.4458,Estabilizado,Operação Normal
2026-08-27T21:00:52.644292,5036-10,34434,2,TERM. SACOMÃ,JD. CELESTE,3,18:00,3,20.0,3,20.0,25.65,25.65,0.0,10000,2.24,800,3.17,14.58,32.37,1,4.74,49.69,0.8,1.0,66.67,4,1,0.4228,Estabilizado,Operação Normal
2026-08-27T21:00:52.644292,809D-10,34836,2,TERM. PINHEIROS,COHAB EDUCANDÁRIO,3,18:00,3,20.0,3,20.0,25.65,25.65,0.0,10000,2.24,800,2.62,25.67,33.13,0,4.74,20.84,0.8,1.0,66.67,4,1,0.3506,Estabilizado,Operação Normal
2026-08-27T21:00:52.644292,8300-10,1264,1,TERM. LAPA,TERM. PIRITUBA,3,18:00,4,15.0,4,20.0,25.65,25.65,0.0,10000,2.24,800,4.66,18.91,35.44,0,4.74,35.12,0.8,1.0,62.5,5,1,0.3759,Estabilizado,Operação Normal
2026-08-27T21:00:52.644292,5123-10,1125,1,HOSP. SÃO PAULO,JD. MIRIAM,3,18:00,4,15.0,4,20.0,25.65,25.65,0.0,10000,2.24,800,4.53,13.67,30.91,0,4.74,34.21,0.8,1.0,62.5,5,1,0.3736,Estabilizado,Operação Normal
2026-08-27T21:00:52.644292,5032-10,34430,2,TERM. SACOMÃ,VL. ARAPUÁ,3,18:00,8,7.5,8,20.0,25.65,25.65,0.0,10000,2.24,800,4.71,17.14,27.62,1,4.74,60.47,0.8,1.0,68.75,11,3,0.4549,Estabilizado,Operação Normal
2026-08-27T21:00:52.644292,9011-10,878,1,TERM. CACHOEIRINHA,CPTM JARAGUÁ,3,18:00,6,10.0,6,20.0,25.65,25.65,0.0,10000,2.24,800,2.31,16.3,25.98,1,4.74,43.67,0.8,1.0,66.67,8,2,0.4077,Estabilizado,Operação Normal
2026-08-27T21:00:52.644292,8073-10,34849,2,TERM. VL. SÔNIA,JD. GUARAÚ,3,18:00,5,12.0,5,20.0,25.65,25.65,0.0,10000,2.24,800,4.39,15.77,27.43,1,4.74,58.23,0.8,1.0,70.0,7,2,0.4524,Estabilizado,Operação Normal
2026-08-27T21:00:52.644292,809J-10,34834,2,METRÔ MORUMBI,JD. COLOMBO,3,18:00,2,30.0,2,20.0,25.65,25.65,0.0,10000,2.24,800,2.72,18.12,26.09,1,4.74,46.54,0.8,0.667,75.0,3,1,0.469,Estabilizado,Operação Normal
2026-08-27T21:00:52.644292,6082-10,2678,1,CONEXÃO TERMINAIS,CONEXÃO TERMINAIS,3,18:00,2,30.0,2,20.0,25.65,25.65,0.0,10000,2.24,800,5.37,14.4,26.98,0,4.74,40.09,0.8,0.667,75.0,3,1,0.4529,Estabilizado,Operação Normal
2026-08-27T21:00:52.644292,719R-10,33237,2,METRÔ BARRA FUNDA,RIO PEQUENO,3,18:00,5,12.0,5,20.0,25.65,25.65,0.0,10000,2.24,800,4.69,17.73,31.11,1,4.74,60.33,0.8,1.0,70.0,7,2,0.4577,Estabilizado,Operação Normal
2026-08-27T21:00:52.644292,6016-41,1706,1,TERM. GRAJAÚ,JD. PORTO VELHO,3,18:00,4,15.0,4,20.0,25.65,25.65,0.0,10000,2.24,800,4.36,17.29,31.62,0,4.74,33.02,0.8,1.0,62.5,5,1,0.3707,Estabilizado,Operação Normal
2026-08-27T21:00:52.644292,6034-10,95,1,TERM. GRAJAÚ,PQ. RES. COCAIA,3,18:00,4,15.0,4,20.0,25.65,25.65,0.0,10000,2.24,800,3.95,17.33,32.17,0,4.74,30.15,0.8,1.0,62.5,5,1,0.3635,Estabilizado,Operação Normal
2026-08-27T21:00:52.644292,5100-10,1370,1,TERM. PQ. D. PEDRO II,TERM. PINHEIROS,3,18:00,1,60.0,1,20.0,25.65,25.65,0.0,10000,2.24,800,3.2,18.2,31.87,1,4.74,49.9,0.8,0.333,100.0,2,1,0.5733,Estabilizado,Operação Normal
2026-08-27T21:00:52.644292,875P-10,34109,2,METRÔ ANA ROSA,METRÔ BARRA FUNDA,3,18:00,5,12.0,5,20.0,25.65,25.65,0.0,10000,2.24,800,4.54,12.87,26.48,0,4.74,34.28,0.8,1.0,60.0,6,1,0.3675,Estabilizado,Operação Normal
2026-08-27T21:00:52.644292,273L-10,32992,2,METRÔ ARTUR ALVIM,CPTM JOSÉ BONIFÁCIO,3,18:00,4,15.0,4,20.0,25.65,25.65,0.0,10000,2.24,800,3.01,28.58,35.5,1,4.74,48.57,0.8,1.0,75.0,6,2,0.4408,Estabilizado,Operação Normal
2026-08-27T21:00:52.644292,908T-10,34884,2,BUTANTÃ,TERM. PQ. D. PEDRO II,3,18:00,3,20.0,3,20.0,25.65,25.65,0.0,10000,2.24,800,5.36,12.41,27.44,1,4.74,65.02,0.8,1.0,83.33,5,2,0.5027,Estabilizado,Operação Normal
2026-08-27T21:00:52.644292,2023-41,35307,2,METRÔ TUCURUVI,JD. LABITARY,3,18:00,1,60.0,1,20.0,25.65,25.65,0.0,10000,2.24,800,4.99,12.49,30.0,0,4.74,37.43,0.8,0.333,100.0,2,1,0.5421,Estabilizado,Operação Normal
2026-08-27T21:00:52.644292,9701-10,33337,2,METRÔ BARRA FUNDA,CEM. CACHOEIRINHA,3,18:00,3,20.0,3,20.0,25.65,25.65,0.0,10000,2.24,800,4.52,16.55,30.14,0,4.74,34.14,0.8,1.0,66.67,4,1,0.3839,Estabilizado,Operação Normal
2026-08-27T21:00:52.644292,5018-10,34260,2,JABAQUARA,SHOP. INTERLAGOS,3,18:00,7,8.6,7,20.0,25.65,25.65,0.0,10000,2.24,800,4.03,16.66,28.46,1,4.74,55.71,0.8,1.0,71.43,10,3,0.4497,Estabilizado,Operação Normal
2026-08-27T21:00:52.644292,374M-10,34733,2,METRÔ ITAQUERA,CPTM ERMELINO MATARAZZO,3,18:00,4,15.0,4,20.0,25.65,25.65,0.0,10000,2.24,800,2.63,30.09,38.44,1,4.74,45.91,0.8,1.0,75.0,6,2,0.4341,Estabilizado,Operação Normal
2026-08-27T21:00:52.644292,8017-10,34029,2,TERM. PIRITUBA,CPTM VL. AURORA,3,18:00,6,10.0,6,20.0,25.65,25.65,0.0,10000,2.24,800,3.47,16.29,28.64,0,4.74,26.79,0.8,1.0,58.33,7,1,0.3446,Estabilizado,Operação Normal
2026-08-27T21:00:52.644292,1778-10,34557,2,METRÔ SANTANA,JD. CABUÇU,3,18:00,2,30.0,2,20.0,25.65,25.65,0.0,10000,2.24,800,3.62,18.26,31.08,0,4.74,27.84,0.8,0.667,75.0,3,1,0.4222,Estabilizado,Operação Normal
2026-08-27T21:00:52.644292,971X-10,1695,1,METRÔ SANTANA,TERM. CACHOEIRINHA,3,18:00,4,15.0,4,20.0,25.65,25.65,0.0,10000,2.24,800,3.74,20.49,31.02,0,4.74,28.68,0.8,1.0,62.5,5,1,0.3598,Estabilizado,Operação Normal
2026-08-27T21:00:52.644292,407Y-10,34974,2,METRÔ VL. PRUDENTE,PQ. SAVOY CITY,3,18:00,3,20.0,3,20.0,25.65,25.65,0.0,10000,2.24,800,2.1,23.39,29.75,1,4.74,42.2,0.8,1.0,66.67,4,1,0.404,Estabilizado,Operação Normal
2026-08-27T21:00:52.644292,274P-10,33000,2,METRÔ VL. MARIANA,PENHA,3,18:00,4,15.0,4,20.0,25.65,25.65,0.0,10000,2.24,800,4.96,14.4,29.74,1,4.74,62.22,0.8,1.0,75.0,6,2,0.4749,Estabilizado,Operação Normal
2026-08-27T21:00:52.644292,719P-10,1372,1,TERM. PRINC. ISABEL,TERM. PINHEIROS,3,18:00,2,30.0,2,20.0,25.65,25.65,0.0,10000,2.24,800,5.67,12.07,24.66,1,4.74,67.19,0.8,0.667,75.0,3,1,0.5206,Estabilizado,Operação Normal
2026-08-27T21:00:52.644292,4115-10,33090,2,PÇA. DA REPÚBLICA,SHOP. PLAZA SUL,3,18:00,2,30.0,2,20.0,25.65,25.65,0.0,10000,2.24,800,4.6,16.21,28.29,1,4.74,59.7,0.8,0.667,75.0,3,1,0.5019,Estabilizado,Operação Normal
2026-08-27T21:00:52.644292,342M-10,33515,2,TERM. PENHA,TERM. SÃO MATEUS,3,18:00,10,6.0,11,20.0,25.65,25.65,0.0,10000,2.24,800,3.76,18.58,34.48,0,4.74,28.82,0.8,1.0,65.0,13,3,0.3664,Estabilizado,Operação Normal
2026-08-27T21:00:52.644292,2435-10,210,1,TERM. ARICANDUVA,JD. COIMBRA,3,18:00,4,15.0,4,20.0,25.65,25.65,0.0,10000,2.24,800,3.05,25.58,36.64,1,4.74,48.85,0.8,1.0,75.0,6,2,0.4415,Estabilizado,Operação Normal
2026-08-27T21:00:52.644292,8082-10,35373,2,METRÔ BUTANTÃ,CID. UNIVERSITÁRIA,3,18:00,2,30.0,2,20.0,25.65,25.65,0.0,10000,2.24,800,3.32,20.33,34.84,0,4.74,25.74,0.8,0.667,75.0,3,1,0.417,Estabilizado,Operação Normal
2026-08-27T21:00:52.644292,4010-10,2183,1,TERM. VL. CARRÃO,JD. NSA. SRA. DO CARMO,3,18:00,3,20.0,3,20.0,25.65,25.65,0.0,10000,2.24,800,3.32,22.55,38.08,0,4.74,25.74,0.8,1.0,66.67,4,1,0.3629,Estabilizado,Operação Normal
2026-08-27T21:00:52.644292,3001-10,1650,1,TERM. SÃO MIGUEL,ITAIM PAULISTA,3,18:00,4,15.0,4,20.0,25.65,25.65,0.0,10000,2.24,800,3.84,19.76,27.08,0,4.74,29.38,0.8,1.0,62.5,5,1,0.3615,Estabilizado,Operação Normal
2026-08-27T21:00:52.644292,627M-10,35365,2,TERM. STO. AMARO,MAR PAULISTA,3,18:00,2,30.0,2,20.0,25.65,25.65,0.0,10000,2.24,800,3.01,27.51,44.88,0,4.74,23.57,0.8,0.667,75.0,3,1,0.4116,Estabilizado,Operação Normal
2026-08-27T21:00:52.644292,9051-10,2089,1,TERM. PINHEIROS,LAPA,3,18:00,2,30.0,2,20.0,25.65,25.65,0.0,10000,2.24,800,4.49,13.92,27.12,0,4.74,33.93,0.8,0.667,75.0,3,1,0.4375,Estabilizado,Operação Normal
2026-08-27T21:00:52.644292,546J-10,1133,1,STO. AMARO,JD. SELMA,3,18:00,2,30.0,2,20.0,25.65,25.65,0.0,10000,2.24,800,2.82,17.41,25.24,0,4.74,22.24,0.8,0.667,75.0,3,1,0.4082,Estabilizado,Operação Normal
2026-08-27T21:00:52.644292,6824-10,23,1,TERM. CAPELINHA,PQ. FERNANDA,3,18:00,2,30.0,2,20.0,25.65,25.65,0.0,10000,2.24,800,6.04,14.18,28.2,1,4.74,69.78,0.8,0.667,75.0,3,1,0.5271,Estabilizado,Operação Normal
2026-08-27T21:00:52.644292,1178-31,1812,1,PÇA. DO CORREIO,SÃO MIGUEL,3,18:00,4,15.0,4,20.0,25.65,25.65,0.0,10000,2.24,800,4.28,15.51,32.7,1,4.74,57.46,0.8,1.0,75.0,6,2,0.463,Estabilizado,Operação Normal
2026-08-27T21:00:52.644292,6824-10,32791,2,TERM. CAPELINHA,PQ. FERNANDA,3,18:00,4,15.0,4,20.0,25.65,25.65,0.0,10000,2.24,800,3.89,18.26,29.76,1,4.74,54.73,0.8,1.0,75.0,6,2,0.4562,Estabilizado,Operação Normal
2026-08-27T21:00:52.644292,3141-10,734,1,TERM. PQ. D. PEDRO II,SÃO MATEUS,3,18:00,5,12.0,5,20.0,25.65,25.65,0.0,10000,2.24,800,2.98,15.52,30.01,1,4.74,48.36,0.8,1.0,70.0,7,2,0.4277,Estabilizado,Operação Normal
2026-08-27T21:00:52.644292,2018-10,904,1,SÃO MIGUEL,JD. CAMPOS,3,18:00,3,20.0,3,20.0,25.65,25.65,0.0,10000,2.24,800,4.87,15.68,32.13,0,4.74,36.59,0.8,1.0,66.67,4,1,0.39,Estabilizado,Operação Normal
2026-08-27T21:00:52.644292,8000-1,35274,2,PÇA. RAMOS DE AZEVEDO,TERM. LAPA,3,18:00,3,20.0,3,20.0,25.65,25.65,0.0,10000,2.24,800,4.17,17.11,28.77,0,4.74,31.69,0.8,1.0,66.67,4,1,0.3778,Estabilizado,Operação Normal
2026-08-27T21:00:52.644292,775V-10,475,1,ITAIM BIBI,RIO PEQUENO,3,18:00,3,20.0,3,20.0,25.65,25.65,0.0,10000,2.24,800,3.95,19.36,32.36,0,4.74,30.15,0.8,1.0,66.67,4,1,0.3739,Estabilizado,Operação Normal
2026-08-27T21:00:52.644292,6L05-10,33941,2,TERM. PARELHEIROS,BARRAGEM,3,18:00,4,15.0,4,20.0,25.65,25.65,0.0,10000,2.24,800,8.1,16.0,32.0,0,4.74,59.2,0.8,1.0,75.0,6,2,0.4674,Estabilizado,Operação Normal
2026-08-27T21:00:52.644292,7281-10,1334,1,PÇA. RAMOS DE AZEVEDO,LAPA,3,18:00,2,30.0,2,20.0,25.65,25.65,0.0,10000,2.24,800,3.15,10.27,28.8,1,4.74,49.55,0.8,0.667,75.0,3,1,0.4765,Estabilizado,Operação Normal
2026-08-27T21:00:52.644292,3023-10,33728,2,PQ. SÃO RAFAEL,SHOP. ARICANDUVA,3,18:00,5,12.0,5,20.0,25.65,25.65,0.0,10000,2.24,800,3.88,16.78,28.56,0,4.74,29.66,0.8,1.0,60.0,6,1,0.356,Estabilizado,Operação Normal
2026-08-27T21:00:52.644292,5110-24,2459,1,TERM. VL. PRUDENTE,SÃO MATEUS,3,18:00,2,30.0,2,20.0,25.65,25.65,0.0,10000,2.24,800,7.0,12.2,32.74,1,4.74,76.5,0.8,0.667,75.0,3,1,0.5439,Estabilizado,Operação Normal
2026-08-27T21:00:52.644292,1767-10,628,1,METRÔ TUCURUVI,PQ. EDU CHAVES,3,18:00,3,20.0,3,20.0,25.65,25.65,0.0,10000,2.24,800,3.83,9.22,26.81,1,4.74,54.31,0.8,1.0,66.67,4,1,0.4343,Estabilizado,Operação Normal
2026-08-27T21:00:52.644292,8015-10,34113,2,TERM. PIRITUBA,CEM. DE PERUS,3,18:00,7,8.6,7,20.0,25.65,25.65,0.0,10000,2.24,800,3.87,16.61,28.29,1,4.74,54.59,0.8,1.0,71.43,10,3,0.4469,Estabilizado,Operação Normal
2026-08-27T21:00:52.644292,4721-10,337,1,METRÔ JABAQUARA,SHOP. PLAZA SUL,3,18:00,1,60.0,1,20.0,25.65,25.65,0.0,10000,2.24,800,3.31,16.2,30.62,0,4.74,25.67,0.8,0.333,100.0,2,1,0.5127,Estabilizado,Operação Normal
2026-08-27T21:00:52.644292,3754-10,33817,2,METRÔ ITAQUERA,INÁCIO MONTEIRO,3,18:00,8,7.5,8,20.0,25.65,25.65,0.0,10000,2.24,800,4.28,18.2,30.94,1,4.74,57.46,0.8,1.0,68.75,11,3,0.4474,Estabilizado,Operação Normal
2026-08-27T21:00:52.644292,475M-10,343,1,TERM. AMARAL GURGEL,JD. DA SAÚDE,3,18:00,2,30.0,2,20.0,25.65,25.65,0.0,10000,2.24,800,5.16,15.39,28.5,0,4.74,38.62,0.8,0.667,75.0,3,1,0.4492,Estabilizado,Operação Normal
2026-08-27T21:00:52.644292,7181-10,34100,2,TERM. PRINC. ISABEL,CID. UNIVERSITÁRIA,3,18:00,3,20.0,3,20.0,25.65,25.65,0.0,10000,2.24,800,6.18,16.08,32.36,0,4.74,45.76,0.8,1.0,66.67,4,1,0.4129,Estabilizado,Operação Normal
2026-08-27T21:00:52.644292,3789-10,33835,2,METRÔ ITAQUERA,CID. TIRADENTES,3,18:00,9,6.7,9,20.0,25.65,25.65,0.0,10000,2.24,800,6.45,18.89,30.86,1,4.74,72.65,0.8,1.0,72.22,13,4,0.494,Estabilizado,Operação Normal
2026-08-27T21:00:52.644292,5028-10,1634,1,METRÔ ALTO DO IPIRANGA,CONJ. HAB. HELIÓPOLIS,3,18:00,3,20.0,3,20.0,25.65,25.65,0.0,10000,2.24,800,3.3,21.62,33.99,0,4.74,25.6,0.8,1.0,66.67,4,1,0.3625,Estabilizado,Operação Normal
2026-08-27T21:00:52.644292,5127-10,1127,1,EST. JURUBATUBA,VL. GUACURI,3,18:00,6,10.0,6,20.0,25.65,25.65,0.0,10000,2.24,800,3.68,10.22,30.28,0,4.74,28.26,0.8,1.0,58.33,7,1,0.3483,Estabilizado,Operação Normal
2026-08-27T21:00:52.644292,2712-10,926,1,SHOP. METRÔ ITAQUERA,JD. SÃO NICOLAU,3,18:00,2,30.0,2,20.0,25.65,25.65,0.0,10000,2.24,800,4.37,16.93,24.36,1,4.74,58.09,0.8,0.667,75.0,3,1,0.4979,Estabilizado,Operação Normal
2026-08-27T21:00:52.644292,211V-10,154,1,PENHA,VL. PARANAGUÁ,3,18:00,3,20.0,3,20.0,25.65,25.65,0.0,10000,2.24,800,3.96,20.77,28.95,0,4.74,30.22,0.8,1.0,66.67,4,1,0.3741,Estabilizado,Operação Normal
2026-08-27T21:00:52.644292,748A-10,498,1,LAPA,JD. D'ABRIL,3,18:00,5,12.0,5,20.0,25.65,25.65,0.0,10000,2.24,800,4.35,27.06,29.25,0,4.74,32.95,0.8,1.0,60.0,6,1,0.3642,Estabilizado,Operação Normal
2026-08-27T21:00:52.644292,4004-10,2178,1,BARRO BRANCO,TERM. CID. TIRADENTES,3,18:00,3,20.0,3,20.0,25.65,25.65,0.0,10000,2.24,800,2.85,27.0,37.5,0,4.74,22.45,0.8,1.0,66.67,4,1,0.3547,Estabilizado,Operação Normal
2026-08-27T21:00:52.644292,6826-10,16,1,TERM. CAPELINHA,JD. D. JOSÉ,3,18:00,1,60.0,1,20.0,25.65,25.65,0.0,10000,2.24,800,6.22,10.1,24.11,1,4.74,71.04,0.8,0.333,100.0,2,1,0.6262,Risco,Monitorar Linha em Alerta
2026-08-27T21:00:52.644292,7060-10,34657,2,TERM. CAMPO LIMPO,VALO VELHO,3,18:00,2,30.0,2,20.0,25.65,25.65,0.0,10000,2.24,800,5.96,14.64,29.48,1,4.74,69.22,0.8,0.667,75.0,3,1,0.5257,Estabilizado,Operação Normal
2026-08-27T21:00:52.644292,606C-10,2595,1,CANTINHO DO CÉU,CIRCULAR,3,18:00,2,30.0,2,20.0,25.65,25.65,0.0,10000,2.24,800,3.0,22.5,45.0,0,4.74,23.5,0.8,0.667,75.0,3,1,0.4114,Estabilizado,Operação Normal
2026-08-27T21:00:52.644292,3006-10,34633,2,CPTM GUAIANASES,JD. FANGANIELO,3,18:00,4,15.0,4,20.0,25.65,25.65,0.0,10000,2.24,800,4.02,18.18,32.19,0,4.74,30.64,0.8,1.0,62.5,5,1,0.3647,Estabilizado,Operação Normal
2026-08-27T21:00:52.644292,6050-10,33993,2,TERM. GRAJAÚ,PQ. COCAIA,3,18:00,4,15.0,4,20.0,25.65,25.65,0.0,10000,2.24,800,4.21,17.83,31.08,0,4.74,31.97,0.8,1.0,62.5,5,1,0.368,Estabilizado,Operação Normal
2026-08-27T21:00:52.644292,4706-10,33067,2,METRÔ VL. MARIANA,JD. MARIA ESTELA II,3,18:00,4,15.0,4,20.0,25.65,25.65,0.0,10000,2.24,800,7.73,9.31,25.22,0,4.74,56.61,0.8,1.0,75.0,6,2,0.4609,Estabilizado,Operação Normal
2026-08-27T21:00:52.644292,695D-10,114,1,METRÔ JABAQUARA,JD. STA. BARBARA,3,18:00,4,15.0,4,20.0,25.65,25.65,0.0,10000,2.24,800,4.2,17.65,30.97,0,4.74,31.9,0.8,1.0,62.5,5,1,0.3679,Estabilizado,Operação Normal
2026-08-27T21:00:52.644292,5030-10,1669,1,TERM. SACOMÃ,JD. MARIA ESTELA,3,18:00,2,30.0,2,20.0,25.65,25.65,0.0,10000,2.24,800,5.58,16.63,27.18,0,4.74,41.56,0.8,0.667,75.0,3,1,0.4566,Estabilizado,Operação Normal
2026-08-27T21:00:52.644292,9005-10,872,1,TERM. CACHOEIRINHA,JD. PRINCESA,3,18:00,7,8.6,7,20.0,25.65,25.65,0.0,10000,2.24,800,3.02,20.95,32.32,0,4.74,23.64,0.8,1.0,57.14,8,1,0.3338,Estabilizado,Operação Normal
2026-08-27T21:00:52.644292,550P-10,35455,2,METRÔ BRÁS,TERM. VL. PRUDENTE,3,18:00,3,20.0,3,20.0,25.65,25.65,0.0,10000,2.24,800,5.29,17.58,33.39,0,4.74,39.53,0.8,1.0,66.67,4,1,0.3973,Estabilizado,Operação Normal
2026-08-27T21:00:52.644292,888P-10,454,1,COHAB TAIPAS,PERUS,3,18:00,4,15.0,4,20.0,25.65,25.65,0.0,10000,2.24,800,2.76,18.36,28.71,1,4.74,46.82,0.8,1.0,75.0,6,2,0.4364,Estabilizado,Operação Normal
2026-08-27T21:00:52.644292,4735-10,33878,2,JD. VERA CRUZ,SÃO MATEUS  ,3,18:00,2,30.0,2,20.0,25.65,25.65,0.0,10000,2.24,800,6.89,14.16,32.29,0,4.74,50.73,0.8,0.667,75.0,3,1,0.4795,Estabilizado,Operação Normal
2026-08-27T21:00:52.644292,6835-10,32780,2,TERM. CAPELINHA,VALO VELHO,3,18:00,4,15.0,4,20.0,25.65,25.65,0.0,10000,2.24,800,4.01,17.46,30.57,0,4.74,30.57,0.8,1.0,62.5,5,1,0.3645,Estabilizado,Operação Normal
2026-08-27T21:00:52.644292,6063-41,34541,2,TERM. EST. VARGINHA,JD. NOVO MARILDA,3,18:00,6,10.0,6,20.0,25.65,25.65,0.0,10000,2.24,800,3.68,19.43,24.05,0,4.74,28.26,0.8,1.0,58.33,7,1,0.3483,Estabilizado,Operação Normal
2026-08-27T21:00:52.644292,8008-10,34026,2,TERM. PIRITUBA,HAB. TURÍSTICA,3,18:00,3,20.0,3,20.0,25.65,25.65,0.0,10000,2.24,800,5.8,18.35,35.76,1,4.74,68.1,0.8,1.0,83.33,5,2,0.5104,Estabilizado,Operação Normal
2026-08-27T21:00:52.644292,263J-10,32987,2,CONJ. JOSÉ BONIFÁCIO,PENHA,3,18:00,5,12.0,5,20.0,25.65,25.65,0.0,10000,2.24,800,3.41,17.47,30.92,0,4.74,26.37,0.8,1.0,60.0,6,1,0.3478,Estabilizado,Operação Normal
2026-08-27T21:00:52.644292,775F-31,2488,1,PQ. DO POVO,JD. DAS PALMAS,3,18:00,4,15.0,4,20.0,25.65,25.65,0.0,10000,2.24,800,4.15,17.69,33.22,0,4.74,31.55,0.8,1.0,62.5,5,1,0.367,Estabilizado,Operação Normal
2026-08-27T21:00:52.644292,2032-10,2266,1,METRÔ CARANDIRU,JD. BRASIL,3,18:00,3,20.0,3,20.0,25.65,25.65,0.0,10000,2.24,800,2.63,24.45,36.88,0,4.74,20.91,0.8,1.0,66.67,4,1,0.3508,Estabilizado,Operação Normal
2026-08-27T21:00:52.644292,1785-10,1816,1,METRÔ SANTANA,VL. AURORA,3,18:00,2,30.0,2,20.0,25.65,25.65,0.0,10000,2.24,800,8.96,4.56,28.71,0,4.74,65.22,0.8,0.667,75.0,3,1,0.5157,Estabilizado,Operação Normal
2026-08-27T21:00:52.644292,6L07-10,1545,1,TERM. VARGINHA,JD. STA. FÉ,3,18:00,2,30.0,2,20.0,25.65,25.65,0.0,10000,2.24,800,4.25,16.48,30.13,0,4.74,32.25,0.8,0.667,75.0,3,1,0.4333,Estabilizado,Operação Normal
2026-08-27T21:00:52.644292,7052-10,34654,2,TERM. CAMPO LIMPO,JD. HELGA,3,18:00,2,30.0,2,20.0,25.65,25.65,0.0,10000,2.24,800,6.2,14.3,29.4,0,4.74,45.9,0.8,0.667,75.0,3,1,0.4674,Estabilizado,Operação Normal
2026-08-27T21:00:52.644292,1730-10,33633,2,METRÔ SANTANA,CENTER NORTE,3,18:00,2,30.0,2,20.0,25.65,25.65,0.0,10000,2.24,800,5.57,16.57,32.4,0,4.74,41.49,0.8,0.667,75.0,3,1,0.4564,Estabilizado,Operação Normal
2026-08-27T21:00:52.644292,8500-10,1267,1,METRÔ BARRA FUNDA,TERM. PIRITUBA,3,18:00,6,10.0,6,20.0,25.65,25.65,0.0,10000,2.24,800,5.02,17.47,33.52,0,4.74,37.64,0.8,1.0,66.67,8,2,0.3926,Estabilizado,Operação Normal
2026-08-27T21:00:52.644292,253F-10,32926,2,TERM. SÃO MATEUS,TERM. A. E. CARVALHO,3,18:00,3,20.0,3,20.0,25.65,25.65,0.0,10000,2.24,800,5.52,20.51,37.57,0,4.74,41.14,0.8,1.0,66.67,4,1,0.4014,Estabilizado,Operação Normal
2026-08-27T21:00:52.644292,407T-10,34970,2,METRÔ ITAQUERA,JD. REDIL,3,18:00,3,20.0,3,20.0,25.65,25.65,0.0,10000,2.24,800,4.95,10.53,33.2,1,4.74,62.15,0.8,1.0,83.33,5,2,0.4955,Estabilizado,Operação Normal
2026-08-27T21:00:52.644292,3009-10,35294,2,CPTM ITAIM PAULISTA,ITAIM PAULISTA,3,18:00,2,30.0,2,20.0,25.65,25.65,0.0,10000,2.24,800,2.66,19.2,29.51,0,4.74,21.12,0.8,0.667,75.0,3,1,0.4054,Estabilizado,Operação Normal
2026-08-27T21:00:52.644292,4717-10,335,1,METRÔ SAÚDE,JD. MARIA ESTELA,3,18:00,1,60.0,1,20.0,25.65,25.65,0.0,10000,2.24,800,3.73,19.17,27.52,0,4.74,28.61,0.8,0.333,100.0,2,1,0.5201,Estabilizado,Operação Normal
2026-08-27T21:00:52.644292,3901-10,1469,1,METRÔ PENHA,JD. DANFER,3,18:00,2,30.0,2,20.0,25.65,25.65,0.0,10000,2.24,800,4.02,24.85,39.83,0,4.74,30.64,0.8,0.667,75.0,3,1,0.4292,Estabilizado,Operação Normal
2026-08-27T21:00:52.644292,6072-23,34772,2,BALN. SÃO JOSÉ,TERM. VARGINHA,3,18:00,1,60.0,1,20.0,25.65,25.65,0.0,10000,2.24,800,4.04,15.81,29.17,0,4.74,30.78,0.8,0.333,100.0,2,1,0.5255,Estabilizado,Operação Normal
2026-08-27T21:00:52.644292,407A-10,2194,1,LGO. DA CONCÓRDIA,PQ. SAVOY,3,18:00,4,15.0,4,20.0,25.65,25.65,0.0,10000,2.24,800,2.53,25.97,29.79,0,4.74,20.21,0.8,1.0,62.5,5,1,0.3386,Estabilizado,Operação Normal
2026-08-27T21:00:52.644292,3768-10,1056,1,CPTM JOSÉ BONIFÁCIO,VL. YOLANDA,3,18:00,4,15.0,4,20.0,25.65,25.65,0.0,10000,2.24,800,5.8,12.74,29.55,1,4.74,68.1,0.8,1.0,75.0,6,2,0.4896,Estabilizado,Operação Normal
2026-08-27T21:00:52.644292,7063-10,1899,1,TERM. CAMPO LIMPO,JD. MACEDÔNIA,3,18:00,3,20.0,3,20.0,25.65,25.65,0.0,10000,2.24,800,5.42,14.69,30.31,0,4.74,40.44,0.8,1.0,66.67,4,1,0.3996,Estabilizado,Operação Normal
2026-08-27T21:00:52.644292,1757-10,548,1,METRÔ SANTANA ,CONJ. DOS BANCÁRIOS,3,18:00,3,20.0,3,20.0,25.65,25.65,0.0,10000,2.24,800,5.83,13.43,28.78,0,4.74,43.31,0.8,1.0,66.67,4,1,0.4068,Estabilizado,Operação Normal
2026-08-27T21:00:52.644292,3021-10,33044,2,TERM. VL PRUDENTE,PQ. BANCÁRIO,3,18:00,2,30.0,2,20.0,25.65,25.65,0.0,10000,2.24,800,5.52,16.9,30.99,1,4.74,66.14,0.8,0.667,75.0,3,1,0.518,Estabilizado,Operação Normal
2026-08-27T21:00:52.644292,6052-31,1832,1,TERM. EST. VARGINHA,JD. ALMEIDA PRADO,3,18:00,1,60.0,1,20.0,25.65,25.65,0.0,10000,2.24,800,2.92,19.21,19.9,0,4.74,22.94,0.8,0.333,100.0,2,1,0.5059,Estabilizado,Operação Normal
2026-08-27T21:00:52.644292,8009-31,34028,2,TERM. PIRITUBA,CID. D'ABRIL 3ª GLEBA,3,18:00,4,15.0,4,20.0,25.65,25.65,0.0,10000,2.24,800,6.63,15.07,33.56,1,4.74,73.91,0.8,1.0,75.0,6,2,0.5041,Estabilizado,Operação Normal
2026-08-27T21:00:52.644292,6008-41,1536,1,JD. COPACABANA,TERM. JD. ÂNGELA,3,18:00,1,60.0,1,20.0,25.65,25.65,0.0,10000,2.24,800,6.3,19.19,39.45,0,4.74,46.6,0.8,0.333,100.0,2,1,0.5651,Estabilizado,Operação Normal
2026-08-27T21:00:52.644292,5614-10,1515,1,PÇA. JOÃO MENDES,ELDORADO,3,18:00,2,30.0,2,20.0,25.65,25.65,0.0,10000,2.24,800,6.8,21.37,41.01,1,4.74,75.1,0.8,0.667,75.0,3,1,0.5404,Estabilizado,Operação Normal
2026-08-27T21:00:52.644292,877T-10,1381,1,METRÔ PARAÍSO,VL. ANASTÁCIO,3,18:00,4,15.0,4,20.0,25.65,25.65,0.0,10000,2.24,800,5.39,15.65,29.84,1,4.74,65.23,0.8,1.0,75.0,6,2,0.4824,Estabilizado,Operação Normal
2026-08-27T21:00:52.644292,5022-10,33888,2,JABAQUARA,VL. STA. MARGARIDA,3,18:00,5,12.0,5,20.0,25.65,25.65,0.0,10000,2.24,800,6.12,14.88,28.88,0,4.74,45.34,0.8,1.0,70.0,7,2,0.4202,Estabilizado,Operação Normal
2026-08-27T21:00:52.644292,7009-10,1951,1,JD. ÂNGELA,JD. SÃO LOURENÇO,3,18:00,1,60.0,1,20.0,25.65,25.65,0.0,10000,2.24,800,8.15,7.36,21.84,0,4.74,59.55,0.8,0.333,100.0,2,1,0.5974,Estabilizado,Operação Normal
2026-08-27T21:00:52.644292,3008-10,2515,1,CPTM ITAIM PAULISTA,JD. MIRIAM,3,18:00,3,20.0,3,20.0,25.65,25.65,0.0,10000,2.24,800,2.8,20.08,26.71,0,4.74,22.1,0.8,1.0,66.67,4,1,0.3538,Estabilizado,Operação Normal
2026-08-27T21:00:52.644292,513L-10,34423,2,PQ. BELÉM,TERM. SACOMÃ,3,18:00,2,30.0,2,20.0,25.65,25.65,0.0,10000,2.24,800,2.88,20.5,27.92,1,4.74,47.66,0.8,0.667,75.0,3,1,0.4718,Estabilizado,Operação Normal
2026-08-27T21:00:52.644292,4093-10,2448,1,TERM. CID. TIRADENTES,CID. TIRADENTES,3,18:00,2,30.0,2,20.0,25.65,25.65,0.0,10000,2.24,800,3.0,22.5,45.0,0,4.74,23.5,0.8,0.667,75.0,3,1,0.4114,Estabilizado,Operação Normal
2026-08-27T21:00:52.644292,3728-10,33793,2,PQ. SAVOY CITY,METRÔ ARTUR ALVIM,3,18:00,5,12.0,5,20.0,25.65,25.65,0.0,10000,2.24,800,3.74,20.16,36.24,0,4.74,28.68,0.8,1.0,60.0,6,1,0.3536,Estabilizado,Operação Normal
2026-08-27T21:00:52.644292,5141-10,34393,2,PÇA. DO CORREIO,TERM. SAPOPEMBA,3,18:00,7,8.6,7,20.0,25.65,25.65,0.0,10000,2.24,800,4.1,13.22,29.81,1,4.74,56.2,0.8,1.0,71.43,10,3,0.4509,Estabilizado,Operação Normal
2026-08-27T21:00:52.644292,3728-10,1025,1,PQ. SAVOY CITY,METRÔ ARTUR ALVIM,3,18:00,7,8.6,7,20.0,25.65,25.65,0.0,10000,2.24,800,7.4,18.15,31.56,1,4.74,79.3,0.8,1.0,71.43,10,3,0.5087,Estabilizado,Operação Normal
2026-08-27T21:00:52.644292,6825-10,32782,2,TERM. CAPELINHA,VALO VELHO,3,18:00,3,20.0,3,20.0,25.65,25.65,0.0,10000,2.24,800,6.52,14.67,33.94,1,4.74,73.14,0.8,1.0,83.33,5,2,0.523,Estabilizado,Operação Normal
2026-08-27T21:00:52.644292,3712-51,35273,2,METRÔ ITAQUERA,VL. COSMOPOLITA,3,18:00,4,15.0,4,20.0,25.65,25.65,0.0,10000,2.24,800,6.3,12.62,30.8,1,4.74,71.6,0.8,1.0,75.0,6,2,0.4983,Estabilizado,Operação Normal
2026-08-27T21:00:52.644292,575C-10,34454,2,VL. MATIAS,TERM. VL. PRUDENTE,3,18:00,1,60.0,1,20.0,25.65,25.65,0.0,10000,2.24,800,3.16,17.68,31.67,0,4.74,24.62,0.8,0.333,100.0,2,1,0.5101,Estabilizado,Operação Normal
2026-08-27T21:00:52.644292,1701-22,35245,2,METRÔ TUCURUVI,JOVA RURAL,3,18:00,1,60.0,1,20.0,25.65,25.65,0.0,10000,2.24,800,4.34,14.05,27.3,1,4.74,57.88,0.8,0.333,100.0,2,1,0.5932,Estabilizado,Operação Normal
2026-08-27T21:00:52.644292,5108-10,1675,1,TERM. PQ. D. PEDRO II,JD. CELESTE,3,18:00,8,7.5,8,20.0,25.65,25.65,0.0,10000,2.24,800,4.95,12.99,27.75,1,4.74,62.15,0.8,1.0,68.75,11,3,0.4591,Estabilizado,Operação Normal
2026-08-27T21:00:52.644292,6063-41,1773,1,TERM. EST. VARGINHA,JD. NOVO MARILDA,3,18:00,3,20.0,3,20.0,25.65,25.65,0.0,10000,2.24,800,2.19,30.01,37.11,0,4.74,17.83,0.8,1.0,66.67,4,1,0.3431,Estabilizado,Operação Normal
2026-08-27T21:00:52.644292,1703-10,33615,2,SHOP. CENTER NORTE,JD. FONTÁLIS,3,18:00,4,15.0,4,20.0,25.65,25.65,0.0,10000,2.24,800,4.22,12.19,27.81,1,4.74,57.04,0.8,1.0,75.0,6,2,0.4619,Estabilizado,Operação Normal
2026-08-27T21:00:52.644292,5757-10,1288,1,METRÔ CONCEIÇÃO,CID. JÚLIA,3,18:00,5,12.0,5,20.0,25.65,25.65,0.0,10000,2.24,800,6.44,12.36,30.18,0,4.74,47.58,0.8,1.0,70.0,7,2,0.4258,Estabilizado,Operação Normal
2026-08-27T21:00:52.644292,271C-10,33450,2,TERM. PRINC. ISABEL - CIRCULAR,PQ. VL. MARIA,3,18:00,5,12.0,5,20.0,25.65,25.65,0.0,10000,2.24,800,5.15,17.28,31.81,0,4.74,38.55,0.8,1.0,70.0,7,2,0.4032,Estabilizado,Operação Normal
2026-08-27T21:00:52.644292,5164-41,1617,1,METRÔ CONCEIÇÃO,VL. GUARANI,3,18:00,4,15.0,4,20.0,25.65,25.65,0.0,10000,2.24,800,4.41,17.65,34.76,1,4.74,58.37,0.8,1.0,75.0,6,2,0.4653,Estabilizado,Operação Normal
2026-08-27T21:00:52.644292,8021-10,2073,1,BUTANTÃ,JD. MARIA LUIZA,3,18:00,1,60.0,1,20.0,25.65,25.65,0.0,10000,2.24,800,3.02,17.14,23.03,0,4.74,23.64,0.8,0.333,100.0,2,1,0.5077,Estabilizado,Operação Normal
2026-08-27T21:00:52.644292,208M-10,2478,1,TERM. PINHEIROS,METRÔ SANTANA,3,18:00,4,15.0,4,20.0,25.65,25.65,0.0,10000,2.24,800,5.75,14.36,33.46,0,4.74,42.75,0.8,1.0,62.5,5,1,0.395,Estabilizado,Operação Normal
2026-08-27T21:00:52.644292,4021-10,35316,2,VL. CHUCA,METRÔ ITAQUERA,3,18:00,4,15.0,4,20.0,25.65,25.65,0.0,10000,2.24,800,6.04,15.43,28.79,0,4.74,44.78,0.8,1.0,62.5,5,1,0.4001,Estabilizado,Operação Normal
2026-08-27T21:00:52.644292,271P-10,33472,2,PÇA DO CORREIO,CANGAÍBA,3,18:00,7,8.6,7,20.0,25.65,25.65,0.0,10000,2.24,800,4.12,14.46,30.26,0,4.74,31.34,0.8,1.0,64.29,9,2,0.3709,Estabilizado,Operação Normal
2026-08-27T21:00:52.644292,2026-10,35037,2,PQ. NOVO MUNDO,JAÇANÃ,3,18:00,2,30.0,2,20.0,25.65,25.65,0.0,10000,2.24,800,1.78,20.46,28.04,0,4.74,14.96,0.8,0.667,75.0,3,1,0.39,Estabilizado,Operação Normal
2026-08-27T21:00:52.644292,1775-10,638,1,SHOP. CENTER NORTE,VL. ALBERTINA,3,18:00,2,30.0,2,20.0,25.65,25.65,0.0,10000,2.24,800,7.5,8.43,30.11,0,4.74,55.0,0.8,0.667,75.0,3,1,0.4902,Estabilizado,Operação Normal
2026-08-27T21:00:52.644292,2023-41,2539,1,METRÔ TUCURUVI,JD. LABITARY,3,18:00,2,30.0,2,20.0,25.65,25.65,0.0,10000,2.24,800,4.92,13.61,27.65,0,4.74,36.94,0.8,0.667,75.0,3,1,0.445,Estabilizado,Operação Normal
2026-08-27T21:00:52.644292,8065-10,421,1,LAPA,HAB. TURÍSTICA,3,18:00,1,60.0,1,20.0,25.65,25.65,0.0,10000,2.24,800,6.67,24.94,39.97,1,4.74,74.19,0.8,0.333,100.0,2,1,0.634,Risco,Monitorar Linha em Alerta
2026-08-27T21:00:52.644292,6L02-10,1178,1,TERM. PARELHEIROS,JD. EUCALIPTOS,3,18:00,2,30.0,2,20.0,25.65,25.65,0.0,10000,2.24,800,3.0,22.5,45.0,0,4.74,23.5,0.8,0.667,75.0,3,1,0.4114,Estabilizado,Operação Normal
2026-08-27T21:00:52.644292,9162-10,1365,1,TERM. CASA VERDE,VL. PENTEADO,3,18:00,1,60.0,1,20.0,25.65,25.65,0.0,10000,2.24,800,3.31,17.86,25.27,0,4.74,25.67,0.8,0.333,100.0,2,1,0.5127,Estabilizado,Operação Normal
2026-08-27T21:00:52.644292,3098-31,1839,1,JD. ELIZABETH,SÃO MATEUS,3,18:00,3,20.0,3,20.0,25.65,25.65,0.0,10000,2.24,800,3.78,18.85,32.79,0,4.74,28.96,0.8,1.0,66.67,4,1,0.3709,Estabilizado,Operação Normal
2026-08-27T21:00:52.644292,7021-10,1989,1,TERM. JOÃO DIAS,JD. MARACÁ,3,18:00,3,20.0,3,20.0,25.65,25.65,0.0,10000,2.24,800,3.74,22.5,35.53,0,4.74,28.68,0.8,1.0,66.67,4,1,0.3702,Estabilizado,Operação Normal
2026-08-27T21:00:52.644292,848L-10,808,1,TERM. PIRITUBA,RECANTO DOS HUMILDES,3,18:00,5,12.0,5,20.0,25.65,25.65,0.0,10000,2.24,800,4.16,14.15,25.99,1,4.74,56.62,0.8,1.0,70.0,7,2,0.4484,Estabilizado,Operação Normal
2026-08-27T21:00:52.644292,675R-10,109,1,METRÔ JABAQUARA,GRAJAÚ,3,18:00,3,20.0,3,20.0,25.65,25.65,0.0,10000,2.24,800,2.92,21.84,28.87,0,4.74,22.94,0.8,1.0,66.67,4,1,0.3559,Estabilizado,Operação Normal
2026-08-27T21:00:52.644292,6820-31,1406,1,TERM. CAPELINHA,JD. DAS ROSAS,3,18:00,4,15.0,4,20.0,25.65,25.65,0.0,10000,2.24,800,2.94,14.14,26.18,1,4.74,48.08,0.8,1.0,75.0,6,2,0.4395,Estabilizado,Operação Normal
2026-08-27T21:00:52.644292,847P-42,34192,2,VL. OLÍMPIA,BRASILÂNDIA,3,18:00,4,15.0,4,20.0,25.65,25.65,0.0,10000,2.24,800,5.28,12.83,24.19,0,4.74,39.46,0.8,1.0,62.5,5,1,0.3867,Estabilizado,Operação Normal
2026-08-27T21:00:52.644292,2028-10,2263,1,METRÔ TUCURUVI,VL. AYROSA,3,18:00,3,20.0,3,20.0,25.65,25.65,0.0,10000,2.24,800,6.13,7.69,25.24,1,4.74,70.41,0.8,1.0,83.33,5,2,0.5162,Estabilizado,Operação Normal
2026-08-27T21:00:52.644292,4221-10,325,1,TERM. PQ. D. PEDRO II,JD. PLANALTO,3,18:00,3,20.0,3,20.0,25.65,25.65,0.0,10000,2.24,800,3.13,21.48,31.75,0,4.74,24.41,0.8,1.0,66.67,4,1,0.3596,Estabilizado,Operação Normal
2026-08-27T21:00:52.644292,6820-10,19,1,TERM. CAPELINHA,JD. DAS ROSAS,3,18:00,3,20.0,3,20.0,25.65,25.65,0.0,10000,2.24,800,7.19,14.13,35.04,1,4.74,77.83,0.8,1.0,83.33,5,2,0.5347,Estabilizado,Operação Normal
2026-08-27T21:00:52.644292,8072-10,34847,2,METRÔ MORUMBI,HORTO DO YPÊ,3,18:00,7,8.6,7,20.0,25.65,25.65,0.0,10000,2.24,800,3.01,25.28,36.67,1,4.74,48.57,0.8,1.0,64.29,9,2,0.414,Estabilizado,Operação Normal
2026-08-27T21:00:52.644292,3791-10,1069,1,METRÔ ARTUR ALVIM,SHOP. ARICANDUVA,3,18:00,5,12.0,5,20.0,25.65,25.65,0.0,10000,2.24,800,6.81,12.93,25.63,1,4.74,75.17,0.8,1.0,70.0,7,2,0.4948,Estabilizado,Operação Normal
2026-08-27T21:00:52.644292,4706-10,299,1,METRÔ VL. MARIANA,JD. MARIA ESTELA II,3,18:00,2,30.0,2,20.0,25.65,25.65,0.0,10000,2.24,800,7.14,13.71,31.67,0,4.74,52.48,0.8,0.667,75.0,3,1,0.4838,Estabilizado,Operação Normal
2026-08-27T21:00:52.644292,2709-10,33690,2,VL. UNIÃO,METRÔ PATRIARCA,3,18:00,2,30.0,2,20.0,25.65,25.65,0.0,10000,2.24,800,3.37,19.87,31.17,0,4.74,26.09,0.8,0.667,75.0,3,1,0.4179,Estabilizado,Operação Normal
2026-08-27T21:00:52.644292,775A-10,33241,2,PINHEIROS,JD. ADALGIZA,3,18:00,1,60.0,1,20.0,25.65,25.65,0.0,10000,2.24,800,3.15,14.15,24.46,0,4.74,24.55,0.8,0.333,100.0,2,1,0.5099,Estabilizado,Operação Normal
2026-08-27T21:00:52.644292,709P-10,34761,2,TERM. PINHEIROS,EST. STO. AMARO/GUIDO CALOI,3,18:00,7,8.6,7,20.0,25.65,25.65,0.0,10000,2.24,800,6.22,13.56,33.16,0,4.74,46.04,0.8,1.0,64.29,9,2,0.4077,Estabilizado,Operação Normal
2026-08-27T21:00:52.644292,6913-10,1465,1,TERM. BANDEIRA,TERM. VARGINHA,3,18:00,14,4.3,15,20.0,25.65,25.65,0.0,10000,2.24,800,3.51,19.59,30.87,0,4.74,27.07,0.8,1.0,64.29,18,4,0.3603,Estabilizado,Operação Normal
2026-08-27T21:00:52.644292,4056-10,35005,2,TERM. SÃO MATEUS,PQ. BOA ESPERANÇA,3,18:00,5,12.0,5,20.0,25.65,25.65,0.0,10000,2.24,800,4.0,17.55,32.63,0,4.74,30.5,0.8,1.0,60.0,6,1,0.3581,Estabilizado,Operação Normal
2026-08-27T21:00:52.644292,4028-10,33866,2,DIV. DE MAUÁ,HOSP. SÃO MATEUS,3,18:00,4,15.0,4,20.0,25.65,25.65,0.0,10000,2.24,800,6.33,16.34,36.92,0,4.74,46.81,0.8,1.0,75.0,6,2,0.4364,Estabilizado,Operação Normal
2026-08-27T21:00:52.644292,1756-10,547,1,METRÔ SANTANA,PEDRA BRANCA,3,18:00,3,20.0,3,20.0,25.65,25.65,0.0,10000,2.24,800,5.75,10.79,22.74,0,4.74,42.75,0.8,1.0,66.67,4,1,0.4054,Estabilizado,Operação Normal
2026-08-27T21:00:52.644292,4006-10,2180,1,CIRCULAR,JD. NOVA VITÓRIA,3,18:00,2,30.0,2,20.0,25.65,25.65,0.0,10000,2.24,800,3.89,22.07,32.46,0,4.74,29.73,0.8,0.667,75.0,3,1,0.427,Estabilizado,Operação Normal
2026-08-27T21:00:52.644292,9032-10,33648,2,TERM. CACHOEIRINHA,JD. DAMASCENO,3,18:00,7,8.6,7,20.0,25.65,25.65,0.0,10000,2.24,800,3.08,19.59,26.82,0,4.74,24.06,0.8,1.0,64.29,9,2,0.3527,Estabilizado,Operação Normal
2026-08-27T21:00:52.644292,8083-10,35374,2,METRÔ BUTANTÃ,CID. UNIVERSITÁRIA,3,18:00,2,30.0,2,20.0,25.65,25.65,0.0,10000,2.24,800,2.87,25.05,35.0,0,4.74,22.59,0.8,0.667,75.0,3,1,0.4091,Estabilizado,Operação Normal
2026-08-27T21:00:52.644292,2731-10,946,1,METRÔ ITAQUERA,VL. PROGRESSO,3,18:00,6,10.0,6,20.0,25.65,25.65,0.0,10000,2.24,800,5.18,16.4,28.84,1,4.74,63.76,0.8,1.0,75.0,9,3,0.4788,Estabilizado,Operação Normal
2026-08-27T21:00:52.644292,775N-10,33242,2,METRÔ VL. MADALENA,RIO PEQUENO,3,18:00,2,30.0,2,20.0,25.65,25.65,0.0,10000,2.24,800,4.85,14.24,27.32,0,4.74,36.45,0.8,0.667,75.0,3,1,0.4438,Estabilizado,Operação Normal
2026-08-27T21:00:52.644292,6062-10,33919,2,JD. CASTRO ALVES,TERM. GRAJAÚ,3,18:00,1,60.0,1,20.0,25.65,25.65,0.0,10000,2.24,800,3.58,17.99,27.76,0,4.74,27.56,0.8,0.333,100.0,2,1,0.5174,Estabilizado,Operação Normal
2026-08-27T21:00:52.644292,314V-10,311,1,PÇA. ALMEIDA JR.,VL. EMA,3,18:00,2,30.0,2,20.0,25.65,25.65,0.0,10000,2.24,800,4.66,19.66,34.09,0,4.74,35.12,0.8,0.667,75.0,3,1,0.4404,Estabilizado,Operação Normal
2026-08-27T21:00:52.644292,7049-10,1912,1,TERM. CAMPO LIMPO,PQ. DO LAGO,3,18:00,6,10.0,6,20.0,25.65,25.65,0.0,10000,2.24,800,4.82,17.38,32.61,1,4.74,61.24,0.8,1.0,66.67,8,2,0.4516,Estabilizado,Operação Normal
2026-08-27T21:00:52.644292,7017-10,2502,1,TERM. GUARAPIRANGA,JD. GUARUJÁ,3,18:00,4,15.0,4,20.0,25.65,25.65,0.0,10000,2.24,800,4.17,18.55,28.57,0,4.74,31.69,0.8,1.0,62.5,5,1,0.3673,Estabilizado,Operação Normal
2026-08-27T21:00:52.644292,6812-10,1242,1,JD. ANGELA,JD. CAPELA,3,18:00,3,20.0,3,20.0,25.65,25.65,0.0,10000,2.24,800,3.44,21.66,32.67,0,4.74,26.58,0.8,1.0,66.67,4,1,0.365,Estabilizado,Operação Normal
2026-08-27T21:00:52.644292,2021-10,33674,2,CPTM GUAIANASES,JD. BANDEIRANTES,3,18:00,4,15.0,4,20.0,25.65,25.65,0.0,10000,2.24,800,3.64,19.48,32.45,0,4.74,27.98,0.8,1.0,62.5,5,1,0.358,Estabilizado,Operação Normal
2026-08-27T21:00:52.644292,5757-51,34744,2,METRÔ CONCEIÇÃO,PEDREIRA,3,18:00,7,8.6,7,20.0,25.65,25.65,0.0,10000,2.24,800,4.22,17.15,30.48,0,4.74,32.04,0.8,1.0,64.29,9,2,0.3727,Estabilizado,Operação Normal
2026-08-27T21:00:52.644292,6821-10,21,1,TERM. CAPELINHA,JD. JANGADEIRO,3,18:00,1,60.0,1,20.0,25.65,25.65,0.0,10000,2.24,800,3.14,16.8,21.45,0,4.74,24.48,0.8,0.333,100.0,2,1,0.5098,Estabilizado,Operação Normal
2026-08-27T21:00:52.644292,3725-41,1531,1,VL. ARICANDUVA,METRÔ VL. MATILDE,3,18:00,3,20.0,3,20.0,25.65,25.65,0.0,10000,2.24,800,4.15,27.56,46.14,0,4.74,31.55,0.8,1.0,66.67,4,1,0.3774,Estabilizado,Operação Normal
2026-08-27T21:00:52.644292,6012-31,34544,2,JD. ÂNGELA,PQ. INDEPENDÊNCIA,3,18:00,2,30.0,2,20.0,25.65,25.65,0.0,10000,2.24,800,6.56,12.58,26.84,0,4.74,48.42,0.8,0.667,75.0,3,1,0.4737,Estabilizado,Operação Normal
2026-08-27T21:00:52.644292,6835-31,1407,1,TERM. CAPELINHA,VALO VELHO,3,18:00,2,30.0,2,20.0,25.65,25.65,0.0,10000,2.24,800,3.03,19.28,26.74,0,4.74,23.71,0.8,0.667,75.0,3,1,0.4119,Estabilizado,Operação Normal
2026-08-27T21:00:52.644292,4085-10,2156,1,METRÔ ITAQUERA,COHAB FAZENDA DO CARMO,3,18:00,4,15.0,4,20.0,25.65,25.65,0.0,10000,2.24,800,7.19,14.42,27.58,1,4.74,77.83,0.8,1.0,75.0,6,2,0.5139,Estabilizado,Operação Normal
2026-08-27T21:00:52.644292,3015-10,2454,1,JD. MABEL,JD. ROMANO,3,18:00,1,60.0,1,20.0,25.65,25.65,0.0,10000,2.24,800,3.2,18.18,26.45,0,4.74,24.9,0.8,0.333,100.0,2,1,0.5108,Estabilizado,Operação Normal
2026-08-27T21:00:52.644292,271C-10,682,1,TERM. PRINC. ISABEL - CIRCULAR,PQ. VL. MARIA,3,18:00,3,20.0,3,20.0,25.65,25.65,0.0,10000,2.24,800,5.03,21.55,41.23,0,4.74,37.71,0.8,1.0,66.67,4,1,0.3928,Estabilizado,Operação Normal
2026-08-27T21:00:52.644292,2735-21,33282,2,METRÔ PENHA,JD. SÃO FRANCISCO,3,18:00,2,30.0,2,20.0,25.65,25.65,0.0,10000,2.24,800,2.35,25.64,32.44,0,4.74,18.95,0.8,0.667,75.0,3,1,0.4,Estabilizado,Operação Normal
2026-08-27T21:00:52.644292,6099-10,34355,2,DIVISA DE EMBU-GUAÇU,TERM. GRAJAÚ,3,18:00,2,30.0,2,20.0,25.65,25.65,0.0,10000,2.24,800,7.91,17.09,29.33,0,4.74,57.87,0.8,0.667,75.0,3,1,0.4973,Estabilizado,Operação Normal
2026-08-27T21:00:52.644292,6059-10,33994,2,STO. AMARO,JD. UNIVERSAL,3,18:00,5,12.0,5,20.0,25.65,25.65,0.0,10000,2.24,800,2.74,24.66,37.75,0,4.74,21.68,0.8,1.0,60.0,6,1,0.336,Estabilizado,Operação Normal
2026-08-27T21:00:52.644292,6418-10,771,1,BROOKLIN NOVO,REAL PQ.,3,18:00,3,20.0,3,20.0,25.65,25.65,0.0,10000,2.24,800,5.94,12.09,32.47,0,4.74,44.08,0.8,1.0,66.67,4,1,0.4087,Estabilizado,Operação Normal
2026-08-27T21:00:52.644292,2008-10,897,1,CPTM ITAIM PAULISTA,JD. NSA. SRA. DO CAMINHO,3,18:00,6,10.0,6,20.0,25.65,25.65,0.0,10000,2.24,800,3.21,21.77,23.99,0,4.74,24.97,0.8,1.0,58.33,7,1,0.3401,Estabilizado,Operação Normal
2026-08-27T21:00:52.644292,1785-10,34584,2,METRÔ SANTANA,VL. AURORA,3,18:00,2,30.0,2,20.0,25.65,25.65,0.0,10000,2.24,800,5.4,11.51,25.61,0,4.74,40.3,0.8,0.667,75.0,3,1,0.4534,Estabilizado,Operação Normal
2026-08-27T21:00:52.644292,637V-10,104,1,TERM. STO. AMARO,PQ. AMÉRICA,3,18:00,3,20.0,3,20.0,25.65,25.65,0.0,10000,2.24,800,6.28,11.8,29.36,0,4.74,46.46,0.8,1.0,66.67,4,1,0.4147,Estabilizado,Operação Normal
2026-08-27T21:00:52.644292,407R-10,34969,2,METRÔ BELÉM,TERM. VL. CARRÃO,3,18:00,5,12.0,5,20.0,25.65,25.65,0.0,10000,2.24,800,3.81,18.43,31.7,0,4.74,29.17,0.8,1.0,60.0,6,1,0.3548,Estabilizado,Operação Normal
2026-08-27T21:00:52.644292,8007-10,1257,1,TERM. PIRITUBA,HAB. TURÍSTICA,3,18:00,1,60.0,1,20.0,25.65,25.65,0.0,10000,2.24,800,5.12,31.99,44.79,0,4.74,38.34,0.8,0.333,100.0,2,1,0.5444,Estabilizado,Operação Normal
2026-08-27T21:00:52.644292,5164-41,34385,2,METRÔ CONCEIÇÃO,VL. GUARANI,3,18:00,1,60.0,1,20.0,25.65,25.65,0.0,10000,2.24,800,5.93,9.77,28.29,0,4.74,44.01,0.8,0.333,100.0,2,1,0.5586,Estabilizado,Operação Normal
2026-08-27T21:00:52.644292,2767-10,33009,2,METRÔ TATUAPÉ,CID. PEDRO JOSÉ NUNES,3,18:00,1,60.0,1,20.0,25.65,25.65,0.0,10000,2.24,800,3.61,19.64,28.84,0,4.74,27.77,0.8,0.333,100.0,2,1,0.518,Estabilizado,Operação Normal
2026-08-27T21:00:52.644292,6960-10,1443,1,TERM. STO. AMARO,TERM. VARGINHA,3,18:00,5,12.0,5,20.0,25.65,25.65,0.0,10000,2.24,800,4.52,15.76,35.94,0,4.74,34.14,0.8,1.0,60.0,6,1,0.3672,Estabilizado,Operação Normal
2026-08-27T21:00:52.644292,5652-10,274,1,PÇA. DA SÉ,JD. IV CENTENÁRIO,3,18:00,4,15.0,4,20.0,25.65,25.65,0.0,10000,2.24,800,3.92,16.81,30.54,0,4.74,29.94,0.8,1.0,62.5,5,1,0.3629,Estabilizado,Operação Normal
2026-08-27T21:00:52.644292,6052-31,34600,2,TERM. EST. VARGINHA,JD. ALMEIDA PRADO,3,18:00,1,60.0,1,20.0,25.65,25.65,0.0,10000,2.24,800,2.97,22.79,27.45,0,4.74,23.29,0.8,0.333,100.0,2,1,0.5068,Estabilizado,Operação Normal
2026-08-27T21:00:52.644292,3064-10,980,1,CPTM GUAIANASES,CID. TIRADENTES,3,18:00,8,7.5,8,20.0,25.65,25.65,0.0,10000,2.24,800,3.34,19.55,30.57,0,4.74,25.88,0.8,1.0,62.5,10,2,0.3528,Estabilizado,Operação Normal
2026-08-27T21:00:52.644292,8019-31,35342,2,TERM. VL. SÔNIA,PQ. CONTINENTAL,3,18:00,2,30.0,2,20.0,25.65,25.65,0.0,10000,2.24,800,4.62,15.06,26.66,0,4.74,34.84,0.8,0.667,75.0,3,1,0.4398,Estabilizado,Operação Normal
2026-08-27T21:00:52.644292,6076-41,1986,1,TERM. STO. AMARO,JD. SATÉLITE II,3,18:00,1,60.0,1,20.0,25.65,25.65,0.0,10000,2.24,800,2.84,19.96,27.09,0,4.74,22.38,0.8,0.333,100.0,2,1,0.5045,Estabilizado,Operação Normal
2026-08-27T21:00:52.644292,178Y-21,2225,1,METRÔ JD. SÃO PAULO,CONJ. DOS BANCÁRIOS,3,18:00,1,60.0,1,20.0,25.65,25.65,0.0,10000,2.24,800,3.79,19.55,34.84,0,4.74,29.03,0.8,0.333,100.0,2,1,0.5211,Estabilizado,Operação Normal
2026-08-27T21:00:52.644292,9012-10,1268,1,TERM. LAPA,ITABERABA,3,18:00,1,60.0,1,20.0,25.65,25.65,0.0,10000,2.24,800,5.88,16.47,38.58,1,4.74,68.66,0.8,0.333,100.0,2,1,0.6202,Risco,Monitorar Linha em Alerta
2026-08-27T21:00:52.644292,8100-10,34030,2,TERM. LAPA,TERM. PIRITUBA,3,18:00,3,20.0,3,20.0,25.65,25.65,0.0,10000,2.24,800,4.05,16.18,39.85,1,4.74,55.85,0.8,1.0,66.67,4,1,0.4382,Estabilizado,Operação Normal
2026-08-27T21:00:52.644292,121G-10,33459,2,METRÔ TUCURUVI,PQ. NOVO MUNDO,3,18:00,4,15.0,4,20.0,25.65,25.65,0.0,10000,2.24,800,2.82,22.41,35.86,0,4.74,22.24,0.8,1.0,62.5,5,1,0.3437,Estabilizado,Operação Normal
2026-08-27T21:00:52.644292,2710-10,924,1,BURGO PAULISTA,METRÔ PATRIARCA,3,18:00,5,12.0,5,20.0,25.65,25.65,0.0,10000,2.24,800,3.22,20.98,31.64,0,4.74,25.04,0.8,1.0,60.0,6,1,0.3445,Estabilizado,Operação Normal
2026-08-27T21:00:52.644292,2023-42,2676,1,METRÔ TUCURUVI,JD. NOVA PARIS,3,18:00,1,60.0,1,20.0,25.65,25.65,0.0,10000,2.24,800,8.94,6.15,26.04,0,4.74,65.08,0.8,0.333,100.0,2,1,0.6112,Risco,Monitorar Linha em Alerta
2026-08-27T21:00:52.644292,513L-10,1655,1,PQ. BELÉM,TERM. SACOMÃ,3,18:00,4,15.0,4,20.0,25.65,25.65,0.0,10000,2.24,800,5.71,14.09,32.21,1,4.74,67.47,0.8,1.0,75.0,6,2,0.488,Estabilizado,Operação Normal
2026-08-27T21:00:52.644292,5194-10,269,1,PQ. IBIRAPUERA,JD. APURÁ,3,18:00,1,60.0,1,20.0,25.65,25.65,0.0,10000,2.24,800,4.82,24.23,44.12,1,4.74,61.24,0.8,0.333,100.0,2,1,0.6016,Risco,Monitorar Linha em Alerta
2026-08-27T21:00:52.644292,6057-10,33916,2,TERM. GRAJAÚ,VL. NATAL,3,18:00,2,30.0,2,20.0,25.65,25.65,0.0,10000,2.24,800,2.9,18.92,23.8,0,4.74,22.8,0.8,0.667,75.0,3,1,0.4096,Estabilizado,Operação Normal
2026-08-27T21:00:52.644292,1036-10,35221,2,CONEXÃO VL. IÓRIO,COHAB BRASILÂNDIA,3,18:00,7,8.6,7,20.0,25.65,25.65,0.0,10000,2.24,800,3.11,14.51,21.91,0,4.74,24.27,0.8,1.0,64.29,9,2,0.3533,Estabilizado,Operação Normal
2026-08-27T21:00:52.644292,1025-10,35071,2,CONEXÃO PETRÔNIO PORTELA,JD. CAROMBÉ,3,18:00,3,20.0,3,20.0,25.65,25.65,0.0,10000,2.24,800,2.94,18.25,26.74,0,4.74,23.08,0.8,1.0,66.67,4,1,0.3562,Estabilizado,Operação Normal
2026-08-27T21:00:52.644292,8319-10,476,1,SESC POMPÉIA,PQ. CONTINENTAL,3,18:00,3,20.0,3,20.0,25.65,25.65,0.0,10000,2.24,800,4.0,24.55,29.19,0,4.74,30.5,0.8,1.0,66.67,4,1,0.3748,Estabilizado,Operação Normal
2026-08-27T21:00:52.644292,3024-10,277,1,TERM. VL PRUDENTE,VL. INDUSTRIAL,3,18:00,2,30.0,2,20.0,25.65,25.65,0.0,10000,2.24,800,2.37,25.68,32.11,0,4.74,19.09,0.8,0.667,75.0,3,1,0.4004,Estabilizado,Operação Normal
2026-08-27T21:00:52.644292,4016-10,34957,2,TERM. SÃO MATEUS,PQ. SÃO RAFAEL,3,18:00,2,30.0,2,20.0,25.65,25.65,0.0,10000,2.24,800,2.63,22.22,28.27,0,4.74,20.91,0.8,0.667,75.0,3,1,0.4049,Estabilizado,Operação Normal
2026-08-27T21:00:52.644292,8008-10,1258,1,TERM. PIRITUBA,HAB. TURÍSTICA,3,18:00,3,20.0,3,20.0,25.65,25.65,0.0,10000,2.24,800,2.47,21.83,33.06,1,4.74,44.79,0.8,1.0,66.67,4,1,0.4105,Estabilizado,Operação Normal
2026-08-27T21:00:52.644292,4004-10,34946,2,BARRO BRANCO,TERM. CID. TIRADENTES,3,18:00,3,20.0,3,20.0,25.65,25.65,0.0,10000,2.24,800,3.72,23.86,31.52,0,4.74,28.54,0.8,1.0,66.67,4,1,0.3699,Estabilizado,Operação Normal
2026-08-27T21:00:52.644292,7005-51,34767,2,METRÔ CAPÃO REDONDO ,JD. VERA CRUZ,3,18:00,5,12.0,5,20.0,25.65,25.65,0.0,10000,2.24,800,4.33,13.54,28.48,0,4.74,32.81,0.8,1.0,60.0,6,1,0.3639,Estabilizado,Operação Normal
2026-08-27T21:00:52.644292,3032-10,33488,2,CIRCULAR,TERM. VL. CARRÃO,3,18:00,2,30.0,2,20.0,25.65,25.65,0.0,10000,2.24,800,4.92,16.21,29.35,0,4.74,36.94,0.8,0.667,75.0,3,1,0.445,Estabilizado,Operação Normal
2026-08-27T21:00:52.644292,637G-51,32870,2,PINHEIROS,JD. ELIANA,3,18:00,2,30.0,2,20.0,25.65,25.65,0.0,10000,2.24,800,5.05,11.9,28.07,0,4.74,37.85,0.8,0.667,75.0,3,1,0.4473,Estabilizado,Operação Normal
2026-08-27T21:00:52.644292,3414-10,746,1,TERM. PQ. D. PEDRO II,VL. DALILA,3,18:00,4,15.0,4,20.0,25.65,25.65,0.0,10000,2.24,800,6.08,14.01,33.47,1,4.74,70.06,0.8,1.0,75.0,6,2,0.4945,Estabilizado,Operação Normal
2026-08-27T21:00:52.644292,3010-10,2543,1,TERM. A. E. CARVALHO,CEM. DA SAUDADE,3,18:00,2,30.0,2,20.0,25.65,25.65,0.0,10000,2.24,800,3.24,21.42,31.13,0,4.74,25.18,0.8,0.667,75.0,3,1,0.4156,Estabilizado,Operação Normal
2026-08-27T21:00:52.644292,2088-10,372,1,TERM. A. E. CARVALHO,CONJ. ENCOSTA NORTE,3,18:00,1,60.0,1,20.0,25.65,25.65,0.0,10000,2.24,800,2.45,19.05,21.63,0,4.74,19.65,0.8,0.333,100.0,2,1,0.4977,Estabilizado,Operação Normal
2026-08-27T21:00:52.644292,2123-10,692,1,LIBERDADE,VL. MEDEIROS,3,18:00,4,15.0,4,20.0,25.65,25.65,0.0,10000,2.24,800,3.86,17.67,30.71,1,4.74,54.52,0.8,1.0,75.0,6,2,0.4556,Estabilizado,Operação Normal
2026-08-27T21:00:52.644292,1741-10,33307,2,METRÔ SANTANA,VL. DIONISIA,3,18:00,2,30.0,2,20.0,25.65,25.65,0.0,10000,2.24,800,5.25,14.03,28.4,0,4.74,39.25,0.8,0.667,75.0,3,1,0.4508,Estabilizado,Operação Normal
2026-08-27T21:00:52.644292,677A-10,1239,1,ITAIM BIBI,TERM. JD. ÂNGELA,3,18:00,6,10.0,6,20.0,25.65,25.65,0.0,10000,2.24,800,5.55,16.84,37.91,0,4.74,41.35,0.8,1.0,66.67,8,2,0.4019,Estabilizado,Operação Normal
2026-08-27T21:00:52.644292,5108-21,34695,2,METRÔ ALTO DO IPIRANGA,JD. CELESTE,3,18:00,1,60.0,1,20.0,25.65,25.65,0.0,10000,2.24,800,3.02,20.72,29.19,0,4.74,23.64,0.8,0.333,100.0,2,1,0.5077,Estabilizado,Operação Normal
2026-08-27T21:00:52.644292,6022-10,1207,1,JD. ÂNGELA,PQ. CEREJEIRA,3,18:00,2,30.0,2,20.0,25.65,25.65,0.0,10000,2.24,800,4.9,14.33,36.47,0,4.74,36.8,0.8,0.667,75.0,3,1,0.4446,Estabilizado,Operação Normal
2026-08-27T21:00:52.644292,278A-10,706,1,PENHA  ,METRÔ SANTANA,3,18:00,6,10.0,6,20.0,25.65,25.65,0.0,10000,2.24,800,3.76,17.35,31.22,0,4.74,28.82,0.8,1.0,66.67,8,2,0.3706,Estabilizado,Operação Normal
2026-08-27T21:00:52.644292,6058-10,33917,2,TERM. EST. VARGINHA,JD. NORONHA,3,18:00,2,30.0,2,20.0,25.65,25.65,0.0,10000,2.24,800,3.0,22.5,45.0,0,4.74,23.5,0.8,0.667,75.0,3,1,0.4114,Estabilizado,Operação Normal
2026-08-27T21:00:52.644292,6049-10,1309,1,STO. AMARO,VALO VELHO,3,18:00,6,10.0,6,20.0,25.65,25.65,0.0,10000,2.24,800,3.91,20.57,27.89,1,4.74,54.87,0.8,1.0,66.67,8,2,0.4357,Estabilizado,Operação Normal
2026-08-27T21:00:52.644292,4086-10,35018,2,CIRCULAR,TERM. CID. TIRADENTES,3,18:00,3,20.0,3,20.0,25.65,25.65,0.0,10000,2.24,800,3.74,24.17,31.05,0,4.74,28.68,0.8,1.0,66.67,4,1,0.3702,Estabilizado,Operação Normal
2026-08-27T21:00:52.644292,6037-10,33983,2,TERM. CAPELINHA,JD. MITSUTANI,3,18:00,4,15.0,4,20.0,25.65,25.65,0.0,10000,2.24,800,5.21,15.13,32.6,0,4.74,38.97,0.8,1.0,62.5,5,1,0.3855,Estabilizado,Operação Normal
2026-08-27T21:00:52.644292,6063-10,33920,2,TERM. EST. VARGINHA,JD. VARGINHA,3,18:00,6,10.0,6,20.0,25.65,25.65,0.0,10000,2.24,800,2.59,18.6,22.19,0,4.74,20.63,0.8,1.0,58.33,7,1,0.3292,Estabilizado,Operação Normal
2026-08-27T21:00:52.644292,8027-10,34930,2,BUTANTÃ,VL. DALVA,3,18:00,2,30.0,2,20.0,25.65,25.65,0.0,10000,2.24,800,2.59,18.77,29.24,0,4.74,20.63,0.8,0.667,75.0,3,1,0.4042,Estabilizado,Operação Normal
2026-08-27T21:00:52.644292,476L-10,262,1,LAR ESC. SÃO FRANCISCO,METRÔ VL. MARIANA,3,18:00,1,60.0,1,20.0,25.65,25.65,0.0,10000,2.24,800,4.56,17.14,35.09,0,4.74,34.42,0.8,0.333,100.0,2,1,0.5346,Estabilizado,Operação Normal
2026-08-27T21:00:52.644292,809J-10,2066,1,METRÔ MORUMBI,JD. COLOMBO,3,18:00,1,60.0,1,20.0,25.65,25.65,0.0,10000,2.24,800,2.55,17.21,28.57,1,4.74,35.35,0.8,0.333,100.0,2,1,0.5369,Estabilizado,Operação Normal
2026-08-27T21:00:52.644292,253F-10,158,1,TERM. SÃO MATEUS,TERM. A. E. CARVALHO,3,18:00,3,20.0,3,20.0,25.65,25.65,0.0,10000,2.24,800,3.69,23.31,38.82,0,4.74,28.33,0.8,1.0,66.67,4,1,0.3694,Estabilizado,Operação Normal
2026-08-27T21:00:52.644292,7062-41,2271,1,HORTO DO YPÊ,METRÔ CAMPO LIMPO,3,18:00,1,60.0,1,20.0,25.65,25.65,0.0,10000,2.24,800,4.81,16.9,28.48,0,4.74,36.17,0.8,0.333,100.0,2,1,0.539,Estabilizado,Operação Normal
2026-08-27T21:00:52.644292,2451-10,213,1,TERM. ARICANDUVA,VL. SÃO FRANCISCO,3,18:00,2,30.0,2,20.0,25.65,25.65,0.0,10000,2.24,800,3.66,22.34,34.64,0,4.74,28.12,0.8,0.667,75.0,3,1,0.423,Estabilizado,Operação Normal
2026-08-27T21:00:52.644292,1178-33,2010,1,SÃO MIGUEL,PÇA. DO CORREIO,3,18:00,4,15.0,4,20.0,25.65,25.65,0.0,10000,2.24,800,4.17,20.2,34.98,0,4.74,31.69,0.8,1.0,62.5,5,1,0.3673,Estabilizado,Operação Normal
2026-08-27T21:00:52.644292,8021-10,34841,2,BUTANTÃ,JD. MARIA LUIZA,3,18:00,1,60.0,1,20.0,25.65,25.65,0.0,10000,2.24,800,2.4,24.94,31.17,0,4.74,19.3,0.8,0.333,100.0,2,1,0.4968,Estabilizado,Operação Normal
2026-08-27T21:00:52.644292,119C-10,661,1,TERM. PRINC. ISABEL,PQ. EDU CHAVES,3,18:00,3,20.0,3,20.0,25.65,25.65,0.0,10000,2.24,800,4.45,22.71,36.23,0,4.74,33.65,0.8,1.0,66.67,4,1,0.3826,Estabilizado,Operação Normal
2026-08-27T21:00:52.644292,5178-10,595,1,PÇA. JOÃO MENDES,JD. MIRIAM,3,18:00,6,10.0,6,20.0,25.65,25.65,0.0,10000,2.24,800,4.93,17.72,34.43,1,4.74,62.01,0.8,1.0,75.0,9,3,0.4744,Estabilizado,Operação Normal
2026-08-27T21:00:52.644292,2522-10,140,1,METRÔ ITAQUERA,JD. STO. ANTÔNIO,3,18:00,2,30.0,2,20.0,25.65,25.65,0.0,10000,2.24,800,5.5,17.09,30.1,1,4.74,66.0,0.8,0.667,75.0,3,1,0.5176,Estabilizado,Operação Normal
2026-08-27T21:00:52.644292,5100-10,34138,2,TERM. PQ. D. PEDRO II,TERM. PINHEIROS,3,18:00,3,20.0,3,20.0,25.65,25.65,0.0,10000,2.24,800,4.06,11.71,25.69,1,4.74,55.92,0.8,1.0,66.67,4,1,0.4383,Estabilizado,Operação Normal
2026-08-27T21:00:52.644292,607A-21,34908,2,EST. JURUBATUBA,JD. APURÁ,3,18:00,3,20.0,3,20.0,25.65,25.65,0.0,10000,2.24,800,1.56,26.14,26.1,0,4.74,13.42,0.8,1.0,66.67,4,1,0.3321,Estabilizado,Operação Normal
2026-08-27T21:00:52.644292,8078-10,34848,2,HOSP. CAMPO LIMPO,JD. DAS PALMAS,3,18:00,5,12.0,5,20.0,25.65,25.65,0.0,10000,2.24,800,7.1,11.69,26.96,0,4.74,52.2,0.8,1.0,70.0,7,2,0.4373,Estabilizado,Operação Normal
2026-08-27T21:00:52.644292,8020-10,1726,1,SHOP. MORUMBI,BUTANTÃ,3,18:00,1,60.0,1,20.0,25.65,25.65,0.0,10000,2.24,800,2.54,27.0,33.61,0,4.74,20.28,0.8,0.333,100.0,2,1,0.4992,Estabilizado,Operação Normal
2026-08-27T21:00:52.644292,8001-10,34019,2,TERM. LAPA,VL. PIAUÍ,3,18:00,2,30.0,2,20.0,25.65,25.65,0.0,10000,2.24,800,3.38,25.9,31.84,1,4.74,51.16,0.8,0.667,75.0,3,1,0.4806,Estabilizado,Operação Normal
2026-08-27T21:00:52.644292,1771-10,634,1,METRÔ SANTANA,JD. FONTÁLIS,3,18:00,2,30.0,2,20.0,25.65,25.65,0.0,10000,2.24,800,5.88,12.39,28.71,0,4.74,43.66,0.8,0.667,75.0,3,1,0.4618,Estabilizado,Operação Normal
2026-08-27T21:00:52.644292,2060-10,134,1,METRÔ ARTUR ALVIM,TERM. A. E. CARVALHO,3,18:00,2,30.0,2,20.0,25.65,25.65,0.0,10000,2.24,800,4.08,21.37,34.07,0,4.74,31.06,0.8,0.667,75.0,3,1,0.4303,Estabilizado,Operação Normal
2026-08-27T21:00:52.644292,3728-41,1988,1,PQ. NOVA SAVOY,METRÔ ARTUR ALVIM,3,18:00,1,60.0,1,20.0,25.65,25.65,0.0,10000,2.24,800,3.47,27.31,35.0,0,4.74,26.79,0.8,0.333,100.0,2,1,0.5155,Estabilizado,Operação Normal
2026-08-27T21:00:52.644292,2123-10,33460,2,LIBERDADE,VL. MEDEIROS,3,18:00,6,10.0,6,20.0,25.65,25.65,0.0,10000,2.24,800,4.47,18.97,33.39,1,4.74,58.79,0.8,1.0,66.67,8,2,0.4455,Estabilizado,Operação Normal
2026-08-27T21:00:52.644292,5630-21,1447,1,LGO. SÃO FRANCISCO,CID. DUTRA,3,18:00,1,60.0,1,20.0,25.65,25.65,0.0,10000,2.24,800,4.14,20.13,38.3,0,4.74,31.48,0.8,0.333,100.0,2,1,0.5272,Estabilizado,Operação Normal
2026-08-27T21:00:52.644292,271P-10,704,1,PÇA DO CORREIO,CANGAÍBA,3,18:00,4,15.0,4,20.0,25.65,25.65,0.0,10000,2.24,800,4.21,17.22,32.07,0,4.74,31.97,0.8,1.0,62.5,5,1,0.368,Estabilizado,Operação Normal
2026-08-27T21:00:52.644292,425E-10,34404,2,JD. ESTER,TERM. SAPOPEMBA,3,18:00,1,60.0,1,20.0,25.65,25.65,0.0,10000,2.24,800,4.73,19.84,36.52,0,4.74,35.61,0.8,0.333,100.0,2,1,0.5376,Estabilizado,Operação Normal
2026-08-27T21:00:52.644292,8050-31,33183,2,LAPA,PQ. MORRO DOCE,3,18:00,2,30.0,2,20.0,25.65,25.65,0.0,10000,2.24,800,5.62,28.36,55.34,0,4.74,41.84,0.8,0.667,75.0,3,1,0.4572,Estabilizado,Operação Normal
2026-08-27T21:00:52.644292,6816-31,34516,2,TERM. CAPELINHA,JD. MITSUTANI,3,18:00,3,20.0,3,20.0,25.65,25.65,0.0,10000,2.24,800,3.83,18.58,31.04,0,4.74,29.31,0.8,1.0,66.67,4,1,0.3718,Estabilizado,Operação Normal
2026-08-27T21:00:52.644292,5020-10,1670,1,TERM. SACOMÃ,HOSP. HELIÓPOLIS,3,18:00,2,30.0,2,20.0,25.65,25.65,0.0,10000,2.24,800,3.63,13.6,29.11,0,4.74,27.91,0.8,0.667,75.0,3,1,0.4224,Estabilizado,Operação Normal
2026-08-27T21:00:52.644292,7245-10,33131,2,HOSP. DAS CLÍNICAS,TERM. STO. AMARO,3,18:00,6,10.0,6,20.0,25.65,25.65,0.0,10000,2.24,800,5.74,11.0,27.82,0,4.74,42.68,0.8,1.0,66.67,8,2,0.4052,Estabilizado,Operação Normal
2026-08-27T21:00:52.644292,9018-10,34039,2,TERM. PIRITUBA,VL. MIRANTE,3,18:00,2,30.0,2,20.0,25.65,25.65,0.0,10000,2.24,800,3.05,17.37,27.59,0,4.74,23.85,0.8,0.667,75.0,3,1,0.4123,Estabilizado,Operação Normal
2026-08-27T21:00:52.644292,8055-51,417,1,METRÔ BARRA FUNDA,PERUS,3,18:00,3,20.0,3,20.0,25.65,25.65,0.0,10000,2.24,800,4.84,13.7,28.53,1,4.74,61.38,0.8,1.0,66.67,4,1,0.452,Estabilizado,Operação Normal
2026-08-27T21:00:52.644292,6825-10,14,1,TERM. CAPELINHA,VALO VELHO,3,18:00,4,15.0,4,20.0,25.65,25.65,0.0,10000,2.24,800,3.57,20.12,26.91,1,4.74,52.49,0.8,1.0,75.0,6,2,0.4506,Estabilizado,Operação Normal
2026-08-27T21:00:52.644292,714C-10,33255,2,PAULISTA,COHAB EDUCANDÁRIO,3,18:00,3,20.0,3,20.0,25.65,25.65,0.0,10000,2.24,800,5.76,12.01,27.04,0,4.74,42.82,0.8,1.0,66.67,4,1,0.4056,Estabilizado,Operação Normal
2026-08-27T21:00:52.644292,908T-10,2116,1,BUTANTÃ,TERM. PQ. D. PEDRO II,3,18:00,3,20.0,3,20.0,25.65,25.65,0.0,10000,2.24,800,3.94,17.93,27.9,1,4.74,55.08,0.8,1.0,66.67,4,1,0.4362,Estabilizado,Operação Normal
2026-08-27T21:00:52.644292,6804-10,32798,2,TERM. JOÃO DIAS,JD. INGÁ,3,18:00,4,15.0,4,20.0,25.65,25.65,0.0,10000,2.24,800,8.42,8.16,27.67,0,4.74,61.44,0.8,1.0,75.0,6,2,0.4729,Estabilizado,Operação Normal
2026-08-27T21:00:52.644292,8077-10,34818,2,TERM. VL. SÔNIA,JD. JOÃO XXIII,3,18:00,4,15.0,4,20.0,25.65,25.65,0.0,10000,2.24,800,1.67,18.23,23.73,0,4.74,14.19,0.8,1.0,62.5,5,1,0.3236,Estabilizado,Operação Normal
2026-08-27T21:00:52.644292,1019-10,2495,1,TERM. PIRITUBA,SOL NASCENTE,3,18:00,2,30.0,2,20.0,25.65,25.65,0.0,10000,2.24,800,4.38,20.5,35.97,0,4.74,33.16,0.8,0.667,75.0,3,1,0.4356,Estabilizado,Operação Normal
2026-08-27T21:00:52.644292,513C-10,35303,2,SÃO MATEUS,VL. CALIFÓRNIA,3,18:00,4,15.0,4,20.0,25.65,25.65,0.0,10000,2.24,800,3.77,17.9,31.28,1,4.74,53.89,0.8,1.0,75.0,6,2,0.4541,Estabilizado,Operação Normal
2026-08-27T21:00:52.644292,8548-10,578,1,TERM. LAPA,PARADA DE TAIPAS,3,18:00,2,30.0,2,20.0,25.65,25.65,0.0,10000,2.24,800,2.89,20.33,26.26,0,4.74,22.73,0.8,0.667,75.0,3,1,0.4095,Estabilizado,Operação Normal
2026-08-27T21:00:52.644292,4037-10,35356,2,CIRCULAR,TERM. VL. CARRÃO,3,18:00,1,60.0,1,20.0,25.65,25.65,0.0,10000,2.24,800,3.13,18.05,35.82,0,4.74,24.41,0.8,0.333,100.0,2,1,0.5096,Estabilizado,Operação Normal
2026-08-27T21:00:52.644292,809U-21,35075,2,METRÔ VILA MADALENA,METRÔ BARRA FUNDA,3,18:00,1,60.0,1,20.0,25.65,25.65,0.0,10000,2.24,800,7.68,12.38,37.87,0,4.74,56.26,0.8,0.333,100.0,2,1,0.5892,Estabilizado,Operação Normal
2026-08-27T21:00:52.644292,775V-10,33243,2,ITAIM BIBI,RIO PEQUENO,3,18:00,3,20.0,3,20.0,25.65,25.65,0.0,10000,2.24,800,2.73,21.79,31.16,0,4.74,21.61,0.8,1.0,66.67,4,1,0.3526,Estabilizado,Operação Normal
2026-08-27T21:00:52.644292,5033-10,34433,2,TERM. SACOMÃ,VL. BRASILINA,3,18:00,3,20.0,3,20.0,25.65,25.65,0.0,10000,2.24,800,4.87,16.96,34.53,0,4.74,36.59,0.8,1.0,66.67,4,1,0.39,Estabilizado,Operação Normal
2026-08-27T21:00:52.644292,6012-31,1776,1,JD. ÂNGELA,PQ. INDEPENDÊNCIA,3,18:00,1,60.0,1,20.0,25.65,25.65,0.0,10000,2.24,800,4.77,18.91,33.39,0,4.74,35.89,0.8,0.333,100.0,2,1,0.5383,Estabilizado,Operação Normal
2026-08-27T21:00:52.644292,7051-10,34653,2,TERM. CAMPO LIMPO,JD. ROSANA,3,18:00,2,30.0,2,20.0,25.65,25.65,0.0,10000,2.24,800,4.7,16.81,29.11,0,4.74,35.4,0.8,0.667,75.0,3,1,0.4412,Estabilizado,Operação Normal
2026-08-27T21:00:52.644292,6L08-10,1182,1,HOSP. PARELHEIROS,JD. SÃO NICOLAU,3,18:00,2,30.0,2,20.0,25.65,25.65,0.0,10000,2.24,800,3.0,22.5,45.0,0,4.74,23.5,0.8,0.667,75.0,3,1,0.4114,Estabilizado,Operação Normal
2026-08-27T21:00:52.644292,809D-10,2068,1,TERM. PINHEIROS,COHAB EDUCANDÁRIO,3,18:00,3,20.0,3,20.0,25.65,25.65,0.0,10000,2.24,800,4.02,17.19,28.67,0,4.74,30.64,0.8,1.0,66.67,4,1,0.3751,Estabilizado,Operação Normal
2026-08-27T21:00:52.644292,4718-10,33104,2,METRÔ STA. CRUZ,JD. CELESTE,3,18:00,1,60.0,1,20.0,25.65,25.65,0.0,10000,2.24,800,4.35,17.38,32.98,0,4.74,32.95,0.8,0.333,100.0,2,1,0.5309,Estabilizado,Operação Normal
2026-08-27T21:00:52.644292,6021-10,177,1,JD. NOVA ERA,TERM. VARGINHA,3,18:00,4,15.0,4,20.0,25.65,25.65,0.0,10000,2.24,800,3.29,21.57,32.44,0,4.74,25.53,0.8,1.0,62.5,5,1,0.3519,Estabilizado,Operação Normal
2026-08-27T21:00:52.644292,425E-10,1636,1,JD. ESTER,TERM. SAPOPEMBA,3,18:00,1,60.0,1,20.0,25.65,25.65,0.0,10000,2.24,800,1.73,23.09,25.95,0,4.74,14.61,0.8,0.333,100.0,2,1,0.4851,Estabilizado,Operação Normal
2026-08-27T21:00:52.644292,7725-10,472,1,TERM. LAPA,RIO PEQUENO,3,18:00,2,30.0,2,20.0,25.65,25.65,0.0,10000,2.24,800,4.15,18.04,27.92,0,4.74,31.55,0.8,0.667,75.0,3,1,0.4315,Estabilizado,Operação Normal
2026-08-27T21:00:52.644292,909T-1,35280,2,TERM. PQ. D. PEDRO II,TERM. PINHEIROS,3,18:00,3,20.0,3,20.0,25.65,25.65,0.0,10000,2.24,800,5.36,14.63,32.79,0,4.74,40.02,0.8,1.0,66.67,4,1,0.3986,Estabilizado,Operação Normal
2026-08-27T21:00:52.644292,519L-10,2631,1,METRÔ SÃO JUDAS,VL. LIVIERO,3,18:00,1,60.0,1,20.0,25.65,25.65,0.0,10000,2.24,800,2.34,32.78,34.01,0,4.74,18.88,0.8,0.333,100.0,2,1,0.4958,Estabilizado,Operação Normal
2026-08-27T21:00:52.644292,6042-21,34543,2,CEU CAPÃO REDONDO,TERM. CAPELINHA,3,18:00,1,60.0,1,20.0,25.65,25.65,0.0,10000,2.24,800,3.36,19.18,30.93,0,4.74,26.02,0.8,0.333,100.0,2,1,0.5136,Estabilizado,Operação Normal
2026-08-27T21:00:52.644292,5362-41,32840,2,PQ. IBIRAPUERA,PQ. RES. COCAIA,3,18:00,3,20.0,3,20.0,25.65,25.65,0.0,10000,2.24,800,4.91,17.12,33.23,0,4.74,36.87,0.8,1.0,66.67,4,1,0.3907,Estabilizado,Operação Normal
2026-08-27T21:00:52.644292,8003-10,34021,2,TERM. LAPA,REMÉDIOS,3,18:00,1,60.0,1,20.0,25.65,25.65,0.0,10000,2.24,800,4.94,27.93,49.58,0,4.74,37.08,0.8,0.333,100.0,2,1,0.5412,Estabilizado,Operação Normal
2026-08-27T21:00:52.644292,4114-10,321,1,TERM. PQ. D. PEDRO II,JD. DA SAÚDE,3,18:00,1,60.0,1,20.0,25.65,25.65,0.0,10000,2.24,800,2.68,19.57,27.45,0,4.74,21.26,0.8,0.333,100.0,2,1,0.5017,Estabilizado,Operação Normal
2026-08-27T21:00:52.644292,695Y-23,35380,2,PARELHEIROS,EST. MENDES/VL. NATAL,3,18:00,1,60.0,1,20.0,25.65,25.65,0.0,10000,2.24,800,2.47,22.8,29.42,0,4.74,19.79,0.8,0.333,100.0,2,1,0.498,Estabilizado,Operação Normal
2026-08-27T21:00:52.644292,1767-10,33396,2,METRÔ TUCURUVI,PQ. EDU CHAVES,3,18:00,6,10.0,6,20.0,25.65,25.65,0.0,10000,2.24,800,3.95,23.41,36.35,1,4.74,55.15,0.8,1.0,66.67,8,2,0.4364,Estabilizado,Operação Normal
2026-08-27T21:00:52.644292,8075-21,2537,1,TERM. VL. SÔNIA,TERM. CAMPO LIMPO,3,18:00,2,30.0,2,20.0,25.65,25.65,0.0,10000,2.24,800,3.66,16.87,27.17,0,4.74,28.12,0.8,0.667,75.0,3,1,0.423,Estabilizado,Operação Normal
2026-08-27T21:00:52.644292,4284-10,33057,2,TERM. VL. PRUDENTE,VL. CALIFÓRNIA,3,18:00,1,60.0,1,20.0,25.65,25.65,0.0,10000,2.24,800,3.07,29.6,42.95,1,4.74,48.99,0.8,0.333,100.0,2,1,0.571,Estabilizado,Operação Normal
2026-08-27T21:00:52.644292,748A-41,499,1,LAPA,JD. PERI PERI,3,18:00,2,30.0,2,20.0,25.65,25.65,0.0,10000,2.24,800,7.29,9.56,27.93,0,4.74,53.53,0.8,0.667,75.0,3,1,0.4865,Estabilizado,Operação Normal
2026-08-27T21:00:52.644292,1721-10,666,1,METRÔ CARANDIRU,VL. SABRINA,3,18:00,6,10.0,6,20.0,25.65,25.65,0.0,10000,2.24,800,4.69,13.0,26.54,0,4.74,35.33,0.8,1.0,66.67,8,2,0.3869,Estabilizado,Operação Normal
2026-08-27T21:00:52.644292,874T-10,33075,2,LAPA,IPIRANGA,3,18:00,5,12.0,5,20.0,25.65,25.65,0.0,10000,2.24,800,4.89,15.43,31.63,1,4.74,61.73,0.8,1.0,70.0,7,2,0.4612,Estabilizado,Operação Normal
2026-08-27T21:00:52.644292,607M-10,2036,1,TERM. ÁGUA ESPRAIADA,TERM. GRAJAÚ,3,18:00,3,20.0,3,20.0,25.65,25.65,0.0,10000,2.24,800,4.24,18.05,30.85,0,4.74,32.18,0.8,1.0,66.67,4,1,0.379,Estabilizado,Operação Normal
2026-08-27T21:00:52.644292,372F-10,1015,1,METRÔ BRESSER,UNIV. SÃO JUDAS TADEU,3,18:00,1,60.0,1,20.0,25.65,25.65,0.0,10000,2.24,800,7.13,10.84,26.63,1,4.74,77.41,0.8,0.333,100.0,2,1,0.6421,Risco,Monitorar Linha em Alerta
2026-08-27T21:00:52.644292,2203-10,911,1,SHOP. PENHA,BURGO PAULISTA,3,18:00,3,20.0,3,20.0,25.65,25.65,0.0,10000,2.24,800,3.57,22.57,34.76,0,4.74,27.49,0.8,1.0,66.67,4,1,0.3673,Estabilizado,Operação Normal
2026-08-27T21:00:52.644292,7053-21,1895,1,TERM. CAMPO LIMPO,JD. MARIA SAMPAIO,3,18:00,2,30.0,2,20.0,25.65,25.65,0.0,10000,2.24,800,7.42,9.07,30.87,0,4.74,54.44,0.8,0.667,75.0,3,1,0.4888,Estabilizado,Operação Normal
2026-08-27T21:00:52.644292,2035-10,35450,2,CONJ. HAB. SONDA II,METRÔ PARADA INGLESA,3,18:00,2,30.0,2,20.0,25.65,25.65,0.0,10000,2.24,800,5.81,11.56,25.39,0,4.74,43.17,0.8,0.667,75.0,3,1,0.4606,Estabilizado,Operação Normal
2026-08-27T21:00:52.644292,6L10-41,2005,1,TERM. VARGINHA,MESSIÂNICA,3,18:00,1,60.0,1,20.0,25.65,25.65,0.0,10000,2.24,800,3.0,22.5,45.0,0,4.74,23.5,0.8,0.333,100.0,2,1,0.5073,Estabilizado,Operação Normal
2026-08-27T21:00:52.644292,3006-10,1865,1,CPTM GUAIANASES,JD. FANGANIELO,3,18:00,1,60.0,1,20.0,25.65,25.65,0.0,10000,2.24,800,2.17,22.8,29.17,0,4.74,17.69,0.8,0.333,100.0,2,1,0.4928,Estabilizado,Operação Normal
2026-08-27T21:00:52.644292,7062-10,34666,2,TERM. CAMPO LIMPO,INOCOOP CAMPO LIMPO,3,18:00,3,20.0,3,20.0,25.65,25.65,0.0,10000,2.24,800,6.02,14.41,30.25,0,4.74,44.64,0.8,1.0,66.67,4,1,0.4101,Estabilizado,Operação Normal
2026-08-27T21:00:52.644292,819A-10,33571,2,JD. PRIMAVERA,CPTM VL. AURORA,3,18:00,13,4.6,14,20.0,25.65,25.65,0.0,10000,2.24,800,6.1,14.94,34.34,1,4.74,70.2,0.8,1.0,76.92,20,7,0.4997,Estabilizado,Operação Normal
2026-08-27T21:00:52.644292,6003-10,1472,1,TERM. VARGINHA,TERM. GRAJAÚ,3,18:00,1,60.0,1,20.0,25.65,25.65,0.0,10000,2.24,800,5.24,20.94,39.26,0,4.74,39.18,0.8,0.333,100.0,2,1,0.5465,Estabilizado,Operação Normal
2026-08-27T21:00:52.644292,4718-10,336,1,METRÔ STA. CRUZ,JD. CELESTE,3,18:00,2,30.0,2,20.0,25.65,25.65,0.0,10000,2.24,800,4.14,19.53,32.29,1,4.74,56.48,0.8,0.667,75.0,3,1,0.4938,Estabilizado,Operação Normal
2026-08-27T21:00:52.644292,4012-10,2185,1,TERM. SÃO MATEUS,JD. IGUATEMI,3,18:00,2,30.0,2,20.0,25.65,25.65,0.0,10000,2.24,800,3.85,17.51,32.77,0,4.74,29.45,0.8,0.667,75.0,3,1,0.4263,Estabilizado,Operação Normal
2026-08-27T21:00:52.644292,709G-10,2020,1,ITAIM BIBI,TERM. GUARAPIRANGA,3,18:00,2,30.0,2,20.0,25.65,25.65,0.0,10000,2.24,800,3.73,17.16,28.5,0,4.74,28.61,0.8,0.667,75.0,3,1,0.4242,Estabilizado,Operação Normal
2026-08-27T21:00:52.644292,6805-31,34556,2,TERM. JOÃO DIAS,TERM. CAPELINHA,3,18:00,2,30.0,2,20.0,25.65,25.65,0.0,10000,2.24,800,3.0,21.51,28.2,0,4.74,23.5,0.8,0.667,75.0,3,1,0.4114,Estabilizado,Operação Normal
2026-08-27T21:00:52.644292,7062-31,1914,1,TERM. CAMPO LIMPO,INOCOOP CAMPO LIMPO,3,18:00,1,60.0,1,20.0,25.65,25.65,0.0,10000,2.24,800,5.26,18.37,29.9,0,4.74,39.32,0.8,0.333,100.0,2,1,0.5468,Estabilizado,Operação Normal
2026-08-27T21:00:52.644292,475M-10,33111,2,TERM. AMARAL GURGEL,JD. DA SAÚDE,3,18:00,2,30.0,2,20.0,25.65,25.65,0.0,10000,2.24,800,4.5,13.82,25.92,1,4.74,59.0,0.8,0.667,75.0,3,1,0.5002,Estabilizado,Operação Normal
2026-08-27T21:00:52.644292,6816-10,26,1,TERM. CAPELINHA,JD. MITSUTANI,3,18:00,1,60.0,1,20.0,25.65,25.65,0.0,10000,2.24,800,4.51,17.81,28.56,0,4.74,34.07,0.8,0.333,100.0,2,1,0.5337,Estabilizado,Operação Normal
2026-08-27T21:00:52.644292,6805-10,31,1,TERM. JOÃO DIAS,TERM. CAPELINHA,3,18:00,2,30.0,2,20.0,25.65,25.65,0.0,10000,2.24,800,4.91,15.12,27.17,0,4.74,36.87,0.8,0.667,75.0,3,1,0.4448,Estabilizado,Operação Normal
2026-08-27T21:00:52.644292,6815-10,32793,2,TERM. CAPELINHA,JD. COMERCIAL,3,18:00,1,60.0,1,20.0,25.65,25.65,0.0,10000,2.24,800,2.63,14.57,23.59,0,4.74,20.91,0.8,0.333,100.0,2,1,0.5008,Estabilizado,Operação Normal
2026-08-27T21:00:52.644292,1701-23,2599,1,METRÔ SANTANA,JOVA RURAL,3,18:00,1,60.0,1,20.0,25.65,25.65,0.0,10000,2.24,800,5.27,23.01,37.11,0,4.74,39.39,0.8,0.333,100.0,2,1,0.547,Estabilizado,Operação Normal
2026-08-27T21:00:52.644292,1034-10,35220,2,CONEXÃO VL. IÓRIO,VL. IARA,3,18:00,4,15.0,4,20.0,25.65,25.65,0.0,10000,2.24,800,2.14,19.46,25.45,0,4.74,17.48,0.8,1.0,62.5,5,1,0.3318,Estabilizado,Operação Normal
2026-08-27T21:00:52.644292,8545-10,1364,1,METRÔ BARRA FUNDA,PENTEADO,3,18:00,1,60.0,1,20.0,25.65,25.65,0.0,10000,2.24,800,4.82,14.84,27.58,0,4.74,36.24,0.8,0.333,100.0,2,1,0.5392,Estabilizado,Operação Normal
2026-08-27T21:00:52.644292,3069-21,2600,1,TERM. SÃO MATEUS,JD. ALTO ALEGRE,3,18:00,1,60.0,1,20.0,25.65,25.65,0.0,10000,2.24,800,2.66,24.16,36.17,0,4.74,21.12,0.8,0.333,100.0,2,1,0.5014,Estabilizado,Operação Normal
2026-08-27T21:00:52.644292,5022-10,1120,1,JABAQUARA,VL. STA. MARGARIDA,3,18:00,1,60.0,1,20.0,25.65,25.65,0.0,10000,2.24,800,4.34,17.26,25.71,0,4.74,32.88,0.8,0.333,100.0,2,1,0.5308,Estabilizado,Operação Normal
2026-08-27T21:00:52.644292,775P-10,507,1,METRÔ ANA ROSA,JD. GUARAÚ,3,18:00,2,30.0,2,20.0,25.65,25.65,0.0,10000,2.24,800,5.11,12.7,31.4,0,4.74,38.27,0.8,0.667,75.0,3,1,0.4483,Estabilizado,Operação Normal
2026-08-27T21:00:52.644292,6120-10,33957,2,TERM. GRAJAÚ,JD. LUCÉLIA,3,18:00,2,30.0,2,20.0,25.65,25.65,0.0,10000,2.24,800,8.19,12.96,36.61,0,4.74,59.83,0.8,0.667,75.0,3,1,0.5022,Estabilizado,Operação Normal
2026-08-27T21:00:52.644292,6002-10,1979,1,HOSP. PEDREIRA,CID. DUTRA,3,18:00,1,60.0,1,20.0,25.65,25.65,0.0,10000,2.24,800,4.37,27.8,45.89,0,4.74,33.09,0.8,0.333,100.0,2,1,0.5313,Estabilizado,Operação Normal
2026-08-27T21:00:52.644292,6806-10,32,1,TERM. JOÃO DIAS,JD. NOVO ORIENTE,3,18:00,2,30.0,2,20.0,25.65,25.65,0.0,10000,2.24,800,5.02,16.86,33.97,0,4.74,37.64,0.8,0.667,75.0,3,1,0.4468,Estabilizado,Operação Normal
2026-08-27T21:00:52.644292,675P-10,275,1,METRÔ CONCEIÇÃO,SHOP. SP MARKET,3,18:00,4,15.0,4,20.0,25.65,25.65,0.0,10000,2.24,800,3.09,22.66,37.13,0,4.74,24.13,0.8,1.0,62.5,5,1,0.3484,Estabilizado,Operação Normal
2026-08-27T21:00:52.644292,6412-10,33538,2,PAULISTA,PARAISÓPOLIS,3,18:00,6,10.0,6,20.0,25.65,25.65,0.0,10000,2.24,800,4.02,15.4,26.45,1,4.74,55.64,0.8,1.0,66.67,8,2,0.4376,Estabilizado,Operação Normal
2026-08-27T21:00:52.644292,6003-21,2576,1,EST. MENDES/VL. NATAL,TERM. VARGINHA,3,18:00,2,30.0,2,20.0,25.65,25.65,0.0,10000,2.24,800,5.8,20.95,41.78,0,4.74,43.1,0.8,0.667,75.0,3,1,0.4604,Estabilizado,Operação Normal
2026-08-27T21:00:52.644292,513C-10,2535,1,SÃO MATEUS,VL. CALIFÓRNIA,3,18:00,3,20.0,3,20.0,25.65,25.65,0.0,10000,2.24,800,3.96,23.21,38.51,1,4.74,55.22,0.8,1.0,66.67,4,1,0.4366,Estabilizado,Operação Normal
2026-08-27T21:00:52.644292,4708-10,332,1,METRÔ VL. MARIANA,JD. CLÍMAX,3,18:00,1,60.0,1,20.0,25.65,25.65,0.0,10000,2.24,800,4.43,17.2,31.48,1,4.74,58.51,0.8,0.333,100.0,2,1,0.5948,Estabilizado,Operação Normal
2026-08-27T21:00:52.644292,6422-10,361,1,TERM. BANDEIRA,VL. CRUZEIRO,3,18:00,3,20.0,3,20.0,25.65,25.65,0.0,10000,2.24,800,4.23,15.8,30.34,1,4.74,57.11,0.8,1.0,66.67,4,1,0.4413,Estabilizado,Operação Normal
2026-08-27T21:00:52.644292,7063-10,34667,2,TERM. CAMPO LIMPO,JD. MACEDÔNIA,3,18:00,4,15.0,4,20.0,25.65,25.65,0.0,10000,2.24,800,6.58,12.28,27.03,0,4.74,48.56,0.8,1.0,75.0,6,2,0.4407,Estabilizado,Operação Normal
2026-08-27T21:00:52.644292,709P-10,1993,1,TERM. PINHEIROS,EST. STO. AMARO/GUIDO CALOI,3,18:00,3,20.0,3,20.0,25.65,25.65,0.0,10000,2.24,800,6.0,14.66,35.15,0,4.74,44.5,0.8,1.0,66.67,4,1,0.4098,Estabilizado,Operação Normal
2026-08-27T21:00:52.644292,4087-10,35370,2,VL. POPULAR,E.T. ITAQUERA,3,18:00,1,60.0,1,20.0,25.65,25.65,0.0,10000,2.24,800,4.95,20.09,30.35,1,4.74,62.15,0.8,0.333,100.0,2,1,0.6039,Risco,Monitorar Linha em Alerta
2026-08-27T21:00:52.644292,605A-10,2522,1,METRÔ JABAQUARA,CENTRO PARALIMPICO,3,18:00,2,30.0,2,20.0,25.65,25.65,0.0,10000,2.24,800,7.28,11.67,31.39,0,4.74,53.46,0.8,0.667,75.0,3,1,0.4863,Estabilizado,Operação Normal
2026-08-27T21:00:52.644292,9301-10,33226,2,PÇA. DO CORREIO,TERM. CASA VERDE,3,18:00,1,60.0,1,20.0,25.65,25.65,0.0,10000,2.24,800,4.66,14.39,28.74,0,4.74,35.12,0.8,0.333,100.0,2,1,0.5364,Estabilizado,Operação Normal
2026-08-27T21:00:52.644292,1012-10,2486,1,JD. MONTE BELO,TERM. JD. BRITANIA,3,18:00,3,20.0,3,20.0,25.65,25.65,0.0,10000,2.24,800,8.69,21.32,82.72,0,4.74,63.33,0.8,1.0,83.33,5,2,0.4985,Estabilizado,Operação Normal
2026-08-27T21:00:52.644292,1026-10,35074,2,CONEXÃO PETRÔNIO PORTELA,VL. IARA,3,18:00,2,30.0,2,20.0,25.65,25.65,0.0,10000,2.24,800,2.72,20.23,26.88,0,4.74,21.54,0.8,0.667,75.0,3,1,0.4065,Estabilizado,Operação Normal
2026-08-27T21:00:52.644292,5128-10,1128,1,METRÔ CONCEIÇÃO,JD. APURÁ,3,18:00,3,20.0,3,20.0,25.65,25.65,0.0,10000,2.24,800,5.48,13.42,32.56,0,4.74,40.86,0.8,1.0,66.67,4,1,0.4007,Estabilizado,Operação Normal
2026-08-27T21:00:52.644292,PAEC-10,1422,1,PAESE CPTM IDA,PAESE CPTM VOLTA,3,18:00,1,60.0,1,20.0,25.65,25.65,0.0,10000,2.24,800,4.99,18.93,35.5,0,4.74,37.43,0.8,0.333,100.0,2,1,0.5421,Estabilizado,Operação Normal
2026-08-27T21:00:52.644292,6003-10,34240,2,TERM. VARGINHA,TERM. GRAJAÚ,3,18:00,1,60.0,1,20.0,25.65,25.65,0.0,10000,2.24,800,4.27,24.13,39.2,0,4.74,32.39,0.8,0.333,100.0,2,1,0.5295,Estabilizado,Operação Normal
2026-08-27T21:00:52.644292,2435-10,32978,2,TERM. ARICANDUVA,JD. COIMBRA,3,18:00,2,30.0,2,20.0,25.65,25.65,0.0,10000,2.24,800,3.17,27.28,39.03,1,4.74,49.69,0.8,0.667,75.0,3,1,0.4769,Estabilizado,Operação Normal
2026-08-27T21:00:52.644292,6047-10,33992,2,STO. AMARO,JD. LÍDIA,3,18:00,3,20.0,3,20.0,25.65,25.65,0.0,10000,2.24,800,2.5,22.12,28.94,1,4.74,45.0,0.8,1.0,66.67,4,1,0.411,Estabilizado,Operação Normal
2026-08-27T21:00:52.644292,6041-21,34517,2,JD. MONTE AZUL,TERM. JOÃO DIAS,3,18:00,1,60.0,1,20.0,25.65,25.65,0.0,10000,2.24,800,3.5,29.78,44.2,0,4.74,27.0,0.8,0.333,100.0,2,1,0.516,Estabilizado,Operação Normal
2026-08-27T21:00:52.644292,9018-10,1271,1,TERM. PIRITUBA,VL. MIRANTE,3,18:00,2,30.0,2,20.0,25.65,25.65,0.0,10000,2.24,800,4.13,21.81,36.01,0,4.74,31.41,0.8,0.667,75.0,3,1,0.4312,Estabilizado,Operação Normal
2026-08-27T21:00:52.644292,1788-31,35385,2,METRÔ SANTANA,JD. FONTALIS,3,18:00,2,30.0,2,20.0,25.65,25.65,0.0,10000,2.24,800,2.8,18.23,25.44,0,4.74,22.1,0.8,0.667,75.0,3,1,0.4079,Estabilizado,Operação Normal
2026-08-27T21:00:52.644292,7053-22,1896,1,TERM. CAMPO LIMPO,JD. MARIA SAMPAIO,3,18:00,1,60.0,1,20.0,25.65,25.65,0.0,10000,2.24,800,5.1,14.91,29.32,0,4.74,38.2,0.8,0.333,100.0,2,1,0.544,Estabilizado,Operação Normal
2026-08-27T21:00:52.644292,6L08-10,33950,2,HOSP. PARELHEIROS,JD. SÃO NICOLAU,3,18:00,3,20.0,3,20.0,25.65,25.65,0.0,10000,2.24,800,8.1,16.0,32.0,0,4.74,59.2,0.8,1.0,66.67,4,1,0.4465,Estabilizado,Operação Normal
2026-08-27T21:00:52.644292,9188-42,34479,2,LAPA,CAPELA DA LAGOA,3,18:00,2,30.0,2,20.0,25.65,25.65,0.0,10000,2.24,800,4.17,24.32,43.78,0,4.74,31.69,0.8,0.667,75.0,3,1,0.4319,Estabilizado,Operação Normal
2026-08-27T21:00:52.644292,809U-10,35022,2,METRÔ BARRA FUNDA,CID. UNIVERSITÁRIA,3,18:00,3,20.0,3,20.0,25.65,25.65,0.0,10000,2.24,800,5.08,17.95,34.53,0,4.74,38.06,0.8,1.0,66.67,4,1,0.3937,Estabilizado,Operação Normal
2026-08-27T21:00:52.644292,6051-31,1606,1,TERM. EST. VARGINHA,JD. ITAJAÍ,3,18:00,1,60.0,1,20.0,25.65,25.65,0.0,10000,2.24,800,3.25,19.5,28.5,0,4.74,25.25,0.8,0.333,100.0,2,1,0.5117,Estabilizado,Operação Normal
2026-08-27T21:00:52.644292,5013-31,2236,1,STO. AMARO,JD. MIRIAM,3,18:00,2,30.0,2,20.0,25.65,25.65,0.0,10000,2.24,800,4.98,13.16,26.83,0,4.74,37.36,0.8,0.667,75.0,3,1,0.446,Estabilizado,Operação Normal
2026-08-27T21:00:52.644292,1034-10,2452,1,CONEXÃO VL. IÓRIO,VL. IARA,3,18:00,4,15.0,4,20.0,25.65,25.65,0.0,10000,2.24,800,2.34,21.71,26.47,0,4.74,18.88,0.8,1.0,62.5,5,1,0.3353,Estabilizado,Operação Normal
2026-08-27T21:00:52.644292,3725-41,34299,2,VL. ARICANDUVA,METRÔ VL. MATILDE,3,18:00,1,60.0,1,20.0,25.65,25.65,0.0,10000,2.24,800,6.42,11.43,30.83,0,4.74,47.44,0.8,0.333,100.0,2,1,0.5672,Estabilizado,Operação Normal
2026-08-27T21:00:52.644292,1705-51,35282,2,METRÔ TUCURUVI,CEM. PQ. DA CANTAREIRA,3,18:00,1,60.0,1,20.0,25.65,25.65,0.0,10000,2.24,800,5.26,13.29,27.99,0,4.74,39.32,0.8,0.333,100.0,2,1,0.5468,Estabilizado,Operação Normal
2026-08-27T21:00:52.644292,2026-10,2269,1,PQ. NOVO MUNDO,JAÇANÃ,3,18:00,2,30.0,2,20.0,25.65,25.65,0.0,10000,2.24,800,3.95,17.17,33.24,1,4.74,55.15,0.8,0.667,75.0,3,1,0.4905,Estabilizado,Operação Normal
2026-08-27T21:00:52.644292,6051-10,1143,1,TERM. EST. VARGINHA,JD. ITAJAÍ,3,18:00,1,60.0,1,20.0,25.65,25.65,0.0,10000,2.24,800,5.54,12.21,17.93,0,4.74,41.28,0.8,0.333,100.0,2,1,0.5518,Estabilizado,Operação Normal
2026-08-27T21:00:52.644292,4092-10,1876,1,SETOR IIB,TERM. CID. TIRADENTES,3,18:00,1,60.0,1,20.0,25.65,25.65,0.0,10000,2.24,800,5.32,19.64,32.91,0,4.74,39.74,0.8,0.333,100.0,2,1,0.5479,Estabilizado,Operação Normal
2026-08-27T21:00:52.644292,2020-10,35030,2,METRÔ TUCURUVI,HORTO FLORESTAL,3,18:00,2,30.0,2,20.0,25.65,25.65,0.0,10000,2.24,800,5.31,14.42,31.31,0,4.74,39.67,0.8,0.667,75.0,3,1,0.4518,Estabilizado,Operação Normal
2026-08-27T21:00:52.644292,2012-10,35049,2,SHOP.D,VL. MEDEIROS,3,18:00,2,30.0,2,20.0,25.65,25.65,0.0,10000,2.24,800,3.08,25.23,36.53,0,4.74,24.06,0.8,0.667,75.0,3,1,0.4128,Estabilizado,Operação Normal
2026-08-27T21:00:52.644292,7545-21,1728,1,PÇA. RAMOS DE AZEVEDO,CDHU BUTANTÃ,3,18:00,1,60.0,1,20.0,25.65,25.65,0.0,10000,2.24,800,4.76,16.4,28.62,0,4.74,35.82,0.8,0.333,100.0,2,1,0.5381,Estabilizado,Operação Normal
2026-08-27T21:00:52.644292,5026-10,34403,2,JD. SÃO ROBERTO,CONJ. TEOTÔNIO VILELA,3,18:00,1,60.0,1,20.0,25.65,25.65,0.0,10000,2.24,800,3.5,21.38,32.45,0,4.74,27.0,0.8,0.333,100.0,2,1,0.516,Estabilizado,Operação Normal
2026-08-27T21:00:52.644292,9002-10,33638,2,TERM. CACHOEIRINHA,JD. PERY ALTO,3,18:00,3,20.0,3,20.0,25.65,25.65,0.0,10000,2.24,800,3.3,21.45,32.77,0,4.74,25.6,0.8,1.0,66.67,4,1,0.3625,Estabilizado,Operação Normal
2026-08-27T21:00:52.644292,3795-10,1073,1,METRÔ ITAQUERA,JD. SÃO CARLOS,3,18:00,4,15.0,4,20.0,25.65,25.65,0.0,10000,2.24,800,4.66,18.18,35.31,1,4.74,60.12,0.8,1.0,75.0,6,2,0.4697,Estabilizado,Operação Normal
2026-08-27T21:00:52.644292,8707-10,34832,2,TERM. PRINC. ISABEL,RIO PEQUENO,3,18:00,4,15.0,4,20.0,25.65,25.65,0.0,10000,2.24,800,6.1,13.36,29.91,1,4.74,70.2,0.8,1.0,75.0,6,2,0.4949,Estabilizado,Operação Normal
2026-08-27T21:00:52.644292,6258-31,1783,1,JD. IBIRAPUERA,JD. STA. MARGARIDA,3,18:00,2,30.0,2,20.0,25.65,25.65,0.0,10000,2.24,800,5.12,17.75,32.28,0,4.74,38.34,0.8,0.667,75.0,3,1,0.4485,Estabilizado,Operação Normal
2026-08-27T21:00:52.644292,1021-10,33601,2,TERM. PIRITUBA,COHAB BRASILÂNDIA,3,18:00,3,20.0,3,20.0,25.65,25.65,0.0,10000,2.24,800,5.83,14.85,30.31,0,4.74,43.31,0.8,1.0,66.67,4,1,0.4068,Estabilizado,Operação Normal
2026-08-27T21:00:52.644292,3735-41,1920,1,JD. SÃO JOSÉ,METRÔ ARTUR ALVIM,3,18:00,1,60.0,1,20.0,25.65,25.65,0.0,10000,2.24,800,4.7,20.5,34.15,0,4.74,35.4,0.8,0.333,100.0,2,1,0.537,Estabilizado,Operação Normal
2026-08-27T21:00:52.644292,3737-31,34122,2,CIRCULAR,METRÔ GUILHERMINA/ESPERANÇA ,3,18:00,2,30.0,2,20.0,25.65,25.65,0.0,10000,2.24,800,7.0,20.18,45.03,0,4.74,51.5,0.8,0.667,75.0,3,1,0.4814,Estabilizado,Operação Normal
2026-08-27T21:00:52.644292,1026-10,2306,1,CONEXÃO PETRÔNIO PORTELA,VL. IARA,3,18:00,1,60.0,1,20.0,25.65,25.65,0.0,10000,2.24,800,2.76,19.05,24.61,0,4.74,21.82,0.8,0.333,100.0,2,1,0.5031,Estabilizado,Operação Normal
2026-08-27T21:00:52.644292,6L05-10,1173,1,TERM. PARELHEIROS,BARRAGEM,3,18:00,3,20.0,3,20.0,25.65,25.65,0.0,10000,2.24,800,8.1,16.0,32.0,0,4.74,59.2,0.8,1.0,66.67,4,1,0.4465,Estabilizado,Operação Normal
2026-08-27T21:00:52.644292,9005-41,34208,2,TERM. CACHOEIRINHA,JD. VISTA ALEGRE,3,18:00,1,60.0,1,20.0,25.65,25.65,0.0,10000,2.24,800,3.43,21.83,33.93,0,4.74,26.51,0.8,0.333,100.0,2,1,0.5148,Estabilizado,Operação Normal
2026-08-27T21:00:52.644292,9011-21,34536,2,CITY JARAGUÁ,CPTM JARAGUÁ,3,18:00,3,20.0,3,20.0,25.65,25.65,0.0,10000,2.24,800,3.89,21.55,33.76,1,4.74,54.73,0.8,1.0,66.67,4,1,0.4354,Estabilizado,Operação Normal
2026-08-27T21:00:52.644292,3686-10,166,1,TERM. PQ. D. PEDRO II,JD. SÃO PAULO,3,18:00,4,15.0,4,20.0,25.65,25.65,0.0,10000,2.24,800,3.02,18.35,30.65,1,4.74,48.64,0.8,1.0,75.0,6,2,0.441,Estabilizado,Operação Normal
2026-08-27T21:00:52.644292,2004-10,892,1,CPTM GUAIANASES,JD. NSA. SRA. DO CAMINHO,3,18:00,5,12.0,5,20.0,25.65,25.65,0.0,10000,2.24,800,4.61,17.02,28.68,0,4.74,34.77,0.8,1.0,60.0,6,1,0.3688,Estabilizado,Operação Normal
2026-08-27T21:00:52.644292,2030-10,2264,1,METRÔ SANTANA,LAUZANE PAULISTA,3,18:00,1,60.0,1,20.0,25.65,25.65,0.0,10000,2.24,800,5.59,12.24,27.55,0,4.74,41.63,0.8,0.333,100.0,2,1,0.5526,Estabilizado,Operação Normal
2026-08-27T21:00:52.644292,8075-10,2044,1,METRÔ BUTANTÃ,TERM. CAMPO LIMPO,3,18:00,2,30.0,2,20.0,25.65,25.65,0.0,10000,2.24,800,4.65,16.93,31.81,0,4.74,35.05,0.8,0.667,75.0,3,1,0.4403,Estabilizado,Operação Normal
2026-08-27T21:00:52.644292,4055-10,2447,1,VL. SOLANGE,CPTM GUAIANASES,3,18:00,2,30.0,2,20.0,25.65,25.65,0.0,10000,2.24,800,3.95,18.19,30.83,0,4.74,30.15,0.8,0.667,75.0,3,1,0.428,Estabilizado,Operação Normal
2026-08-27T21:00:52.644292,6001-10,52,1,TERM. STO. AMARO,TERM. CAPELINHA,3,18:00,2,30.0,2,20.0,25.65,25.65,0.0,10000,2.24,800,3.69,14.54,27.81,0,4.74,28.33,0.8,0.667,75.0,3,1,0.4235,Estabilizado,Operação Normal
2026-08-27T21:00:52.644292,6042-21,1775,1,CEU CAPÃO REDONDO,TERM. CAPELINHA,3,18:00,1,60.0,1,20.0,25.65,25.65,0.0,10000,2.24,800,2.5,20.15,24.93,0,4.74,20.0,0.8,0.333,100.0,2,1,0.4986,Estabilizado,Operação Normal
2026-08-27T21:00:52.644292,4284-10,289,1,TERM. VL. PRUDENTE,VL. CALIFÓRNIA,3,18:00,1,60.0,1,20.0,25.65,25.65,0.0,10000,2.24,800,6.6,18.01,30.63,0,4.74,48.7,0.8,0.333,100.0,2,1,0.5703,Estabilizado,Operação Normal
2026-08-27T21:00:52.644292,4286-10,33094,2,TERM. VL PRUDENTE,VL. INDUSTRIAL,3,18:00,1,60.0,1,20.0,25.65,25.65,0.0,10000,2.24,800,2.85,23.62,30.81,0,4.74,22.45,0.8,0.333,100.0,2,1,0.5047,Estabilizado,Operação Normal
2026-08-27T21:00:52.644292,8194-10,33573,2,TERM. CACHOEIRINHA,PERUS,3,18:00,6,10.0,6,20.0,25.65,25.65,0.0,10000,2.24,800,3.51,19.77,31.16,1,4.74,52.07,0.8,1.0,66.67,8,2,0.4287,Estabilizado,Operação Normal
2026-08-27T21:00:52.644292,6817-10,32795,2,TERM. CAPELINHA,JD. SÃO BENTO,3,18:00,3,20.0,3,20.0,25.65,25.65,0.0,10000,2.24,800,3.2,17.29,33.43,0,4.74,24.9,0.8,1.0,66.67,4,1,0.3608,Estabilizado,Operação Normal
2026-08-27T21:00:52.644292,6039-10,1217,1,STO. AMARO,VALO VELHO,3,18:00,2,30.0,2,20.0,25.65,25.65,0.0,10000,2.24,800,4.71,27.49,46.32,0,4.74,35.47,0.8,0.667,75.0,3,1,0.4413,Estabilizado,Operação Normal
2026-08-27T21:00:52.644292,6051-31,34374,2,TERM. EST. VARGINHA,JD. ITAJAÍ,3,18:00,1,60.0,1,20.0,25.65,25.65,0.0,10000,2.24,800,4.51,17.0,24.67,0,4.74,34.07,0.8,0.333,100.0,2,1,0.5337,Estabilizado,Operação Normal
2026-08-27T21:00:52.644292,7004-22,35401,2,JD ÂNGELA,VL DO SOL,3,18:00,1,60.0,1,20.0,25.65,25.65,0.0,10000,2.24,800,4.65,19.33,33.82,0,4.74,35.05,0.8,0.333,100.0,2,1,0.5362,Estabilizado,Operação Normal
2026-08-27T21:00:52.644292,6232-10,483,1,METRÔ BARRA FUNDA,PINHEIROS/VILA IDA ,3,18:00,1,60.0,1,20.0,25.65,25.65,0.0,10000,2.24,800,4.37,18.74,32.84,1,4.74,58.09,0.8,0.333,100.0,2,1,0.5938,Estabilizado,Operação Normal
2026-08-27T21:00:52.644292,809T-10,35014,2,LAPA,COHAB RAPOSO TAVARES,3,18:00,3,20.0,3,20.0,25.65,25.65,0.0,10000,2.24,800,2.82,25.78,32.44,0,4.74,22.24,0.8,1.0,66.67,4,1,0.3541,Estabilizado,Operação Normal
2026-08-27T21:00:52.644292,809V-10,2243,1,METRÔ - TRIANON - MASP,VL. GOMES,3,18:00,1,60.0,1,20.0,25.65,25.65,0.0,10000,2.24,800,3.08,23.54,35.96,0,4.74,24.06,0.8,0.333,100.0,2,1,0.5087,Estabilizado,Operação Normal
2026-08-27T21:00:52.644292,5024-10,1122,1,STO. AMARO,MISSIONÁRIA,3,18:00,3,20.0,3,20.0,25.65,25.65,0.0,10000,2.24,800,3.64,18.07,28.3,0,4.74,27.98,0.8,1.0,66.67,4,1,0.3685,Estabilizado,Operação Normal
2026-08-27T21:00:52.644292,2201-10,909,1,CPTM GUAIANASES,DIV. DE FERRAZ,3,18:00,2,30.0,2,20.0,25.65,25.65,0.0,10000,2.24,800,6.55,11.75,27.16,0,4.74,48.35,0.8,0.667,75.0,3,1,0.4735,Estabilizado,Operação Normal
2026-08-27T21:00:52.644292,1738-10,672,1,METRÔ SANTANA,VL. CONSTANÇA,3,18:00,2,30.0,2,20.0,25.65,25.65,0.0,10000,2.24,800,6.87,10.07,23.64,1,4.74,75.59,0.8,0.667,75.0,3,1,0.5416,Estabilizado,Operação Normal
2026-08-27T21:00:52.644292,263C-10,33020,2,COHAB II,JD. HELENA,3,18:00,1,60.0,1,20.0,25.65,25.65,0.0,10000,2.24,800,9.06,5.16,30.05,0,4.74,65.92,0.8,0.333,100.0,2,1,0.6133,Risco,Monitorar Linha em Alerta
2026-08-27T21:00:52.644292,6115-41,35009,2,TERM. GRAJAÚ,PQ. RES. DOS LAGOS,3,18:00,1,60.0,1,20.0,25.65,25.65,0.0,10000,2.24,800,5.97,15.92,33.88,0,4.74,44.29,0.8,0.333,100.0,2,1,0.5593,Estabilizado,Operação Normal
2026-08-27T21:00:52.644292,6021-10,32945,2,JD. NOVA ERA,TERM. VARGINHA,3,18:00,2,30.0,2,20.0,25.65,25.65,0.0,10000,2.24,800,3.72,10.47,21.4,0,4.74,28.54,0.8,0.667,75.0,3,1,0.424,Estabilizado,Operação Normal
2026-08-27T21:00:52.644292,6818-10,28,1,TERM. CAPELINHA,JD. VALE DAS VIRTUDES,3,18:00,1,60.0,1,20.0,25.65,25.65,0.0,10000,2.24,800,6.58,11.15,25.29,0,4.74,48.56,0.8,0.333,100.0,2,1,0.57,Estabilizado,Operação Normal
2026-08-27T21:00:52.644292,6063-43,2480,1,TERM. EST. VARGINHA,VL. DA PAZ,3,18:00,1,60.0,1,20.0,25.65,25.65,0.0,10000,2.24,800,6.96,14.12,26.24,0,4.74,51.22,0.8,0.333,100.0,2,1,0.5766,Estabilizado,Operação Normal
2026-08-27T21:00:52.644292,5018-31,34629,2,JABAQUARA,SHOP. INTERLAGOS,3,18:00,3,20.0,3,20.0,25.65,25.65,0.0,10000,2.24,800,4.87,16.37,35.39,1,4.74,61.59,0.8,1.0,66.67,4,1,0.4525,Estabilizado,Operação Normal
2026-08-27T21:00:52.644292,1014-10,35377,2,MORRO DOCE,CPTM PERUS,3,18:00,2,30.0,2,20.0,25.65,25.65,0.0,10000,2.24,800,4.87,26.58,46.42,1,4.74,61.59,0.8,0.667,75.0,3,1,0.5066,Estabilizado,Operação Normal
2026-08-27T21:00:52.644292,6801-51,34542,2,TERM. JOÃO DIAS,JD. IBIRAPUERA,3,18:00,1,60.0,1,20.0,25.65,25.65,0.0,10000,2.24,800,3.73,18.42,23.62,0,4.74,28.61,0.8,0.333,100.0,2,1,0.5201,Estabilizado,Operação Normal
2026-08-27T21:00:52.644292,4717-10,33103,2,METRÔ SAÚDE,JD. MARIA ESTELA,3,18:00,1,60.0,1,20.0,25.65,25.65,0.0,10000,2.24,800,4.19,23.74,34.73,1,4.74,56.83,0.8,0.333,100.0,2,1,0.5906,Estabilizado,Operação Normal
2026-08-27T21:00:52.644292,4015-10,2188,1,TERM. SÃO MATEUS,PQ. SÃO RAFAEL,3,18:00,1,60.0,1,20.0,25.65,25.65,0.0,10000,2.24,800,5.73,18.03,34.03,0,4.74,42.61,0.8,0.333,100.0,2,1,0.5551,Estabilizado,Operação Normal
2026-08-27T21:00:52.644292,609F-21,32806,2,ANHANGABAÚ,CHÁC. SANTANA,3,18:00,2,30.0,2,20.0,25.65,25.65,0.0,10000,2.24,800,4.17,17.99,33.34,0,4.74,31.69,0.8,0.667,75.0,3,1,0.4319,Estabilizado,Operação Normal
2026-08-27T21:00:52.644292,2101-10,33482,2,PÇA. DA SÉ,PÇA. SILVIO ROMERO,3,18:00,2,30.0,2,20.0,25.65,25.65,0.0,10000,2.24,800,3.24,31.87,34.14,1,4.74,50.18,0.8,0.667,75.0,3,1,0.4781,Estabilizado,Operação Normal
2026-08-27T21:00:52.644292,8013-41,2011,1,JD. PAINEIRAS,TERM. JD. BRITANIA,3,18:00,3,20.0,3,20.0,25.65,25.65,0.0,10000,2.24,800,8.69,21.32,82.72,0,4.74,63.33,0.8,1.0,83.33,5,2,0.4985,Estabilizado,Operação Normal
2026-08-27T21:00:52.644292,7059-10,1924,1,TERM. CAMPO LIMPO,PQ. DO ENGENHO,3,18:00,2,30.0,2,20.0,25.65,25.65,0.0,10000,2.24,800,5.0,15.82,28.99,1,4.74,62.5,0.8,0.667,75.0,3,1,0.5089,Estabilizado,Operação Normal
2026-08-27T21:00:52.644292,5759-10,1138,1,METRÔ CONCEIÇÃO,PQ. PRIMAVERA,3,18:00,3,20.0,3,20.0,25.65,25.65,0.0,10000,2.24,800,6.94,12.68,33.79,0,4.74,51.08,0.8,1.0,66.67,4,1,0.4262,Estabilizado,Operação Normal
2026-08-27T21:00:52.644292,7059-10,34692,2,TERM. CAMPO LIMPO,PQ. DO ENGENHO,3,18:00,2,30.0,2,20.0,25.65,25.65,0.0,10000,2.24,800,7.04,14.75,32.6,1,4.74,76.78,0.8,0.667,75.0,3,1,0.5446,Estabilizado,Operação Normal
2026-08-27T21:00:52.644292,5026-10,1635,1,JD. SÃO ROBERTO,CONJ. TEOTÔNIO VILELA,3,18:00,1,60.0,1,20.0,25.65,25.65,0.0,10000,2.24,800,3.69,22.91,28.09,0,4.74,28.33,0.8,0.333,100.0,2,1,0.5194,Estabilizado,Operação Normal
2026-08-27T21:00:52.644292,119L-10,2273,1,TERM. LAPA,VL. SULINA,3,18:00,2,30.0,2,20.0,25.65,25.65,0.0,10000,2.24,800,4.2,20.85,47.59,0,4.74,31.9,0.8,0.667,75.0,3,1,0.4324,Estabilizado,Operação Normal
2026-08-27T21:00:52.644292,4019-10,35292,2,CIRCULAR,METRÔ ITAQUERA ,3,18:00,1,60.0,1,20.0,25.65,25.65,0.0,10000,2.24,800,6.09,15.88,29.45,0,4.74,45.13,0.8,0.333,100.0,2,1,0.5614,Estabilizado,Operação Normal
2026-08-27T21:00:52.644292,8252-10,1248,1,LAPA,METRÔ BARRA FUNDA,3,18:00,1,60.0,1,20.0,25.65,25.65,0.0,10000,2.24,800,8.41,6.73,26.73,0,4.74,61.37,0.8,0.333,100.0,2,1,0.602,Risco,Monitorar Linha em Alerta
2026-08-27T21:00:52.644292,909T-1,2512,1,TERM. PQ. D. PEDRO II,TERM. PINHEIROS,3,18:00,1,60.0,1,20.0,25.65,25.65,0.0,10000,2.24,800,6.31,11.38,28.29,1,4.74,71.67,0.8,0.333,100.0,2,1,0.6277,Risco,Monitorar Linha em Alerta
2026-08-27T21:00:52.644292,5630-21,34215,2,LGO. SÃO FRANCISCO,CID. DUTRA,3,18:00,1,60.0,1,20.0,25.65,25.65,0.0,10000,2.24,800,8.57,8.73,33.53,0,4.74,62.49,0.8,0.333,100.0,2,1,0.6048,Risco,Monitorar Linha em Alerta
2026-08-27T21:00:52.644292,1780-10,869,1,METRÔ PARADA INGLESA,JD. HEBRON,3,18:00,2,30.0,2,20.0,25.65,25.65,0.0,10000,2.24,800,4.85,19.71,34.64,0,4.74,36.45,0.8,0.667,75.0,3,1,0.4438,Estabilizado,Operação Normal
2026-08-27T21:00:52.644292,4027-41,2309,1,SÃO MATEUS,MORRO DO CRUZEIRO,3,18:00,1,60.0,1,20.0,25.65,25.65,0.0,10000,2.24,800,5.65,18.21,34.19,0,4.74,42.05,0.8,0.333,100.0,2,1,0.5537,Estabilizado,Operação Normal
2026-08-27T21:00:52.644292,2029-10,2270,1,METRÔ TUCURUVI,JD. FONTÁLIS,3,18:00,1,60.0,1,20.0,25.65,25.65,0.0,10000,2.24,800,3.92,44.32,48.8,0,4.74,29.94,0.8,0.333,100.0,2,1,0.5234,Estabilizado,Operação Normal
2026-08-27T21:00:52.644292,6115-41,2241,1,TERM. GRAJAÚ,PQ. RES. DOS LAGOS,3,18:00,1,60.0,1,20.0,25.65,25.65,0.0,10000,2.24,800,8.04,14.19,38.25,0,4.74,58.78,0.8,0.333,100.0,2,1,0.5955,Estabilizado,Operação Normal
2026-08-27T21:00:52.644292,3021-10,276,1,TERM. VL PRUDENTE,PQ. BANCÁRIO,3,18:00,1,60.0,1,20.0,25.65,25.65,0.0,10000,2.24,800,4.65,14.62,31.43,0,4.74,35.05,0.8,0.333,100.0,2,1,0.5362,Estabilizado,Operação Normal
2026-08-27T21:00:52.644292,2024-10,35029,2,CACHOEIRA,DIB,3,18:00,1,60.0,1,20.0,25.65,25.65,0.0,10000,2.24,800,3.0,22.5,45.0,0,4.74,23.5,0.8,0.333,100.0,2,1,0.5073,Estabilizado,Operação Normal
2026-08-27T21:00:52.644292,8252-10,34016,2,LAPA,METRÔ BARRA FUNDA,3,18:00,1,60.0,1,20.0,25.65,25.65,0.0,10000,2.24,800,4.38,16.37,28.86,0,4.74,33.16,0.8,0.333,100.0,2,1,0.5314,Estabilizado,Operação Normal
2026-08-27T21:00:52.644292,7011-31,34722,2,JD. ÂNGELA,JD. DOS REIS,3,18:00,1,60.0,1,20.0,25.65,25.65,0.0,10000,2.24,800,5.49,16.36,30.75,0,4.74,40.93,0.8,0.333,100.0,2,1,0.5509,Estabilizado,Operação Normal
2026-08-27T21:00:52.644292,7545-21,34496,2,PÇA. RAMOS DE AZEVEDO,CDHU BUTANTÃ,3,18:00,2,30.0,2,20.0,25.65,25.65,0.0,10000,2.24,800,5.16,17.55,36.01,0,4.74,38.62,0.8,0.667,75.0,3,1,0.4492,Estabilizado,Operação Normal
2026-08-27T21:00:52.644292,605A-10,35290,2,METRÔ JABAQUARA,CENTRO PARALIMPICO,3,18:00,1,60.0,1,20.0,25.65,25.65,0.0,10000,2.24,800,4.07,13.67,25.11,0,4.74,30.99,0.8,0.333,100.0,2,1,0.526,Estabilizado,Operação Normal
2026-08-27T21:00:52.644292,607C-21,35442,2,BERRINI,PÇA TITO PACHECO,3,18:00,1,60.0,1,20.0,25.65,25.65,0.0,10000,2.24,800,4.67,13.96,23.34,0,4.74,35.19,0.8,0.333,100.0,2,1,0.5365,Estabilizado,Operação Normal
2026-08-27T21:00:52.644292,3004-10,34566,2,CPTM VL. MARA/ITAIM,JD. SÃO MARTINHO,3,18:00,1,60.0,1,20.0,25.65,25.65,0.0,10000,2.24,800,2.7,18.19,18.97,0,4.74,21.4,0.8,0.333,100.0,2,1,0.502,Estabilizado,Operação Normal
2026-08-27T21:00:52.644292,8009-10,1259,1,TERM. PIRITUBA,CID. D'ABRIL 3ª GLEBA,3,18:00,1,60.0,1,20.0,25.65,25.65,0.0,10000,2.24,800,5.81,20.55,36.0,0,4.74,43.17,0.8,0.333,100.0,2,1,0.5565,Estabilizado,Operação Normal
2026-08-27T21:00:52.644292,1015-10,34998,2,CHÁC. MARIA TRINDADE,TERM. JD. BRITÂNIA,3,18:00,1,60.0,1,20.0,25.65,25.65,0.0,10000,2.24,800,3.0,65.48,62.21,0,4.74,23.5,0.8,0.333,100.0,2,1,0.5073,Estabilizado,Operação Normal
2026-08-27T21:00:52.644292,546A-31,33900,2,STO. AMARO,JD. APURÁ,3,18:00,5,12.0,5,20.0,25.65,25.65,0.0,10000,2.24,800,5.14,16.17,32.53,0,4.74,38.48,0.8,1.0,70.0,7,2,0.403,Estabilizado,Operação Normal
2026-08-27T21:00:52.644292,8043-10,33175,2,LAPA,HAB. TURÍSTICA,3,18:00,1,60.0,1,20.0,25.65,25.65,0.0,10000,2.24,800,5.89,13.44,29.68,0,4.74,43.73,0.8,0.333,100.0,2,1,0.5579,Estabilizado,Operação Normal
2026-08-27T21:00:52.644292,546A-10,33899,2,STO. AMARO,JD. APURÁ,3,18:00,2,30.0,2,20.0,25.65,25.65,0.0,10000,2.24,800,5.4,17.03,27.16,0,4.74,40.3,0.8,0.667,75.0,3,1,0.4534,Estabilizado,Operação Normal
2026-08-27T21:00:52.644292,9020-10,1434,1,TERM. PIRITUBA,VL. MIRANTE,3,18:00,2,30.0,2,20.0,25.65,25.65,0.0,10000,2.24,800,4.42,19.83,35.08,0,4.74,33.44,0.8,0.667,75.0,3,1,0.4362,Estabilizado,Operação Normal
2026-08-27T21:00:52.644292,1012-21,35338,2,JD. ROSINHA,TERM. JD. BRITÂNIA,3,18:00,1,60.0,1,20.0,25.65,25.65,0.0,10000,2.24,800,2.3,50.0,60.0,0,4.74,18.6,0.8,0.333,100.0,2,1,0.495,Estabilizado,Operação Normal
2026-08-27T21:00:52.644292,607A-21,2140,1,EST. JURUBATUBA,JD. APURÁ,3,18:00,1,60.0,1,20.0,25.65,25.65,0.0,10000,2.24,800,3.31,16.55,29.52,0,4.74,25.67,0.8,0.333,100.0,2,1,0.5127,Estabilizado,Operação Normal
2026-08-27T21:00:52.644292,9006-10,33642,2,TERM. CACHOEIRINHA,VL. PENTEADO,3,18:00,4,15.0,4,20.0,25.65,25.65,0.0,10000,2.24,800,4.21,18.4,28.06,0,4.74,31.97,0.8,1.0,62.5,5,1,0.368,Estabilizado,Operação Normal
2026-08-27T21:00:52.644292,938P-10,888,1,METRÔ BARRA FUNDA,JD. TEREZA,3,18:00,4,15.0,4,20.0,25.65,25.65,0.0,10000,2.24,800,4.36,21.87,37.38,1,4.74,58.02,0.8,1.0,75.0,6,2,0.4644,Estabilizado,Operação Normal
2026-08-27T21:00:52.644292,527R-10,33039,2,TERM. STO. AMARO,VL. IMPÉRIO,3,18:00,3,20.0,3,20.0,25.65,25.65,0.0,10000,2.24,800,3.24,13.49,20.54,0,4.74,25.18,0.8,1.0,66.67,4,1,0.3615,Estabilizado,Operação Normal
2026-08-27T21:00:52.644292,527R-10,271,1,TERM. STO. AMARO,VL. IMPÉRIO,3,18:00,3,20.0,3,20.0,25.65,25.65,0.0,10000,2.24,800,2.86,15.23,22.62,0,4.74,22.52,0.8,1.0,66.67,4,1,0.3548,Estabilizado,Operação Normal
2026-08-27T21:00:52.644292,546A-31,1132,1,STO. AMARO,JD. APURÁ,3,18:00,2,30.0,2,20.0,25.65,25.65,0.0,10000,2.24,800,3.79,24.12,31.58,0,4.74,29.03,0.8,0.667,75.0,3,1,0.4252,Estabilizado,Operação Normal
2026-08-27T21:00:52.644292,5757-51,1976,1,METRÔ CONCEIÇÃO,PEDREIRA,3,18:00,5,12.0,5,20.0,25.65,25.65,0.0,10000,2.24,800,5.78,17.58,38.86,1,4.74,67.96,0.8,1.0,70.0,7,2,0.4767,Estabilizado,Operação Normal
2026-08-27T21:00:52.644292,1021-10,833,1,TERM. PIRITUBA,COHAB BRASILÂNDIA,3,18:00,2,30.0,2,20.0,25.65,25.65,0.0,10000,2.24,800,3.51,19.51,27.07,0,4.74,27.07,0.8,0.667,75.0,3,1,0.4203,Estabilizado,Operação Normal
2026-08-27T21:00:52.644292,8017-10,1261,1,TERM. PIRITUBA,CPTM VL. AURORA,3,18:00,3,20.0,3,20.0,25.65,25.65,0.0,10000,2.24,800,2.9,24.51,24.19,0,4.74,22.8,0.8,1.0,66.67,4,1,0.3555,Estabilizado,Operação Normal
2026-08-27T21:00:52.644292,1022-10,35378,2,CPTM PERUS,VL. STA. CRUZ,3,18:00,2,30.0,2,20.0,25.65,25.65,0.0,10000,2.24,800,4.77,24.43,38.09,1,4.74,60.89,0.8,0.667,75.0,3,1,0.5049,Estabilizado,Operação Normal
2026-08-27T21:00:52.644292,627J-10,2056,1,METRÔ SÃO JUDAS,JD. MIRIAM,3,18:00,3,20.0,3,20.0,25.65,25.65,0.0,10000,2.24,800,4.36,19.68,35.87,0,4.74,33.02,0.8,1.0,66.67,4,1,0.3811,Estabilizado,Operação Normal
2026-08-27T21:00:52.644292,546J-31,2015,1,STO. AMARO,JD. SELMA,3,18:00,1,60.0,1,20.0,25.65,25.65,0.0,10000,2.24,800,8.15,9.82,27.86,0,4.74,59.55,0.8,0.333,100.0,2,1,0.5974,Estabilizado,Operação Normal
2026-08-27T21:00:52.644292,606Z-10,35379,2,BALN. MAR PAULISTA,CIRCULAR,3,18:00,1,60.0,1,20.0,25.65,25.65,0.0,10000,2.24,800,5.48,17.86,29.6,0,4.74,40.86,0.8,0.333,100.0,2,1,0.5507,Estabilizado,Operação Normal
2026-08-27T21:00:52.644292,1012-21,2570,1,JD. ROSINHA,TERM. JD. BRITÂNIA,3,18:00,3,20.0,3,20.0,25.65,25.65,0.0,10000,2.24,800,8.63,22.63,85.53,0,4.74,62.91,0.8,1.0,83.33,5,2,0.4974,Estabilizado,Operação Normal
2026-08-27T21:00:52.644292,1014-10,2609,1,MORRO DOCE,CPTM PERUS,3,18:00,1,60.0,1,20.0,25.65,25.65,0.0,10000,2.24,800,6.9,34.8,78.41,0,4.74,50.8,0.8,0.333,100.0,2,1,0.5756,Estabilizado,Operação Normal
2026-08-27T21:00:52.644292,119L-10,35041,2,TERM. LAPA,VL. SULINA,3,18:00,2,30.0,2,20.0,25.65,25.65,0.0,10000,2.24,800,8.25,9.71,30.54,0,4.74,60.25,0.8,0.667,75.0,3,1,0.5033,Estabilizado,Operação Normal
2026-08-27T21:00:52.644292,1027-10,2689,1,ITABERABA I,TERM JD BRITÂNIA,3,18:00,2,30.0,2,20.0,25.65,25.65,0.0,10000,2.24,800,8.49,24.78,88.79,0,4.74,61.93,0.8,0.667,75.0,3,1,0.5075,Estabilizado,Operação Normal
2026-08-27T21:00:52.644292,8010-21,1737,1,SÍTIO BOTUQUARA,CPTM PERUS,3,18:00,1,60.0,1,20.0,25.65,25.65,0.0,10000,2.24,800,2.17,22.07,29.86,0,4.74,17.69,0.8,0.333,100.0,2,1,0.4928,Estabilizado,Operação Normal
2026-08-27T21:00:52.644292,9005-41,1440,1,TERM. CACHOEIRINHA,JD. VISTA ALEGRE,3,18:00,1,60.0,1,20.0,25.65,25.65,0.0,10000,2.24,800,2.55,35.79,38.39,0,4.74,20.35,0.8,0.333,100.0,2,1,0.4994,Estabilizado,Operação Normal
2026-08-27T21:00:52.644292,626A-10,2596,1,MAR PAULISTA,CANTINHO DO CÉU,3,18:00,4,15.0,4,20.0,25.65,25.65,0.0,10000,2.24,800,4.58,17.49,29.88,0,4.74,34.56,0.8,1.0,62.5,5,1,0.3745,Estabilizado,Operação Normal
2026-08-27T21:00:52.644292,178Y-21,34993,2,METRÔ JD. SÃO PAULO,CONJ. DOS BANCÁRIOS,3,18:00,1,60.0,1,20.0,25.65,25.65,0.0,10000,2.24,800,4.88,16.47,31.87,0,4.74,36.66,0.8,0.333,100.0,2,1,0.5402,Estabilizado,Operação Normal
2026-08-27T21:00:52.644292,6063-43,35248,2,TERM. EST. VARGINHA,VL. DA PAZ,3,18:00,1,60.0,1,20.0,25.65,25.65,0.0,10000,2.24,800,3.0,23.0,23.0,0,4.74,23.5,0.8,0.333,100.0,2,1,0.5073,Estabilizado,Operação Normal
