extracao_timestamp,linha,id_linha,sentido,prefixo_onibus,timestamp_onibus,latitude,longitude,temperatura,umidade,clima_descricao
20260613_172405,119C-10,33429,2,21379,2026-06-13T20:23:27Z,-23.510132,-46.5958465,20.13,84,nublado
20260613_172405,119C-10,33429,2,21768,2026-06-13T20:24:02Z,-23.4788315,-46.5691755,20.13,84,nublado
20260613_172405,119C-10,33429,2,21749,2026-06-13T20:23:20Z,-23.5051785,-46.5767225,20.13,84,nublado
20260613_172405,119C-10,33429,2,21729,2026-06-13T20:23:28Z,-23.478727,-46.5693105,20.13,84,nublado
20260613_172405,7011-10,1952,1,78835,2026-06-13T20:23:30Z,-23.694629,-46.785033,20.13,84,nublado
20260613_172405,7011-10,1952,1,78273,2026-06-13T20:23:25Z,-23.7087205,-46.792103499999996,20.13,84,nublado
20260613_172405,7011-10,1952,1,78716,2026-06-13T20:23:30Z,-23.7087205,-46.792103499999996,20.13,84,nublado
20260613_172405,574R-10,1623,1,56325,2026-06-13T20:24:00Z,-23.553988,-46.578389,20.13,84,nublado
20260613_172405,574R-10,1623,1,56534,2026-06-13T20:23:19Z,-23.57259775,-46.561845,20.13,84,nublado
20260613_172405,574R-10,1623,1,56526,2026-06-13T20:23:24Z,-23.589683,-46.5319725,20.13,84,nublado
20260613_172405,373T-10,33859,2,55381,2026-06-13T20:23:58Z,-23.553160499999997,-46.6012405,20.13,84,nublado
20260613_172405,373T-10,33859,2,55303,2026-06-13T20:24:01Z,-23.587367,-46.53311175,20.13,84,nublado
20260613_172405,373T-10,33859,2,55006,2026-06-13T20:23:52Z,-23.556552,-46.600267,20.13,84,nublado
20260613_172405,373T-10,33859,2,55509,2026-06-13T20:23:22Z,-23.5830895,-46.573622,20.13,84,nublado
20260613_172405,3029-10,33734,2,45365,2026-06-13T20:23:32Z,-23.586347500000002,-46.508592,20.13,84,nublado
20260613_172405,3029-10,33734,2,45318,2026-06-13T20:24:02Z,-23.548192,-46.53952525,20.13,84,nublado
20260613_172405,3029-10,33734,2,45508,2026-06-13T20:23:28Z,-23.576368000000002,-46.517998,20.13,84,nublado
20260613_172405,3029-10,33734,2,45524,2026-06-13T20:23:40Z,-23.547271000000002,-46.540456875000004,20.13,84,nublado
20260613_172405,3029-10,33734,2,45609,2026-06-13T20:23:46Z,-23.537292,-46.55682575,20.13,84,nublado
20260613_172405,3459-10,33170,2,31834,2026-06-13T20:24:01Z,-23.515004624999996,-46.50726075,20.13,84,nublado
20260613_172405,3459-10,33170,2,31843,2026-06-13T20:23:36Z,-23.547625500000002,-46.629791499999996,20.13,84,nublado
20260613_172405,3459-10,33170,2,31938,2026-06-13T20:23:46Z,-23.547625500000002,-46.629791499999996,20.13,84,nublado
20260613_172405,3459-10,33170,2,31939,2026-06-13T20:22:56Z,-23.516592250000002,-46.38541575,20.13,84,nublado
20260613_172405,3459-10,33170,2,31937,2026-06-13T20:23:59Z,-23.50476775,-46.389867,20.13,84,nublado
20260613_172405,3459-10,33170,2,31930,2026-06-13T20:23:49Z,-23.525568,-46.5259655,20.13,84,nublado
20260613_172405,3459-10,33170,2,31973,2026-06-13T20:23:56Z,-23.5388125,-46.567679,20.13,84,nublado
20260613_172405,3459-10,33170,2,31830,2026-06-13T20:23:20Z,-23.552093499999998,-46.6233865,20.13,84,nublado
20260613_172405,3459-10,33170,2,31110,2026-06-13T20:23:15Z,-23.547625500000002,-46.629791499999996,20.13,84,nublado
20260613_172405,3459-10,33170,2,31934,2026-06-13T20:23:39Z,-23.53176475,-46.52749725,20.13,84,nublado
20260613_172405,2100-10,33481,2,41566,2026-06-13T20:23:25Z,-23.5646865,-46.546281500000006,20.13,84,nublado
20260613_172405,2100-10,33481,2,41127,2026-06-13T20:23:27Z,-23.55893475,-46.58930175,20.13,84,nublado
20260613_172405,2100-10,33481,2,41534,2026-06-13T20:23:19Z,-23.565523499999998,-46.52529375,20.13,84,nublado
20260613_172405,2100-10,33481,2,41100,2026-06-13T20:24:00Z,-23.56731025,-46.5428275,20.13,84,nublado
20260613_172405,2100-10,33481,2,41520,2026-06-13T20:23:53Z,-23.545680249999997,-46.62105475,20.13,84,nublado
20260613_172405,2100-10,33481,2,41524,2026-06-13T20:23:21Z,-23.55828325,-46.590753125,20.13,84,nublado
20260613_172405,2100-10,33481,2,41781,2026-06-13T20:24:01Z,-23.5625845,-46.522476,20.13,84,nublado
20260613_172405,6110-10,33952,2,64345,2026-06-13T20:23:34Z,-23.6660915,-46.677988,20.13,84,nublado
20260613_172405,6110-10,33952,2,64454,2026-06-13T20:23:57Z,-23.7570445,-46.7057305,20.13,84,nublado
20260613_172405,6110-10,33952,2,64625,2026-06-13T20:23:21Z,-23.718687125000002,-46.699647375,20.13,84,nublado
20260613_172405,675I-10,32836,2,71105,2026-06-13T20:23:29Z,-23.618599,-46.6621775,20.13,84,nublado
20260613_172405,675I-10,32836,2,71127,2026-06-13T20:24:00Z,-23.6266695,-46.6415305,20.13,84,nublado
20260613_172405,675I-10,32836,2,71692,2026-06-13T20:23:24Z,-23.624300749999996,-46.66178,20.13,84,nublado
20260613_172405,675I-10,32836,2,71688,2026-06-13T20:23:57Z,-23.627580000000002,-46.661883,20.13,84,nublado
20260613_172405,507T-10,34976,2,48495,2026-06-13T20:23:41Z,-23.551398499999998,-46.531254000000004,20.13,84,nublado
20260613_172405,507T-10,34976,2,48222,2026-06-13T20:23:47Z,-23.5650035,-46.513082,20.13,84,nublado
20260613_172405,507T-10,34976,2,48244,2026-06-13T20:23:20Z,-23.541069999999998,-46.5500845,20.13,84,nublado
20260613_172405,507T-10,34976,2,48829,2026-06-13T20:23:31Z,-23.58734725,-46.51230625,20.13,84,nublado
20260613_172405,507T-10,34976,2,48874,2026-06-13T20:23:32Z,-23.6013965,-46.502987000000005,20.13,84,nublado
20260613_172405,507T-10,34976,2,48485,2026-06-13T20:23:35Z,-23.5995255,-46.501253,20.13,84,nublado
20260613_172405,271C-10,682,1,21378,2026-06-13T20:23:44Z,-23.499679,-46.5936605,20.13,84,nublado
20260613_172405,271C-10,682,1,21951,2026-06-13T20:23:38Z,-23.531511,-46.636298,20.13,84,nublado
20260613_172405,5111-10,48,1,71657,2026-06-13T20:23:42Z,-23.6543525,-46.7118265,20.13,84,nublado
20260613_172405,5111-10,48,1,71686,2026-06-13T20:23:42Z,-23.606044125000004,-46.675613125,20.13,84,nublado
20260613_172405,5111-10,48,1,71691,2026-06-13T20:24:03Z,-23.547648,-46.630084999999994,20.13,84,nublado
20260613_172405,5111-10,48,1,71658,2026-06-13T20:23:52Z,-23.553562375,-46.6383405,20.13,84,nublado
20260613_172405,5111-10,48,1,71548,2026-06-13T20:23:46Z,-23.580375,-46.6637115,20.13,84,nublado
20260613_172405,5111-10,48,1,71170,2026-06-13T20:23:46Z,-23.6543525,-46.7118265,20.13,84,nublado
20260613_172405,8010-10,33566,2,16246,2026-06-13T20:23:56Z,-23.516917,-46.7029155,20.13,84,nublado
20260613_172405,8010-10,33566,2,16603,2026-06-13T20:23:26Z,-23.419337,-46.749284,20.13,84,nublado
20260613_172405,8010-10,33566,2,16497,2026-06-13T20:23:32Z,-23.419767,-46.7495725,20.13,84,nublado
20260613_172405,8010-10,33566,2,16749,2026-06-13T20:23:59Z,-23.419140999999996,-46.749117999999996,20.13,84,nublado
20260613_172405,8010-10,33566,2,16771,2026-06-13T20:23:34Z,-23.4188695,-46.748881499999996,20.13,84,nublado
20260613_172405,8010-10,33566,2,16094,2026-06-13T20:23:47Z,-23.457594,-46.71914975,20.13,84,nublado
20260613_172405,8010-10,33566,2,16310,2026-06-13T20:23:48Z,-23.419567999999998,-46.749461499999995,20.13,84,nublado
20260613_172405,8010-10,33566,2,16741,2026-06-13T20:24:00Z,-23.419767,-46.7495725,20.13,84,nublado
20260613_172405,8010-10,33566,2,16728,2026-06-13T20:23:53Z,-23.48869275,-46.725104,20.13,84,nublado
20260613_172405,8010-10,33566,2,16381,2026-06-13T20:23:53Z,-23.5096815,-46.7047305,20.13,84,nublado
20260613_172405,8010-10,33566,2,16008,2026-06-13T20:23:48Z,-23.467176000000002,-46.7243235,20.13,84,nublado
20260613_172405,4017-10,34958,2,48827,2026-06-13T20:24:03Z,-23.582577,-46.408426,20.13,84,nublado
20260613_172405,4017-10,34958,2,48982,2026-06-13T20:23:49Z,-23.6006425,-46.3996595,20.13,84,nublado
20260613_172405,4017-10,34958,2,48984,2026-06-13T20:23:48Z,-23.6008165,-46.399510500000005,20.13,84,nublado
20260613_172405,4017-10,34958,2,48893,2026-06-13T20:23:30Z,-23.5859975,-46.381826000000004,20.13,84,nublado
20260613_172405,971R-10,614,1,21424,2026-06-13T20:23:47Z,-23.43866575,-46.729177750000005,20.13,84,nublado
20260613_172405,971R-10,614,1,21977,2026-06-13T20:23:34Z,-23.4883555,-46.651771499999995,20.13,84,nublado
20260613_172405,971R-10,614,1,21425,2026-06-13T20:23:41Z,-23.437200500000003,-46.711664999999996,20.13,84,nublado
20260613_172405,971R-10,614,1,21999,2026-06-13T20:24:01Z,-23.454421500000002,-46.7374495,20.13,84,nublado
20260613_172405,971R-10,614,1,21994,2026-06-13T20:23:35Z,-23.500283875,-46.627802,20.13,84,nublado
20260613_172405,971R-10,614,1,21426,2026-06-13T20:23:58Z,-23.498261499999998,-46.6397045,20.13,84,nublado
20260613_172405,971R-10,614,1,21429,2026-06-13T20:23:22Z,-23.454421500000002,-46.7374495,20.13,84,nublado
20260613_172405,971R-10,614,1,21990,2026-06-13T20:23:19Z,-23.47501225,-46.665508,20.13,84,nublado
20260613_172405,971R-10,614,1,21427,2026-06-13T20:23:44Z,-23.435938,-46.7146175,20.13,84,nublado
20260613_172405,971R-10,614,1,21975,2026-06-13T20:23:31Z,-23.4696875,-46.676925,20.13,84,nublado
20260613_172405,971R-10,614,1,21423,2026-06-13T20:23:40Z,-23.454421500000002,-46.7374495,20.13,84,nublado
20260613_172405,971R-10,614,1,21987,2026-06-13T20:23:24Z,-23.500266,-46.6352555,20.13,84,nublado
20260613_172405,971R-10,614,1,21984,2026-06-13T20:23:43Z,-23.449678499999997,-46.735027,20.13,84,nublado
20260613_172405,8700-10,34645,2,81370,2026-06-13T20:23:32Z,-23.58077,-46.711467,20.13,84,nublado
20260613_172405,8700-10,34645,2,81221,2026-06-13T20:23:53Z,-23.62694175,-46.766502,20.13,84,nublado
20260613_172405,8700-10,34645,2,81075,2026-06-13T20:23:55Z,-23.5707165,-46.690237499999995,20.13,84,nublado
20260613_172405,8700-10,34645,2,81372,2026-06-13T20:23:49Z,-23.5457705,-46.638588999999996,20.13,84,nublado
20260613_172405,8700-10,34645,2,81191,2026-06-13T20:23:24Z,-23.6082465,-46.751734,20.13,84,nublado
20260613_172405,8700-10,34645,2,81771,2026-06-13T20:23:50Z,-23.54262575,-46.640550625,20.13,84,nublado
20260613_172405,8700-10,34645,2,81209,2026-06-13T20:22:56Z,-23.564365000000002,-46.6782645,20.13,84,nublado
20260613_172405,8700-10,34645,2,81088,2026-06-13T20:23:47Z,-23.631026499999997,-46.773642,20.13,84,nublado
20260613_172405,8700-10,34645,2,81207,2026-06-13T20:24:00Z,-23.6222055,-46.760129500000005,20.13,84,nublado
20260613_172405,8700-10,34645,2,81764,2026-06-13T20:23:45Z,-23.6233355,-46.763734,20.13,84,nublado
20260613_172405,8700-10,34645,2,81195,2026-06-13T20:23:51Z,-23.6310935,-46.773485,20.13,84,nublado
20260613_172405,8700-10,34645,2,81201,2026-06-13T20:23:30Z,-23.631026499999997,-46.773642,20.13,84,nublado
20260613_172405,8700-10,34645,2,81071,2026-06-13T20:23:35Z,-23.608877,-46.7519055,20.13,84,nublado
20260613_172405,5119-10,32769,2,71660,2026-06-13T20:23:45Z,-23.6441005,-46.7345045,20.13,84,nublado
20260613_172405,5119-10,32769,2,71753,2026-06-13T20:23:54Z,-23.643456999999998,-46.7356385,20.13,84,nublado
20260613_172405,5119-10,32769,2,71247,2026-06-13T20:23:54Z,-23.58653525,-46.69416725,20.13,84,nublado
20260613_172405,5119-10,32769,2,71171,2026-06-13T20:23:43Z,-23.551664000000002,-46.6372965,20.13,84,nublado
20260613_172405,5119-10,32769,2,71662,2026-06-13T20:23:56Z,-23.557312625,-46.64069025,20.13,84,nublado
20260613_172405,5119-10,32769,2,71125,2026-06-13T20:23:43Z,-23.6436775,-46.7337815,20.13,84,nublado
20260613_172405,5119-10,32769,2,71426,2026-06-13T20:23:22Z,-23.58503825,-46.6762775,20.13,84,nublado
20260613_172405,5370-10,34210,2,61320,2026-06-13T20:23:59Z,-23.659385,-46.70405825,20.13,84,nublado
20260613_172405,5370-10,34210,2,61660,2026-06-13T20:23:43Z,-23.617021125,-46.67492475,20.13,84,nublado
20260613_172405,5370-10,34210,2,61341,2026-06-13T20:23:24Z,-23.698055749999998,-46.701179749999994,20.13,84,nublado
20260613_172405,5370-10,34210,2,61646,2026-06-13T20:23:21Z,-23.689815000000003,-46.701563750000005,20.13,84,nublado
20260613_172405,5370-10,34210,2,61661,2026-06-13T20:23:58Z,-23.594691625000003,-46.653908,20.13,84,nublado
20260613_172405,5370-10,34210,2,61735,2026-06-13T20:23:24Z,-23.76714475,-46.71695750000001,20.13,84,nublado
20260613_172405,3021-10,276,1,51112,2026-06-13T20:23:20Z,-23.581701499999998,-46.553227750000005,20.13,84,nublado
20260613_172405,856R-10,1428,1,82704,2026-06-13T20:23:44Z,-23.669865,-46.719399249999995,20.13,84,nublado
20260613_172405,856R-10,1428,1,82751,2026-06-13T20:23:49Z,-23.526072,-46.6883395,20.13,84,nublado
20260613_172405,856R-10,1428,1,82620,2026-06-13T20:23:44Z,-23.669694,-46.71912525,20.13,84,nublado
20260613_172405,856R-10,1428,1,82742,2026-06-13T20:23:22Z,-23.536883000000003,-46.68538875,20.13,84,nublado
20260613_172405,856R-10,1428,1,82624,2026-06-13T20:24:03Z,-23.671058625,-46.71586375,20.13,84,nublado
20260613_172405,856R-10,1428,1,82773,2026-06-13T20:23:58Z,-23.59147325,-46.6727035,20.13,84,nublado
20260613_172405,856R-10,1428,1,82701,2026-06-13T20:23:32Z,-23.669865,-46.719399249999995,20.13,84,nublado
20260613_172405,856R-10,1428,1,82706,2026-06-13T20:23:36Z,-23.669694,-46.71912525,20.13,84,nublado
20260613_172405,778R-10,509,1,81512,2026-06-13T20:23:49Z,-23.535300999999997,-46.64457,20.13,84,nublado
20260613_172405,778R-10,509,1,81504,2026-06-13T20:23:49Z,-23.53984075,-46.64642825,20.13,84,nublado
20260613_172405,778R-10,509,1,81578,2026-06-13T20:24:03Z,-23.56466,-46.6785245,20.13,84,nublado
20260613_172405,778R-10,509,1,81526,2026-06-13T20:23:29Z,-23.5859825,-46.802736499999995,20.13,84,nublado
20260613_172405,778R-10,509,1,81570,2026-06-13T20:23:55Z,-23.585531,-46.805667,20.13,84,nublado
20260613_172405,208M-10,2478,1,21242,2026-06-13T20:24:03Z,-23.526865,-46.6650945,20.13,84,nublado
20260613_172405,208M-10,2478,1,21005,2026-06-13T20:23:59Z,-23.550774,-46.675315499999996,20.13,84,nublado
20260613_172405,208M-10,2478,1,21009,2026-06-13T20:23:21Z,-23.502836,-46.623605,20.13,84,nublado
20260613_172405,208M-10,2478,1,21267,2026-06-13T20:23:53Z,-23.503519999999998,-46.634758375000004,20.13,84,nublado
20260613_172405,8050-10,33180,2,11036,2026-06-13T20:23:30Z,-23.4235045,-46.791183000000004,20.13,84,nublado
20260613_172405,8686-10,446,1,11767,2026-06-13T20:23:50Z,-23.508729250000002,-46.736591000000004,20.13,84,nublado
20260613_172405,8686-10,446,1,11766,2026-06-13T20:17:42Z,-23.531993,-46.6598645,20.13,84,nublado
20260613_172405,2023-10,35028,2,22821,2026-06-13T20:23:25Z,-23.403140999999998,-46.578585000000004,20.13,84,nublado
20260613_172405,2023-10,35028,2,22851,2026-06-13T20:23:39Z,-23.4597075,-46.602514,20.13,84,nublado
20260613_172405,2023-10,35028,2,22745,2026-06-13T20:23:40Z,-23.42123925,-46.589324000000005,20.13,84,nublado
20260613_172405,2023-10,35028,2,22853,2026-06-13T20:23:35Z,-23.39874,-46.578224,20.13,84,nublado
20260613_172405,2023-10,35028,2,22822,2026-06-13T20:23:44Z,-23.480465000000002,-46.6064045,20.13,84,nublado
20260613_172405,2023-10,35028,2,22732,2026-06-13T20:23:20Z,-23.430778250000003,-46.59381275,20.13,84,nublado
20260613_172405,5611-10,598,1,63589,2026-06-13T20:23:52Z,-23.552186,-46.634716,20.13,84,nublado
20260613_172405,5611-10,598,1,63340,2026-06-13T20:23:23Z,-23.7030885,-46.6444935,20.13,84,nublado
20260613_172405,5611-10,598,1,63373,2026-06-13T20:23:24Z,-23.687589250000002,-46.68061575,20.13,84,nublado
20260613_172405,9354-10,33476,2,21406,2026-06-13T20:23:57Z,-23.5118305,-46.653274999999994,20.13,84,nublado
20260613_172405,9354-10,33476,2,21408,2026-06-13T20:23:52Z,-23.4752765,-46.6688805,20.13,84,nublado
20260613_172405,9354-10,33476,2,21404,2026-06-13T20:24:00Z,-23.4809025,-46.656053,20.13,84,nublado
20260613_172405,6258-10,1232,1,78861,2026-06-13T20:23:34Z,-23.6705185,-46.734418000000005,20.13,84,nublado
20260613_172405,6258-10,1232,1,78848,2026-06-13T20:23:58Z,-23.691460499999998,-46.746868500000005,20.13,84,nublado
20260613_172405,4004-10,34946,2,48339,2026-06-13T20:23:58Z,-23.5814275,-46.404887,20.13,84,nublado
20260613_172405,4004-10,34946,2,48160,2026-06-13T20:24:03Z,-23.587823,-46.3916835,20.13,84,nublado
20260613_172405,695Y-10,1198,1,61278,2026-06-13T20:23:33Z,-23.63999525,-46.696571000000006,20.13,84,nublado
20260613_172405,695Y-10,1198,1,61785,2026-06-13T20:24:00Z,-23.724725,-46.6994275,20.13,84,nublado
20260613_172405,695Y-10,1198,1,61769,2026-06-13T20:23:49Z,-23.82240775,-46.735719687499994,20.13,84,nublado
20260613_172405,695Y-10,1198,1,61566,2026-06-13T20:23:24Z,-23.5894045,-46.634211,20.13,84,nublado
20260613_172405,695Y-10,1198,1,61786,2026-06-13T20:23:19Z,-23.672999,-46.686725,20.13,84,nublado
20260613_172405,7021-10,1989,1,73488,2026-06-13T20:24:02Z,-23.671018500000002,-46.7682805,20.13,84,nublado
20260613_172405,7021-10,1989,1,73501,2026-06-13T20:24:00Z,-23.671018500000002,-46.7682805,20.13,84,nublado
20260613_172405,7021-10,1989,1,73502,2026-06-13T20:23:29Z,-23.6601135,-46.736193,20.13,84,nublado
20260613_172405,5145-10,34409,2,52023,2026-06-13T20:23:51Z,-23.567095000000002,-46.617407,20.13,84,nublado
20260613_172405,5145-10,34409,2,52075,2026-06-13T20:23:25Z,-23.5904735,-46.505801125,20.13,84,nublado
20260613_172405,5145-10,34409,2,52072,2026-06-13T20:23:27Z,-23.6139405,-46.501206499999995,20.13,84,nublado
20260613_172405,7055-10,1888,1,78793,2026-06-13T20:23:48Z,-23.666743,-46.772214000000005,20.13,84,nublado
20260613_172405,7055-10,1888,1,78732,2026-06-13T20:23:32Z,-23.652286250000003,-46.778394750000004,20.13,84,nublado
20260613_172405,7055-10,1888,1,78364,2026-06-13T20:23:52Z,-23.686546999999997,-46.790687,20.13,84,nublado
20260613_172405,7055-10,1888,1,78362,2026-06-13T20:23:57Z,-23.634623,-46.775131,20.13,84,nublado
20260613_172405,1720-10,33631,2,26290,2026-06-13T20:23:22Z,-23.4620885,-46.615971,20.13,84,nublado
20260613_172405,1720-10,33631,2,26419,2026-06-13T20:23:25Z,-23.481730499999998,-46.5923325,20.13,84,nublado
20260613_172405,1720-10,33631,2,26048,2026-06-13T20:23:31Z,-23.4640765,-46.616637999999995,20.13,84,nublado
20260613_172405,1720-10,33631,2,26263,2026-06-13T20:23:50Z,-23.4819885,-46.566306999999995,20.13,84,nublado
20260613_172405,1720-10,33631,2,26357,2026-06-13T20:23:33Z,-23.48191425,-46.591546875000006,20.13,84,nublado
20260613_172405,1720-10,33631,2,26333,2026-06-13T20:23:23Z,-23.447785,-46.6093935,20.13,84,nublado
20260613_172405,342C-10,33770,2,47078,2026-06-13T20:23:34Z,-23.564768,-46.4947705,20.13,84,nublado
20260613_172405,342C-10,33770,2,47600,2026-06-13T20:23:41Z,-23.54011525,-46.51618425,20.13,84,nublado
20260613_172405,5752-10,34055,2,68521,2026-06-13T20:23:52Z,-23.689408999999998,-46.6492585,20.13,84,nublado
20260613_172405,5752-10,34055,2,68563,2026-06-13T20:23:50Z,-23.68231925,-46.652084125,20.13,84,nublado
20260613_172405,5752-10,34055,2,68565,2026-06-13T20:23:49Z,-23.674471,-46.662462000000005,20.13,84,nublado
20260613_172405,2755-10,233,1,32211,2026-06-13T20:23:39Z,-23.525222749999998,-46.41828475,20.13,84,nublado
20260613_172405,2755-10,233,1,32045,2026-06-13T20:23:04Z,-23.5292943125,-46.554192812500006,20.13,84,nublado
20260613_172405,2755-10,233,1,32060,2026-06-13T20:24:02Z,-23.5231735,-46.533573000000004,20.13,84,nublado
20260613_172405,2755-10,233,1,32008,2026-06-13T20:24:01Z,-23.51513575,-46.4987845,20.13,84,nublado
20260613_172405,978T-10,33657,2,16717,2026-06-13T20:23:49Z,-23.461351,-46.6872735,20.13,84,nublado
20260613_172405,978T-10,33657,2,16614,2026-06-13T20:24:00Z,-23.529353,-46.677958000000004,20.13,84,nublado
20260613_172405,978T-10,33657,2,16261,2026-06-13T20:23:58Z,-23.461289,-46.6872475,20.13,84,nublado
20260613_172405,978T-10,33657,2,16709,2026-06-13T20:23:59Z,-23.50225575,-46.686184499999996,20.13,84,nublado
20260613_172405,978T-10,33657,2,16027,2026-06-13T20:23:26Z,-23.486565,-46.692606749999996,20.13,84,nublado
20260613_172405,978T-10,33657,2,16604,2026-06-13T20:23:57Z,-23.471181,-46.691973000000004,20.13,84,nublado
20260613_172405,978T-10,33657,2,16751,2026-06-13T20:23:28Z,-23.501545999999998,-46.6907545,20.13,84,nublado
20260613_172405,978T-10,33657,2,16013,2026-06-13T20:23:25Z,-23.461351,-46.6872735,20.13,84,nublado
20260613_172405,978T-10,33657,2,16148,2026-06-13T20:23:24Z,-23.52815725,-46.67998025,20.13,84,nublado
20260613_172405,978T-10,33657,2,16411,2026-06-13T20:24:00Z,-23.525567000000002,-46.671713999999994,20.13,84,nublado
20260613_172405,978T-10,33657,2,16713,2026-06-13T20:23:31Z,-23.461351,-46.6872735,20.13,84,nublado
20260613_172405,978T-10,33657,2,16725,2026-06-13T20:23:30Z,-23.461289,-46.6872475,20.13,84,nublado
20260613_172405,978T-10,33657,2,16524,2026-06-13T20:23:38Z,-23.461289,-46.6872475,20.13,84,nublado
20260613_172405,978T-10,33657,2,16431,2026-06-13T20:23:58Z,-23.525703999999998,-46.6824535,20.13,84,nublado
20260613_172405,2028-10,35031,2,22147,2026-06-13T20:23:38Z,-23.439324,-46.579002,20.13,84,nublado
20260613_172405,2028-10,35031,2,22085,2026-06-13T20:24:02Z,-23.480196,-46.602474,20.13,84,nublado
20260613_172405,2028-10,35031,2,22039,2026-06-13T20:23:54Z,-23.435529000000002,-46.57144649999999,20.13,84,nublado
20260613_172405,746P-10,788,1,85833,2026-06-13T20:23:24Z,-23.6197245,-46.723444,20.13,84,nublado
20260613_172405,746P-10,788,1,85846,2026-06-13T20:23:59Z,-23.649455,-46.70642,20.13,84,nublado
20260613_172405,746P-10,788,1,85852,2026-06-13T20:23:39Z,-23.618279,-46.731673,20.13,84,nublado
20260613_172405,746P-10,788,1,85840,2026-06-13T20:23:40Z,-23.64464325,-46.727139,20.13,84,nublado
20260613_172405,746P-10,788,1,85884,2026-06-13T20:23:40Z,-23.6373245,-46.736935,20.13,84,nublado
20260613_172405,3134-10,33761,2,45079,2026-06-13T20:24:02Z,-23.579203000000003,-46.54156325,20.13,84,nublado
20260613_172405,3134-10,33761,2,45506,2026-06-13T20:23:31Z,-23.5836385,-46.5845555,20.13,84,nublado
20260613_172405,3134-10,33761,2,45533,2026-06-13T20:23:51Z,-23.5759225,-46.51530625,20.13,84,nublado
20260613_172405,3134-10,33761,2,45481,2026-06-13T20:23:48Z,-23.593899,-46.58225350000001,20.13,84,nublado
20260613_172405,647A-10,34083,2,75415,2026-06-13T20:23:48Z,-23.6401245,-46.746552,20.13,84,nublado
20260613_172405,647A-10,34083,2,75416,2026-06-13T20:23:44Z,-23.6700145,-46.7771665,20.13,84,nublado
20260613_172405,647A-10,34083,2,75458,2026-06-13T20:23:31Z,-23.646112000000002,-46.755938,20.13,84,nublado
20260613_172405,647A-10,34083,2,75422,2026-06-13T20:23:44Z,-23.606398125,-46.725315875,20.13,84,nublado
20260613_172405,647A-10,34083,2,75419,2026-06-13T20:23:26Z,-23.666964,-46.77318075,20.13,84,nublado
20260613_172405,647A-10,34083,2,75417,2026-06-13T20:23:26Z,-23.696893000000003,-46.7927635,20.13,84,nublado
20260613_172405,647A-10,34083,2,75459,2026-06-13T20:23:27Z,-23.64251,-46.736504,20.13,84,nublado
20260613_172405,647A-10,34083,2,75418,2026-06-13T20:23:28Z,-23.6392945,-46.743815999999995,20.13,84,nublado
20260613_172405,647A-10,34083,2,75444,2026-06-13T20:23:27Z,-23.6930195,-46.7977425,20.13,84,nublado
20260613_172405,9784-10,827,1,15225,2026-06-13T20:24:04Z,-23.506690499999998,-46.6692235,20.13,84,nublado
20260613_172405,9784-10,827,1,15189,2026-06-13T20:23:21Z,-23.52240875,-46.669006749999994,20.13,84,nublado
20260613_172405,9784-10,827,1,15164,2026-06-13T20:23:35Z,-23.4688205,-46.6674365,20.13,84,nublado
20260613_172405,9784-10,827,1,15265,2026-06-13T20:24:03Z,-23.458678749999997,-46.67508175,20.13,84,nublado
20260613_172405,9784-10,827,1,15163,2026-06-13T20:23:30Z,-23.4503535,-46.683854999999994,20.13,84,nublado
20260613_172405,9784-10,827,1,15264,2026-06-13T20:23:47Z,-23.4505015,-46.678377,20.13,84,nublado
20260613_172405,5031-10,34514,2,55503,2026-06-13T20:23:41Z,-23.61600225,-46.593427250000005,20.13,84,nublado
20260613_172405,5031-10,34514,2,55428,2026-06-13T20:23:25Z,-23.6365255,-46.5910045,20.13,84,nublado
20260613_172405,5031-10,34514,2,55204,2026-06-13T20:23:41Z,-23.622293499999998,-46.591708,20.13,84,nublado
20260613_172405,5031-10,34514,2,55035,2026-06-13T20:23:42Z,-23.634847,-46.591849999999994,20.13,84,nublado
20260613_172405,5031-10,34514,2,55107,2026-06-13T20:23:52Z,-23.623826,-46.591074000000006,20.13,84,nublado
20260613_172405,5031-10,34514,2,55120,2026-06-13T20:23:56Z,-23.6343605,-46.591129499999994,20.13,84,nublado
20260613_172405,5031-10,34514,2,55316,2026-06-13T20:24:03Z,-23.602927,-46.6027465,20.13,84,nublado
20260613_172405,5031-10,34514,2,55200,2026-06-13T20:23:38Z,-23.602927,-46.6027465,20.13,84,nublado
20260613_172405,2728-10,943,1,45217,2026-06-13T20:24:00Z,-23.5014245,-46.512783,20.13,84,nublado
20260613_172405,2728-10,943,1,45233,2026-06-13T20:23:29Z,-23.505295,-46.5158855,20.13,84,nublado
20260613_172405,2728-10,943,1,45213,2026-06-13T20:23:37Z,-23.508626,-46.5385615,20.13,84,nublado
20260613_172405,2728-10,943,1,45290,2026-06-13T20:23:34Z,-23.52572425,-46.54936775,20.13,84,nublado
20260613_172405,2728-10,943,1,45225,2026-06-13T20:23:23Z,-23.532725,-46.5457485,20.13,84,nublado
20260613_172405,2728-10,943,1,45212,2026-06-13T20:23:22Z,-23.5181245,-46.5462095,20.13,84,nublado
20260613_172405,407G-10,2196,1,48582,2026-06-13T20:23:57Z,-23.625472000000002,-46.463142000000005,20.13,84,nublado
20260613_172405,407G-10,2196,1,48421,2026-06-13T20:23:43Z,-23.57582325,-46.50213925,20.13,84,nublado
20260613_172405,407G-10,2196,1,48138,2026-06-13T20:23:22Z,-23.581362499999997,-46.4913625,20.13,84,nublado
20260613_172405,407G-10,2196,1,48574,2026-06-13T20:23:22Z,-23.53491,-46.548629000000005,20.13,84,nublado
20260613_172405,407G-10,2196,1,48164,2026-06-13T20:23:37Z,-23.611837,-46.4334745,20.13,84,nublado
20260613_172405,407G-10,2196,1,48227,2026-06-13T20:23:40Z,-23.611837,-46.4334745,20.13,84,nublado
20260613_172405,407G-10,2196,1,48863,2026-06-13T20:23:20Z,-23.608008499999997,-46.449095,20.13,84,nublado
20260613_172405,407G-10,2196,1,48247,2026-06-13T20:23:20Z,-23.611837,-46.4334745,20.13,84,nublado
20260613_172405,407G-10,2196,1,48030,2026-06-13T20:24:02Z,-23.611837,-46.4334745,20.13,84,nublado
20260613_172405,407G-10,2196,1,48867,2026-06-13T20:23:29Z,-23.56178175,-46.510352999999995,20.13,84,nublado
20260613_172405,4729-10,1108,1,55048,2026-06-13T20:24:02Z,-23.5982,-46.522324,20.13,84,nublado
20260613_172405,4729-10,1108,1,55398,2026-06-13T20:23:55Z,-23.58537275,-46.538046375,20.13,84,nublado
20260613_172405,695H-10,33964,2,61291,2026-06-13T20:23:25Z,-23.7614725,-46.71559675,20.13,84,nublado
20260613_172405,695H-10,33964,2,61442,2026-06-13T20:23:26Z,-23.710868125,-46.699293624999996,20.13,84,nublado
20260613_172405,695H-10,33964,2,61282,2026-06-13T20:23:23Z,-23.67657975,-46.696490499999996,20.13,84,nublado
20260613_172405,695H-10,33964,2,61417,2026-06-13T20:23:51Z,-23.78837,-46.715108,20.13,84,nublado
20260613_172405,695H-10,33964,2,61439,2026-06-13T20:23:42Z,-23.658759,-46.698775999999995,20.13,84,nublado
20260613_172405,695H-10,33964,2,61285,2026-06-13T20:23:43Z,-23.723991749999996,-46.699183749999996,20.13,84,nublado
20260613_172405,546A-31,1132,1,68463,2026-06-13T20:23:48Z,-23.6886175,-46.680141500000005,20.13,84,nublado
20260613_172405,546A-31,1132,1,68470,2026-06-13T20:23:59Z,-23.7139475,-46.6571055,20.13,84,nublado
20260613_172405,546A-31,1132,1,68208,2026-06-13T20:23:27Z,-23.6544305,-46.703920499999995,20.13,84,nublado
20260613_172405,546A-31,1132,1,68374,2026-06-13T20:23:54Z,-23.699813,-46.648508,20.13,84,nublado
20260613_172405,546A-31,1132,1,68552,2026-06-13T20:23:26Z,-23.666351,-46.6901955,20.13,84,nublado
20260613_172405,8013-10,800,1,16376,2026-06-13T20:23:18Z,-23.438838500000003,-46.7860845,20.13,84,nublado
20260613_172405,8013-10,800,1,16496,2026-06-13T20:23:28Z,-23.4946075,-46.76261075,20.13,84,nublado
20260613_172405,8013-10,800,1,16460,2026-06-13T20:23:25Z,-23.432145,-46.787099999999995,20.13,84,nublado
20260613_172405,8013-10,800,1,16264,2026-06-13T20:23:53Z,-23.432145,-46.787099999999995,20.13,84,nublado
20260613_172405,8013-10,800,1,16996,2026-06-13T20:23:55Z,-23.52012975,-46.704125875,20.13,84,nublado
20260613_172405,8013-10,800,1,16349,2026-06-13T20:23:28Z,-23.4311145,-46.787370499999994,20.13,84,nublado
20260613_172405,8013-10,800,1,16551,2026-06-13T20:23:32Z,-23.432145,-46.787099999999995,20.13,84,nublado
20260613_172405,1016-10,33599,2,26383,2026-06-13T20:23:23Z,-23.4750935,-46.612967,20.13,84,nublado
20260613_172405,1016-10,33599,2,26275,2026-06-13T20:23:42Z,-23.468101750000002,-46.6076255,20.13,84,nublado
20260613_172405,1016-10,33599,2,26542,2026-06-13T20:24:03Z,-23.513872,-46.6160225,20.13,84,nublado
20260613_172405,1016-10,33599,2,26121,2026-06-13T20:23:31Z,-23.4467415,-46.611489000000006,20.13,84,nublado
20260613_172405,2025-10,35035,2,22827,2026-06-13T20:23:26Z,-23.49122825,-46.61066925,20.13,84,nublado
20260613_172405,2025-10,35035,2,22802,2026-06-13T20:23:36Z,-23.458181500000002,-46.585585,20.13,84,nublado
20260613_172405,2025-10,35035,2,22530,2026-06-13T20:23:34Z,-23.464659,-46.5833935,20.13,84,nublado
20260613_172405,2025-10,35035,2,22828,2026-06-13T20:23:37Z,-23.4968465,-46.612097500000004,20.13,84,nublado
20260613_172405,172K-10,33625,2,25119,2026-06-13T20:23:57Z,-23.50525725,-46.598095,20.13,84,nublado
20260613_172405,172K-10,33625,2,25065,2026-06-13T20:23:52Z,-23.47485075,-46.589771,20.13,84,nublado
20260613_172405,172K-10,33625,2,25163,2026-06-13T20:23:33Z,-23.465784499999998,-46.603472499999995,20.13,84,nublado
20260613_172405,172K-10,33625,2,25182,2026-06-13T20:23:46Z,-23.524414999999998,-46.594369,20.13,84,nublado
20260613_172405,172K-10,33625,2,25251,2026-06-13T20:23:51Z,-23.4806985,-46.6057455,20.13,84,nublado
20260613_172405,172K-10,33625,2,25194,2026-06-13T20:24:00Z,-23.456100499999998,-46.59466,20.13,84,nublado
20260613_172405,172K-10,33625,2,25115,2026-06-13T20:23:55Z,-23.539907499999998,-46.577336,20.13,84,nublado
20260613_172405,172K-10,33625,2,25092,2026-06-13T20:23:51Z,-23.456574500000002,-46.5947105,20.13,84,nublado
20260613_172405,172K-10,33625,2,25155,2026-06-13T20:23:43Z,-23.456100499999998,-46.59466,20.13,84,nublado
20260613_172405,6L05-10,1173,1,66882,2026-06-13T20:23:40Z,-23.865389,-46.663681499999996,20.13,84,nublado
20260613_172405,6L05-10,1173,1,66237,2026-06-13T20:23:44Z,-23.828203,-46.726499000000004,20.13,84,nublado
20260613_172405,6L05-10,1173,1,66214,2026-06-13T20:23:31Z,-23.8282575,-46.7269255,20.13,84,nublado
20260613_172405,8705-10,34840,2,81905,2026-06-13T20:23:26Z,-23.560122500000002,-46.747219125,20.13,84,nublado
20260613_172405,8705-10,34840,2,81194,2026-06-13T20:23:58Z,-23.547614000000003,-46.760172999999995,20.13,84,nublado
20260613_172405,8705-10,34840,2,81090,2026-06-13T20:23:47Z,-23.570704875,-46.710043375,20.13,84,nublado
20260613_172405,8705-10,34840,2,81203,2026-06-13T20:23:22Z,-23.54262575,-46.640550625,20.13,84,nublado
20260613_172405,8705-10,34840,2,81093,2026-06-13T20:23:23Z,-23.546825,-46.7609525,20.13,84,nublado
20260613_172405,8705-10,34840,2,81912,2026-06-13T20:21:18Z,-23.557931500000002,-46.667739,20.13,84,nublado
20260613_172405,6475-10,1317,1,75815,2026-06-13T20:23:42Z,-23.64251,-46.736504,20.13,84,nublado
20260613_172405,6475-10,1317,1,75819,2026-06-13T20:23:40Z,-23.5823025,-46.6854505,20.13,84,nublado
20260613_172405,6475-10,1317,1,75803,2026-06-13T20:23:27Z,-23.6709525,-46.76564625,20.13,84,nublado
20260613_172405,1178-33,34778,2,31191,2026-06-13T20:23:48Z,-23.51955675,-46.618729,20.13,84,nublado
20260613_172405,1178-33,34778,2,31017,2026-06-13T20:23:38Z,-23.5041765,-46.433013,20.13,84,nublado
20260613_172405,5025-10,34332,2,55308,2026-06-13T20:23:33Z,-23.601640500000002,-46.547612,20.13,84,nublado
20260613_172405,5025-10,34332,2,55248,2026-06-13T20:23:41Z,-23.603602375,-46.58210525,20.13,84,nublado
20260613_172405,6076-10,33933,2,66597,2026-06-13T20:23:49Z,-23.681174,-46.7104635,20.13,84,nublado
20260613_172405,6076-10,33933,2,66957,2026-06-13T20:23:47Z,-23.719821,-46.698304,20.13,84,nublado
20260613_172405,6076-10,33933,2,66811,2026-06-13T20:23:35Z,-23.73452975,-46.679671,20.13,84,nublado
20260613_172405,6076-10,33933,2,66875,2026-06-13T20:23:36Z,-23.72173175,-46.69587825,20.13,84,nublado
20260613_172405,3462-10,247,1,32616,2026-06-13T20:23:56Z,-23.5349305,-46.456532499999994,20.13,84,nublado
20260613_172405,546J-10,33901,2,68852,2026-06-13T20:23:58Z,-23.658759,-46.698775999999995,20.13,84,nublado
20260613_172405,546J-10,33901,2,68316,2026-06-13T20:23:59Z,-23.6930735,-46.65947,20.13,84,nublado
20260613_172405,546J-10,33901,2,68350,2026-06-13T20:24:02Z,-23.692140000000002,-46.660574499999996,20.13,84,nublado
20260613_172405,546J-10,33901,2,68021,2026-06-13T20:23:27Z,-23.673735999999998,-46.6777995,20.13,84,nublado
20260613_172405,546J-10,33901,2,68267,2026-06-13T20:23:32Z,-23.687986000000002,-46.65963875,20.13,84,nublado
20260613_172405,5123-10,1125,1,68508,2026-06-13T20:23:32Z,-23.660702125,-46.636904375,20.13,84,nublado
20260613_172405,5123-10,1125,1,68749,2026-06-13T20:23:38Z,-23.678236499999997,-46.630762000000004,20.13,84,nublado
20260613_172405,5123-10,1125,1,68526,2026-06-13T20:23:53Z,-23.599644,-46.636675499999996,20.13,84,nublado
20260613_172405,5123-10,1125,1,68085,2026-06-13T20:23:59Z,-23.62516875,-46.640617,20.13,84,nublado
20260613_172405,5123-10,1125,1,68426,2026-06-13T20:23:21Z,-23.594816875,-46.645017249999995,20.13,84,nublado
20260613_172405,5123-10,1125,1,68367,2026-06-13T20:23:55Z,-23.677686,-46.630250000000004,20.13,84,nublado
20260613_172405,6047-10,33992,2,78978,2026-06-13T20:23:24Z,-23.6497455,-46.708454,20.13,84,nublado
20260613_172405,6047-10,33992,2,78772,2026-06-13T20:23:56Z,-23.6585355,-46.760119,20.13,84,nublado
20260613_172405,3053-10,33741,2,45507,2026-06-13T20:23:58Z,-23.5429775,-46.588603500000005,20.13,84,nublado
20260613_172405,3053-10,33741,2,45557,2026-06-13T20:23:41Z,-23.57197875,-46.549086,20.13,84,nublado
20260613_172405,3053-10,33741,2,45670,2026-06-13T20:24:01Z,-23.583910125000003,-46.5295845,20.13,84,nublado
20260613_172405,3053-10,33741,2,45677,2026-06-13T20:24:02Z,-23.54381825,-46.59206399999999,20.13,84,nublado
20260613_172405,3053-10,33741,2,45590,2026-06-13T20:23:57Z,-23.584741,-46.495041,20.13,84,nublado
20260613_172405,3053-10,33741,2,45471,2026-06-13T20:24:04Z,-23.586618875,-46.495382875,20.13,84,nublado
20260613_172405,3053-10,33741,2,45568,2026-06-13T20:23:44Z,-23.580441,-46.539152,20.13,84,nublado
20260613_172405,607C-10,1977,1,63533,2026-06-13T20:23:57Z,-23.68707,-46.6334845,20.13,84,nublado
20260613_172405,607C-10,1977,1,63538,2026-06-13T20:23:28Z,-23.625532,-46.692049,20.13,84,nublado
20260613_172405,607C-10,1977,1,63539,2026-06-13T20:23:54Z,-23.594622,-46.690059,20.13,84,nublado
20260613_172405,607C-10,1977,1,63306,2026-06-13T20:23:46Z,-23.643302,-46.673232,20.13,84,nublado
20260613_172405,607C-10,1977,1,63504,2026-06-13T20:23:47Z,-23.67003175,-46.647889750000004,20.13,84,nublado
20260613_172405,6058-10,1149,1,66959,2026-06-13T20:23:33Z,-23.7700935,-46.711003,20.13,84,nublado
20260613_172405,6058-10,1149,1,66022,2026-06-13T20:23:22Z,-23.7702795,-46.71067,20.13,84,nublado
20260613_172405,6058-10,1149,1,66670,2026-06-13T20:23:21Z,-23.769839,-46.680482999999995,20.13,84,nublado
20260613_172405,3731-10,1028,1,45519,2026-06-13T20:23:45Z,-23.539611999999998,-46.516724999999994,20.13,84,nublado
20260613_172405,3731-10,1028,1,45389,2026-06-13T20:23:48Z,-23.539611999999998,-46.516724999999994,20.13,84,nublado
20260613_172405,3731-10,1028,1,45455,2026-06-13T20:23:34Z,-23.5393245,-46.516946000000004,20.13,84,nublado
20260613_172405,3731-10,1028,1,45433,2026-06-13T20:23:32Z,-23.530002500000002,-46.528228,20.13,84,nublado
20260613_172405,3731-10,1028,1,45368,2026-06-13T20:23:57Z,-23.5425505,-46.51442375,20.13,84,nublado
20260613_172405,3731-10,1028,1,45386,2026-06-13T20:23:36Z,-23.538997000000002,-46.5171695,20.13,84,nublado
20260613_172405,3731-10,1028,1,45503,2026-06-13T20:24:01Z,-23.5393245,-46.516946000000004,20.13,84,nublado
20260613_172405,3731-10,1028,1,45309,2026-06-13T20:23:20Z,-23.539611999999998,-46.516724999999994,20.13,84,nublado
20260613_172405,3731-10,1028,1,45490,2026-06-13T20:23:47Z,-23.5393245,-46.516946000000004,20.13,84,nublado
20260613_172405,3731-10,1028,1,45397,2026-06-13T20:23:24Z,-23.550445,-46.5113915,20.13,84,nublado
20260613_172405,3731-10,1028,1,45545,2026-06-13T20:23:19Z,-23.5382975,-46.51788,20.13,84,nublado
20260613_172405,8610-10,34831,2,81934,2026-06-13T20:24:01Z,-23.5715485,-46.6960225,20.13,84,nublado
20260613_172405,8610-10,34831,2,81218,2026-06-13T20:23:36Z,-23.6031905,-46.781071999999995,20.13,84,nublado
20260613_172405,8610-10,34831,2,81219,2026-06-13T20:24:03Z,-23.5488495,-46.639315499999995,20.13,84,nublado
20260613_172405,8610-10,34831,2,81327,2026-06-13T20:23:52Z,-23.580835,-46.684070999999996,20.13,84,nublado
20260613_172405,8610-10,34831,2,81026,2026-06-13T20:23:39Z,-23.6032175,-46.780919,20.13,84,nublado
20260613_172405,8610-10,34831,2,81165,2026-06-13T20:23:21Z,-23.6031905,-46.781071999999995,20.13,84,nublado
20260613_172405,172J-10,856,1,26305,2026-06-13T20:23:45Z,-23.51949775,-46.59069025,20.13,84,nublado
20260613_172405,172J-10,856,1,26356,2026-06-13T20:23:40Z,-23.53225025,-46.57564825,20.13,84,nublado
20260613_172405,172J-10,856,1,26223,2026-06-13T20:23:42Z,-23.481361999999997,-46.5713935,20.13,84,nublado
20260613_172405,172J-10,856,1,26037,2026-06-13T20:23:52Z,-23.500918249999998,-46.572669250000004,20.13,84,nublado
20260613_172405,172J-10,856,1,26527,2026-06-13T20:23:41Z,-23.51620175,-46.588098,20.13,84,nublado
20260613_172405,172J-10,856,1,26051,2026-06-13T20:23:42Z,-23.4993965,-46.572991,20.13,84,nublado
20260613_172405,3069-10,33752,2,45398,2026-06-13T20:23:46Z,-23.613771999999997,-46.420487,20.13,84,nublado
20260613_172405,3069-10,33752,2,45510,2026-06-13T20:23:52Z,-23.60662525,-46.41692075,20.13,84,nublado
20260613_172405,3069-10,33752,2,45379,2026-06-13T20:23:52Z,-23.60662525,-46.41692075,20.13,84,nublado
20260613_172405,3069-10,33752,2,45018,2026-06-13T20:23:35Z,-23.619707,-46.439263,20.13,84,nublado
20260613_172405,3069-10,33752,2,45749,2026-06-13T20:24:03Z,-23.6246985,-46.461509,20.13,84,nublado
20260613_172405,6057-10,33916,2,66850,2026-06-13T20:23:47Z,-23.743816250000002,-46.705317,20.13,84,nublado
20260613_172405,6057-10,33916,2,66077,2026-06-13T20:23:22Z,-23.762890249999998,-46.70315625,20.13,84,nublado
20260613_172405,6057-10,33916,2,66953,2026-06-13T20:23:30Z,-23.762388,-46.709107,20.13,84,nublado
20260613_172405,2009-10,898,1,36189,2026-06-13T20:23:26Z,-23.512333624999997,-46.412963625,20.13,84,nublado
20260613_172405,2009-10,898,1,36678,2026-06-13T20:23:58Z,-23.524762499999998,-46.4183285,20.13,84,nublado
20260613_172405,2009-10,898,1,36122,2026-06-13T20:23:42Z,-23.540953000000002,-46.408809,20.13,84,nublado
20260613_172405,2009-10,898,1,36264,2026-06-13T20:24:03Z,-23.5099475,-46.413949,20.13,84,nublado
20260613_172405,2009-10,898,1,36323,2026-06-13T20:23:37Z,-23.5099475,-46.413949,20.13,84,nublado
20260613_172405,2009-10,898,1,36170,2026-06-13T20:23:47Z,-23.5099475,-46.413949,20.13,84,nublado
20260613_172405,1742-10,33310,2,22675,2026-06-13T20:23:27Z,-23.48778,-46.626408,20.13,84,nublado
20260613_172405,1742-10,33310,2,22670,2026-06-13T20:23:32Z,-23.471790499999997,-46.636970500000004,20.13,84,nublado
20260613_172405,1742-10,33310,2,22589,2026-06-13T20:23:40Z,-23.500336,-46.624546,20.13,84,nublado
20260613_172405,1742-10,33310,2,22912,2026-06-13T20:23:50Z,-23.4571605,-46.6597545,20.13,84,nublado
20260613_172405,1742-10,33310,2,22632,2026-06-13T20:23:23Z,-23.457146,-46.659533249999996,20.13,84,nublado
20260613_172405,4284-10,33057,2,51056,2026-06-13T20:23:23Z,-23.597592,-46.562051,20.13,84,nublado
20260613_172405,6071-10,33924,2,66893,2026-06-13T20:23:37Z,-23.70708775,-46.68897199999999,20.13,84,nublado
20260613_172405,6071-10,33924,2,66528,2026-06-13T20:23:33Z,-23.69527775,-46.699757125,20.13,84,nublado
20260613_172405,6071-10,33924,2,66942,2026-06-13T20:23:55Z,-23.65397,-46.711581499999994,20.13,84,nublado
20260613_172405,6071-10,33924,2,66515,2026-06-13T20:24:00Z,-23.71901475,-46.67920225,20.13,84,nublado
20260613_172405,2031-10,367,1,32152,2026-06-13T20:23:54Z,-23.511777000000002,-46.375871000000004,20.13,84,nublado
20260613_172405,2031-10,367,1,32189,2026-06-13T20:23:37Z,-23.515301,-46.461203,20.13,84,nublado
20260613_172405,6047-10,1224,1,78560,2026-06-13T20:23:23Z,-23.66100675,-46.757594999999995,20.13,84,nublado
20260613_172405,6047-10,1224,1,78299,2026-06-13T20:23:28Z,-23.6686645,-46.763990500000006,20.13,84,nublado
20260613_172405,6047-10,1224,1,78765,2026-06-13T20:22:44Z,-23.64784975,-46.708335375,20.13,84,nublado
20260613_172405,6L07-10,34313,2,66317,2026-06-13T20:23:27Z,-23.8313465,-46.711774500000004,20.13,84,nublado
20260613_172405,6L07-10,34313,2,66766,2026-06-13T20:23:48Z,-23.8313465,-46.711774500000004,20.13,84,nublado
20260613_172405,6L07-10,34313,2,66496,2026-06-13T20:23:23Z,-23.82556125,-46.710087,20.13,84,nublado
20260613_172405,6L07-10,34313,2,66819,2026-06-13T20:23:41Z,-23.831447124999997,-46.712339625,20.13,84,nublado
20260613_172405,278A-10,706,1,22547,2026-06-13T20:23:28Z,-23.507948,-46.526174,20.13,84,nublado
20260613_172405,278A-10,706,1,22618,2026-06-13T20:23:20Z,-23.524134,-46.5485155,20.13,84,nublado
20260613_172405,278A-10,706,1,22290,2026-06-13T20:23:19Z,-23.5201225,-46.623228499999996,20.13,84,nublado
20260613_172405,7011-31,34722,2,78420,2026-06-13T20:23:54Z,-23.698541499999997,-46.7821285,20.13,84,nublado
20260613_172405,7011-31,34722,2,78631,2026-06-13T20:23:52Z,-23.705413999999998,-46.791267,20.13,84,nublado
20260613_172405,5038-10,1661,1,51429,2026-06-13T20:23:45Z,-23.62279425,-46.602509,20.13,84,nublado
20260613_172405,5038-10,1661,1,51423,2026-06-13T20:23:36Z,-23.602863499999998,-46.6021625,20.13,84,nublado
20260613_172405,5038-10,1661,1,51410,2026-06-13T20:23:41Z,-23.630338000000002,-46.603423,20.13,84,nublado
20260613_172405,3789-10,1067,1,47025,2026-06-13T20:24:01Z,-23.584172000000002,-46.4149685,20.13,84,nublado
20260613_172405,3789-10,1067,1,47763,2026-06-13T20:23:58Z,-23.5960245,-46.4362195,20.13,84,nublado
20260613_172405,3789-10,1067,1,47216,2026-06-13T20:23:55Z,-23.6059405,-46.401435,20.13,84,nublado
20260613_172405,3789-10,1067,1,47234,2026-06-13T20:23:29Z,-23.568777,-46.447100500000005,20.13,84,nublado
20260613_172405,3789-10,1067,1,47583,2026-06-13T20:23:27Z,-23.5703395,-46.4468915,20.13,84,nublado
20260613_172405,875P-10,34109,2,82748,2026-06-13T20:23:28Z,-23.534442875,-46.66569725,20.13,84,nublado
20260613_172405,875P-10,34109,2,82753,2026-06-13T20:23:35Z,-23.53404325,-46.665008,20.13,84,nublado
20260613_172405,7016-10,2118,1,73436,2026-06-13T20:21:06Z,-23.6882555,-46.7733525,20.13,84,nublado
20260613_172405,7016-10,2118,1,73434,2026-06-13T20:23:55Z,-23.67024,-46.7343505,20.13,84,nublado
20260613_172405,7016-10,2118,1,73438,2026-06-13T20:23:58Z,-23.686428999999997,-46.753412,20.13,84,nublado
20260613_172405,7016-10,2118,1,73447,2026-06-13T20:23:50Z,-23.688436000000003,-46.765730000000005,20.13,84,nublado
20260613_172405,6041-10,33986,2,78351,2026-06-13T20:23:43Z,-23.6598085,-46.766954999999996,20.13,84,nublado
20260613_172405,6041-10,33986,2,78172,2026-06-13T20:23:35Z,-23.647910125000003,-46.7100685,20.13,84,nublado
20260613_172405,6041-10,33986,2,78557,2026-06-13T20:24:02Z,-23.6798005,-46.776562,20.13,84,nublado
20260613_172405,6041-10,33986,2,78414,2026-06-13T20:23:20Z,-23.642292,-46.740162999999995,20.13,84,nublado
20260613_172405,5759-10,33906,2,68127,2026-06-13T20:23:56Z,-23.6948495,-46.64830975,20.13,84,nublado
20260613_172405,5759-10,33906,2,68333,2026-06-13T20:23:46Z,-23.6947445,-46.64808025,20.13,84,nublado
20260613_172405,3459-10,402,1,31086,2026-06-13T20:23:31Z,-23.5165205,-46.385602000000006,20.13,84,nublado
20260613_172405,3459-10,402,1,31984,2026-06-13T20:23:42Z,-23.5165205,-46.385602000000006,20.13,84,nublado
20260613_172405,3459-10,402,1,31840,2026-06-13T20:23:38Z,-23.5165205,-46.385602000000006,20.13,84,nublado
20260613_172405,3459-10,402,1,31935,2026-06-13T20:23:48Z,-23.5165205,-46.385602000000006,20.13,84,nublado
20260613_172405,3459-10,402,1,31835,2026-06-13T20:23:45Z,-23.5473415,-46.629296499999995,20.13,84,nublado
20260613_172405,3459-10,402,1,31849,2026-06-13T20:23:51Z,-23.493909000000002,-46.4396455,20.13,84,nublado
20260613_172405,3459-10,402,1,31831,2026-06-13T20:23:30Z,-23.5023385,-46.4427095,20.13,84,nublado
20260613_172405,3459-10,402,1,31929,2026-06-13T20:23:30Z,-23.5165205,-46.385602000000006,20.13,84,nublado
20260613_172405,3459-10,402,1,31085,2026-06-13T20:23:31Z,-23.5165205,-46.385602000000006,20.13,84,nublado
20260613_172405,3459-10,402,1,31083,2026-06-13T20:23:55Z,-23.5165205,-46.385602000000006,20.13,84,nublado
20260613_172405,3459-10,402,1,31933,2026-06-13T20:23:46Z,-23.5165205,-46.385602000000006,20.13,84,nublado
20260613_172405,3459-10,402,1,31825,2026-06-13T20:23:48Z,-23.5165205,-46.385602000000006,20.13,84,nublado
20260613_172405,3459-10,402,1,31982,2026-06-13T20:23:31Z,-23.5165205,-46.385602000000006,20.13,84,nublado
20260613_172405,3459-10,402,1,31971,2026-06-13T20:23:41Z,-23.5165205,-46.385602000000006,20.13,84,nublado
20260613_172405,3459-10,402,1,31844,2026-06-13T20:23:50Z,-23.5165205,-46.385602000000006,20.13,84,nublado
20260613_172405,3459-10,402,1,31943,2026-06-13T20:23:18Z,-23.5165205,-46.385602000000006,20.13,84,nublado
20260613_172405,3459-10,402,1,31983,2026-06-13T20:23:51Z,-23.5165205,-46.385602000000006,20.13,84,nublado
20260613_172405,3459-10,402,1,31986,2026-06-13T20:23:41Z,-23.505517,-46.443014000000005,20.13,84,nublado
20260613_172405,3459-10,402,1,31963,2026-06-13T20:23:59Z,-23.5165205,-46.385602000000006,20.13,84,nublado
20260613_172405,3459-10,402,1,31968,2026-06-13T20:23:34Z,-23.5165205,-46.385602000000006,20.13,84,nublado
20260613_172405,3459-10,402,1,31839,2026-06-13T20:23:27Z,-23.4984775,-46.400093,20.13,84,nublado
20260613_172405,3459-10,402,1,31931,2026-06-13T20:23:30Z,-23.5165205,-46.385602000000006,20.13,84,nublado
20260613_172405,3459-10,402,1,31964,2026-06-13T20:23:47Z,-23.5165205,-46.385602000000006,20.13,84,nublado
20260613_172405,3459-10,402,1,31826,2026-06-13T20:23:30Z,-23.51529625,-46.45965699999999,20.13,84,nublado
20260613_172405,3459-10,402,1,31847,2026-06-13T20:23:44Z,-23.5165205,-46.385602000000006,20.13,84,nublado
20260613_172405,3459-10,402,1,31969,2026-06-13T20:23:49Z,-23.5165205,-46.385602000000006,20.13,84,nublado
20260613_172405,3459-10,402,1,31836,2026-06-13T20:23:24Z,-23.5165205,-46.385602000000006,20.13,84,nublado
20260613_172405,3459-10,402,1,31979,2026-06-13T20:23:34Z,-23.5165205,-46.385602000000006,20.13,84,nublado
20260613_172405,748A-10,33266,2,80300,2026-06-13T20:24:01Z,-23.5507539375,-46.739962375000005,20.13,84,nublado
20260613_172405,748A-10,33266,2,80507,2026-06-13T20:23:52Z,-23.579413000000002,-46.77907275,20.13,84,nublado
20260613_172405,3008-10,35283,2,36086,2026-06-13T20:23:21Z,-23.52384875,-46.39582775,20.13,84,nublado
20260613_172405,3008-10,35283,2,36046,2026-06-13T20:23:22Z,-23.509261000000002,-46.3981645,20.13,84,nublado
20260613_172405,128Y-10,33611,2,26148,2026-06-13T20:23:49Z,-23.516964,-46.698682000000005,20.13,84,nublado
20260613_172405,128Y-10,33611,2,26408,2026-06-13T20:23:51Z,-23.454843,-46.6678525,20.13,84,nublado
20260613_172405,128Y-10,33611,2,26092,2026-06-13T20:24:00Z,-23.487153999999997,-46.652801499999995,20.13,84,nublado
20260613_172405,128Y-10,33611,2,26029,2026-06-13T20:23:54Z,-23.462206000000002,-46.666225499999996,20.13,84,nublado
20260613_172405,128Y-10,33611,2,26102,2026-06-13T20:23:58Z,-23.4915405,-46.655924999999996,20.13,84,nublado
20260613_172405,128Y-10,33611,2,26066,2026-06-13T20:23:34Z,-23.4535045,-46.670344,20.13,84,nublado
20260613_172405,4002-10,2177,1,31625,2026-06-13T20:24:03Z,-23.573332625,-46.474968625,20.13,84,nublado
20260613_172405,4002-10,2177,1,31010,2026-06-13T20:23:32Z,-23.525103,-46.434236999999996,20.13,84,nublado
20260613_172405,4002-10,2177,1,31666,2026-06-13T20:23:51Z,-23.553055,-46.4633045,20.13,84,nublado
20260613_172405,7053-10,34655,2,78991,2026-06-13T20:23:44Z,-23.635189500000003,-46.775909,20.13,84,nublado
20260613_172405,7053-10,34655,2,78541,2026-06-13T20:23:52Z,-23.6462885,-46.789071500000006,20.13,84,nublado
20260613_172405,7053-10,34655,2,78555,2026-06-13T20:23:51Z,-23.6453225,-46.789393000000004,20.13,84,nublado
20260613_172405,746H-10,33553,2,86108,2026-06-13T20:23:45Z,-23.589807999999998,-46.7354385,20.13,84,nublado
20260613_172405,746H-10,33553,2,86316,2026-06-13T20:23:56Z,-23.593532,-46.7529005,20.13,84,nublado
20260613_172405,746H-10,33553,2,86617,2026-06-13T20:23:37Z,-23.642207,-46.711522,20.13,84,nublado
20260613_172405,746H-10,33553,2,86107,2026-06-13T20:23:26Z,-23.616446500000002,-46.731505,20.13,84,nublado
20260613_172405,746H-10,33553,2,86099,2026-06-13T20:23:26Z,-23.5868145,-46.7241385,20.13,84,nublado
20260613_172405,746H-10,33553,2,86615,2026-06-13T20:23:38Z,-23.593502,-46.7526985,20.13,84,nublado
20260613_172405,746H-10,33553,2,86611,2026-06-13T20:23:33Z,-23.642325,-46.73517,20.13,84,nublado
20260613_172405,746H-10,33553,2,86103,2026-06-13T20:23:48Z,-23.637881,-46.73684325,20.13,84,nublado
20260613_172405,1767-10,628,1,22461,2026-06-13T20:23:30Z,-23.4813735,-46.5635085,20.13,84,nublado
20260613_172405,1767-10,628,1,22465,2026-06-13T20:23:50Z,-23.4802815,-46.6000715,20.13,84,nublado
20260613_172405,3063-10,253,1,31758,2026-06-13T20:23:39Z,-23.5946925,-46.441441999999995,20.13,84,nublado
20260613_172405,3063-10,253,1,31775,2026-06-13T20:23:27Z,-23.5583375,-46.399699,20.13,84,nublado
20260613_172405,3063-10,253,1,31634,2026-06-13T20:23:59Z,-23.6009935,-46.470451999999995,20.13,84,nublado
20260613_172405,3063-10,253,1,31673,2026-06-13T20:23:42Z,-23.5970055,-46.45687275,20.13,84,nublado
20260613_172405,1765-10,34550,2,22795,2026-06-13T20:23:56Z,-23.467666,-46.5745105,20.13,84,nublado
20260613_172405,1765-10,34550,2,22805,2026-06-13T20:23:19Z,-23.4661845,-46.56898525,20.13,84,nublado
20260613_172405,1765-10,34550,2,22846,2026-06-13T20:23:36Z,-23.480383,-46.602609,20.13,84,nublado
20260613_172405,675G-10,32874,2,61298,2026-06-13T20:24:01Z,-23.743473,-46.670099,20.13,84,nublado
20260613_172405,675G-10,32874,2,61414,2026-06-13T20:23:26Z,-23.7334495,-46.696561,20.13,84,nublado
20260613_172405,675G-10,32874,2,61407,2026-06-13T20:23:54Z,-23.743226,-46.669959500000004,20.13,84,nublado
20260613_172405,675G-10,32874,2,61244,2026-06-13T20:23:36Z,-23.636635375000004,-46.67065075000001,20.13,84,nublado
20260613_172405,675G-10,32874,2,61446,2026-06-13T20:23:43Z,-23.747397499999998,-46.6642005,20.13,84,nublado
20260613_172405,675G-10,32874,2,61230,2026-06-13T20:23:29Z,-23.7351155,-46.695655,20.13,84,nublado
20260613_172405,675G-10,32874,2,61261,2026-06-13T20:23:25Z,-23.743226,-46.669959500000004,20.13,84,nublado
20260613_172405,273N-10,33158,2,32159,2026-06-13T20:23:41Z,-23.509138,-46.37533775,20.13,84,nublado
20260613_172405,273N-10,33158,2,32151,2026-06-13T20:23:02Z,-23.5143965,-46.519074,20.13,84,nublado
20260613_172405,273N-10,33158,2,32936,2026-06-13T20:23:22Z,-23.504652,-46.3669675,20.13,84,nublado
20260613_172405,273N-10,33158,2,32154,2026-06-13T20:23:48Z,-23.5004195,-46.426294999999996,20.13,84,nublado
20260613_172405,273N-10,33158,2,32179,2026-06-13T20:23:34Z,-23.5046015,-46.367096,20.13,84,nublado
20260613_172405,6006-10,32943,2,73419,2026-06-13T20:23:47Z,-23.662539625,-46.706812,20.13,84,nublado
20260613_172405,6006-10,32943,2,73952,2026-06-13T20:23:40Z,-23.66573175,-46.678098000000006,20.13,84,nublado
20260613_172405,6006-10,32943,2,73453,2026-06-13T20:23:43Z,-23.675834000000002,-46.7493985,20.13,84,nublado
20260613_172405,6006-10,32943,2,73456,2026-06-13T20:23:44Z,-23.691871499999998,-46.75967300000001,20.13,84,nublado
20260613_172405,6006-10,32943,2,73929,2026-06-13T20:23:23Z,-23.66546225,-46.69058325,20.13,84,nublado
20260613_172405,2727-10,942,1,45092,2026-06-13T20:23:36Z,-23.540153,-46.483096,20.13,84,nublado
20260613_172405,2727-10,942,1,45207,2026-06-13T20:23:33Z,-23.5216453125,-46.45799975,20.13,84,nublado
20260613_172405,2727-10,942,1,45580,2026-06-13T20:23:51Z,-23.5384885,-46.47931125,20.13,84,nublado
20260613_172405,2727-10,942,1,45204,2026-06-13T20:23:51Z,-23.5322585,-46.46684675,20.13,84,nublado
20260613_172405,4001-10,2176,1,31735,2026-06-13T20:23:21Z,-23.5539445,-46.514347,20.13,84,nublado
20260613_172405,4001-10,2176,1,31740,2026-06-13T20:23:42Z,-23.53898625,-46.4564075,20.13,84,nublado
20260613_172405,2707-10,919,1,36025,2026-06-13T20:23:31Z,-23.5376015,-46.4059695,20.13,84,nublado
20260613_172405,2707-10,919,1,36335,2026-06-13T20:23:25Z,-23.5304715,-46.44456,20.13,84,nublado
20260613_172405,2707-10,919,1,36097,2026-06-13T20:23:27Z,-23.5382185,-46.406962,20.13,84,nublado
20260613_172405,2707-10,919,1,36038,2026-06-13T20:23:43Z,-23.526769,-46.438698,20.13,84,nublado
20260613_172405,9501-10,462,1,11104,2026-06-13T20:23:55Z,-23.52321775,-46.654750500000006,20.13,84,nublado
20260613_172405,9501-10,462,1,11106,2026-06-13T20:23:40Z,-23.5231116875,-46.6514318125,20.13,84,nublado
20260613_172405,9501-10,462,1,11105,2026-06-13T20:24:02Z,-23.4756455,-46.671436,20.13,84,nublado
20260613_172405,9501-10,462,1,11092,2026-06-13T20:23:48Z,-23.51807025,-46.68005875,20.13,84,nublado
20260613_172405,4025-10,1095,1,55455,2026-06-13T20:23:22Z,-23.603763,-46.55569,20.13,84,nublado
20260613_172405,4025-10,1095,1,55366,2026-06-13T20:23:23Z,-23.6039025,-46.546265000000005,20.13,84,nublado
20260613_172405,4025-10,1095,1,55518,2026-06-13T20:23:58Z,-23.603101000000002,-46.544764,20.13,84,nublado
20260613_172405,4025-10,1095,1,55516,2026-06-13T20:23:35Z,-23.603101000000002,-46.544764,20.13,84,nublado
20260613_172405,4025-10,1095,1,55169,2026-06-13T20:23:54Z,-23.603101000000002,-46.544764,20.13,84,nublado
20260613_172405,4025-10,1095,1,55471,2026-06-13T20:23:31Z,-23.57528175,-46.57838475,20.13,84,nublado
20260613_172405,4025-10,1095,1,55049,2026-06-13T20:23:58Z,-23.603101000000002,-46.544764,20.13,84,nublado
20260613_172405,4025-10,1095,1,55517,2026-06-13T20:23:53Z,-23.603101000000002,-46.544764,20.13,84,nublado
20260613_172405,4025-10,1095,1,55468,2026-06-13T20:23:54Z,-23.592635,-46.558891,20.13,84,nublado
20260613_172405,4025-10,1095,1,55519,2026-06-13T20:23:46Z,-23.603101000000002,-46.544764,20.13,84,nublado
20260613_172405,4025-10,1095,1,55222,2026-06-13T20:23:50Z,-23.603101000000002,-46.544764,20.13,84,nublado
20260613_172405,4025-10,1095,1,55097,2026-06-13T20:23:49Z,-23.571655,-46.580156,20.13,84,nublado
20260613_172405,4025-10,1095,1,55085,2026-06-13T20:23:44Z,-23.603101000000002,-46.544764,20.13,84,nublado
20260613_172405,3768-10,33824,2,36573,2026-06-13T20:23:23Z,-23.586175500000003,-46.3863525,20.13,84,nublado
20260613_172405,3768-10,33824,2,36687,2026-06-13T20:23:48Z,-23.54260175,-46.429985,20.13,84,nublado
20260613_172405,3768-10,33824,2,36636,2026-06-13T20:23:43Z,-23.5661415,-46.404565749999996,20.13,84,nublado
20260613_172405,3768-10,33824,2,36617,2026-06-13T20:23:36Z,-23.586175500000003,-46.3863525,20.13,84,nublado
20260613_172405,2719-10,932,1,45146,2026-06-13T20:23:22Z,-23.49396675,-46.4725005,20.13,84,nublado
20260613_172405,2719-10,932,1,45101,2026-06-13T20:23:56Z,-23.5170295,-46.522460499999994,20.13,84,nublado
20260613_172405,2719-10,932,1,45538,2026-06-13T20:23:46Z,-23.4953355,-46.468536,20.13,84,nublado
20260613_172405,2719-10,932,1,45142,2026-06-13T20:23:54Z,-23.50780975,-46.49202225,20.13,84,nublado
20260613_172405,2719-10,33700,2,45194,2026-06-13T20:23:36Z,-23.529068,-46.527353,20.13,84,nublado
20260613_172405,2719-10,33700,2,45106,2026-06-13T20:23:32Z,-23.5164355,-46.5211235,20.13,84,nublado
20260613_172405,2719-10,33700,2,45109,2026-06-13T20:23:55Z,-23.507822,-46.491599,20.13,84,nublado
20260613_172405,2719-10,33700,2,45220,2026-06-13T20:23:30Z,-23.5075325,-46.489591250000004,20.13,84,nublado
20260613_172405,2719-10,33700,2,45111,2026-06-13T20:24:00Z,-23.493332,-46.481607,20.13,84,nublado
20260613_172405,8013-10,33568,2,16022,2026-06-13T20:23:58Z,-23.4235045,-46.791183000000004,20.13,84,nublado
20260613_172405,8013-10,33568,2,16300,2026-06-13T20:23:26Z,-23.489558875,-46.766737250000006,20.13,84,nublado
20260613_172405,8013-10,33568,2,16209,2026-06-13T20:23:58Z,-23.4992875,-46.7544445,20.13,84,nublado
20260613_172405,8013-10,33568,2,16112,2026-06-13T20:23:45Z,-23.489837625,-46.76664975,20.13,84,nublado
20260613_172405,9020-10,1434,1,16425,2026-06-13T20:23:53Z,-23.47002375,-46.71763575,20.13,84,nublado
20260613_172405,8047-41,410,1,10220,2026-06-13T20:23:36Z,-23.491037625,-46.75114675,20.13,84,nublado
20260613_172405,2730-10,945,1,35913,2026-06-13T20:23:20Z,-23.521960999999997,-46.469591,20.13,84,nublado
20260613_172405,2730-10,945,1,35930,2026-06-13T20:23:45Z,-23.50503,-46.456571,20.13,84,nublado
20260613_172405,2730-10,945,1,35727,2026-06-13T20:23:49Z,-23.538475249999998,-46.479699249999996,20.13,84,nublado
20260613_172405,2582-10,33142,2,31201,2026-06-13T20:23:47Z,-23.546292,-46.630885,20.13,84,nublado
20260613_172405,2582-10,33142,2,31190,2026-06-13T20:23:54Z,-23.494294,-46.4433315,20.13,84,nublado
20260613_172405,2582-10,33142,2,31142,2026-06-13T20:24:01Z,-23.535095,-46.5766945,20.13,84,nublado
20260613_172405,2582-10,33142,2,31186,2026-06-13T20:24:00Z,-23.511846,-46.4320975,20.13,84,nublado
20260613_172405,2582-10,33142,2,31571,2026-06-13T20:23:54Z,-23.4858555,-46.4844005,20.13,84,nublado
20260613_172405,2582-10,33142,2,31280,2026-06-13T20:23:41Z,-23.51908225,-46.42337275,20.13,84,nublado
20260613_172405,2582-10,33142,2,31214,2026-06-13T20:23:45Z,-23.51908225,-46.42337275,20.13,84,nublado
20260613_172405,121G-10,691,1,26457,2026-06-13T20:23:38Z,-23.507665,-46.571098,20.13,84,nublado
20260613_172405,121G-10,691,1,26394,2026-06-13T20:23:59Z,-23.486577,-46.58168925,20.13,84,nublado
20260613_172405,4113-10,33536,2,41595,2026-06-13T20:23:49Z,-23.5622688125,-46.6326365,20.13,84,nublado
20260613_172405,4113-10,33536,2,41508,2026-06-13T20:23:58Z,-23.60221225,-46.609783750000005,20.13,84,nublado
20260613_172405,4113-10,33536,2,41574,2026-06-13T20:23:29Z,-23.601038875,-46.609465125,20.13,84,nublado
20260613_172405,4113-10,33536,2,41600,2026-06-13T20:23:38Z,-23.564497625,-46.632491625,20.13,84,nublado
20260613_172405,4113-10,33536,2,41579,2026-06-13T20:23:40Z,-23.5627875625,-46.6326025,20.13,84,nublado
20260613_172405,4113-10,33536,2,41516,2026-06-13T20:23:53Z,-23.60150475,-46.613760375,20.13,84,nublado
20260613_172405,4113-10,33536,2,41582,2026-06-13T20:23:54Z,-23.5625281875,-46.6326195,20.13,84,nublado
20260613_172405,4113-10,33536,2,41813,2026-06-13T20:23:40Z,-23.55527325,-46.63311125,20.13,84,nublado
20260613_172405,3746-10,283,1,51572,2026-06-13T20:23:37Z,-23.594817,-46.5027665,20.13,84,nublado
20260613_172405,3746-10,283,1,51210,2026-06-13T20:23:38Z,-23.544050749999997,-46.586432,20.13,84,nublado
20260613_172405,3746-10,283,1,51570,2026-06-13T20:23:59Z,-23.594817,-46.5027665,20.13,84,nublado
20260613_172405,3746-10,283,1,51569,2026-06-13T20:23:48Z,-23.594817,-46.5027665,20.13,84,nublado
20260613_172405,3746-10,283,1,51079,2026-06-13T20:23:26Z,-23.594817,-46.5027665,20.13,84,nublado
20260613_172405,3746-10,283,1,51573,2026-06-13T20:24:01Z,-23.594817,-46.5027665,20.13,84,nublado
20260613_172405,3746-10,283,1,51578,2026-06-13T20:23:51Z,-23.594817,-46.5027665,20.13,84,nublado
20260613_172405,3746-10,283,1,51575,2026-06-13T20:23:21Z,-23.594817,-46.5027665,20.13,84,nublado
20260613_172405,3746-10,283,1,51218,2026-06-13T20:23:51Z,-23.567357,-46.541059000000004,20.13,84,nublado
20260613_172405,709M-10,2462,1,76964,2026-06-13T20:23:56Z,-23.654158,-46.710677000000004,20.13,84,nublado
20260613_172405,709M-10,2462,1,76937,2026-06-13T20:23:47Z,-23.5649705,-46.6948935,20.13,84,nublado
20260613_172405,709M-10,2462,1,76074,2026-06-13T20:23:41Z,-23.612699499999998,-46.695493,20.13,84,nublado
20260613_172405,709M-10,2462,1,76077,2026-06-13T20:24:04Z,-23.5662285,-46.7018525,20.13,84,nublado
20260613_172405,5318-10,32813,2,71851,2026-06-13T20:23:33Z,-23.63882125,-46.697445,20.13,84,nublado
20260613_172405,5318-10,32813,2,71308,2026-06-13T20:23:50Z,-23.666409,-46.7532135,20.13,84,nublado
20260613_172405,5318-10,32813,2,71845,2026-06-13T20:23:51Z,-23.6646575,-46.753386,20.13,84,nublado
20260613_172405,9015-10,1269,1,16449,2026-06-13T20:23:45Z,-23.4877265,-46.7263995,20.13,84,nublado
20260613_172405,9015-10,1269,1,16557,2026-06-13T20:23:46Z,-23.4809005,-46.713474500000004,20.13,84,nublado
20260613_172405,8015-10,34113,2,15037,2026-06-13T20:23:36Z,-23.388763,-46.735237,20.13,84,nublado
20260613_172405,8015-10,34113,2,15255,2026-06-13T20:23:47Z,-23.485703,-46.725952500000005,20.13,84,nublado
20260613_172405,8015-10,34113,2,15039,2026-06-13T20:23:57Z,-23.388937,-46.73497450000001,20.13,84,nublado
20260613_172405,8015-10,34113,2,15065,2026-06-13T20:23:38Z,-23.485703,-46.725952500000005,20.13,84,nublado
20260613_172405,8015-10,34113,2,15170,2026-06-13T20:23:45Z,-23.45685625,-46.714091249999996,20.13,84,nublado
20260613_172405,8015-10,34113,2,15043,2026-06-13T20:23:47Z,-23.474788,-46.714447500000006,20.13,84,nublado
20260613_172405,857R-10,34660,2,80168,2026-06-13T20:23:50Z,-23.577816499999997,-46.639716,20.13,84,nublado
20260613_172405,857R-10,34660,2,80167,2026-06-13T20:23:57Z,-23.572115,-46.633178,20.13,84,nublado
20260613_172405,857R-10,34660,2,80292,2026-06-13T20:23:51Z,-23.631153500000003,-46.7733425,20.13,84,nublado
20260613_172405,857R-10,34660,2,80169,2026-06-13T20:23:41Z,-23.598648750000002,-46.7411545,20.13,84,nublado
20260613_172405,5036-10,34434,2,51038,2026-06-13T20:23:57Z,-23.6496705,-46.6138115,20.13,84,nublado
20260613_172405,5036-10,34434,2,51159,2026-06-13T20:23:53Z,-23.6025305,-46.6137935,20.13,84,nublado
20260613_172405,5036-10,34434,2,51152,2026-06-13T20:23:54Z,-23.638268,-46.608056,20.13,84,nublado
20260613_172405,314J-10,33078,2,52045,2026-06-13T20:23:51Z,-23.560854499999998,-46.632177750000004,20.13,84,nublado
20260613_172405,314J-10,33078,2,52059,2026-06-13T20:23:24Z,-23.5850175,-46.5895645,20.13,84,nublado
20260613_172405,314J-10,33078,2,52942,2026-06-13T20:23:30Z,-23.614451,-46.516854499999994,20.13,84,nublado
20260613_172405,314J-10,33078,2,52040,2026-06-13T20:24:02Z,-23.601728,-46.531013,20.13,84,nublado
20260613_172405,3718-10,33781,2,47187,2026-06-13T20:23:46Z,-23.5488365,-46.4832945,20.13,84,nublado
20260613_172405,3718-10,33781,2,47062,2026-06-13T20:23:22Z,-23.55323175,-46.48898375,20.13,84,nublado
20260613_172405,3718-10,33781,2,47246,2026-06-13T20:23:51Z,-23.541107,-46.4847105,20.13,84,nublado
20260613_172405,6061-10,33918,2,66223,2026-06-13T20:23:21Z,-23.7413045,-46.69165425,20.13,84,nublado
20260613_172405,6061-10,33918,2,66896,2026-06-13T20:23:52Z,-23.7871875,-46.6895815,20.13,84,nublado
20260613_172405,6061-10,33918,2,66846,2026-06-13T20:23:52Z,-23.7822775,-46.681824,20.13,84,nublado
20260613_172405,3763-10,33822,2,45428,2026-06-13T20:23:42Z,-23.55797,-46.523029,20.13,84,nublado
20260613_172405,3763-10,33822,2,45721,2026-06-13T20:23:41Z,-23.5576555,-46.523450499999996,20.13,84,nublado
20260613_172405,3763-10,33822,2,45752,2026-06-13T20:23:34Z,-23.568890500000002,-46.546052,20.13,84,nublado
20260613_172405,3763-10,33822,2,45081,2026-06-13T20:23:37Z,-23.5486885,-46.565424,20.13,84,nublado
20260613_172405,3763-10,33822,2,45756,2026-06-13T20:24:01Z,-23.546834875,-46.55589225,20.13,84,nublado
20260613_172405,3763-10,33822,2,45367,2026-06-13T20:23:30Z,-23.566505499999998,-46.536104,20.13,84,nublado
20260613_172405,3763-10,33822,2,45649,2026-06-13T20:23:35Z,-23.567639,-46.541397,20.13,84,nublado
20260613_172405,3763-10,33822,2,45341,2026-06-13T20:23:58Z,-23.54888875,-46.5664275,20.13,84,nublado
20260613_172405,517J-10,1129,1,68585,2026-06-13T20:23:25Z,-23.6546245,-46.6798005,20.13,84,nublado
20260613_172405,517J-10,1129,1,68576,2026-06-13T20:23:49Z,-23.6776805,-46.65809725,20.13,84,nublado
20260613_172405,517J-10,1129,1,68568,2026-06-13T20:23:25Z,-23.622317375,-46.697207125,20.13,84,nublado
20260613_172405,517J-10,1129,1,68581,2026-06-13T20:23:18Z,-23.68881675,-46.65652,20.13,84,nublado
20260613_172405,297A-10,2133,1,22936,2026-06-13T20:23:26Z,-23.4952525,-46.677038499999995,20.13,84,nublado
20260613_172405,888P-10,454,1,10229,2026-06-13T20:23:49Z,-23.4416405,-46.749295000000004,20.13,84,nublado
20260613_172405,888P-10,454,1,10552,2026-06-13T20:23:53Z,-23.434392250000002,-46.7191545,20.13,84,nublado
20260613_172405,6000-10,1140,1,63557,2026-06-13T20:23:37Z,-23.7766115,-46.723039,20.13,84,nublado
20260613_172405,6000-10,1140,1,63550,2026-06-13T20:23:24Z,-23.826529,-46.7303695,20.13,84,nublado
20260613_172405,6000-10,1140,1,63562,2026-06-13T20:23:38Z,-23.7934825,-46.729563999999996,20.13,84,nublado
20260613_172405,6000-10,1140,1,63552,2026-06-13T20:23:51Z,-23.741052,-46.705245500000004,20.13,84,nublado
20260613_172405,6000-10,1140,1,63567,2026-06-13T20:23:45Z,-23.70768725,-46.7126435,20.13,84,nublado
20260613_172405,6000-10,1140,1,63101,2026-06-13T20:24:03Z,-23.8284425,-46.72717900000001,20.13,84,nublado
20260613_172405,6000-10,1140,1,63541,2026-06-13T20:23:52Z,-23.68842275,-46.71454299999999,20.13,84,nublado
20260613_172405,6000-10,1140,1,63558,2026-06-13T20:23:27Z,-23.8284425,-46.72717900000001,20.13,84,nublado
20260613_172405,6000-10,1140,1,63547,2026-06-13T20:23:28Z,-23.725253000000002,-46.6995215,20.13,84,nublado
20260613_172405,7545-10,33272,2,81392,2026-06-13T20:23:31Z,-23.57325225,-46.712486,20.13,84,nublado
20260613_172405,7545-10,33272,2,81403,2026-06-13T20:23:34Z,-23.6016895,-46.791908,20.13,84,nublado
20260613_172405,7545-10,33272,2,81904,2026-06-13T20:23:58Z,-23.543921375,-46.638149625,20.13,84,nublado
20260613_172405,7545-10,33272,2,81072,2026-06-13T20:24:00Z,-23.5968515,-46.781251499999996,20.13,84,nublado
20260613_172405,7545-10,33272,2,81260,2026-06-13T20:23:43Z,-23.601959375,-46.791777625,20.13,84,nublado
20260613_172405,3722-10,1020,1,47612,2026-06-13T20:22:22Z,-23.5502245,-46.436397,20.13,84,nublado
20260613_172405,3722-10,1020,1,47132,2026-06-13T20:24:00Z,-23.54388975,-46.4691365,20.13,84,nublado
20260613_172405,3722-10,1020,1,47565,2026-06-13T20:23:58Z,-23.5461685,-46.4365475,20.13,84,nublado
20260613_172405,4021-10,2548,1,47697,2026-06-13T20:23:38Z,-23.552982749999998,-46.457018375000004,20.13,84,nublado
20260613_172405,4018-10,34959,2,48447,2026-06-13T20:23:56Z,-23.588985,-46.408651,20.13,84,nublado
20260613_172405,4018-10,34959,2,48620,2026-06-13T20:23:28Z,-23.586068500000003,-46.4092865,20.13,84,nublado
20260613_172405,4018-10,34959,2,48899,2026-06-13T20:23:25Z,-23.598442,-46.462849,20.13,84,nublado
20260613_172405,4018-10,34959,2,48798,2026-06-13T20:23:59Z,-23.6008165,-46.399510500000005,20.13,84,nublado
20260613_172405,4018-10,34959,2,48621,2026-06-13T20:23:56Z,-23.595723500000002,-46.437953750000005,20.13,84,nublado
20260613_172405,1764-10,33393,2,22844,2026-06-13T20:23:49Z,-23.4750935,-46.612967,20.13,84,nublado
20260613_172405,1764-10,33393,2,22698,2026-06-13T20:23:55Z,-23.450856,-46.597374,20.13,84,nublado
20260613_172405,1764-10,33393,2,22737,2026-06-13T20:23:54Z,-23.440870500000003,-46.58797199999999,20.13,84,nublado
20260613_172405,1764-10,33393,2,22847,2026-06-13T20:23:41Z,-23.4259,-46.581689,20.13,84,nublado
20260613_172405,1764-10,33393,2,22738,2026-06-13T20:24:00Z,-23.4496015,-46.5907075,20.13,84,nublado
20260613_172405,2522-10,140,1,32638,2026-06-13T20:23:42Z,-23.542745500000002,-46.470704,20.13,84,nublado
20260613_172405,2522-10,140,1,32086,2026-06-13T20:23:58Z,-23.526604499999998,-46.446069,20.13,84,nublado
20260613_172405,675R-10,109,1,61409,2026-06-13T20:23:51Z,-23.70004375,-46.701075625,20.13,84,nublado
20260613_172405,675R-10,109,1,61411,2026-06-13T20:24:00Z,-23.642812874999997,-46.651832,20.13,84,nublado
20260613_172405,675R-10,109,1,61433,2026-06-13T20:23:44Z,-23.751331,-46.688252,20.13,84,nublado
20260613_172405,6046-10,33991,2,78377,2026-06-13T20:23:44Z,-23.6414125,-46.7234665,20.13,84,nublado
20260613_172405,6046-10,33991,2,78945,2026-06-13T20:23:21Z,-23.6603265,-46.7674475,20.13,84,nublado
20260613_172405,6046-10,33991,2,78439,2026-06-13T20:23:46Z,-23.678566749999998,-46.77804375,20.13,84,nublado
20260613_172405,3023-10,33728,2,45614,2026-06-13T20:23:59Z,-23.621927,-46.477909499999996,20.13,84,nublado
20260613_172405,3023-10,33728,2,45304,2026-06-13T20:23:54Z,-23.571637000000003,-46.5062955,20.13,84,nublado
20260613_172405,3023-10,33728,2,45411,2026-06-13T20:23:36Z,-23.61344675,-46.474880125,20.13,84,nublado
20260613_172405,3023-10,33728,2,45475,2026-06-13T20:23:27Z,-23.5692095,-46.504706,20.13,84,nublado
20260613_172405,746P-10,33556,2,85673,2026-06-13T20:23:56Z,-23.6193075,-46.7232525,20.13,84,nublado
20260613_172405,746P-10,33556,2,85676,2026-06-13T20:23:44Z,-23.6192165,-46.7231865,20.13,84,nublado
20260613_172405,746P-10,33556,2,85845,2026-06-13T20:23:27Z,-23.641508,-46.735665,20.13,84,nublado
20260613_172405,746P-10,33556,2,85801,2026-06-13T20:23:47Z,-23.611994000000003,-46.7228985,20.13,84,nublado
20260613_172405,746P-10,33556,2,85858,2026-06-13T20:23:54Z,-23.6190105,-46.722972999999996,20.13,84,nublado
20260613_172405,746P-10,33556,2,85670,2026-06-13T20:23:20Z,-23.651250124999997,-46.720688124999995,20.13,84,nublado
20260613_172405,8700-1,35276,2,82481,2026-06-13T20:23:57Z,-23.553131125,-46.65982025,20.13,84,nublado
20260613_172405,4013-10,2186,1,48470,2026-06-13T20:23:24Z,-23.611891999999997,-46.4742795,20.13,84,nublado
20260613_172405,374V-10,34415,2,45193,2026-06-13T20:23:42Z,-23.531987,-46.45337675,20.13,84,nublado
20260613_172405,374V-10,34415,2,45270,2026-06-13T20:23:43Z,-23.5429995,-46.470884999999996,20.13,84,nublado
20260613_172405,374V-10,34415,2,45110,2026-06-13T20:23:39Z,-23.535912500000002,-46.45454,20.13,84,nublado
20260613_172405,273V-10,32999,2,32041,2026-06-13T20:23:26Z,-23.5348025,-46.4532225,20.13,84,nublado
20260613_172405,273V-10,32999,2,32039,2026-06-13T20:23:20Z,-23.52264075,-46.524238499999996,20.13,84,nublado
20260613_172405,2735-10,34689,2,45196,2026-06-13T20:23:37Z,-23.500015,-46.5255665,20.13,84,nublado
20260613_172405,2735-10,34689,2,45086,2026-06-13T20:23:42Z,-23.481342,-46.49426675,20.13,84,nublado
20260613_172405,2735-10,34689,2,45559,2026-06-13T20:24:00Z,-23.5207505,-46.54660625,20.13,84,nublado
20260613_172405,2735-10,34689,2,45624,2026-06-13T20:23:33Z,-23.4991825,-46.524702500000004,20.13,84,nublado
20260613_172405,2735-10,34689,2,45502,2026-06-13T20:23:36Z,-23.482951,-46.494677,20.13,84,nublado
20260613_172405,2735-10,34689,2,45074,2026-06-13T20:23:59Z,-23.5326465,-46.545022,20.13,84,nublado
20260613_172405,3739-10,1039,1,47396,2026-06-13T20:23:37Z,-23.546198500000003,-46.461079999999995,20.13,84,nublado
20260613_172405,3739-10,1039,1,47277,2026-06-13T20:23:58Z,-23.6119095,-46.416225,20.13,84,nublado
20260613_172405,3739-10,1039,1,47133,2026-06-13T20:23:52Z,-23.605238875,-46.42859812499999,20.13,84,nublado
20260613_172405,3739-10,1039,1,47012,2026-06-13T20:23:25Z,-23.592284999999997,-46.444245,20.13,84,nublado
20260613_172405,3739-10,1039,1,47088,2026-06-13T20:23:58Z,-23.611822,-46.416231499999995,20.13,84,nublado
20260613_172405,3739-10,1039,1,47065,2026-06-13T20:23:33Z,-23.5572845,-46.44540225,20.13,84,nublado
20260613_172405,5391-10,171,1,73646,2026-06-13T20:23:46Z,-23.5917505,-46.650527,20.13,84,nublado
20260613_172405,5391-10,171,1,73947,2026-06-13T20:23:39Z,-23.6848355,-46.7700415,20.13,84,nublado
20260613_172405,5391-10,171,1,73001,2026-06-13T20:23:51Z,-23.642437375,-46.698828999999996,20.13,84,nublado
20260613_172405,5391-10,171,1,73942,2026-06-13T20:23:52Z,-23.633492750000002,-46.690376,20.13,84,nublado
20260613_172405,5391-10,171,1,73005,2026-06-13T20:24:01Z,-23.66649675,-46.7191605,20.13,84,nublado
20260613_172405,2730-10,33713,2,35833,2026-06-13T20:23:36Z,-23.5105165,-46.446583499999996,20.13,84,nublado
20260613_172405,2730-10,33713,2,35912,2026-06-13T20:23:38Z,-23.510495499999998,-46.4462745,20.13,84,nublado
20260613_172405,2730-10,33713,2,35774,2026-06-13T20:24:03Z,-23.505778499999998,-46.449276999999995,20.13,84,nublado
20260613_172405,2730-10,33713,2,35796,2026-06-13T20:23:45Z,-23.506752249999998,-46.457750125000004,20.13,84,nublado
20260613_172405,2730-10,33713,2,35964,2026-06-13T20:23:55Z,-23.533215499999997,-46.47352024999999,20.13,84,nublado
20260613_172405,2730-10,33713,2,35807,2026-06-13T20:23:36Z,-23.5403095,-46.483497,20.13,84,nublado
20260613_172405,2730-10,33713,2,35786,2026-06-13T20:23:43Z,-23.521133749999997,-46.46844175,20.13,84,nublado
20260613_172405,524M-10,34399,2,55254,2026-06-13T20:23:33Z,-23.5759225,-46.51530625,20.13,84,nublado
20260613_172405,524M-10,34399,2,55360,2026-06-13T20:24:02Z,-23.614382,-46.501851,20.13,84,nublado
20260613_172405,524M-10,34399,2,55449,2026-06-13T20:21:01Z,-23.617878,-46.4947875,20.13,84,nublado
20260613_172405,524M-10,34399,2,55550,2026-06-13T20:23:41Z,-23.5904735,-46.505801125,20.13,84,nublado
20260613_172405,524M-10,34399,2,55435,2026-06-13T20:23:55Z,-23.619412,-46.494983500000004,20.13,84,nublado
20260613_172405,2590-10,912,1,56200,2026-06-13T20:23:55Z,-23.484426,-46.4572715,20.13,84,nublado
20260613_172405,2590-10,912,1,56512,2026-06-13T20:23:52Z,-23.4998845,-46.52412875,20.13,84,nublado
20260613_172405,2590-10,912,1,56346,2026-06-13T20:23:23Z,-23.4829785,-46.467121,20.13,84,nublado
20260613_172405,2590-10,912,1,56328,2026-06-13T20:23:47Z,-23.519231125,-46.549352125,20.13,84,nublado
20260613_172405,2590-10,912,1,56519,2026-06-13T20:23:21Z,-23.543305,-46.618745000000004,20.13,84,nublado
20260613_172405,2590-10,912,1,56500,2026-06-13T20:23:29Z,-23.4960675,-46.510707499999995,20.13,84,nublado
20260613_172405,118Y-10,841,1,26160,2026-06-13T20:23:26Z,-23.5198805,-46.702942,20.13,84,nublado
20260613_172405,118Y-10,841,1,26218,2026-06-13T20:24:01Z,-23.515959000000002,-46.698677,20.13,84,nublado
20260613_172405,118Y-10,841,1,26109,2026-06-13T20:23:52Z,-23.4769735,-46.645937,20.13,84,nublado
20260613_172405,118Y-10,841,1,26215,2026-06-13T20:23:25Z,-23.5152515,-46.694882,20.13,84,nublado
20260613_172405,9785-10,33596,2,16197,2026-06-13T20:23:27Z,-23.520201999999998,-46.671375499999996,20.13,84,nublado
20260613_172405,9785-10,33596,2,16685,2026-06-13T20:23:40Z,-23.526135,-46.668659500000004,20.13,84,nublado
20260613_172405,9785-10,33596,2,16082,2026-06-13T20:23:48Z,-23.4724605,-46.6913565,20.13,84,nublado
20260613_172405,9785-10,33596,2,16341,2026-06-13T20:23:37Z,-23.46414,-46.700824999999995,20.13,84,nublado
20260613_172405,2583-10,375,1,32051,2026-06-13T20:23:25Z,-23.50188375,-46.42294325,20.13,84,nublado
20260613_172405,2583-10,375,1,32052,2026-06-13T20:23:44Z,-23.505724999999998,-46.475575750000004,20.13,84,nublado
20260613_172405,1012-10,2486,1,16578,2026-06-13T20:23:58Z,-23.428781999999998,-46.799419,20.13,84,nublado
20260613_172405,1012-10,2486,1,16136,2026-06-13T20:23:46Z,-23.4458555,-46.80367,20.13,84,nublado
20260613_172405,5300-10,354,1,76376,2026-06-13T20:23:37Z,-23.6499838125,-46.7040510625,20.13,84,nublado
20260613_172405,5300-10,354,1,76344,2026-06-13T20:23:58Z,-23.55214725,-46.632746749999995,20.13,84,nublado
20260613_172405,5300-10,354,1,76342,2026-06-13T20:23:47Z,-23.608176999999998,-46.666410625,20.13,84,nublado
20260613_172405,5300-10,354,1,76362,2026-06-13T20:23:53Z,-23.654195,-46.711744499999995,20.13,84,nublado
20260613_172405,5300-10,354,1,76368,2026-06-13T20:23:43Z,-23.654195,-46.711744499999995,20.13,84,nublado
20260613_172405,5300-10,354,1,76352,2026-06-13T20:24:04Z,-23.654195,-46.711744499999995,20.13,84,nublado
20260613_172405,5300-10,354,1,76379,2026-06-13T20:23:33Z,-23.654195,-46.711744499999995,20.13,84,nublado
20260613_172405,2678-10,383,1,32501,2026-06-13T20:23:28Z,-23.493250500000002,-46.376233,20.13,84,nublado
20260613_172405,2678-10,383,1,32506,2026-06-13T20:23:53Z,-23.52313325,-46.543812,20.13,84,nublado
20260613_172405,2678-10,383,1,32521,2026-06-13T20:23:21Z,-23.4950075,-46.410849999999996,20.13,84,nublado
20260613_172405,2678-10,383,1,32297,2026-06-13T20:23:28Z,-23.498795,-46.386401,20.13,84,nublado
20260613_172405,2678-10,383,1,32505,2026-06-13T20:23:24Z,-23.54209775,-46.61522575,20.13,84,nublado
20260613_172405,2678-10,383,1,32518,2026-06-13T20:23:35Z,-23.545441,-46.630475000000004,20.13,84,nublado
20260613_172405,2678-10,383,1,32524,2026-06-13T20:23:48Z,-23.49975825,-46.4688665,20.13,84,nublado
20260613_172405,2678-10,383,1,32503,2026-06-13T20:23:40Z,-23.507572500000002,-46.490964,20.13,84,nublado
20260613_172405,3785-10,33831,2,47795,2026-06-13T20:23:37Z,-23.5820455,-46.39648475,20.13,84,nublado
20260613_172405,3785-10,33831,2,47024,2026-06-13T20:23:40Z,-23.582032749999996,-46.410213375000005,20.13,84,nublado
20260613_172405,3785-10,33831,2,47228,2026-06-13T20:23:51Z,-23.56689575,-46.4467876875,20.13,84,nublado
20260613_172405,3785-10,33831,2,47380,2026-06-13T20:23:50Z,-23.594753,-46.442143,20.13,84,nublado
20260613_172405,637R-10,32964,2,73621,2026-06-13T20:23:22Z,-23.694482,-46.7798025,20.13,84,nublado
20260613_172405,637R-10,32964,2,73611,2026-06-13T20:23:57Z,-23.708276,-46.78424,20.13,84,nublado
20260613_172405,637R-10,32964,2,73934,2026-06-13T20:24:01Z,-23.720212500000002,-46.769873624999995,20.13,84,nublado
20260613_172405,637R-10,32964,2,73923,2026-06-13T20:23:59Z,-23.7207345,-46.77011,20.13,84,nublado
20260613_172405,637R-10,32964,2,73634,2026-06-13T20:23:34Z,-23.719750500000004,-46.769661125,20.13,84,nublado
20260613_172405,637R-10,32964,2,73927,2026-06-13T20:23:55Z,-23.719981500000003,-46.769767374999994,20.13,84,nublado
20260613_172405,118C-10,519,1,22253,2026-06-13T20:23:47Z,-23.53121575,-46.63740799999999,20.13,84,nublado
20260613_172405,118C-10,519,1,22682,2026-06-13T20:23:29Z,-23.4541105,-46.6690335,20.13,84,nublado
20260613_172405,118C-10,519,1,22677,2026-06-13T20:23:59Z,-23.4555195,-46.673906,20.13,84,nublado
20260613_172405,118C-10,519,1,22255,2026-06-13T20:23:30Z,-23.530381750000004,-46.6384435,20.13,84,nublado
20260613_172405,118C-10,519,1,22887,2026-06-13T20:23:43Z,-23.4700785,-46.64462575,20.13,84,nublado
20260613_172405,118C-10,519,1,22261,2026-06-13T20:23:59Z,-23.4670375,-46.663279,20.13,84,nublado
20260613_172405,9011-10,33646,2,16992,2026-06-13T20:23:55Z,-23.44162525,-46.71696825,20.13,84,nublado
20260613_172405,9011-10,33646,2,16712,2026-06-13T20:22:44Z,-23.4704665,-46.676357499999995,20.13,84,nublado
20260613_172405,9011-10,33646,2,16985,2026-06-13T20:23:25Z,-23.4435145,-46.735065500000005,20.13,84,nublado
20260613_172405,9011-10,33646,2,16993,2026-06-13T20:23:33Z,-23.443112,-46.7348915,20.13,84,nublado
20260613_172405,9011-10,33646,2,16987,2026-06-13T20:23:34Z,-23.4445895,-46.7218115,20.13,84,nublado
20260613_172405,9011-10,33646,2,16476,2026-06-13T20:24:00Z,-23.463863,-46.68068475,20.13,84,nublado
20260613_172405,172U-10,860,1,25256,2026-06-13T20:23:56Z,-23.539263750000003,-46.6084455,20.13,84,nublado
20260613_172405,172U-10,860,1,25651,2026-06-13T20:23:25Z,-23.576000999999998,-46.5784125,20.13,84,nublado
20260613_172405,172U-10,860,1,25257,2026-06-13T20:23:57Z,-23.4364685,-46.566394,20.13,84,nublado
20260613_172405,172U-10,860,1,25254,2026-06-13T20:23:56Z,-23.52859875,-46.625654874999995,20.13,84,nublado
20260613_172405,172U-10,860,1,25189,2026-06-13T20:23:43Z,-23.47209025,-46.59958375,20.13,84,nublado
20260613_172405,172U-10,860,1,25187,2026-06-13T20:23:26Z,-23.463224500000003,-46.595334,20.13,84,nublado
20260613_172405,172U-10,860,1,25652,2026-06-13T20:23:40Z,-23.535519,-46.6266795,20.13,84,nublado
20260613_172405,172U-10,860,1,25089,2026-06-13T20:24:02Z,-23.440261,-46.576557,20.13,84,nublado
20260613_172405,6960-10,34211,2,61350,2026-06-13T20:23:33Z,-23.762571,-46.715889000000004,20.13,84,nublado
20260613_172405,6960-10,34211,2,61340,2026-06-13T20:23:33Z,-23.6543295,-46.7121355,20.13,84,nublado
20260613_172405,6960-10,34211,2,61752,2026-06-13T20:23:51Z,-23.655533,-46.707878,20.13,84,nublado
20260613_172405,6960-10,34211,2,61663,2026-06-13T20:23:47Z,-23.766346,-46.716555,20.13,84,nublado
20260613_172405,6960-10,34211,2,61375,2026-06-13T20:23:22Z,-23.73891,-46.701184999999995,20.13,84,nublado
20260613_172405,6960-10,34211,2,61383,2026-06-13T20:23:52Z,-23.7169905,-46.704867,20.13,84,nublado
20260613_172405,4314-10,34942,2,31619,2026-06-13T20:23:46Z,-23.5541725,-46.518260500000004,20.13,84,nublado
20260613_172405,4314-10,34942,2,31482,2026-06-13T20:23:19Z,-23.551197000000002,-46.4635215,20.13,84,nublado
20260613_172405,4314-10,34942,2,31663,2026-06-13T20:23:38Z,-23.5736485,-46.3986825,20.13,84,nublado
20260613_172405,4314-10,34942,2,31635,2026-06-13T20:23:59Z,-23.54950875,-46.431876375,20.13,84,nublado
20260613_172405,4006-10,34948,2,48096,2026-06-13T20:23:30Z,-23.601964,-46.435607250000004,20.13,84,nublado
20260613_172405,4006-10,34948,2,48480,2026-06-13T20:23:21Z,-23.59756025,-46.436505374999996,20.13,84,nublado
20260613_172405,8677-10,443,1,11810,2026-06-13T20:23:48Z,-23.482757749999998,-46.765009375000005,20.13,84,nublado
20260613_172405,8677-10,443,1,11809,2026-06-13T20:23:45Z,-23.50895475,-46.733985000000004,20.13,84,nublado
20260613_172405,8677-10,443,1,11802,2026-06-13T20:23:50Z,-23.532265000000002,-46.662443749999994,20.13,84,nublado
20260613_172405,8677-10,443,1,11476,2026-06-13T20:24:03Z,-23.487034,-46.7357695,20.13,84,nublado
20260613_172405,695Y-42,35400,2,61684,2026-06-13T20:23:31Z,-23.8278345,-46.7279345,20.13,84,nublado
20260613_172405,695Y-42,35400,2,61677,2026-06-13T20:23:28Z,-23.827983,-46.727349000000004,20.13,84,nublado
20260613_172405,695Y-42,35400,2,61807,2026-06-13T20:23:40Z,-23.8283035,-46.727239999999995,20.13,84,nublado
20260613_172405,695Y-42,35400,2,61571,2026-06-13T20:23:26Z,-23.7714015,-46.710106999999994,20.13,84,nublado
20260613_172405,695Y-42,35400,2,61587,2026-06-13T20:23:40Z,-23.826017625,-46.732854499999995,20.13,84,nublado
20260613_172405,6824-10,32791,2,72772,2026-06-13T20:23:22Z,-23.673696749999998,-46.79064525,20.13,84,nublado
20260613_172405,6824-10,32791,2,72568,2026-06-13T20:23:36Z,-23.6756075,-46.7896645,20.13,84,nublado
20260613_172405,6824-10,32791,2,72828,2026-06-13T20:23:31Z,-23.673696749999998,-46.79064525,20.13,84,nublado
20260613_172405,9002-10,33638,2,26072,2026-06-13T20:23:52Z,-23.458088500000002,-46.6717525,20.13,84,nublado
20260613_172405,9002-10,33638,2,26252,2026-06-13T20:23:40Z,-23.457186,-46.667561500000005,20.13,84,nublado
20260613_172405,9002-10,33638,2,26065,2026-06-13T20:23:47Z,-23.453794,-46.66957025,20.13,84,nublado
20260613_172405,9002-10,33638,2,26055,2026-06-13T20:23:39Z,-23.46381325,-46.66751825,20.13,84,nublado
20260613_172405,917H-10,456,1,11888,2026-06-13T20:23:24Z,-23.486014,-46.7257505,20.13,84,nublado
20260613_172405,917H-10,456,1,11885,2026-06-13T20:23:23Z,-23.536859749999998,-46.72582975,20.13,84,nublado
20260613_172405,917H-10,456,1,11892,2026-06-13T20:23:53Z,-23.58629375,-46.63547675,20.13,84,nublado
20260613_172405,917H-10,456,1,11887,2026-06-13T20:23:25Z,-23.484249,-46.742168,20.13,84,nublado
20260613_172405,917H-10,456,1,11834,2026-06-13T20:23:33Z,-23.504801,-46.747965,20.13,84,nublado
20260613_172405,917H-10,456,1,11895,2026-06-13T20:23:42Z,-23.544869,-46.6930895,20.13,84,nublado
20260613_172405,5757-10,1288,1,68023,2026-06-13T20:23:42Z,-23.65986625,-46.6439915,20.13,84,nublado
20260613_172405,5757-10,1288,1,68417,2026-06-13T20:23:46Z,-23.65986625,-46.6439915,20.13,84,nublado
20260613_172405,5757-10,1288,1,68054,2026-06-13T20:23:28Z,-23.6892165,-46.635301,20.13,84,nublado
20260613_172405,6823-10,34,1,72824,2026-06-13T20:23:21Z,-23.66523025,-46.78282475,20.13,84,nublado
20260613_172405,637V-10,104,1,61405,2026-06-13T20:23:37Z,-23.653879,-46.7107595,20.13,84,nublado
20260613_172405,6048-10,32824,2,71132,2026-06-13T20:23:53Z,-23.643372,-46.734372750000006,20.13,84,nublado
20260613_172405,6048-10,32824,2,71360,2026-06-13T20:23:37Z,-23.67882,-46.77142675,20.13,84,nublado
20260613_172405,6048-10,32824,2,71546,2026-06-13T20:23:24Z,-23.6657115,-46.7709265,20.13,84,nublado
20260613_172405,6358-10,34062,2,63785,2026-06-13T20:23:27Z,-23.617217375000003,-46.675102249999995,20.13,84,nublado
20260613_172405,6358-10,34062,2,63819,2026-06-13T20:23:28Z,-23.686289000000002,-46.6379425,20.13,84,nublado
20260613_172405,6358-10,34062,2,63805,2026-06-13T20:24:01Z,-23.685989,-46.637835,20.13,84,nublado
20260613_172405,6358-10,34062,2,63771,2026-06-13T20:23:55Z,-23.666135125,-46.656549625,20.13,84,nublado
20260613_172405,6358-10,34062,2,63788,2026-06-13T20:23:43Z,-23.570017,-46.662004,20.13,84,nublado
20260613_172405,6358-10,34062,2,63775,2026-06-13T20:23:22Z,-23.685967499999997,-46.6334375,20.13,84,nublado
20260613_172405,6358-10,34062,2,63786,2026-06-13T20:23:32Z,-23.6868825,-46.6383355,20.13,84,nublado
20260613_172405,253F-10,158,1,31768,2026-06-13T20:22:41Z,-23.578017000000003,-46.45861975,20.13,84,nublado
20260613_172405,253F-10,158,1,31328,2026-06-13T20:23:34Z,-23.5185795,-46.475586,20.13,84,nublado
20260613_172405,253F-10,158,1,31629,2026-06-13T20:23:24Z,-23.5185795,-46.475586,20.13,84,nublado
20260613_172405,253F-10,158,1,31360,2026-06-13T20:23:17Z,-23.5185795,-46.475586,20.13,84,nublado
20260613_172405,172Y-10,862,1,26173,2026-06-13T20:23:52Z,-23.529812,-46.60301837499999,20.13,84,nublado
20260613_172405,172Y-10,862,1,26126,2026-06-13T20:24:01Z,-23.474249,-46.580423499999995,20.13,84,nublado
20260613_172405,172Y-10,862,1,26020,2026-06-13T20:23:30Z,-23.485057500000003,-46.58320475,20.13,84,nublado
20260613_172405,172Y-10,862,1,26267,2026-06-13T20:23:58Z,-23.474249,-46.580423499999995,20.13,84,nublado
20260613_172405,6063-42,2002,1,66273,2026-06-13T20:23:22Z,-23.8134365,-46.676516500000005,20.13,84,nublado
20260613_172405,6063-42,2002,1,66932,2026-06-13T20:24:01Z,-23.770267500000003,-46.710522,20.13,84,nublado
20260613_172405,7545-10,504,1,81241,2026-06-13T20:23:27Z,-23.5477705,-46.641587,20.13,84,nublado
20260613_172405,7545-10,504,1,81405,2026-06-13T20:23:41Z,-23.5679185,-46.684665249999995,20.13,84,nublado
20260613_172405,7545-10,504,1,81217,2026-06-13T20:24:05Z,-23.571467875,-46.694129625,20.13,84,nublado
20260613_172405,7545-10,504,1,81588,2026-06-13T20:23:32Z,-23.593501000000003,-46.7853225,20.13,84,nublado
20260613_172405,7545-10,504,1,81911,2026-06-13T20:23:48Z,-23.6016895,-46.791908,20.13,84,nublado
20260613_172405,7545-10,504,1,81230,2026-06-13T20:23:41Z,-23.581372499999997,-46.730466875000005,20.13,84,nublado
20260613_172405,8700-1,2508,1,82418,2026-06-13T20:24:01Z,-23.5475165,-46.64427175,20.13,84,nublado
20260613_172405,8700-1,2508,1,82483,2026-06-13T20:23:27Z,-23.63137,-46.771866,20.13,84,nublado
20260613_172405,8700-1,2508,1,82419,2026-06-13T20:23:47Z,-23.5869175,-46.725048,20.13,84,nublado
20260613_172405,4014-10,34955,2,48059,2026-06-13T20:23:53Z,-23.61282525,-46.45712575,20.13,84,nublado
20260613_172405,4014-10,34955,2,48894,2026-06-13T20:24:01Z,-23.607001125,-46.4640696875,20.13,84,nublado
20260613_172405,4014-10,34955,2,48365,2026-06-13T20:23:39Z,-23.612482,-46.457092,20.13,84,nublado
20260613_172405,4014-10,34955,2,48975,2026-06-13T20:23:52Z,-23.58945,-46.4873005,20.13,84,nublado
20260613_172405,2765-10,32913,2,32621,2026-06-13T20:23:53Z,-23.5398255,-46.5768585,20.13,84,nublado
20260613_172405,2765-10,32913,2,32647,2026-06-13T20:23:36Z,-23.5084565,-46.5381285,20.13,84,nublado
20260613_172405,2765-10,32913,2,32611,2026-06-13T20:23:30Z,-23.5343485,-46.567611,20.13,84,nublado
20260613_172405,2765-10,32913,2,32609,2026-06-13T20:23:45Z,-23.5246445,-46.549759375,20.13,84,nublado
20260613_172405,3046-10,33739,2,45755,2026-06-13T20:23:58Z,-23.581697,-46.537949499999996,20.13,84,nublado
20260613_172405,3046-10,33739,2,45343,2026-06-13T20:23:47Z,-23.579964750000002,-46.52968,20.13,84,nublado
20260613_172405,3046-10,33739,2,45476,2026-06-13T20:23:43Z,-23.554246,-46.57503375,20.13,84,nublado
20260613_172405,3046-10,33739,2,45134,2026-06-13T20:23:34Z,-23.579497,-46.529108,20.13,84,nublado
20260613_172405,3046-10,33739,2,45574,2026-06-13T20:23:50Z,-23.55544975,-46.573181125000005,20.13,84,nublado
20260613_172405,2182-10,33468,2,21713,2026-06-13T20:23:24Z,-23.481508499999997,-46.571411,20.13,84,nublado
20260613_172405,2182-10,33468,2,21759,2026-06-13T20:23:56Z,-23.4819775,-46.571059500000004,20.13,84,nublado
20260613_172405,2182-10,33468,2,21720,2026-06-13T20:23:28Z,-23.5045745,-46.5766415,20.13,84,nublado
20260613_172405,2182-10,33468,2,21741,2026-06-13T20:23:34Z,-23.53931525,-46.6086885,20.13,84,nublado
20260613_172405,2182-10,33468,2,21726,2026-06-13T20:18:12Z,-23.4819775,-46.571059500000004,20.13,84,nublado
20260613_172405,2182-10,33468,2,21737,2026-06-13T20:23:35Z,-23.493533499999998,-46.5747825,20.13,84,nublado
20260613_172405,675K-10,198,1,73887,2026-06-13T20:23:46Z,-23.6902125,-46.773815,20.13,84,nublado
20260613_172405,675K-10,198,1,73885,2026-06-13T20:23:40Z,-23.682178,-46.76720775,20.13,84,nublado
20260613_172405,675K-10,198,1,73862,2026-06-13T20:23:34Z,-23.672098,-46.741896,20.13,84,nublado
20260613_172405,675K-10,198,1,73840,2026-06-13T20:24:03Z,-23.6902125,-46.773815,20.13,84,nublado
20260613_172405,675K-10,198,1,73859,2026-06-13T20:24:03Z,-23.596426,-46.650729999999996,20.13,84,nublado
20260613_172405,675K-10,198,1,73837,2026-06-13T20:23:20Z,-23.643118,-46.69930375,20.13,84,nublado
20260613_172405,675K-10,198,1,73855,2026-06-13T20:24:02Z,-23.597188,-46.64177725,20.13,84,nublado
20260613_172405,675K-10,198,1,73863,2026-06-13T20:23:33Z,-23.6902125,-46.773815,20.13,84,nublado
20260613_172405,675K-10,198,1,73922,2026-06-13T20:23:38Z,-23.597861062499998,-46.6567281875,20.13,84,nublado
20260613_172405,675K-10,198,1,73915,2026-06-13T20:23:33Z,-23.666076875,-46.715127249999995,20.13,84,nublado
20260613_172405,675K-10,198,1,73846,2026-06-13T20:23:57Z,-23.634380999999998,-46.691138249999995,20.13,84,nublado
20260613_172405,5362-10,70,1,61815,2026-06-13T20:23:44Z,-23.657406,-46.701090625000006,20.13,84,nublado
20260613_172405,5362-10,70,1,61573,2026-06-13T20:23:53Z,-23.7143375,-46.70780549999999,20.13,84,nublado
20260613_172405,5362-10,70,1,61787,2026-06-13T20:23:51Z,-23.7445215,-46.670979,20.13,84,nublado
20260613_172405,5362-10,70,1,61589,2026-06-13T20:23:38Z,-23.754961375,-46.672232375,20.13,84,nublado
20260613_172405,5362-10,70,1,61574,2026-06-13T20:23:36Z,-23.613077625,-46.671047125,20.13,84,nublado
20260613_172405,5362-10,70,1,61814,2026-06-13T20:23:47Z,-23.7445215,-46.670979,20.13,84,nublado
20260613_172405,2734-10,1760,1,35900,2026-06-13T20:23:26Z,-23.541973499999997,-46.470946999999995,20.13,84,nublado
20260613_172405,2734-10,1760,1,35782,2026-06-13T20:23:58Z,-23.542001,-46.471106000000006,20.13,84,nublado
20260613_172405,2734-10,1760,1,35784,2026-06-13T20:23:20Z,-23.5337655,-46.452283,20.13,84,nublado
20260613_172405,2734-10,1760,1,35939,2026-06-13T20:23:36Z,-23.508658,-46.416458500000005,20.13,84,nublado
20260613_172405,407P-10,2200,1,48955,2026-06-13T20:23:27Z,-23.524785,-46.4347415,20.13,84,nublado
20260613_172405,407P-10,2200,1,48374,2026-06-13T20:24:00Z,-23.528558500000003,-46.446758,20.13,84,nublado
20260613_172405,407P-10,2200,1,48701,2026-06-13T20:23:20Z,-23.5413885,-46.483701499999995,20.13,84,nublado
20260613_172405,407P-10,2200,1,48953,2026-06-13T20:23:46Z,-23.5761405,-46.41639,20.13,84,nublado
20260613_172405,407P-10,2200,1,48931,2026-06-13T20:23:40Z,-23.5350115,-46.45402425,20.13,84,nublado
20260613_172405,8200-10,1263,1,11722,2026-06-13T20:23:49Z,-23.4903845,-46.715956000000006,20.13,84,nublado
20260613_172405,8200-10,1263,1,11721,2026-06-13T20:23:54Z,-23.4830285,-46.728063750000004,20.13,84,nublado
20260613_172405,9008-10,33643,2,16322,2026-06-13T20:23:32Z,-23.434382499999998,-46.715844000000004,20.13,84,nublado
20260613_172405,9008-10,33643,2,16288,2026-06-13T20:23:45Z,-23.473402749999998,-46.67138274999999,20.13,84,nublado
20260613_172405,9008-10,33643,2,16210,2026-06-13T20:23:58Z,-23.457655000000003,-46.690698,20.13,84,nublado
20260613_172405,9008-10,33643,2,16333,2026-06-13T20:23:57Z,-23.44664675,-46.703993749999995,20.13,84,nublado
20260613_172405,9008-10,33643,2,16250,2026-06-13T20:23:21Z,-23.4742015,-46.6693745,20.13,84,nublado
20260613_172405,3002-10,1808,1,36688,2026-06-13T20:23:43Z,-23.494658,-46.426776000000004,20.13,84,nublado
20260613_172405,3002-10,1808,1,36144,2026-06-13T20:23:54Z,-23.51049,-46.3851655,20.13,84,nublado
20260613_172405,3002-10,1808,1,36048,2026-06-13T20:24:04Z,-23.494247,-46.401821999999996,20.13,84,nublado
20260613_172405,5106-10,34048,2,63649,2026-06-13T20:23:25Z,-23.591047250000003,-46.64558375,20.13,84,nublado
20260613_172405,5106-10,34048,2,63274,2026-06-13T20:23:23Z,-23.691144875,-46.6439405,20.13,84,nublado
20260613_172405,5106-10,34048,2,63588,2026-06-13T20:23:36Z,-23.6941255,-46.665872500000006,20.13,84,nublado
20260613_172405,5106-10,34048,2,63382,2026-06-13T20:23:54Z,-23.635092,-46.641504499999996,20.13,84,nublado
20260613_172405,5106-10,34048,2,63446,2026-06-13T20:23:55Z,-23.681572000000003,-46.636480500000005,20.13,84,nublado
20260613_172405,5106-10,34048,2,63334,2026-06-13T20:23:52Z,-23.620282312500002,-46.6396874375,20.13,84,nublado
20260613_172405,1730-10,865,1,26495,2026-06-13T20:23:30Z,-23.502214000000002,-46.6235875,20.13,84,nublado
20260613_172405,1730-10,865,1,26001,2026-06-13T20:23:36Z,-23.515809499999996,-46.6162245,20.13,84,nublado
20260613_172405,1730-10,865,1,26243,2026-06-13T20:24:00Z,-23.515809499999996,-46.6162245,20.13,84,nublado
20260613_172405,1730-10,865,1,26418,2026-06-13T20:23:56Z,-23.513846125,-46.625200125,20.13,84,nublado
20260613_172405,1026-10,35074,2,15256,2026-06-13T20:23:59Z,-23.469867,-46.710125,20.13,84,nublado
20260613_172405,1026-10,35074,2,15221,2026-06-13T20:24:02Z,-23.4704835,-46.7104185,20.13,84,nublado
20260613_172405,6200-10,355,1,76340,2026-06-13T20:23:42Z,-23.654400000000003,-46.7146665,20.13,84,nublado
20260613_172405,6200-10,355,1,76384,2026-06-13T20:23:52Z,-23.580534,-46.682866,20.13,84,nublado
20260613_172405,6200-10,355,1,76331,2026-06-13T20:23:41Z,-23.6542185,-46.7133365,20.13,84,nublado
20260613_172405,6200-10,355,1,76320,2026-06-13T20:24:00Z,-23.578066,-46.674522499999995,20.13,84,nublado
20260613_172405,6200-10,355,1,76324,2026-06-13T20:23:46Z,-23.5491125,-46.640139500000004,20.13,84,nublado
20260613_172405,6200-10,355,1,76327,2026-06-13T20:23:26Z,-23.6544435,-46.714867,20.13,84,nublado
20260613_172405,6200-10,355,1,76388,2026-06-13T20:23:19Z,-23.654486499999997,-46.7150675,20.13,84,nublado
20260613_172405,6200-10,355,1,76335,2026-06-13T20:23:40Z,-23.6546015,-46.715593,20.13,84,nublado
20260613_172405,6200-10,355,1,76391,2026-06-13T20:23:58Z,-23.5560215,-46.6502465,20.13,84,nublado
20260613_172405,6200-10,355,1,76382,2026-06-13T20:23:22Z,-23.6118045,-46.69821337500001,20.13,84,nublado
20260613_172405,6200-10,355,1,76380,2026-06-13T20:23:37Z,-23.654400000000003,-46.7146665,20.13,84,nublado
20260613_172405,6200-10,355,1,76334,2026-06-13T20:23:39Z,-23.633471375,-46.7169180625,20.13,84,nublado
20260613_172405,546T-10,33040,2,68741,2026-06-13T20:23:38Z,-23.701613000000002,-46.6393085,20.13,84,nublado
20260613_172405,546T-10,33040,2,68086,2026-06-13T20:23:47Z,-23.704141,-46.627005,20.13,84,nublado
20260613_172405,546T-10,33040,2,68340,2026-06-13T20:23:44Z,-23.7041255,-46.6268,20.13,84,nublado
20260613_172405,546T-10,33040,2,68712,2026-06-13T20:23:55Z,-23.6936615,-46.657402000000005,20.13,84,nublado
20260613_172405,546T-10,33040,2,68507,2026-06-13T20:23:43Z,-23.6921665,-46.663342,20.13,84,nublado
20260613_172405,546T-10,33040,2,68010,2026-06-13T20:23:37Z,-23.654134499999998,-46.708625,20.13,84,nublado
20260613_172405,546T-10,33040,2,68073,2026-06-13T20:23:27Z,-23.658801250000003,-46.701466499999995,20.13,84,nublado
20260613_172405,546T-10,33040,2,68498,2026-06-13T20:23:49Z,-23.702925999999998,-46.638508,20.13,84,nublado
20260613_172405,4033-10,1103,1,55553,2026-06-13T20:23:45Z,-23.6198505,-46.443889999999996,20.13,84,nublado
20260613_172405,4033-10,1103,1,55540,2026-06-13T20:23:44Z,-23.603224250000004,-46.541937499999996,20.13,84,nublado
20260613_172405,4033-10,1103,1,55430,2026-06-13T20:23:46Z,-23.601183,-46.536624,20.13,84,nublado
20260613_172405,4033-10,1103,1,55252,2026-06-13T20:23:29Z,-23.595102,-46.505641,20.13,84,nublado
20260613_172405,4033-10,1103,1,55219,2026-06-13T20:23:22Z,-23.6122415,-46.4733945,20.13,84,nublado
20260613_172405,2731-10,946,1,35759,2026-06-13T20:23:44Z,-23.518249,-46.439041,20.13,84,nublado
20260613_172405,2731-10,946,1,35722,2026-06-13T20:23:41Z,-23.5211655,-46.435926499999994,20.13,84,nublado
20260613_172405,2731-10,946,1,35819,2026-06-13T20:23:20Z,-23.531547124999996,-46.453197,20.13,84,nublado
20260613_172405,2731-10,946,1,35994,2026-06-13T20:23:27Z,-23.5420225,-46.471230000000006,20.13,84,nublado
20260613_172405,7004-10,1992,1,73480,2026-06-13T20:23:22Z,-23.70742125,-46.7843955,20.13,84,nublado
20260613_172405,7004-10,1992,1,73441,2026-06-13T20:23:24Z,-23.738913,-46.7946225,20.13,84,nublado
20260613_172405,7004-10,1992,1,73440,2026-06-13T20:23:23Z,-23.6859665,-46.768673,20.13,84,nublado
20260613_172405,7004-10,1992,1,73450,2026-06-13T20:23:27Z,-23.734674,-46.7943815,20.13,84,nublado
20260613_172405,477A-10,33114,2,52858,2026-06-13T20:23:35Z,-23.576197999999998,-46.68766125,20.13,84,nublado
20260613_172405,477A-10,33114,2,52150,2026-06-13T20:23:35Z,-23.589249000000002,-46.633758,20.13,84,nublado
20260613_172405,477A-10,33114,2,52831,2026-06-13T20:23:19Z,-23.58060425,-46.602324749999994,20.13,84,nublado
20260613_172405,477A-10,33114,2,52862,2026-06-13T20:23:22Z,-23.566889500000002,-46.7014895,20.13,84,nublado
20260613_172405,3754-10,1049,1,36580,2026-06-13T20:23:56Z,-23.54239425,-46.41653925,20.13,84,nublado
20260613_172405,3754-10,1049,1,36061,2026-06-13T20:23:43Z,-23.5730795,-46.3996365,20.13,84,nublado
20260613_172405,3754-10,1049,1,36554,2026-06-13T20:23:51Z,-23.535494999999997,-46.4545665,20.13,84,nublado
20260613_172405,3754-10,1049,1,36680,2026-06-13T20:23:41Z,-23.547098000000002,-46.40892125,20.13,84,nublado
20260613_172405,3754-10,1049,1,36049,2026-06-13T20:23:29Z,-23.534235000000002,-46.452625999999995,20.13,84,nublado
20260613_172405,3754-10,1049,1,36231,2026-06-13T20:23:51Z,-23.542352,-46.470546999999996,20.13,84,nublado
20260613_172405,675X-10,111,1,61309,2026-06-13T20:23:28Z,-23.606327,-46.66468075,20.13,84,nublado
20260613_172405,675X-10,111,1,61314,2026-06-13T20:24:02Z,-23.737689500000002,-46.697986,20.13,84,nublado
20260613_172405,675X-10,111,1,61680,2026-06-13T20:24:02Z,-23.6071845,-46.665484,20.13,84,nublado
20260613_172405,675X-10,111,1,61679,2026-06-13T20:23:32Z,-23.699622249999997,-46.700959375000004,20.13,84,nublado
20260613_172405,675X-10,111,1,61593,2026-06-13T20:23:50Z,-23.732001,-46.6976735,20.13,84,nublado
20260613_172405,675X-10,111,1,61671,2026-06-13T20:23:58Z,-23.737689500000002,-46.697986,20.13,84,nublado
20260613_172405,1726-10,1403,1,22848,2026-06-13T20:23:46Z,-23.4390125,-46.57260375,20.13,84,nublado
20260613_172405,1726-10,1403,1,22298,2026-06-13T20:23:39Z,-23.45020075,-46.589796,20.13,84,nublado
20260613_172405,1726-10,1403,1,22792,2026-06-13T20:23:19Z,-23.501943500000003,-46.6235805,20.13,84,nublado
20260613_172405,1726-10,1403,1,22797,2026-06-13T20:23:43Z,-23.4372,-46.56626,20.13,84,nublado
20260613_172405,1726-10,1403,1,22613,2026-06-13T20:23:21Z,-23.451387,-46.5984605,20.13,84,nublado
20260613_172405,1726-10,1403,1,22283,2026-06-13T20:23:35Z,-23.450097,-46.5891925,20.13,84,nublado
20260613_172405,1726-10,1403,1,22780,2026-06-13T20:24:00Z,-23.502214000000002,-46.6235875,20.13,84,nublado
20260613_172405,5127-10,33895,2,68280,2026-06-13T20:24:04Z,-23.677825,-46.701614500000005,20.13,84,nublado
20260613_172405,5127-10,33895,2,68175,2026-06-13T20:23:21Z,-23.702263000000002,-46.639984,20.13,84,nublado
20260613_172405,5127-10,33895,2,68203,2026-06-13T20:23:34Z,-23.677825,-46.701614500000005,20.13,84,nublado
20260613_172405,5127-10,33895,2,68304,2026-06-13T20:23:54Z,-23.70211425,-46.640169,20.13,84,nublado
20260613_172405,5127-10,33895,2,68186,2026-06-13T20:23:43Z,-23.678556999999998,-46.685034,20.13,84,nublado
20260613_172405,5127-10,33895,2,68218,2026-06-13T20:23:23Z,-23.684126499999998,-46.676656,20.13,84,nublado
20260613_172405,5127-10,33895,2,68341,2026-06-13T20:23:20Z,-23.677825,-46.701614500000005,20.13,84,nublado
20260613_172405,5127-10,33895,2,68002,2026-06-13T20:23:53Z,-23.67553625,-46.687210750000006,20.13,84,nublado
20260613_172405,5127-10,33895,2,68265,2026-06-13T20:23:28Z,-23.699539,-46.646921,20.13,84,nublado
20260613_172405,5127-10,33895,2,68800,2026-06-13T20:23:55Z,-23.677825,-46.701614500000005,20.13,84,nublado
20260613_172405,5127-10,33895,2,68172,2026-06-13T20:23:42Z,-23.70192475,-46.640395,20.13,84,nublado
20260613_172405,5127-10,33895,2,68179,2026-06-13T20:23:39Z,-23.677825,-46.701614500000005,20.13,84,nublado
20260613_172405,5127-10,33895,2,68425,2026-06-13T20:22:08Z,-23.677825,-46.701614500000005,20.13,84,nublado
20260613_172405,5127-10,33895,2,68192,2026-06-13T20:23:40Z,-23.677825,-46.701614500000005,20.13,84,nublado
20260613_172405,5127-10,33895,2,68404,2026-06-13T20:23:19Z,-23.677825,-46.701614500000005,20.13,84,nublado
20260613_172405,609F-10,32805,2,71859,2026-06-13T20:23:33Z,-23.6673265,-46.749638000000004,20.13,84,nublado
20260613_172405,609F-10,32805,2,71181,2026-06-13T20:23:56Z,-23.599899,-46.6971305,20.13,84,nublado
20260613_172405,609F-10,32805,2,71866,2026-06-13T20:23:20Z,-23.668001500000003,-46.7491535,20.13,84,nublado
20260613_172405,407I-10,34990,2,48869,2026-06-13T20:23:57Z,-23.540142,-46.4855885,20.13,84,nublado
20260613_172405,407I-10,34990,2,48742,2026-06-13T20:23:30Z,-23.5538815,-46.5184675,20.13,84,nublado
20260613_172405,407I-10,34990,2,48679,2026-06-13T20:23:48Z,-23.539747875,-46.543512875,20.13,84,nublado
20260613_172405,407I-10,34990,2,48876,2026-06-13T20:23:45Z,-23.54502925,-46.595573875,20.13,84,nublado
20260613_172405,807M-10,34684,2,85586,2026-06-13T20:23:38Z,-23.6156125,-46.739903,20.13,84,nublado
20260613_172405,807M-10,34684,2,85721,2026-06-13T20:23:53Z,-23.6316405,-46.772316,20.13,84,nublado
20260613_172405,807M-10,34684,2,85574,2026-06-13T20:23:43Z,-23.624026,-46.7531775,20.13,84,nublado
20260613_172405,807M-10,34684,2,85853,2026-06-13T20:23:37Z,-23.603229,-46.725297,20.13,84,nublado
20260613_172405,807M-10,34684,2,85844,2026-06-13T20:23:20Z,-23.631797499999998,-46.7719915,20.13,84,nublado
20260613_172405,524L-10,34483,2,55296,2026-06-13T20:23:59Z,-23.5564685,-46.5600175,20.13,84,nublado
20260613_172405,524L-10,34483,2,55009,2026-06-13T20:23:53Z,-23.562289,-46.5611545,20.13,84,nublado
20260613_172405,524L-10,34483,2,55551,2026-06-13T20:23:22Z,-23.581843499999998,-46.5641385,20.13,84,nublado
20260613_172405,407E-10,2215,1,48579,2026-06-13T20:23:28Z,-23.538742,-46.564669499999994,20.13,84,nublado
20260613_172405,407E-10,2215,1,48864,2026-06-13T20:24:02Z,-23.576651,-46.5013465,20.13,84,nublado
20260613_172405,407E-10,2215,1,48878,2026-06-13T20:24:02Z,-23.6335585,-46.4430015,20.13,84,nublado
20260613_172405,407E-10,2215,1,48262,2026-06-13T20:23:30Z,-23.59935875,-46.46643675,20.13,84,nublado
20260613_172405,407E-10,2215,1,48294,2026-06-13T20:23:57Z,-23.6138615,-46.4707505,20.13,84,nublado
20260613_172405,407E-10,2215,1,48716,2026-06-13T20:23:19Z,-23.6335585,-46.4430015,20.13,84,nublado
20260613_172405,407E-10,2215,1,48210,2026-06-13T20:24:03Z,-23.6335585,-46.4430015,20.13,84,nublado
20260613_172405,938V-10,33581,2,16520,2026-06-13T20:23:45Z,-23.481733,-46.684402750000004,20.13,84,nublado
20260613_172405,938V-10,33581,2,16612,2026-06-13T20:23:22Z,-23.501626,-46.690109,20.13,84,nublado
20260613_172405,938V-10,33581,2,16748,2026-06-13T20:23:45Z,-23.527877875,-46.6803525,20.13,84,nublado
20260613_172405,938V-10,33581,2,16353,2026-06-13T20:23:51Z,-23.4527645,-46.6849925,20.13,84,nublado
20260613_172405,938V-10,33581,2,16521,2026-06-13T20:23:25Z,-23.499109750000002,-46.693485,20.13,84,nublado
20260613_172405,938V-10,33581,2,16259,2026-06-13T20:23:49Z,-23.452962,-46.684575499999994,20.13,84,nublado
20260613_172405,938V-10,33581,2,16273,2026-06-13T20:23:40Z,-23.4527645,-46.6849925,20.13,84,nublado
20260613_172405,938V-10,33581,2,16115,2026-06-13T20:23:19Z,-23.452824999999997,-46.6848085,20.13,84,nublado
20260613_172405,1720-10,863,1,26159,2026-06-13T20:23:34Z,-23.4807045,-46.60357325,20.13,84,nublado
20260613_172405,1720-10,863,1,26151,2026-06-13T20:24:04Z,-23.48942625,-46.57194375,20.13,84,nublado
20260613_172405,1720-10,863,1,26010,2026-06-13T20:23:45Z,-23.49216275,-46.57233825,20.13,84,nublado
20260613_172405,1720-10,863,1,26472,2026-06-13T20:23:51Z,-23.4494005,-46.6106135,20.13,84,nublado
20260613_172405,1720-10,863,1,26251,2026-06-13T20:23:29Z,-23.481184,-46.60009575,20.13,84,nublado
20260613_172405,1720-10,863,1,26259,2026-06-13T20:23:30Z,-23.447453,-46.6083645,20.13,84,nublado
20260613_172405,1720-10,863,1,26393,2026-06-13T20:23:31Z,-23.48244625,-46.58923675,20.13,84,nublado
20260613_172405,1720-10,863,1,26342,2026-06-13T20:24:02Z,-23.4807045,-46.60357325,20.13,84,nublado
20260613_172405,6258-10,34000,2,78192,2026-06-13T20:23:20Z,-23.6659455,-46.715094750000006,20.13,84,nublado
20260613_172405,6258-10,34000,2,78287,2026-06-13T20:23:38Z,-23.691446499999998,-46.7465235,20.13,84,nublado
20260613_172405,6258-10,34000,2,78982,2026-06-13T20:23:34Z,-23.674895499999998,-46.7343475,20.13,84,nublado
20260613_172405,3729-10,1026,1,45047,2026-06-13T20:23:41Z,-23.557810000000003,-46.559629,20.13,84,nublado
20260613_172405,3729-10,1026,1,45405,2026-06-13T20:23:41Z,-23.538457,-46.5637265,20.13,84,nublado
20260613_172405,3729-10,1026,1,45761,2026-06-13T20:23:49Z,-23.5673395,-46.541951,20.13,84,nublado
20260613_172405,3729-10,1026,1,45575,2026-06-13T20:24:03Z,-23.5636515,-46.50822475,20.13,84,nublado
20260613_172405,3729-10,1026,1,45315,2026-06-13T20:23:43Z,-23.538457,-46.5637265,20.13,84,nublado
20260613_172405,3729-10,1026,1,45303,2026-06-13T20:23:29Z,-23.5765035,-46.5159505,20.13,84,nublado
20260613_172405,3729-10,1026,1,45587,2026-06-13T20:23:50Z,-23.5630635,-46.5011325,20.13,84,nublado
20260613_172405,5391-10,32939,2,73974,2026-06-13T20:24:01Z,-23.62104325,-46.678715249999996,20.13,84,nublado
20260613_172405,5391-10,32939,2,73986,2026-06-13T20:23:53Z,-23.66598725,-46.7154595,20.13,84,nublado
20260613_172405,5391-10,32939,2,73968,2026-06-13T20:23:38Z,-23.692840500000003,-46.7782395,20.13,84,nublado
20260613_172405,5391-10,32939,2,73006,2026-06-13T20:24:00Z,-23.55959,-46.639277500000006,20.13,84,nublado
20260613_172405,5391-10,32939,2,73972,2026-06-13T20:23:39Z,-23.64735775,-46.70356674999999,20.13,84,nublado
20260613_172405,5391-10,32939,2,73020,2026-06-13T20:23:34Z,-23.59314325,-46.65242325,20.13,84,nublado
20260613_172405,5391-10,32939,2,73939,2026-06-13T20:23:23Z,-23.669123750000004,-46.7350165,20.13,84,nublado
20260613_172405,5391-10,32939,2,73969,2026-06-13T20:23:32Z,-23.674359250000002,-46.7473895,20.13,84,nublado
20260613_172405,5391-10,32939,2,73976,2026-06-13T20:23:50Z,-23.687598,-46.771941,20.13,84,nublado
20260613_172405,5391-10,32939,2,73944,2026-06-13T20:23:51Z,-23.680974499999998,-46.7659755,20.13,84,nublado
20260613_172405,9005-10,872,1,16285,2026-06-13T20:23:37Z,-23.4541855,-46.67541,20.13,84,nublado
20260613_172405,9005-10,872,1,16533,2026-06-13T20:23:32Z,-23.45401675,-46.69216275,20.13,84,nublado
20260613_172405,9005-10,872,1,16315,2026-06-13T20:23:25Z,-23.450507,-46.6872805,20.13,84,nublado
20260613_172405,9005-10,872,1,16328,2026-06-13T20:23:42Z,-23.4705675,-46.6705775,20.13,84,nublado
20260613_172405,6036-10,1214,1,78166,2026-06-13T20:23:20Z,-23.646844,-46.779120250000005,20.13,84,nublado
20260613_172405,6036-10,1214,1,78073,2026-06-13T20:23:59Z,-23.6536315,-46.789668000000006,20.13,84,nublado
20260613_172405,6036-10,1214,1,78669,2026-06-13T20:23:59Z,-23.6536315,-46.789668000000006,20.13,84,nublado
20260613_172405,6036-10,1214,1,78653,2026-06-13T20:23:33Z,-23.658502,-46.775075,20.13,84,nublado
20260613_172405,6036-10,1214,1,78701,2026-06-13T20:23:24Z,-23.654274,-46.7625595,20.13,84,nublado
20260613_172405,106A-10,33284,2,21127,2026-06-13T20:24:01Z,-23.532246,-46.632346999999996,20.13,84,nublado
20260613_172405,106A-10,33284,2,21124,2026-06-13T20:23:30Z,-23.536562749999998,-46.6335145,20.13,84,nublado
20260613_172405,106A-10,33284,2,21142,2026-06-13T20:24:02Z,-23.577646,-46.673841499999995,20.13,84,nublado
20260613_172405,106A-10,33284,2,21126,2026-06-13T20:23:48Z,-23.58490725,-46.679951,20.13,84,nublado
20260613_172405,106A-10,33284,2,21138,2026-06-13T20:24:04Z,-23.577116,-46.6717145,20.13,84,nublado
20260613_172405,106A-10,33284,2,21125,2026-06-13T20:23:57Z,-23.503522625000002,-46.6246515,20.13,84,nublado
20260613_172405,106A-10,33284,2,21140,2026-06-13T20:23:34Z,-23.568863999999998,-46.6606685,20.13,84,nublado
20260613_172405,106A-10,33284,2,21135,2026-06-13T20:23:29Z,-23.503025,-46.6242335,20.13,84,nublado
20260613_172405,106A-10,33284,2,21106,2026-06-13T20:23:56Z,-23.5025625,-46.624213,20.13,84,nublado
20260613_172405,6014-10,188,1,73454,2026-06-13T20:24:00Z,-23.73601325,-46.79468,20.13,84,nublado
20260613_172405,6014-10,188,1,73442,2026-06-13T20:23:44Z,-23.7420645,-46.8001675,20.13,84,nublado
20260613_172405,6014-10,188,1,73370,2026-06-13T20:23:23Z,-23.746494499999997,-46.79710475,20.13,84,nublado
20260613_172405,6014-10,188,1,73426,2026-06-13T20:23:45Z,-23.672098,-46.741896,20.13,84,nublado
20260613_172405,6014-10,188,1,73481,2026-06-13T20:23:47Z,-23.675926,-46.752761,20.13,84,nublado
20260613_172405,3539-10,748,1,48959,2026-06-13T20:23:38Z,-23.544691750000002,-46.46327125,20.13,84,nublado
20260613_172405,3539-10,748,1,48947,2026-06-13T20:21:29Z,-23.5958445,-46.434946499999995,20.13,84,nublado
20260613_172405,3539-10,748,1,48952,2026-06-13T20:23:48Z,-23.58223375,-46.41004,20.13,84,nublado
20260613_172405,3539-10,748,1,48943,2026-06-13T20:23:54Z,-23.56620175,-46.4666585,20.13,84,nublado
20260613_172405,3539-10,748,1,48879,2026-06-13T20:23:22Z,-23.5992885,-46.401830000000004,20.13,84,nublado
20260613_172405,3539-10,748,1,48567,2026-06-13T20:23:23Z,-23.583989000000003,-46.408885999999995,20.13,84,nublado
20260613_172405,2770-10,243,1,31659,2026-06-13T20:23:24Z,-23.5042745,-46.418547000000004,20.13,84,nublado
20260613_172405,2770-10,243,1,31609,2026-06-13T20:23:34Z,-23.5396095,-46.431369000000004,20.13,84,nublado
20260613_172405,2770-10,243,1,31667,2026-06-13T20:23:44Z,-23.5243565,-46.4129135,20.13,84,nublado
20260613_172405,2770-10,243,1,31654,2026-06-13T20:23:28Z,-23.516682250000002,-46.521797,20.13,84,nublado
20260613_172405,576M-10,33372,2,63599,2026-06-13T20:23:25Z,-23.63270675,-46.645305,20.13,84,nublado
20260613_172405,576M-10,33372,2,63327,2026-06-13T20:23:45Z,-23.597367499999997,-46.678753875,20.13,84,nublado
20260613_172405,576M-10,33372,2,63675,2026-06-13T20:23:49Z,-23.673264500000002,-46.6312175,20.13,84,nublado
20260613_172405,576M-10,33372,2,63653,2026-06-13T20:23:57Z,-23.6779695,-46.6404855,20.13,84,nublado
20260613_172405,576M-10,33372,2,63639,2026-06-13T20:23:42Z,-23.6100225,-46.663678875,20.13,84,nublado
20260613_172405,576M-10,33372,2,63633,2026-06-13T20:23:49Z,-23.676938,-46.6358625,20.13,84,nublado
20260613_172405,6063-41,34541,2,66275,2026-06-13T20:23:35Z,-23.787551999999998,-46.679802,20.13,84,nublado
20260613_172405,6010-10,33970,2,78523,2026-06-13T20:23:34Z,-23.6677575,-46.7351975,20.13,84,nublado
20260613_172405,6010-10,33970,2,78808,2026-06-13T20:23:26Z,-23.665808,-46.748600499999995,20.13,84,nublado
20260613_172405,6010-10,33970,2,78094,2026-06-13T20:23:35Z,-23.6662085,-46.7433875,20.13,84,nublado
20260613_172405,6010-10,33970,2,78050,2026-06-13T20:23:53Z,-23.668323,-46.735209499999996,20.13,84,nublado
20260613_172405,6010-10,33970,2,78447,2026-06-13T20:23:37Z,-23.6677575,-46.7351975,20.13,84,nublado
20260613_172405,6010-10,33970,2,78187,2026-06-13T20:23:22Z,-23.697374,-46.793094999999994,20.13,84,nublado
20260613_172405,5175-10,593,1,63774,2026-06-13T20:23:56Z,-23.553324625000002,-46.63820749999999,20.13,84,nublado
20260613_172405,5175-10,593,1,63220,2026-06-13T20:23:55Z,-23.68311,-46.644034000000005,20.13,84,nublado
20260613_172405,5175-10,593,1,63258,2026-06-13T20:23:32Z,-23.685104250000002,-46.645548500000004,20.13,84,nublado
20260613_172405,5175-10,593,1,63688,2026-06-13T20:23:32Z,-23.631880250000002,-46.66903225,20.13,84,nublado
20260613_172405,5175-10,593,1,63354,2026-06-13T20:23:58Z,-23.640317500000002,-46.673701,20.13,84,nublado
20260613_172405,5175-10,593,1,63682,2026-06-13T20:23:44Z,-23.702581000000002,-46.6501255,20.13,84,nublado
20260613_172405,5175-10,593,1,63372,2026-06-13T20:23:25Z,-23.569221125,-46.65048175,20.13,84,nublado
20260613_172405,5175-10,593,1,63662,2026-06-13T20:23:56Z,-23.6688805,-46.67252,20.13,84,nublado
20260613_172405,6051-10,33911,2,66434,2026-06-13T20:23:28Z,-23.762576000000003,-46.689004,20.13,84,nublado
20260613_172405,172P-10,858,1,26501,2026-06-13T20:23:33Z,-23.436752,-46.5663995,20.13,84,nublado
20260613_172405,172P-10,858,1,26158,2026-06-13T20:23:20Z,-23.466220625,-46.583831125,20.13,84,nublado
20260613_172405,172P-10,858,1,26487,2026-06-13T20:23:51Z,-23.4379665,-46.566434,20.13,84,nublado
20260613_172405,172P-10,858,1,26517,2026-06-13T20:24:02Z,-23.444098,-46.5901555,20.13,84,nublado
20260613_172405,172P-10,858,1,26084,2026-06-13T20:23:50Z,-23.48016775,-46.58053175,20.13,84,nublado
20260613_172405,172P-10,858,1,26505,2026-06-13T20:23:29Z,-23.5002415,-46.59256275,20.13,84,nublado
20260613_172405,172P-10,858,1,26524,2026-06-13T20:23:23Z,-23.4394965,-46.5756425,20.13,84,nublado
20260613_172405,172P-10,858,1,26248,2026-06-13T20:23:32Z,-23.47584525,-46.57132675,20.13,84,nublado
20260613_172405,172P-10,858,1,26187,2026-06-13T20:23:59Z,-23.46812525,-46.581925625,20.13,84,nublado
20260613_172405,172P-10,858,1,26402,2026-06-13T20:23:43Z,-23.502281,-46.5909,20.13,84,nublado
20260613_172405,403A-10,34960,2,48082,2026-06-13T20:23:42Z,-23.55775775,-46.4462135,20.13,84,nublado
20260613_172405,403A-10,34960,2,48063,2026-06-13T20:23:31Z,-23.5558615,-46.468648,20.13,84,nublado
20260613_172405,403A-10,34960,2,48103,2026-06-13T20:23:31Z,-23.5429475,-46.51977075,20.13,84,nublado
20260613_172405,403A-10,34960,2,48327,2026-06-13T20:23:20Z,-23.540297,-46.431876,20.13,84,nublado
20260613_172405,118C-10,33287,2,22269,2026-06-13T20:23:54Z,-23.4710665,-46.650921999999994,20.13,84,nublado
20260613_172405,118C-10,33287,2,22273,2026-06-13T20:24:02Z,-23.53368375,-46.643164999999996,20.13,84,nublado
20260613_172405,118C-10,33287,2,22271,2026-06-13T20:23:53Z,-23.49199,-46.625986000000005,20.13,84,nublado
20260613_172405,118C-10,33287,2,22799,2026-06-13T20:23:59Z,-23.4863525,-46.627761,20.13,84,nublado
20260613_172405,118C-10,33287,2,22257,2026-06-13T20:23:19Z,-23.457611,-46.6729625,20.13,84,nublado
20260613_172405,118C-10,33287,2,22256,2026-06-13T20:23:48Z,-23.49199,-46.625986000000005,20.13,84,nublado
20260613_172405,118C-10,33287,2,22272,2026-06-13T20:23:19Z,-23.457446,-46.673119,20.13,84,nublado
20260613_172405,118C-10,33287,2,22260,2026-06-13T20:23:34Z,-23.455087499999998,-46.66769,20.13,84,nublado
20260613_172405,118C-10,33287,2,22676,2026-06-13T20:23:45Z,-23.532100999999997,-46.633630499999995,20.13,84,nublado
20260613_172405,6007-10,176,1,73462,2026-06-13T20:23:38Z,-23.6519215,-46.721616499999996,20.13,84,nublado
20260613_172405,6007-10,176,1,73417,2026-06-13T20:24:02Z,-23.660810249999997,-46.75779899999999,20.13,84,nublado
20260613_172405,6007-10,176,1,73458,2026-06-13T20:23:17Z,-23.669137499999998,-46.73461125,20.13,84,nublado
20260613_172405,178L-10,33328,2,22668,2026-06-13T20:23:27Z,-23.484083,-46.642106999999996,20.13,84,nublado
20260613_172405,178L-10,33328,2,22606,2026-06-13T20:23:42Z,-23.491937,-46.6343325,20.13,84,nublado
20260613_172405,178L-10,33328,2,22927,2026-06-13T20:24:03Z,-23.47912075,-46.643987499999994,20.13,84,nublado
20260613_172405,178L-10,33328,2,22593,2026-06-13T20:23:58Z,-23.542125,-46.646523,20.13,84,nublado
20260613_172405,178L-10,33328,2,22563,2026-06-13T20:23:49Z,-23.4930305,-46.6328465,20.13,84,nublado
20260613_172405,736G-10,780,1,86129,2026-06-13T20:24:02Z,-23.63915525,-46.749588,20.13,84,nublado
20260613_172405,736G-10,780,1,86139,2026-06-13T20:23:22Z,-23.642022500000003,-46.74018475,20.13,84,nublado
20260613_172405,736G-10,780,1,86132,2026-06-13T20:23:53Z,-23.63532,-46.7481755,20.13,84,nublado
20260613_172405,9032-10,33648,2,16509,2026-06-13T20:23:22Z,-23.4742015,-46.6693745,20.13,84,nublado
20260613_172405,9032-10,33648,2,16769,2026-06-13T20:23:21Z,-23.4604925,-46.68437,20.13,84,nublado
20260613_172405,9032-10,33648,2,16413,2026-06-13T20:23:39Z,-23.4538725,-46.696835500000006,20.13,84,nublado
20260613_172405,9032-10,33648,2,16346,2026-06-13T20:23:41Z,-23.446861499999997,-46.698229,20.13,84,nublado
20260613_172405,9032-10,33648,2,16611,2026-06-13T20:23:23Z,-23.446339000000002,-46.693209499999995,20.13,84,nublado
20260613_172405,9032-10,33648,2,16677,2026-06-13T20:23:32Z,-23.4503535,-46.699721,20.13,84,nublado
20260613_172405,9301-10,458,1,11562,2026-06-13T20:24:01Z,-23.508050500000003,-46.655107,20.13,84,nublado
20260613_172405,9301-10,458,1,11580,2026-06-13T20:23:33Z,-23.542839999999998,-46.6362885,20.13,84,nublado
20260613_172405,5300-10,33122,2,76343,2026-06-13T20:23:24Z,-23.55959,-46.639277500000006,20.13,84,nublado
20260613_172405,5300-10,33122,2,76381,2026-06-13T20:23:20Z,-23.5916885,-46.6516285,20.13,84,nublado
20260613_172405,5300-10,33122,2,76373,2026-06-13T20:24:04Z,-23.550116000000003,-46.631554,20.13,84,nublado
20260613_172405,5300-10,33122,2,76353,2026-06-13T20:23:26Z,-23.547731,-46.6300275,20.13,84,nublado
20260613_172405,5300-10,33122,2,76356,2026-06-13T20:24:02Z,-23.634135,-46.69092675,20.13,84,nublado
20260613_172405,5300-10,33122,2,76360,2026-06-13T20:23:49Z,-23.640248,-46.6968045,20.13,84,nublado
20260613_172405,5300-10,33122,2,76351,2026-06-13T20:23:37Z,-23.6320625,-46.68896825,20.13,84,nublado
20260613_172405,1722-10,864,1,26277,2026-06-13T20:23:58Z,-23.472155,-46.650782,20.13,84,nublado
20260613_172405,1722-10,864,1,26062,2026-06-13T20:23:24Z,-23.477698250000003,-46.599436999999995,20.13,84,nublado
20260613_172405,1722-10,864,1,26180,2026-06-13T20:23:35Z,-23.482192,-46.672304,20.13,84,nublado
20260613_172405,1722-10,864,1,26502,2026-06-13T20:23:37Z,-23.479153500000002,-46.60168,20.13,84,nublado
20260613_172405,1722-10,864,1,26050,2026-06-13T20:23:35Z,-23.458285500000002,-46.61039675,20.13,84,nublado
20260613_172405,1722-10,864,1,26407,2026-06-13T20:23:21Z,-23.466938,-46.641495,20.13,84,nublado
20260613_172405,1722-10,864,1,26470,2026-06-13T20:23:54Z,-23.475762125,-46.66957275,20.13,84,nublado
20260613_172405,1722-10,864,1,26376,2026-06-13T20:24:01Z,-23.4607985,-46.585685,20.13,84,nublado
20260613_172405,4709-10,333,1,51315,2026-06-13T20:23:49Z,-23.65282,-46.607729000000006,20.13,84,nublado
20260613_172405,4709-10,333,1,51208,2026-06-13T20:23:47Z,-23.65282,-46.607729000000006,20.13,84,nublado
20260613_172405,4709-10,333,1,51212,2026-06-13T20:23:35Z,-23.6091445,-46.612541,20.13,84,nublado
20260613_172405,2717-10,930,1,45282,2026-06-13T20:23:24Z,-23.5287615,-46.516549499999996,20.13,84,nublado
20260613_172405,2717-10,930,1,45351,2026-06-13T20:23:25Z,-23.500083875,-46.51007575,20.13,84,nublado
20260613_172405,2717-10,930,1,45072,2026-06-13T20:23:42Z,-23.515344499999998,-46.51896,20.13,84,nublado
20260613_172405,2717-10,930,1,45069,2026-06-13T20:23:20Z,-23.5287615,-46.516549499999996,20.13,84,nublado
20260613_172405,2717-10,930,1,45249,2026-06-13T20:23:59Z,-23.5032365,-46.5103485,20.13,84,nublado
20260613_172405,546L-10,34053,2,63259,2026-06-13T20:23:33Z,-23.6824915,-46.651863500000005,20.13,84,nublado
20260613_172405,546L-10,34053,2,63677,2026-06-13T20:23:40Z,-23.66327175,-46.708767,20.13,84,nublado
20260613_172405,546L-10,34053,2,63251,2026-06-13T20:24:02Z,-23.682703250000003,-46.651587500000005,20.13,84,nublado
20260613_172405,546L-10,34053,2,63359,2026-06-13T20:23:50Z,-23.682125624999998,-46.69107475,20.13,84,nublado
20260613_172405,5034-10,34431,2,51443,2026-06-13T20:23:43Z,-23.645243125,-46.593329625,20.13,84,nublado
20260613_172405,5034-10,34431,2,51316,2026-06-13T20:23:00Z,-23.609008875,-46.599746499999995,20.13,84,nublado
20260613_172405,5034-10,34431,2,51446,2026-06-13T20:23:19Z,-23.6530245,-46.602299,20.13,84,nublado
20260613_172405,3766-10,1055,1,47244,2026-06-13T20:23:40Z,-23.5504205,-46.4362705,20.13,84,nublado
20260613_172405,3766-10,1055,1,47040,2026-06-13T20:23:35Z,-23.5532365,-46.431661500000004,20.13,84,nublado
20260613_172405,3766-10,1055,1,47293,2026-06-13T20:23:54Z,-23.535528,-46.4545035,20.13,84,nublado
20260613_172405,3766-10,1055,1,47835,2026-06-13T20:23:26Z,-23.553675499999997,-46.427672,20.13,84,nublado
20260613_172405,3766-10,1055,1,47662,2026-06-13T20:19:19Z,-23.553675499999997,-46.427672,20.13,84,nublado
20260613_172405,3766-10,1055,1,47224,2026-06-13T20:23:31Z,-23.553675499999997,-46.427672,20.13,84,nublado
20260613_172405,3761-10,33819,2,47140,2026-06-13T20:23:32Z,-23.538180500000003,-46.562670499999996,20.13,84,nublado
20260613_172405,3761-10,33819,2,47180,2026-06-13T20:23:31Z,-23.5685935,-46.505149,20.13,84,nublado
20260613_172405,3761-10,33819,2,47290,2026-06-13T20:23:54Z,-23.594759,-46.4444055,20.13,84,nublado
20260613_172405,3761-10,33819,2,47382,2026-06-13T20:23:38Z,-23.5986575,-46.463758999999996,20.13,84,nublado
20260613_172405,2666-10,33146,2,31712,2026-06-13T20:23:22Z,-23.492767125,-46.44430162500001,20.13,84,nublado
20260613_172405,2666-10,33146,2,31069,2026-06-13T20:23:29Z,-23.507331,-46.48329575,20.13,84,nublado
20260613_172405,2666-10,33146,2,31072,2026-06-13T20:23:21Z,-23.535944,-46.5720685,20.13,84,nublado
20260613_172405,2666-10,33146,2,31704,2026-06-13T20:23:16Z,-23.51798475,-46.3882325,20.13,84,nublado
20260613_172405,2666-10,33146,2,31054,2026-06-13T20:23:25Z,-23.546655,-46.630598,20.13,84,nublado
20260613_172405,2666-10,33146,2,31710,2026-06-13T20:23:46Z,-23.51798475,-46.3882325,20.13,84,nublado
20260613_172405,2666-10,33146,2,31714,2026-06-13T20:23:59Z,-23.51828025,-46.3879975,20.13,84,nublado
20260613_172405,2666-10,33146,2,31636,2026-06-13T20:23:27Z,-23.494543999999998,-46.438418999999996,20.13,84,nublado
20260613_172405,2666-10,33146,2,31706,2026-06-13T20:23:49Z,-23.546655,-46.630598,20.13,84,nublado
20260613_172405,6403-10,58,1,71267,2026-06-13T20:24:01Z,-23.637232,-46.720438,20.13,84,nublado
20260613_172405,6403-10,58,1,71733,2026-06-13T20:23:20Z,-23.58251925,-46.685676,20.13,84,nublado
20260613_172405,9011-21,1768,1,16086,2026-06-13T20:23:22Z,-23.439357,-46.721387500000006,20.13,84,nublado
20260613_172405,9011-21,1768,1,16111,2026-06-13T20:23:28Z,-23.4547945,-46.738510500000004,20.13,84,nublado
20260613_172405,9011-21,1768,1,16747,2026-06-13T20:23:29Z,-23.4547945,-46.738510500000004,20.13,84,nublado
20260613_172405,9011-21,1768,1,16357,2026-06-13T20:23:57Z,-23.449591499999997,-46.7349215,20.13,84,nublado
20260613_172405,9011-21,1768,1,16228,2026-06-13T20:23:45Z,-23.441947499999998,-46.7242525,20.13,84,nublado
20260613_172405,9011-21,1768,1,16608,2026-06-13T20:23:42Z,-23.4547945,-46.738510500000004,20.13,84,nublado
20260613_172405,9011-21,1768,1,16268,2026-06-13T20:23:36Z,-23.4547945,-46.738510500000004,20.13,84,nublado
20260613_172405,4033-10,33871,2,55535,2026-06-13T20:23:19Z,-23.616099,-46.455704499999996,20.13,84,nublado
20260613_172405,4033-10,33871,2,55391,2026-06-13T20:23:35Z,-23.5993365,-46.5133065,20.13,84,nublado
20260613_172405,4033-10,33871,2,55352,2026-06-13T20:23:59Z,-23.612118000000002,-46.47348,20.13,84,nublado
20260613_172405,4033-10,33871,2,55534,2026-06-13T20:23:45Z,-23.6133105,-46.471985000000004,20.13,84,nublado
20260613_172405,7023-10,2152,1,73382,2026-06-13T20:23:50Z,-23.654648,-46.706824999999995,20.13,84,nublado
20260613_172405,7023-10,2152,1,73928,2026-06-13T20:23:49Z,-23.698864999999998,-46.762845999999996,20.13,84,nublado
20260613_172405,7023-10,2152,1,73471,2026-06-13T20:23:51Z,-23.67978575,-46.7345675,20.13,84,nublado
20260613_172405,7023-10,2152,1,73926,2026-06-13T20:23:44Z,-23.68787975,-46.757431,20.13,84,nublado
20260613_172405,7023-10,2152,1,73364,2026-06-13T20:24:00Z,-23.698786,-46.7627765,20.13,84,nublado
20260613_172405,7023-10,2152,1,73446,2026-06-13T20:23:50Z,-23.685363,-46.742388000000005,20.13,84,nublado
20260613_172405,7023-10,2152,1,73358,2026-06-13T20:24:04Z,-23.653856875,-46.71128025,20.13,84,nublado
20260613_172405,7023-10,2152,1,73371,2026-06-13T20:23:54Z,-23.698786,-46.7627765,20.13,84,nublado
20260613_172405,5370-10,1442,1,61644,2026-06-13T20:23:36Z,-23.7673145,-46.7161625,20.13,84,nublado
20260613_172405,5370-10,1442,1,61058,2026-06-13T20:23:50Z,-23.608573,-46.666781125,20.13,84,nublado
20260613_172405,5370-10,1442,1,61783,2026-06-13T20:23:37Z,-23.7673145,-46.7161625,20.13,84,nublado
20260613_172405,5370-10,1442,1,61353,2026-06-13T20:23:57Z,-23.767859,-46.716285,20.13,84,nublado
20260613_172405,5370-10,1442,1,61096,2026-06-13T20:23:29Z,-23.764112500000003,-46.7162865,20.13,84,nublado
20260613_172405,5370-10,1442,1,61775,2026-06-13T20:23:49Z,-23.736577,-46.6991635,20.13,84,nublado
20260613_172405,5370-10,1442,1,61557,2026-06-13T20:24:01Z,-23.699200749999996,-46.700843125000006,20.13,84,nublado
20260613_172405,5370-10,1442,1,61808,2026-06-13T20:23:53Z,-23.652938749999997,-46.701730749999996,20.13,84,nublado
20260613_172405,5370-10,1442,1,61313,2026-06-13T20:23:24Z,-23.767859,-46.716285,20.13,84,nublado
20260613_172405,5370-10,1442,1,61781,2026-06-13T20:23:57Z,-23.65979825,-46.7043375,20.13,84,nublado
20260613_172405,546T-10,272,1,68040,2026-06-13T20:23:51Z,-23.6931995,-46.658165,20.13,84,nublado
20260613_172405,546T-10,272,1,68060,2026-06-13T20:23:45Z,-23.6920815,-46.67773,20.13,84,nublado
20260613_172405,546T-10,272,1,68422,2026-06-13T20:23:25Z,-23.673444,-46.686408,20.13,84,nublado
20260613_172405,546T-10,272,1,68543,2026-06-13T20:23:43Z,-23.7024605,-46.637018,20.13,84,nublado
20260613_172405,546T-10,272,1,68854,2026-06-13T20:23:19Z,-23.7036385,-46.627480000000006,20.13,84,nublado
20260613_172405,546T-10,272,1,68038,2026-06-13T20:23:22Z,-23.653906999999997,-46.710535500000006,20.13,84,nublado
20260613_172405,546T-10,272,1,68536,2026-06-13T20:23:59Z,-23.66546225,-46.69058325,20.13,84,nublado
20260613_172405,8622-10,438,1,11066,2026-06-13T20:24:02Z,-23.533510999999997,-46.6562195,20.13,84,nublado
20260613_172405,8622-10,438,1,11067,2026-06-13T20:23:37Z,-23.525544500000002,-46.712109500000004,20.13,84,nublado
20260613_172405,8622-10,438,1,11068,2026-06-13T20:23:20Z,-23.4467935,-46.798595,20.13,84,nublado
20260613_172405,8622-10,438,1,11061,2026-06-13T20:23:21Z,-23.483214,-46.770819,20.13,84,nublado
20260613_172405,675L-10,34246,2,73967,2026-06-13T20:24:01Z,-23.654038,-46.708869500000006,20.13,84,nublado
20260613_172405,675L-10,34246,2,73961,2026-06-13T20:24:00Z,-23.612098,-46.6702855,20.13,84,nublado
20260613_172405,675L-10,34246,2,73963,2026-06-13T20:23:58Z,-23.599649,-46.637840499999996,20.13,84,nublado
20260613_172405,675L-10,34246,2,73490,2026-06-13T20:23:55Z,-23.599135,-46.63722,20.13,84,nublado
20260613_172405,271P-10,33472,2,22730,2026-06-13T20:23:26Z,-23.533472250000003,-46.565054,20.13,84,nublado
20260613_172405,271P-10,33472,2,22800,2026-06-13T20:24:02Z,-23.4985705,-46.51483,20.13,84,nublado
20260613_172405,271P-10,33472,2,22725,2026-06-13T20:23:21Z,-23.49908,-46.521137375,20.13,84,nublado
20260613_172405,5128-10,1128,1,68201,2026-06-13T20:23:55Z,-23.64515,-46.6411085,20.13,84,nublado
20260613_172405,5128-10,1128,1,68504,2026-06-13T20:23:33Z,-23.6363215,-46.641154,20.13,84,nublado
20260613_172405,5128-10,1128,1,68384,2026-06-13T20:23:42Z,-23.7010395,-46.6412715,20.13,84,nublado
20260613_172405,5128-10,1128,1,68315,2026-06-13T20:23:26Z,-23.7122905,-46.651968499999995,20.13,84,nublado
20260613_172405,5128-10,1128,1,68017,2026-06-13T20:23:54Z,-23.699324499999996,-46.647161,20.13,84,nublado
20260613_172405,5128-10,1128,1,68608,2026-06-13T20:23:19Z,-23.6929535,-46.6450975,20.13,84,nublado
20260613_172405,5128-10,1128,1,68334,2026-06-13T20:23:21Z,-23.6619985,-46.638397,20.13,84,nublado
20260613_172405,5128-10,1128,1,68230,2026-06-13T20:24:00Z,-23.668487,-46.646861,20.13,84,nublado
20260613_172405,5128-10,1128,1,68368,2026-06-13T20:23:32Z,-23.7120645,-46.6518935,20.13,84,nublado
20260613_172405,3462-10,33015,2,32065,2026-06-13T20:23:39Z,-23.53334,-46.539758250000006,20.13,84,nublado
20260613_172405,3462-10,33015,2,32235,2026-06-13T20:23:38Z,-23.5347835,-46.454962249999994,20.13,84,nublado
20260613_172405,3462-10,33015,2,32241,2026-06-13T20:23:56Z,-23.523160500000003,-46.520255500000005,20.13,84,nublado
20260613_172405,8707-10,2064,1,81220,2026-06-13T20:23:36Z,-23.5715885,-46.7076625,20.13,84,nublado
20260613_172405,4113-10,768,1,41556,2026-06-13T20:23:33Z,-23.592658125,-46.610139625,20.13,84,nublado
20260613_172405,4113-10,768,1,41125,2026-06-13T20:23:35Z,-23.60181325,-46.61281475,20.13,84,nublado
20260613_172405,4113-10,768,1,41573,2026-06-13T20:23:54Z,-23.5456625,-46.6384795,20.13,84,nublado
20260613_172405,4113-10,768,1,41530,2026-06-13T20:24:01Z,-23.55488975,-46.63313975,20.13,84,nublado
20260613_172405,4113-10,768,1,41782,2026-06-13T20:23:40Z,-23.5428055,-46.63945699999999,20.13,84,nublado
20260613_172405,4113-10,768,1,41147,2026-06-13T20:23:40Z,-23.57692275,-46.6225685,20.13,84,nublado
20260613_172405,4113-10,768,1,41563,2026-06-13T20:23:36Z,-23.559036374999998,-46.632882249999994,20.13,84,nublado
20260613_172405,4113-10,768,1,41526,2026-06-13T20:24:04Z,-23.5426195,-46.640755,20.13,84,nublado
20260613_172405,573H-10,34398,2,55206,2026-06-13T20:23:32Z,-23.582047,-46.536475499999995,20.13,84,nublado
20260613_172405,573H-10,34398,2,55091,2026-06-13T20:23:27Z,-23.548883874999998,-46.60990137500001,20.13,84,nublado
20260613_172405,573H-10,34398,2,55375,2026-06-13T20:23:50Z,-23.614589000000002,-46.501826,20.13,84,nublado
20260613_172405,573H-10,34398,2,55044,2026-06-13T20:23:48Z,-23.573248375,-46.568364124999995,20.13,84,nublado
20260613_172405,573H-10,34398,2,55223,2026-06-13T20:23:39Z,-23.6120265,-46.493421,20.13,84,nublado
20260613_172405,971M-10,612,1,22857,2026-06-13T20:23:42Z,-23.4699715,-46.6767415,20.13,84,nublado
20260613_172405,971M-10,612,1,22685,2026-06-13T20:23:43Z,-23.486776,-46.652815000000004,20.13,84,nublado
20260613_172405,971M-10,612,1,22892,2026-06-13T20:23:42Z,-23.50090525,-46.625523125,20.13,84,nublado
20260613_172405,971M-10,612,1,22863,2026-06-13T20:23:55Z,-23.4757485,-46.66410075,20.13,84,nublado
20260613_172405,971M-10,612,1,22884,2026-06-13T20:23:24Z,-23.4781415,-46.63306475,20.13,84,nublado
20260613_172405,175T-10,623,1,21593,2026-06-13T20:23:48Z,-23.506301,-46.6238185,20.13,84,nublado
20260613_172405,175T-10,623,1,21607,2026-06-13T20:23:49Z,-23.585917000000002,-46.6549985,20.13,84,nublado
20260613_172405,175T-10,623,1,21816,2026-06-13T20:24:01Z,-23.63242675,-46.66071825,20.13,84,nublado
20260613_172405,175T-10,623,1,21630,2026-06-13T20:23:33Z,-23.631756,-46.6692845,20.13,84,nublado
20260613_172405,175T-10,623,1,21614,2026-06-13T20:23:55Z,-23.585917000000002,-46.6549985,20.13,84,nublado
20260613_172405,175T-10,623,1,21612,2026-06-13T20:23:39Z,-23.653510999999998,-46.637828,20.13,84,nublado
20260613_172405,172R-10,859,1,26086,2026-06-13T20:23:25Z,-23.538157499999997,-46.599945500000004,20.13,84,nublado
20260613_172405,172R-10,859,1,26265,2026-06-13T20:24:00Z,-23.521631874999997,-46.592374625000005,20.13,84,nublado
20260613_172405,172R-10,859,1,26231,2026-06-13T20:23:29Z,-23.478817499999998,-46.572841499999996,20.13,84,nublado
20260613_172405,172R-10,859,1,26216,2026-06-13T20:23:28Z,-23.4674146875,-46.5799235,20.13,84,nublado
20260613_172405,172R-10,859,1,26181,2026-06-13T20:23:46Z,-23.513315499999997,-46.581042,20.13,84,nublado
20260613_172405,172R-10,859,1,26254,2026-06-13T20:23:53Z,-23.538102000000002,-46.59915425,20.13,84,nublado
20260613_172405,172R-10,859,1,26310,2026-06-13T20:24:03Z,-23.5423885,-46.590565,20.13,84,nublado
20260613_172405,172R-10,859,1,26516,2026-06-13T20:23:33Z,-23.493533499999998,-46.5747825,20.13,84,nublado
20260613_172405,9011-21,34536,2,16988,2026-06-13T20:23:33Z,-23.454522500000003,-46.737875,20.13,84,nublado
20260613_172405,9011-21,34536,2,16669,2026-06-13T20:23:49Z,-23.447933499999998,-46.734849499999996,20.13,84,nublado
20260613_172405,1701-21,2476,1,26230,2026-06-13T20:23:21Z,-23.447538,-46.576252999999994,20.13,84,nublado
20260613_172405,1701-21,2476,1,26256,2026-06-13T20:23:23Z,-23.4610315,-46.585725000000004,20.13,84,nublado
20260613_172405,8000-10,34041,2,11524,2026-06-13T20:23:48Z,-23.535335500000002,-46.65259999999999,20.13,84,nublado
20260613_172405,675P-10,33043,2,64277,2026-06-13T20:23:50Z,-23.65533825,-46.692351,20.13,84,nublado
20260613_172405,675P-10,33043,2,64414,2026-06-13T20:24:00Z,-23.647954,-46.645717,20.13,84,nublado
20260613_172405,675P-10,33043,2,64299,2026-06-13T20:23:26Z,-23.645801499999997,-46.6450435,20.13,84,nublado
20260613_172405,675P-10,33043,2,64482,2026-06-13T20:23:33Z,-23.638283,-46.632395,20.13,84,nublado
20260613_172405,6035-21,34563,2,78973,2026-06-13T20:23:47Z,-23.722203625,-46.76463325,20.13,84,nublado
20260613_172405,6035-21,34563,2,78018,2026-06-13T20:23:19Z,-23.68887,-46.75851875000001,20.13,84,nublado
20260613_172405,6035-21,34563,2,78071,2026-06-13T20:23:26Z,-23.72057875,-46.75259275,20.13,84,nublado
20260613_172405,6035-21,34563,2,78368,2026-06-13T20:23:35Z,-23.668179000000002,-46.7352085,20.13,84,nublado
20260613_172405,6035-21,34563,2,78016,2026-06-13T20:23:53Z,-23.713213,-46.7706255,20.13,84,nublado
20260613_172405,407N-10,2169,1,48941,2026-06-13T20:23:46Z,-23.5947635,-46.440972,20.13,84,nublado
20260613_172405,407N-10,2169,1,48949,2026-06-13T20:23:38Z,-23.534121,-46.543020999999996,20.13,84,nublado
20260613_172405,407N-10,2169,1,48954,2026-06-13T20:23:44Z,-23.5934825,-46.4185905,20.13,84,nublado
20260613_172405,407N-10,2169,1,48672,2026-06-13T20:23:53Z,-23.5824165,-46.407865,20.13,84,nublado
20260613_172405,407N-10,2169,1,48945,2026-06-13T20:23:22Z,-23.596935000000002,-46.466463,20.13,84,nublado
20260613_172405,407N-10,2169,1,48699,2026-06-13T20:24:03Z,-23.589582,-46.479238,20.13,84,nublado
20260613_172405,746R-10,790,1,85870,2026-06-13T20:23:47Z,-23.652429937500003,-46.710015999999996,20.13,84,nublado
20260613_172405,746R-10,790,1,85877,2026-06-13T20:23:58Z,-23.632726375,-46.719150875,20.13,84,nublado
20260613_172405,746R-10,790,1,85883,2026-06-13T20:23:49Z,-23.6103905,-46.7051065,20.13,84,nublado
20260613_172405,9004-10,871,1,16559,2026-06-13T20:24:02Z,-23.459086499999998,-46.677931,20.13,84,nublado
20260613_172405,9004-10,871,1,16066,2026-06-13T20:23:42Z,-23.459155000000003,-46.677606499999996,20.13,84,nublado
20260613_172405,9004-10,871,1,16426,2026-06-13T20:23:29Z,-23.456088,-46.6816805,20.13,84,nublado
20260613_172405,9004-10,871,1,16114,2026-06-13T20:23:58Z,-23.459086499999998,-46.677931,20.13,84,nublado
20260613_172405,9004-10,871,1,16499,2026-06-13T20:23:22Z,-23.455446,-46.6819535,20.13,84,nublado
20260613_172405,9004-10,871,1,16671,2026-06-13T20:23:41Z,-23.4626305,-46.672816499999996,20.13,84,nublado
20260613_172405,9004-10,871,1,16765,2026-06-13T20:24:01Z,-23.459086499999998,-46.677931,20.13,84,nublado
20260613_172405,9004-10,871,1,16783,2026-06-13T20:23:44Z,-23.459155000000003,-46.677606499999996,20.13,84,nublado
20260613_172405,6000-10,33908,2,63554,2026-06-13T20:23:37Z,-23.6799595,-46.713087625,20.13,84,nublado
20260613_172405,6000-10,33908,2,63095,2026-06-13T20:23:45Z,-23.8284605,-46.7271145,20.13,84,nublado
20260613_172405,6000-10,33908,2,63083,2026-06-13T20:23:21Z,-23.785728,-46.72602575,20.13,84,nublado
20260613_172405,6000-10,33908,2,63088,2026-06-13T20:23:47Z,-23.7435075,-46.706841499999996,20.13,84,nublado
20260613_172405,6000-10,33908,2,63114,2026-06-13T20:23:21Z,-23.6542045,-46.71011,20.13,84,nublado
20260613_172405,6000-10,33908,2,63551,2026-06-13T20:23:42Z,-23.72155,-46.6980085,20.13,84,nublado
20260613_172405,6000-10,33908,2,63093,2026-06-13T20:24:02Z,-23.756858,-46.7142105,20.13,84,nublado
20260613_172405,6000-10,33908,2,63529,2026-06-13T20:23:28Z,-23.8284605,-46.7271145,20.13,84,nublado
20260613_172405,6000-10,33908,2,63568,2026-06-13T20:23:58Z,-23.8284605,-46.7271145,20.13,84,nublado
20260613_172405,6000-10,33908,2,63566,2026-06-13T20:23:44Z,-23.708065375,-46.71264775,20.13,84,nublado
20260613_172405,6000-10,33908,2,63105,2026-06-13T20:23:33Z,-23.824424,-46.734782,20.13,84,nublado
20260613_172405,6000-10,33908,2,63057,2026-06-13T20:23:45Z,-23.654134499999998,-46.708625,20.13,84,nublado
20260613_172405,6027-10,32858,2,66516,2026-06-13T20:23:33Z,-23.72318425,-46.670979,20.13,84,nublado
20260613_172405,6027-10,32858,2,66262,2026-06-13T20:24:03Z,-23.67100725,-46.712663750000004,20.13,84,nublado
20260613_172405,6027-10,32858,2,66587,2026-06-13T20:23:33Z,-23.7220985,-46.6950605,20.13,84,nublado
20260613_172405,6027-10,32858,2,66118,2026-06-13T20:24:04Z,-23.710868125,-46.699293624999996,20.13,84,nublado
20260613_172405,6027-10,32858,2,66063,2026-06-13T20:23:43Z,-23.72222325,-46.68881025,20.13,84,nublado
20260613_172405,8542-21,1361,1,12676,2026-06-13T20:23:56Z,-23.520236,-46.6997165,20.13,84,nublado
20260613_172405,8542-21,1361,1,12615,2026-06-13T20:23:33Z,-23.520041499999998,-46.700201,20.13,84,nublado
20260613_172405,8542-21,1361,1,12682,2026-06-13T20:23:57Z,-23.466739,-46.694692,20.13,84,nublado
20260613_172405,8542-21,1361,1,12608,2026-06-13T20:23:22Z,-23.469469,-46.677016,20.13,84,nublado
20260613_172405,6450-10,32827,2,71421,2026-06-13T20:23:33Z,-23.654408500000002,-46.762060999999996,20.13,84,nublado
20260613_172405,6450-10,32827,2,71166,2026-06-13T20:23:41Z,-23.5706045,-46.6626015,20.13,84,nublado
20260613_172405,6450-10,32827,2,71161,2026-06-13T20:23:37Z,-23.6432905,-46.742360000000005,20.13,84,nublado
20260613_172405,6450-10,32827,2,71269,2026-06-13T20:23:42Z,-23.644774375000004,-46.721286125,20.13,84,nublado
20260613_172405,6450-10,32827,2,71055,2026-06-13T20:23:52Z,-23.654559499999998,-46.761131500000005,20.13,84,nublado
20260613_172405,6450-10,32827,2,71727,2026-06-13T20:23:26Z,-23.5986945,-46.673962,20.13,84,nublado
20260613_172405,6450-10,32827,2,71235,2026-06-13T20:23:50Z,-23.625293499999998,-46.6866505,20.13,84,nublado
20260613_172405,6450-10,32827,2,71659,2026-06-13T20:24:01Z,-23.653454,-46.759485,20.13,84,nublado
20260613_172405,6450-10,32827,2,71268,2026-06-13T20:23:50Z,-23.654660999999997,-46.7609705,20.13,84,nublado
20260613_172405,6016-10,32852,2,66016,2026-06-13T20:23:25Z,-23.745331,-46.68944125,20.13,84,nublado
20260613_172405,6016-10,32852,2,66851,2026-06-13T20:23:25Z,-23.767906,-46.686035000000004,20.13,84,nublado
20260613_172405,6016-10,32852,2,66474,2026-06-13T20:23:59Z,-23.737647000000003,-46.6975635,20.13,84,nublado
20260613_172405,5131-10,34050,2,63362,2026-06-13T20:23:24Z,-23.554767500000004,-46.639010375000005,20.13,84,nublado
20260613_172405,5131-10,34050,2,63732,2026-06-13T20:23:49Z,-23.656833,-46.6653345,20.13,84,nublado
20260613_172405,5131-10,34050,2,63335,2026-06-13T20:23:53Z,-23.5967945,-46.6737665,20.13,84,nublado
20260613_172405,6074-10,33929,2,66858,2026-06-13T20:23:49Z,-23.741069,-46.668598,20.13,84,nublado
20260613_172405,6074-10,33929,2,66101,2026-06-13T20:23:31Z,-23.7349645,-46.6641195,20.13,84,nublado
20260613_172405,6074-10,33929,2,66465,2026-06-13T20:24:02Z,-23.7379235,-46.6925615,20.13,84,nublado
20260613_172405,6074-10,33929,2,66161,2026-06-13T20:23:25Z,-23.682975499999998,-46.69322,20.13,84,nublado
20260613_172405,6074-10,33929,2,66696,2026-06-13T20:23:57Z,-23.7349645,-46.6641195,20.13,84,nublado
20260613_172405,6074-10,33929,2,66919,2026-06-13T20:23:45Z,-23.722028,-46.692921,20.13,84,nublado
20260613_172405,6074-10,33929,2,66995,2026-06-13T20:23:59Z,-23.6981635,-46.700691500000005,20.13,84,nublado
20260613_172405,775N-10,33242,2,80391,2026-06-13T20:23:19Z,-23.546547500000003,-46.692297999999994,20.13,84,nublado
20260613_172405,775N-10,33242,2,80047,2026-06-13T20:23:41Z,-23.580497,-46.7684615,20.13,84,nublado
20260613_172405,573T-10,34400,2,55340,2026-06-13T20:23:46Z,-23.55016825,-46.533999,20.13,84,nublado
20260613_172405,573T-10,34400,2,55457,2026-06-13T20:23:49Z,-23.560264,-46.5196105,20.13,84,nublado
20260613_172405,573T-10,34400,2,55123,2026-06-13T20:24:00Z,-23.61459425,-46.500975,20.13,84,nublado
20260613_172405,573T-10,34400,2,55116,2026-06-13T20:23:23Z,-23.614441499999998,-46.500118,20.13,84,nublado
20260613_172405,573T-10,34400,2,55353,2026-06-13T20:23:24Z,-23.605494,-46.4873815,20.13,84,nublado
20260613_172405,573T-10,34400,2,55461,2026-06-13T20:23:45Z,-23.59636475,-46.4894275,20.13,84,nublado
20260613_172405,573T-10,34400,2,55500,2026-06-13T20:23:23Z,-23.614496,-46.500415000000004,20.13,84,nublado
20260613_172405,3736-10,1036,1,47238,2026-06-13T20:24:01Z,-23.5669305,-46.474574000000004,20.13,84,nublado
20260613_172405,3736-10,1036,1,47017,2026-06-13T20:23:34Z,-23.554415249999998,-46.484338,20.13,84,nublado
20260613_172405,3736-10,1036,1,47170,2026-06-13T20:24:03Z,-23.575533,-46.4834125,20.13,84,nublado
20260613_172405,7282-10,33239,2,82757,2026-06-13T20:23:35Z,-23.547900249999998,-46.759477499999996,20.13,84,nublado
20260613_172405,7282-10,33239,2,82733,2026-06-13T20:23:31Z,-23.5460535,-46.69134,20.13,84,nublado
20260613_172405,6120-10,1189,1,66929,2026-06-13T20:23:45Z,-23.7602595,-46.67738249999999,20.13,84,nublado
20260613_172405,6120-10,1189,1,66013,2026-06-13T20:23:23Z,-23.755136999999998,-46.678163,20.13,84,nublado
20260613_172405,1772-10,635,1,22113,2026-06-13T20:23:48Z,-23.4503675,-46.5887135,20.13,84,nublado
20260613_172405,6093-10,34353,2,66270,2026-06-13T20:23:41Z,-23.7745795,-46.721787000000006,20.13,84,nublado
20260613_172405,6093-10,34353,2,66290,2026-06-13T20:23:34Z,-23.8603065,-46.705445499999996,20.13,84,nublado
20260613_172405,6093-10,34353,2,66460,2026-06-13T20:23:25Z,-23.737187499999997,-46.6971815,20.13,84,nublado
20260613_172405,6093-10,34353,2,66163,2026-06-13T20:23:55Z,-23.754664499999997,-46.71232575,20.13,84,nublado
20260613_172405,6093-10,34353,2,66254,2026-06-13T20:23:21Z,-23.824503,-46.734706,20.13,84,nublado
20260613_172405,1732-10,33439,2,21702,2026-06-13T20:23:32Z,-23.5124815,-46.6532415,20.13,84,nublado
20260613_172405,1732-10,33439,2,21736,2026-06-13T20:23:24Z,-23.53562125,-46.64764325,20.13,84,nublado
20260613_172405,1732-10,33439,2,21757,2026-06-13T20:23:39Z,-23.481364,-46.597455249999996,20.13,84,nublado
20260613_172405,1732-10,33439,2,21714,2026-06-13T20:23:20Z,-23.4847325,-46.568622000000005,20.13,84,nublado
20260613_172405,6451-10,32829,2,71048,2026-06-13T20:24:01Z,-23.6493095,-46.7519875,20.13,84,nublado
20260613_172405,6451-10,32829,2,71745,2026-06-13T20:23:22Z,-23.580414250000004,-46.6812455,20.13,84,nublado
20260613_172405,6451-10,32829,2,71017,2026-06-13T20:23:43Z,-23.654660999999997,-46.7609705,20.13,84,nublado
20260613_172405,6451-10,32829,2,71427,2026-06-13T20:24:03Z,-23.64256425,-46.738202,20.13,84,nublado
20260613_172405,6451-10,32829,2,71370,2026-06-13T20:24:03Z,-23.6488675,-46.7535655,20.13,84,nublado
20260613_172405,6451-10,32829,2,71126,2026-06-13T20:23:50Z,-23.623425,-46.70894525,20.13,84,nublado
20260613_172405,9181-10,33653,2,16374,2026-06-13T20:23:55Z,-23.50225575,-46.686184499999996,20.13,84,nublado
20260613_172405,9181-10,33653,2,16269,2026-06-13T20:23:40Z,-23.4963495,-46.69267575,20.13,84,nublado
20260613_172405,9181-10,33653,2,16366,2026-06-13T20:23:42Z,-23.516514,-46.698413,20.13,84,nublado
20260613_172405,9181-10,33653,2,16043,2026-06-13T20:23:30Z,-23.470232000000003,-46.6838595,20.13,84,nublado
20260613_172405,9181-10,33653,2,16361,2026-06-13T20:23:50Z,-23.468547,-46.684222250000005,20.13,84,nublado
20260613_172405,9181-10,33653,2,16757,2026-06-13T20:23:47Z,-23.4780705,-46.685312,20.13,84,nublado
20260613_172405,9181-10,33653,2,16338,2026-06-13T20:23:23Z,-23.46938675,-46.688661875,20.13,84,nublado
20260613_172405,6L10-10,1159,1,66080,2026-06-13T20:23:50Z,-23.767440999999998,-46.716431,20.13,84,nublado
20260613_172405,6L10-10,1159,1,66165,2026-06-13T20:23:50Z,-23.767440999999998,-46.716431,20.13,84,nublado
20260613_172405,6L10-10,1159,1,66740,2026-06-13T20:23:32Z,-23.767440999999998,-46.716431,20.13,84,nublado
20260613_172405,6L10-10,1159,1,66315,2026-06-13T20:23:31Z,-23.767440999999998,-46.716431,20.13,84,nublado
20260613_172405,6L10-10,1159,1,66402,2026-06-13T20:23:38Z,-23.765712,-46.7171015,20.13,84,nublado
20260613_172405,3539-10,33516,2,48934,2026-06-13T20:23:27Z,-23.601313750000003,-46.399062,20.13,84,nublado
20260613_172405,3539-10,33516,2,48399,2026-06-13T20:23:27Z,-23.548945,-46.60593862499999,20.13,84,nublado
20260613_172405,3539-10,33516,2,48969,2026-06-13T20:23:21Z,-23.546485,-46.605644,20.13,84,nublado
20260613_172405,3539-10,33516,2,48402,2026-06-13T20:23:26Z,-23.581291,-46.4146645,20.13,84,nublado
20260613_172405,3539-10,33516,2,48211,2026-06-13T20:23:25Z,-23.535698,-46.493090249999995,20.13,84,nublado
20260613_172405,3539-10,33516,2,48707,2026-06-13T20:23:32Z,-23.533472,-46.54021675,20.13,84,nublado
20260613_172405,3539-10,33516,2,48917,2026-06-13T20:23:39Z,-23.535698,-46.493090249999995,20.13,84,nublado
20260613_172405,3539-10,33516,2,48148,2026-06-13T20:23:26Z,-23.54553525,-46.46165175,20.13,84,nublado
20260613_172405,3539-10,33516,2,48572,2026-06-13T20:23:57Z,-23.574755000000003,-46.456190500000005,20.13,84,nublado
20260613_172405,846M-10,33190,2,11978,2026-06-13T20:23:58Z,-23.566889500000002,-46.7014895,20.13,84,nublado
20260613_172405,846M-10,33190,2,11961,2026-06-13T20:23:22Z,-23.50283475,-46.760608500000004,20.13,84,nublado
20260613_172405,3796-10,33842,2,47395,2026-06-13T20:23:56Z,-23.58877925,-46.446368875,20.13,84,nublado
20260613_172405,3796-10,33842,2,47160,2026-06-13T20:23:29Z,-23.57481425,-46.45831025,20.13,84,nublado
20260613_172405,3796-10,33842,2,47138,2026-06-13T20:24:01Z,-23.58877925,-46.446368875,20.13,84,nublado
20260613_172405,3796-10,33842,2,47144,2026-06-13T20:23:28Z,-23.5429995,-46.470884999999996,20.13,84,nublado
20260613_172405,2704-10,916,1,36164,2026-06-13T20:23:28Z,-23.5317285,-46.453269,20.13,84,nublado
20260613_172405,2704-10,916,1,36257,2026-06-13T20:23:36Z,-23.532367,-46.45353425,20.13,84,nublado
20260613_172405,2704-10,916,1,36016,2026-06-13T20:23:24Z,-23.526659000000002,-46.409887999999995,20.13,84,nublado
20260613_172405,2704-10,916,1,36008,2026-06-13T20:23:52Z,-23.52114525,-46.418904,20.13,84,nublado
20260613_172405,2704-10,916,1,36685,2026-06-13T20:23:40Z,-23.526659000000002,-46.409887999999995,20.13,84,nublado
20260613_172405,2704-10,916,1,36279,2026-06-13T20:23:39Z,-23.526659000000002,-46.409887999999995,20.13,84,nublado
20260613_172405,4716-10,33874,2,55217,2026-06-13T20:23:28Z,-23.605396,-46.636989,20.13,84,nublado
20260613_172405,4716-10,33874,2,55045,2026-06-13T20:23:19Z,-23.60602325,-46.638798,20.13,84,nublado
20260613_172405,4716-10,33874,2,55488,2026-06-13T20:23:26Z,-23.598824999999998,-46.6391055,20.13,84,nublado
20260613_172405,5109-10,34619,2,52814,2026-06-13T20:23:43Z,-23.573944,-46.603705500000004,20.13,84,nublado
20260613_172405,5109-10,34619,2,52200,2026-06-13T20:24:42Z,-23.584821499999997,-46.5834725,20.13,84,nublado
20260613_172405,1178-10,32900,2,31146,2026-06-13T20:23:19Z,-23.504152499999996,-46.432775,20.13,84,nublado
20260613_172405,1178-10,32900,2,31159,2026-06-13T20:22:58Z,-23.5111265,-46.543341,20.13,84,nublado
20260613_172405,1178-10,32900,2,31189,2026-06-13T20:23:56Z,-23.504139000000002,-46.4331075,20.13,84,nublado
20260613_172405,1178-10,32900,2,31161,2026-06-13T20:23:44Z,-23.5238575,-46.558719499999995,20.13,84,nublado
20260613_172405,1178-10,32900,2,31945,2026-06-13T20:23:30Z,-23.4950325,-46.4371925,20.13,84,nublado
20260613_172405,1178-10,32900,2,31188,2026-06-13T20:23:26Z,-23.5041765,-46.433013,20.13,84,nublado
20260613_172405,1178-10,32900,2,31206,2026-06-13T20:23:21Z,-23.504223500000002,-46.4338665,20.13,84,nublado
20260613_172405,1178-10,32900,2,31294,2026-06-13T20:23:45Z,-23.504152499999996,-46.432775,20.13,84,nublado
20260613_172405,6030-10,1142,1,66503,2026-06-13T20:24:00Z,-23.6544735,-46.70749,20.13,84,nublado
20260613_172405,6030-10,1142,1,66908,2026-06-13T20:23:38Z,-23.7246185,-46.710646749999995,20.13,84,nublado
20260613_172405,6030-10,1142,1,66792,2026-06-13T20:23:55Z,-23.6914455,-46.698094499999996,20.13,84,nublado
20260613_172405,756A-10,33561,2,85595,2026-06-13T20:23:56Z,-23.5995135,-46.75403275,20.13,84,nublado
20260613_172405,756A-10,33561,2,85720,2026-06-13T20:23:54Z,-23.598115999999997,-46.7961385,20.13,84,nublado
20260613_172405,756A-10,33561,2,85600,2026-06-13T20:23:50Z,-23.602866,-46.791728250000006,20.13,84,nublado
20260613_172405,756A-10,33561,2,85768,2026-06-13T20:23:59Z,-23.59945225,-46.719085750000005,20.13,84,nublado
20260613_172405,3023-10,960,1,45584,2026-06-13T20:23:49Z,-23.5736935,-46.50531049999999,20.13,84,nublado
20260613_172405,3023-10,960,1,45601,2026-06-13T20:23:27Z,-23.60103025,-46.48385275,20.13,84,nublado
20260613_172405,3023-10,960,1,45352,2026-06-13T20:23:31Z,-23.619564250000003,-46.47935525,20.13,84,nublado
20260613_172405,3023-10,960,1,45388,2026-06-13T20:23:31Z,-23.63368825,-46.472753250000004,20.13,84,nublado
20260613_172405,1785-10,34584,2,26059,2026-06-13T20:23:51Z,-23.478056000000002,-46.6228885,20.13,84,nublado
20260613_172405,476G-41,33880,2,56333,2026-06-13T20:23:23Z,-23.581641249999997,-46.5953765,20.13,84,nublado
20260613_172405,476G-41,33880,2,56361,2026-06-13T20:23:47Z,-23.5851185,-46.62779225,20.13,84,nublado
20260613_172405,476G-41,33880,2,56339,2026-06-13T20:23:49Z,-23.5892975,-46.6342335,20.13,84,nublado
20260613_172405,476G-41,33880,2,56334,2026-06-13T20:23:29Z,-23.60993,-46.529356,20.13,84,nublado
20260613_172405,7002-10,772,1,86077,2026-06-13T20:23:47Z,-23.567515,-46.69430799999999,20.13,84,nublado
20260613_172405,7002-10,772,1,86169,2026-06-13T20:23:51Z,-23.594909,-46.761022499999996,20.13,84,nublado
20260613_172405,7002-10,772,1,86487,2026-06-13T20:23:49Z,-23.573733750000002,-46.7135885,20.13,84,nublado
20260613_172405,7002-10,772,1,86184,2026-06-13T20:23:45Z,-23.589796999999997,-46.7712085,20.13,84,nublado
20260613_172405,7002-10,772,1,86153,2026-06-13T20:23:43Z,-23.561224875,-46.683620125000004,20.13,84,nublado
20260613_172405,2290-10,33486,2,41580,2026-06-13T20:23:28Z,-23.612947,-46.476177500000006,20.13,84,nublado
20260613_172405,2290-10,33486,2,41505,2026-06-13T20:23:37Z,-23.557280499999997,-46.524401499999996,20.13,84,nublado
20260613_172405,2290-10,33486,2,41572,2026-06-13T20:23:22Z,-23.568366875000002,-46.50955725,20.13,84,nublado
20260613_172405,2290-10,33486,2,41552,2026-06-13T20:23:59Z,-23.53996825,-46.552042,20.13,84,nublado
20260613_172405,2290-10,33486,2,41544,2026-06-13T20:23:29Z,-23.5343485,-46.567611,20.13,84,nublado
20260613_172405,2290-10,33486,2,41504,2026-06-13T20:23:40Z,-23.6127315,-46.476122000000004,20.13,84,nublado
20260613_172405,2290-10,33486,2,41538,2026-06-13T20:23:26Z,-23.568113625000002,-46.509822875000005,20.13,84,nublado
20260613_172405,2290-10,33486,2,41567,2026-06-13T20:23:45Z,-23.540649000000002,-46.55063225000001,20.13,84,nublado
20260613_172405,2290-10,33486,2,41510,2026-06-13T20:23:19Z,-23.6132505,-46.476259999999996,20.13,84,nublado
20260613_172405,2290-10,33486,2,41565,2026-06-13T20:23:28Z,-23.6132505,-46.476259999999996,20.13,84,nublado
20260613_172405,6500-10,32814,2,71054,2026-06-13T20:23:23Z,-23.654262,-46.713696,20.13,84,nublado
20260613_172405,6500-10,32814,2,71046,2026-06-13T20:23:42Z,-23.551130999999998,-46.645861999999994,20.13,84,nublado
20260613_172405,6500-10,32814,2,71032,2026-06-13T20:23:29Z,-23.6541295,-46.712835999999996,20.13,84,nublado
20260613_172405,6500-10,32814,2,71041,2026-06-13T20:23:41Z,-23.58769125,-46.67168025,20.13,84,nublado
20260613_172405,6500-10,32814,2,71020,2026-06-13T20:23:29Z,-23.5496475,-46.6398245,20.13,84,nublado
20260613_172405,6500-10,32814,2,71167,2026-06-13T20:23:44Z,-23.654181,-46.7130645,20.13,84,nublado
20260613_172405,6500-10,32814,2,71021,2026-06-13T20:23:50Z,-23.654181,-46.7130645,20.13,84,nublado
20260613_172405,6500-10,32814,2,71653,2026-06-13T20:23:26Z,-23.6431665,-46.700297250000006,20.13,84,nublado
20260613_172405,8060-10,418,1,10596,2026-06-13T20:23:38Z,-23.529196499999998,-46.738872,20.13,84,nublado
20260613_172405,8060-10,418,1,10593,2026-06-13T20:23:40Z,-23.519486,-46.700917000000004,20.13,84,nublado
20260613_172405,6080-10,33936,2,66202,2026-06-13T20:23:29Z,-23.734803499999998,-46.6959605,20.13,84,nublado
20260613_172405,6080-10,33936,2,66002,2026-06-13T20:23:34Z,-23.753905500000002,-46.680769,20.13,84,nublado
20260613_172405,6080-10,33936,2,66682,2026-06-13T20:23:26Z,-23.760257,-46.677628999999996,20.13,84,nublado
20260613_172405,6080-10,33936,2,66572,2026-06-13T20:23:58Z,-23.75634825,-46.6685655,20.13,84,nublado
20260613_172405,6080-10,33936,2,66181,2026-06-13T20:23:45Z,-23.67778875,-46.683263,20.13,84,nublado
20260613_172405,GUIN-10,35776,2,7302,2026-06-13T20:23:38Z,-23.7142915,-46.7779025,20.13,84,nublado
20260613_172405,4310-10,2160,1,31166,2026-06-13T20:23:29Z,-23.5470265,-46.626450500000004,20.13,84,nublado
20260613_172405,4310-10,2160,1,31183,2026-06-13T20:23:49Z,-23.534623,-46.4529845,20.13,84,nublado
20260613_172405,4310-10,2160,1,31213,2026-06-13T20:23:32Z,-23.530194,-46.518055000000004,20.13,84,nublado
20260613_172405,4310-10,2160,1,31207,2026-06-13T20:23:44Z,-23.5276195,-46.509358500000005,20.13,84,nublado
20260613_172405,4310-10,2160,1,31168,2026-06-13T20:23:44Z,-23.5346725,-46.453050000000005,20.13,84,nublado
20260613_172405,4310-10,2160,1,31155,2026-06-13T20:23:34Z,-23.535216,-46.4541105,20.13,84,nublado
20260613_172405,4310-10,2160,1,31171,2026-06-13T20:23:22Z,-23.5513675,-46.624814,20.13,84,nublado
20260613_172405,4310-10,2160,1,31203,2026-06-13T20:23:36Z,-23.5525885,-46.61154175,20.13,84,nublado
20260613_172405,4310-10,2160,1,31180,2026-06-13T20:23:35Z,-23.544658000000002,-46.594963750000005,20.13,84,nublado
20260613_172405,908T-10,34884,2,31999,2026-06-13T20:23:43Z,-23.55012275,-46.63123525,20.13,84,nublado
20260613_172405,908T-10,34884,2,31996,2026-06-13T20:23:35Z,-23.585728500000002,-46.688661,20.13,84,nublado
20260613_172405,908T-10,34884,2,31997,2026-06-13T20:23:53Z,-23.5512599375,-46.650140750000006,20.13,84,nublado
20260613_172405,407K-10,34936,2,31754,2026-06-13T20:23:37Z,-23.60364525,-46.4816365,20.13,84,nublado
20260613_172405,407K-10,34936,2,31613,2026-06-13T20:23:45Z,-23.55714775,-46.51602325,20.13,84,nublado
20260613_172405,1744-10,544,1,22583,2026-06-13T20:23:53Z,-23.475215,-46.638718,20.13,84,nublado
20260613_172405,1744-10,544,1,22577,2026-06-13T20:23:38Z,-23.485553,-46.640913,20.13,84,nublado
20260613_172405,1702-10,33614,2,25305,2026-06-13T20:23:56Z,-23.52387975,-46.62526075,20.13,84,nublado
20260613_172405,1702-10,33614,2,25014,2026-06-13T20:23:29Z,-23.4925905,-46.609087,20.13,84,nublado
20260613_172405,1702-10,33614,2,25205,2026-06-13T20:23:32Z,-23.448265,-46.5741155,20.13,84,nublado
20260613_172405,1702-10,33614,2,25635,2026-06-13T20:24:01Z,-23.486873,-46.606316,20.13,84,nublado
20260613_172405,1702-10,33614,2,25633,2026-06-13T20:23:41Z,-23.458181500000002,-46.585585,20.13,84,nublado
20260613_172405,1702-10,33614,2,25100,2026-06-13T20:23:46Z,-23.44890425,-46.5738635,20.13,84,nublado
20260613_172405,1702-10,33614,2,25220,2026-06-13T20:23:28Z,-23.504591625000003,-46.624686374999996,20.13,84,nublado
20260613_172405,1702-10,33614,2,25201,2026-06-13T20:24:02Z,-23.4797555,-46.599616499999996,20.13,84,nublado
20260613_172405,1702-10,33614,2,25001,2026-06-13T20:24:02Z,-23.502211000000003,-46.6245825,20.13,84,nublado
20260613_172405,1702-10,33614,2,25634,2026-06-13T20:23:37Z,-23.526230499999997,-46.6253325,20.13,84,nublado
20260613_172405,1702-10,33614,2,25007,2026-06-13T20:23:21Z,-23.4645325,-46.583278,20.13,84,nublado
20260613_172405,1702-10,33614,2,25225,2026-06-13T20:23:22Z,-23.480722999999998,-46.600623999999996,20.13,84,nublado
20260613_172405,3053-10,973,1,45483,2026-06-13T20:23:56Z,-23.591578,-46.499326749999994,20.13,84,nublado
20260613_172405,3053-10,973,1,45464,2026-06-13T20:23:48Z,-23.54591425,-46.58486375,20.13,84,nublado
20260613_172405,3053-10,973,1,45064,2026-06-13T20:23:56Z,-23.569198,-46.553253,20.13,84,nublado
20260613_172405,3053-10,973,1,45591,2026-06-13T20:23:39Z,-23.572747875,-46.547923125000004,20.13,84,nublado
20260613_172405,5194-21,2095,1,63646,2026-06-13T20:23:23Z,-23.7121575,-46.6525505,20.13,84,nublado
20260613_172405,5194-21,2095,1,63347,2026-06-13T20:23:20Z,-23.7131135,-46.65267,20.13,84,nublado
20260613_172405,3141-10,734,1,52787,2026-06-13T20:23:45Z,-23.61235,-46.482607,20.13,84,nublado
20260613_172405,3141-10,734,1,52794,2026-06-13T20:23:35Z,-23.587276000000003,-46.532540749999995,20.13,84,nublado
20260613_172405,3141-10,734,1,52722,2026-06-13T20:23:48Z,-23.552611,-46.6156445,20.13,84,nublado
20260613_172405,3141-10,734,1,52740,2026-06-13T20:23:28Z,-23.573277499999996,-46.5671405,20.13,84,nublado
20260613_172405,2161-10,694,1,21376,2026-06-13T20:23:44Z,-23.532499,-46.602765125000005,20.13,84,nublado
20260613_172405,2161-10,694,1,21366,2026-06-13T20:23:44Z,-23.48334725,-46.584164,20.13,84,nublado
20260613_172405,2716-10,33697,2,45059,2026-06-13T20:23:29Z,-23.508803,-46.5315055,20.13,84,nublado
20260613_172405,2716-10,33697,2,45066,2026-06-13T20:23:28Z,-23.5252325,-46.543465,20.13,84,nublado
20260613_172405,2716-10,33697,2,45266,2026-06-13T20:23:43Z,-23.508369000000002,-46.5314175,20.13,84,nublado
20260613_172405,2202-10,910,1,36223,2026-06-13T20:23:52Z,-23.511663499999997,-46.401204,20.13,84,nublado
20260613_172405,2202-10,910,1,36089,2026-06-13T20:23:45Z,-23.4934865,-46.389315499999995,20.13,84,nublado
20260613_172405,2202-10,910,1,36032,2026-06-13T20:23:31Z,-23.488787000000002,-46.3826505,20.13,84,nublado
20260613_172405,2202-10,910,1,36342,2026-06-13T20:23:18Z,-23.5361735,-46.4032565,20.13,84,nublado
20260613_172405,2202-10,910,1,36669,2026-06-13T20:23:48Z,-23.488201,-46.382996500000004,20.13,84,nublado
20260613_172405,2202-10,910,1,36600,2026-06-13T20:23:31Z,-23.4943755,-46.4039005,20.13,84,nublado
20260613_172405,2202-10,910,1,36564,2026-06-13T20:23:48Z,-23.494270999999998,-46.4020745,20.13,84,nublado
20260613_172405,2202-10,910,1,36347,2026-06-13T20:23:44Z,-23.498634875,-46.405861375,20.13,84,nublado
20260613_172405,2202-10,910,1,36199,2026-06-13T20:23:52Z,-23.537285,-46.405343,20.13,84,nublado
20260613_172405,2202-10,910,1,36345,2026-06-13T20:23:57Z,-23.512003,-46.401807500000004,20.13,84,nublado
20260613_172405,2202-10,910,1,36697,2026-06-13T20:23:56Z,-23.488201,-46.382996500000004,20.13,84,nublado
20260613_172405,2202-10,910,1,36134,2026-06-13T20:23:37Z,-23.488201,-46.382996500000004,20.13,84,nublado
20260613_172405,2202-10,910,1,36349,2026-06-13T20:23:45Z,-23.535989999999998,-46.402924999999996,20.13,84,nublado
20260613_172405,2202-10,910,1,36344,2026-06-13T20:23:40Z,-23.534992,-46.401114500000006,20.13,84,nublado
20260613_172405,5144-10,34395,2,52109,2026-06-13T20:24:02Z,-23.539066,-46.6117835,20.13,84,nublado
20260613_172405,5144-10,34395,2,52924,2026-06-13T20:23:48Z,-23.558037,-46.578609,20.13,84,nublado
20260613_172405,5144-10,34395,2,52932,2026-06-13T20:23:54Z,-23.59850425,-46.52051,20.13,84,nublado
20260613_172405,5144-10,34395,2,52032,2026-06-13T20:23:20Z,-23.613924,-46.5010425,20.13,84,nublado
20260613_172405,5144-10,34395,2,52923,2026-06-13T20:23:23Z,-23.6148035,-46.5002005,20.13,84,nublado
20260613_172405,5144-10,34395,2,52138,2026-06-13T20:23:45Z,-23.579301,-46.54119575,20.13,84,nublado
20260613_172405,2712-10,926,1,45610,2026-06-13T20:23:27Z,-23.5407195,-46.482772499999996,20.13,84,nublado
20260613_172405,2712-10,926,1,45191,2026-06-13T20:23:33Z,-23.525102,-46.4809705,20.13,84,nublado
20260613_172405,4002-10,34945,2,31773,2026-06-13T20:24:02Z,-23.556179,-46.3974275,20.13,84,nublado
20260613_172405,4002-10,34945,2,31484,2026-06-13T20:23:31Z,-23.58338,-46.49205,20.13,84,nublado
20260613_172405,4002-10,34945,2,31668,2026-06-13T20:23:53Z,-23.5626435,-46.515698,20.13,84,nublado
20260613_172405,4002-10,34945,2,31616,2026-06-13T20:23:25Z,-23.5584245,-46.522448499999996,20.13,84,nublado
20260613_172405,4002-10,34945,2,31774,2026-06-13T20:24:04Z,-23.559947,-46.4038685,20.13,84,nublado
20260613_172405,8705-10,2072,1,81212,2026-06-13T20:24:01Z,-23.562209875,-46.74675675,20.13,84,nublado
20260613_172405,8705-10,2072,1,81085,2026-06-13T20:24:01Z,-23.5478925,-46.6425115,20.13,84,nublado
20260613_172405,8705-10,2072,1,81906,2026-06-13T20:23:32Z,-23.571058999999998,-46.709340874999995,20.13,84,nublado
20260613_172405,8705-10,2072,1,81932,2026-06-13T20:23:48Z,-23.553493000000003,-46.66007975,20.13,84,nublado
20260613_172405,8705-10,2072,1,81205,2026-06-13T20:23:30Z,-23.547683499999998,-46.6411495,20.13,84,nublado
20260613_172405,8012-10,34791,2,82638,2026-06-13T20:23:44Z,-23.571058999999998,-46.709340874999995,20.13,84,nublado
20260613_172405,8012-10,34791,2,82630,2026-06-13T20:23:59Z,-23.55835075,-46.7365775,20.13,84,nublado
20260613_172405,7016-10,34886,2,73433,2026-06-13T20:23:22Z,-23.690860999999998,-46.7610195,20.13,84,nublado
20260613_172405,7016-10,34886,2,73432,2026-06-13T20:23:27Z,-23.686013,-46.7375345,20.13,84,nublado
20260613_172405,7016-10,34886,2,73431,2026-06-13T20:21:01Z,-23.6873035,-46.7716925,20.13,84,nublado
20260613_172405,7016-10,34886,2,73448,2026-06-13T20:23:31Z,-23.6675375,-46.730432,20.13,84,nublado
20260613_172405,273J-10,33157,2,32148,2026-06-13T20:23:50Z,-23.484288999999997,-46.422322,20.13,84,nublado
20260613_172405,273J-10,33157,2,32946,2026-06-13T20:23:39Z,-23.533114,-46.5432805,20.13,84,nublado
20260613_172405,273J-10,33157,2,32252,2026-06-13T20:23:42Z,-23.5082095,-46.45935325,20.13,84,nublado
20260613_172405,273J-10,33157,2,32903,2026-06-13T20:23:49Z,-23.514846,-46.4874095,20.13,84,nublado
20260613_172405,273J-10,33157,2,32901,2026-06-13T20:23:24Z,-23.478807,-46.3844435,20.13,84,nublado
20260613_172405,172R-10,33627,2,26147,2026-06-13T20:23:44Z,-23.465638499999997,-46.583501999999996,20.13,84,nublado
20260613_172405,172R-10,33627,2,26291,2026-06-13T20:24:00Z,-23.516525625,-46.588184625,20.13,84,nublado
20260613_172405,172R-10,33627,2,26276,2026-06-13T20:23:31Z,-23.476217249999998,-46.574277499999994,20.13,84,nublado
20260613_172405,172R-10,33627,2,26140,2026-06-13T20:23:49Z,-23.465626,-46.58315225,20.13,84,nublado
20260613_172405,172R-10,33627,2,26338,2026-06-13T20:23:54Z,-23.5403155,-46.5944925,20.13,84,nublado
20260613_172405,172R-10,33627,2,26247,2026-06-13T20:23:29Z,-23.465826,-46.583746000000005,20.13,84,nublado
20260613_172405,172R-10,33627,2,26119,2026-06-13T20:23:30Z,-23.500918249999998,-46.572669250000004,20.13,84,nublado
20260613_172405,5011-10,1115,1,68301,2026-06-13T20:23:48Z,-23.6941315,-46.65683375,20.13,84,nublado
20260613_172405,5011-10,1115,1,68185,2026-06-13T20:23:53Z,-23.694178,-46.6774815,20.13,84,nublado
20260613_172405,5011-10,1115,1,68361,2026-06-13T20:23:29Z,-23.705444,-46.6426975,20.13,84,nublado
20260613_172405,5011-10,1115,1,68701,2026-06-13T20:23:26Z,-23.68291775,-46.6816995,20.13,84,nublado
20260613_172405,312N-10,33758,2,48155,2026-06-13T20:23:56Z,-23.5379315,-46.406484500000005,20.13,84,nublado
20260613_172405,312N-10,33758,2,48636,2026-06-13T20:23:47Z,-23.5406795,-46.4086805,20.13,84,nublado
20260613_172405,312N-10,33758,2,48277,2026-06-13T20:23:36Z,-23.491016,-46.441969,20.13,84,nublado
20260613_172405,312N-10,33758,2,48825,2026-06-13T20:24:03Z,-23.491375499999997,-46.443605500000004,20.13,84,nublado
20260613_172405,312N-10,33758,2,48346,2026-06-13T20:23:59Z,-23.50992025,-46.41191325,20.13,84,nublado
20260613_172405,312N-10,33758,2,48729,2026-06-13T20:23:37Z,-23.494612,-46.4263205,20.13,84,nublado
20260613_172405,312N-10,33758,2,48012,2026-06-13T20:23:42Z,-23.5592395,-46.403409499999995,20.13,84,nublado
20260613_172405,312N-10,33758,2,48895,2026-06-13T20:23:31Z,-23.491016,-46.441969,20.13,84,nublado
20260613_172405,312N-10,33758,2,48836,2026-06-13T20:24:02Z,-23.537285,-46.405343,20.13,84,nublado
20260613_172405,312N-10,33758,2,48888,2026-06-13T20:23:34Z,-23.543808499999997,-46.410647,20.13,84,nublado
20260613_172405,312N-10,33758,2,48786,2026-06-13T20:23:23Z,-23.559451,-46.404410625000004,20.13,84,nublado
20260613_172405,8199-10,33575,2,16024,2026-06-13T20:23:29Z,-23.4884955,-46.729997499999996,20.13,84,nublado
20260613_172405,8199-10,33575,2,16458,2026-06-13T20:23:50Z,-23.496118,-46.6977355,20.13,84,nublado
20260613_172405,8199-10,33575,2,16235,2026-06-13T20:23:33Z,-23.470457,-46.751476499999995,20.13,84,nublado
20260613_172405,8199-10,33575,2,16100,2026-06-13T20:23:19Z,-23.470457,-46.751476499999995,20.13,84,nublado
20260613_172405,8199-10,33575,2,16774,2026-06-13T20:24:03Z,-23.492621,-46.6962925,20.13,84,nublado
20260613_172405,8199-10,33575,2,16006,2026-06-13T20:23:43Z,-23.470457,-46.751476499999995,20.13,84,nublado
20260613_172405,8199-10,33575,2,16122,2026-06-13T20:24:01Z,-23.4843325,-46.688049,20.13,84,nublado
20260613_172405,938C-10,33354,2,11816,2026-06-13T20:23:54Z,-23.507418,-46.710060999999996,20.13,84,nublado
20260613_172405,938C-10,33354,2,11815,2026-06-13T20:23:38Z,-23.44336525,-46.713192250000006,20.13,84,nublado
20260613_172405,8017-10,1261,1,16556,2026-06-13T20:23:26Z,-23.44041625,-46.72290875,20.13,84,nublado
20260613_172405,8017-10,1261,1,16163,2026-06-13T20:24:02Z,-23.439645,-46.7454495,20.13,84,nublado
20260613_172405,695H-10,1196,1,61445,2026-06-13T20:24:02Z,-23.706224875000004,-46.700448625,20.13,84,nublado
20260613_172405,695H-10,1196,1,61406,2026-06-13T20:24:03Z,-23.766184,-46.7173635,20.13,84,nublado
20260613_172405,695H-10,1196,1,61410,2026-06-13T20:23:45Z,-23.654359,-46.7068095,20.13,84,nublado
20260613_172405,695H-10,1196,1,61301,2026-06-13T20:24:01Z,-23.671755,-46.687641875,20.13,84,nublado
20260613_172405,307C-10,2114,1,32905,2026-06-13T20:23:42Z,-23.51739375,-46.38870250000001,20.13,84,nublado
20260613_172405,307C-10,2114,1,32681,2026-06-13T20:23:39Z,-23.498739999999998,-46.4654545,20.13,84,nublado
20260613_172405,374M-10,34733,2,32269,2026-06-13T20:23:29Z,-23.503518,-46.498983,20.13,84,nublado
20260613_172405,374M-10,34733,2,32078,2026-06-13T20:23:58Z,-23.485804625,-46.500084375,20.13,84,nublado
20260613_172405,4310-10,34928,2,31292,2026-06-13T20:23:58Z,-23.5388755,-46.568101,20.13,84,nublado
20260613_172405,4310-10,34928,2,31194,2026-06-13T20:23:42Z,-23.531703,-46.5218645,20.13,84,nublado
20260613_172405,4310-10,34928,2,31193,2026-06-13T20:23:56Z,-23.553014500000003,-46.615337499999995,20.13,84,nublado
20260613_172405,4310-10,34928,2,31122,2026-06-13T20:23:35Z,-23.537321249999998,-46.559848625,20.13,84,nublado
20260613_172405,4310-10,34928,2,31208,2026-06-13T20:23:27Z,-23.5356065,-46.4940285,20.13,84,nublado
20260613_172405,4310-10,34928,2,31127,2026-06-13T20:24:03Z,-23.534565999999998,-46.4530625,20.13,84,nublado
20260613_172405,4310-10,34928,2,31149,2026-06-13T20:23:49Z,-23.53758,-46.4867515,20.13,84,nublado
20260613_172405,4310-10,34928,2,31115,2026-06-13T20:23:50Z,-23.5401165,-46.460646,20.13,84,nublado
20260613_172405,4310-10,34928,2,31145,2026-06-13T20:23:20Z,-23.534565999999998,-46.4530625,20.13,84,nublado
20260613_172405,3025-10,33729,2,47203,2026-06-13T20:23:39Z,-23.570024500000002,-46.3983505,20.13,84,nublado
20260613_172405,3025-10,33729,2,47831,2026-06-13T20:23:41Z,-23.578325749999998,-46.39276525,20.13,84,nublado
20260613_172405,3025-10,33729,2,47313,2026-06-13T20:23:58Z,-23.543065499999997,-46.41547,20.13,84,nublado
20260613_172405,3025-10,33729,2,47191,2026-06-13T20:23:46Z,-23.555748,-46.412403499999996,20.13,84,nublado
20260613_172405,3025-10,33729,2,47103,2026-06-13T20:24:01Z,-23.566094999999997,-46.409256125,20.13,84,nublado
20260613_172405,669A-10,32772,2,75501,2026-06-13T20:24:01Z,-23.61628925,-46.680431,20.13,84,nublado
20260613_172405,669A-10,32772,2,75423,2026-06-13T20:23:54Z,-23.53610075,-46.6460565,20.13,84,nublado
20260613_172405,669A-10,32772,2,75507,2026-06-13T20:23:43Z,-23.65023975,-46.706578750000006,20.13,84,nublado
20260613_172405,669A-10,32772,2,75603,2026-06-13T20:23:48Z,-23.553131125,-46.65982025,20.13,84,nublado
20260613_172405,669A-10,32772,2,75421,2026-06-13T20:23:58Z,-23.578313,-46.66045149999999,20.13,84,nublado
20260613_172405,3766-10,33823,2,47773,2026-06-13T20:23:27Z,-23.5324585,-46.4411255,20.13,84,nublado
20260613_172405,3766-10,33823,2,47852,2026-06-13T20:23:33Z,-23.5429995,-46.470884999999996,20.13,84,nublado
20260613_172405,3766-10,33823,2,47188,2026-06-13T20:23:58Z,-23.553821499999998,-46.428109,20.13,84,nublado
20260613_172405,3766-10,33823,2,47764,2026-06-13T20:23:46Z,-23.553821499999998,-46.428109,20.13,84,nublado
20260613_172405,3766-10,33823,2,47674,2026-06-13T20:23:31Z,-23.550971500000003,-46.436522,20.13,84,nublado
20260613_172405,3766-10,33823,2,47762,2026-06-13T20:23:29Z,-23.542434,-46.471034,20.13,84,nublado
20260613_172405,4729-10,33876,2,55451,2026-06-13T20:23:42Z,-23.546346749999998,-46.5877525,20.13,84,nublado
20260613_172405,4729-10,33876,2,55236,2026-06-13T20:23:21Z,-23.578012,-46.551641625,20.13,84,nublado
20260613_172405,4729-10,33876,2,55505,2026-06-13T20:23:40Z,-23.5894625,-46.532139,20.13,84,nublado
20260613_172405,1017-10,34909,2,15257,2026-06-13T20:23:46Z,-23.413556,-46.7508775,20.13,84,nublado
20260613_172405,1017-10,34909,2,15152,2026-06-13T20:23:38Z,-23.46575,-46.714683,20.13,84,nublado
20260613_172405,1017-10,34909,2,15172,2026-06-13T20:24:03Z,-23.412242375,-46.752471875,20.13,84,nublado
20260613_172405,1017-10,34909,2,15180,2026-06-13T20:23:38Z,-23.4620435,-46.714518999999996,20.13,84,nublado
20260613_172405,1017-10,34909,2,15213,2026-06-13T20:23:23Z,-23.4776485,-46.714215,20.13,84,nublado
20260613_172405,1017-10,34909,2,15210,2026-06-13T20:23:32Z,-23.4114815,-46.733695499999996,20.13,84,nublado
20260613_172405,1017-10,34909,2,15045,2026-06-13T20:23:45Z,-23.44138575,-46.71691275,20.13,84,nublado
20260613_172405,1017-10,34909,2,15205,2026-06-13T20:23:54Z,-23.46603,-46.714689,20.13,84,nublado
20260613_172405,5791-21,2463,1,64440,2026-06-13T20:23:58Z,-23.668948,-46.634429,20.13,84,nublado
20260613_172405,5791-21,2463,1,64436,2026-06-13T20:24:03Z,-23.657965500000003,-46.6358235,20.13,84,nublado
20260613_172405,5791-21,2463,1,64270,2026-06-13T20:23:49Z,-23.6972655,-46.633448,20.13,84,nublado
20260613_172405,5791-21,2463,1,64435,2026-06-13T20:23:29Z,-23.700986999999998,-46.62768,20.13,84,nublado
20260613_172405,5185-10,1308,1,75420,2026-06-13T20:23:37Z,-23.6527015,-46.679465,20.13,84,nublado
20260613_172405,5185-10,1308,1,75441,2026-06-13T20:23:59Z,-23.588272,-46.652007749999996,20.13,84,nublado
20260613_172405,5185-10,1308,1,75438,2026-06-13T20:23:46Z,-23.56853625,-46.649782,20.13,84,nublado
20260613_172405,5185-10,1308,1,75433,2026-06-13T20:23:50Z,-23.667369,-46.728165,20.13,84,nublado
20260613_172405,6031-10,92,1,66136,2026-06-13T20:23:33Z,-23.754978,-46.709182999999996,20.13,84,nublado
20260613_172405,6031-10,92,1,66242,2026-06-13T20:23:41Z,-23.737982,-46.697884,20.13,84,nublado
20260613_172405,6031-10,92,1,66805,2026-06-13T20:23:43Z,-23.750614499999998,-46.698135,20.13,84,nublado
20260613_172405,6031-10,92,1,66306,2026-06-13T20:23:48Z,-23.7379535,-46.697821,20.13,84,nublado
20260613_172405,6031-10,92,1,66102,2026-06-13T20:23:36Z,-23.7379375,-46.697804500000004,20.13,84,nublado
20260613_172405,2723-10,33705,2,45778,2026-06-13T20:24:01Z,-23.4873525,-46.463664,20.13,84,nublado
20260613_172405,2723-10,33705,2,45564,2026-06-13T20:23:21Z,-23.487481000000002,-46.463549,20.13,84,nublado
20260613_172405,2723-10,33705,2,45009,2026-06-13T20:23:57Z,-23.524555,-46.4451035,20.13,84,nublado
20260613_172405,2723-10,33705,2,45067,2026-06-13T20:23:28Z,-23.4873525,-46.463664,20.13,84,nublado
20260613_172405,2723-10,33705,2,45646,2026-06-13T20:23:33Z,-23.52581875,-46.4457,20.13,84,nublado
20260613_172405,745M-10,782,1,85859,2026-06-13T20:23:56Z,-23.662832,-46.7809595,20.13,84,nublado
20260613_172405,745M-10,782,1,85854,2026-06-13T20:23:35Z,-23.631616,-46.7657575,20.13,84,nublado
20260613_172405,745M-10,782,1,85860,2026-06-13T20:23:37Z,-23.682125624999998,-46.69107475,20.13,84,nublado
20260613_172405,745M-10,782,1,85814,2026-06-13T20:23:54Z,-23.660350625,-46.765821875,20.13,84,nublado
20260613_172405,745M-10,782,1,85861,2026-06-13T20:24:01Z,-23.67405275,-46.700849,20.13,84,nublado
20260613_172405,745M-10,782,1,85592,2026-06-13T20:23:34Z,-23.673821,-46.7849995,20.13,84,nublado
20260613_172405,745M-10,782,1,85587,2026-06-13T20:23:55Z,-23.655071,-46.776670499999994,20.13,84,nublado
20260613_172405,745M-10,782,1,85867,2026-06-13T20:23:30Z,-23.670043,-46.76292225,20.13,84,nublado
20260613_172405,745M-10,782,1,85583,2026-06-13T20:23:51Z,-23.6371005,-46.779114500000006,20.13,84,nublado
20260613_172405,745M-10,782,1,85805,2026-06-13T20:24:00Z,-23.670386999999998,-46.7386205,20.13,84,nublado
20260613_172405,342M-10,33515,2,41550,2026-06-13T20:23:31Z,-23.55198775,-46.529923249999996,20.13,84,nublado
20260613_172405,342M-10,33515,2,41543,2026-06-13T20:23:19Z,-23.5186855,-46.5468855,20.13,84,nublado
20260613_172405,342M-10,33515,2,41824,2026-06-13T20:24:04Z,-23.531905000000002,-46.56037025,20.13,84,nublado
20260613_172405,342M-10,33515,2,41834,2026-06-13T20:23:35Z,-23.564242999999998,-46.5138835,20.13,84,nublado
20260613_172405,342M-10,33515,2,41599,2026-06-13T20:23:41Z,-23.56466275,-46.513441,20.13,84,nublado
20260613_172405,342M-10,33515,2,41788,2026-06-13T20:23:49Z,-23.568596624999998,-46.50931175000001,20.13,84,nublado
20260613_172405,342M-10,33515,2,41577,2026-06-13T20:23:45Z,-23.570583,-46.507211625,20.13,84,nublado
20260613_172405,342M-10,33515,2,41796,2026-06-13T20:23:29Z,-23.613857,-46.476304,20.13,84,nublado
20260613_172405,342M-10,33515,2,41588,2026-06-13T20:23:22Z,-23.5186855,-46.5468855,20.13,84,nublado
20260613_172405,342M-10,33515,2,41831,2026-06-13T20:23:48Z,-23.613857,-46.476304,20.13,84,nublado
20260613_172405,342M-10,33515,2,41792,2026-06-13T20:23:28Z,-23.558374,-46.522113000000004,20.13,84,nublado
20260613_172405,342M-10,33515,2,41775,2026-06-13T20:23:57Z,-23.55215925,-46.52953775,20.13,84,nublado
20260613_172405,342M-10,33515,2,41825,2026-06-13T20:23:55Z,-23.5186855,-46.5468855,20.13,84,nublado
20260613_172405,342M-10,33515,2,41806,2026-06-13T20:23:39Z,-23.613857,-46.476304,20.13,84,nublado
20260613_172405,342M-10,33515,2,41914,2026-06-13T20:23:32Z,-23.600742500000003,-46.4840935,20.13,84,nublado
20260613_172405,342M-10,33515,2,41783,2026-06-13T20:23:27Z,-23.545313,-46.544859,20.13,84,nublado
20260613_172405,342M-10,33515,2,41511,2026-06-13T20:23:33Z,-23.568113625000002,-46.509822875000005,20.13,84,nublado
20260613_172405,342M-10,33515,2,41586,2026-06-13T20:23:58Z,-23.51863,-46.546787,20.13,84,nublado
20260613_172405,342M-10,33515,2,41832,2026-06-13T20:23:54Z,-23.5186855,-46.5468855,20.13,84,nublado
20260613_172405,8050-31,415,1,11964,2026-06-13T20:23:44Z,-23.5149435,-46.716274,20.13,84,nublado
20260613_172405,1744-10,33312,2,22661,2026-06-13T20:23:19Z,-23.480025,-46.638144,20.13,84,nublado
20260613_172405,1744-10,33312,2,22584,2026-06-13T20:23:50Z,-23.47214175,-46.642127375,20.13,84,nublado
20260613_172405,1744-10,33312,2,22578,2026-06-13T20:24:00Z,-23.472376,-46.64149449999999,20.13,84,nublado
20260613_172405,6072-10,34356,2,66720,2026-06-13T20:23:27Z,-23.823988999999997,-46.707633,20.13,84,nublado
20260613_172405,6072-10,34356,2,66475,2026-06-13T20:23:47Z,-23.8274015,-46.69739250000001,20.13,84,nublado
20260613_172405,6072-10,34356,2,66149,2026-06-13T20:23:34Z,-23.771615,-46.719333000000006,20.13,84,nublado
20260613_172405,6072-10,34356,2,66098,2026-06-13T20:23:54Z,-23.8274015,-46.69739250000001,20.13,84,nublado
20260613_172405,6072-10,34356,2,66868,2026-06-13T20:24:00Z,-23.8274015,-46.69739250000001,20.13,84,nublado
20260613_172405,6072-10,34356,2,66568,2026-06-13T20:23:33Z,-23.8274015,-46.69739250000001,20.13,84,nublado
20260613_172405,6072-10,34356,2,66943,2026-06-13T20:23:38Z,-23.8274015,-46.69739250000001,20.13,84,nublado
20260613_172405,6072-10,34356,2,66703,2026-06-13T20:24:01Z,-23.7964135,-46.710376499999995,20.13,84,nublado
20260613_172405,6072-10,34356,2,66697,2026-06-13T20:23:35Z,-23.8274015,-46.69739250000001,20.13,84,nublado
20260613_172405,5103-10,34414,2,52795,2026-06-13T20:23:56Z,-23.60325325,-46.61382150000001,20.13,84,nublado
20260613_172405,5103-10,34414,2,52807,2026-06-13T20:23:39Z,-23.5972135,-46.6382095,20.13,84,nublado
20260613_172405,607C-10,34745,2,63535,2026-06-13T20:23:47Z,-23.666238375,-46.656311875,20.13,84,nublado
20260613_172405,607C-10,34745,2,63506,2026-06-13T20:23:55Z,-23.64849625,-46.670482250000006,20.13,84,nublado
20260613_172405,607C-10,34745,2,63532,2026-06-13T20:23:47Z,-23.6893455,-46.635084,20.13,84,nublado
20260613_172405,607C-10,34745,2,63522,2026-06-13T20:23:32Z,-23.59844475,-46.69125975,20.13,84,nublado
20260613_172405,607C-10,34745,2,63528,2026-06-13T20:23:32Z,-23.6257445,-46.691917000000004,20.13,84,nublado
20260613_172405,607C-10,34745,2,63527,2026-06-13T20:23:39Z,-23.6893455,-46.635084,20.13,84,nublado
20260613_172405,2290-10,718,1,41541,2026-06-13T20:23:28Z,-23.6130195,-46.476082,20.13,84,nublado
20260613_172405,2290-10,718,1,41503,2026-06-13T20:23:38Z,-23.54209775,-46.61522575,20.13,84,nublado
20260613_172405,2290-10,718,1,41519,2026-06-13T20:24:04Z,-23.535095,-46.5766945,20.13,84,nublado
20260613_172405,2290-10,718,1,41514,2026-06-13T20:23:30Z,-23.571912500000003,-46.50616325,20.13,84,nublado
20260613_172405,2290-10,718,1,41553,2026-06-13T20:23:26Z,-23.53902,-46.554071375,20.13,84,nublado
20260613_172405,2290-10,718,1,41598,2026-06-13T20:23:28Z,-23.55190175,-46.63262025,20.13,84,nublado
20260613_172405,2290-10,718,1,41529,2026-06-13T20:23:55Z,-23.5455355,-46.544327499999994,20.13,84,nublado
20260613_172405,2290-10,718,1,41533,2026-06-13T20:23:56Z,-23.601889,-46.483127499999995,20.13,84,nublado
20260613_172405,2290-10,718,1,41562,2026-06-13T20:23:34Z,-23.5397245,-46.6367075,20.13,84,nublado
20260613_172405,2290-10,718,1,41584,2026-06-13T20:23:56Z,-23.594231,-46.4881775,20.13,84,nublado
20260613_172405,2290-10,718,1,41515,2026-06-13T20:23:34Z,-23.552137000000002,-46.634062,20.13,84,nublado
20260613_172405,2290-10,718,1,41119,2026-06-13T20:23:38Z,-23.558903,-46.521129,20.13,84,nublado
20260613_172405,2290-10,718,1,41528,2026-06-13T20:24:04Z,-23.551139999999997,-46.632251499999995,20.13,84,nublado
20260613_172405,2290-10,718,1,41564,2026-06-13T20:23:26Z,-23.5461345,-46.630341,20.13,84,nublado
20260613_172405,2290-10,718,1,41531,2026-06-13T20:23:54Z,-23.535055749999998,-46.57767750000001,20.13,84,nublado
20260613_172405,2290-10,718,1,41560,2026-06-13T20:23:42Z,-23.546167,-46.542931,20.13,84,nublado
20260613_172405,2290-10,718,1,41109,2026-06-13T20:23:59Z,-23.571054500000002,-46.5067155,20.13,84,nublado
20260613_172405,2290-10,718,1,41512,2026-06-13T20:23:28Z,-23.5354965,-46.5703025,20.13,84,nublado
20260613_172405,2290-10,718,1,41555,2026-06-13T20:23:19Z,-23.544228,-46.62309875,20.13,84,nublado
20260613_172405,2290-10,718,1,41545,2026-06-13T20:24:03Z,-23.54192725,-46.61494925,20.13,84,nublado
20260613_172405,2290-10,718,1,41554,2026-06-13T20:23:27Z,-23.54209775,-46.61522575,20.13,84,nublado
20260613_172405,775N-10,474,1,80037,2026-06-13T20:23:51Z,-23.57859225,-46.76662225,20.13,84,nublado
20260613_172405,775N-10,474,1,80064,2026-06-13T20:23:44Z,-23.570239,-46.7581055,20.13,84,nublado
20260613_172405,775N-10,474,1,80184,2026-06-13T20:23:42Z,-23.541020500000002,-46.697062,20.13,84,nublado
20260613_172405,5759-31,33907,2,68014,2026-06-13T20:23:30Z,-23.675266999999998,-46.65380375,20.13,84,nublado
20260613_172405,5759-31,33907,2,68780,2026-06-13T20:23:21Z,-23.6948495,-46.64830975,20.13,84,nublado
20260613_172405,5759-31,33907,2,68432,2026-06-13T20:23:54Z,-23.687087,-46.639623,20.13,84,nublado
20260613_172405,5759-31,33907,2,68827,2026-06-13T20:24:01Z,-23.68153625,-46.65308,20.13,84,nublado
20260613_172405,106A-10,516,1,21120,2026-06-13T20:23:48Z,-23.5510215,-46.645524249999994,20.13,84,nublado
20260613_172405,106A-10,516,1,21139,2026-06-13T20:24:04Z,-23.577026,-46.672112999999996,20.13,84,nublado
20260613_172405,106A-10,516,1,21132,2026-06-13T20:23:56Z,-23.589979,-46.688332,20.13,84,nublado
20260613_172405,106A-10,516,1,21110,2026-06-13T20:23:31Z,-23.5181865,-46.6300865,20.13,84,nublado
20260613_172405,106A-10,516,1,21101,2026-06-13T20:23:40Z,-23.59105675,-46.688731499999996,20.13,84,nublado
20260613_172405,106A-10,516,1,21130,2026-06-13T20:23:48Z,-23.58963425,-46.688204,20.13,84,nublado
20260613_172405,106A-10,516,1,21118,2026-06-13T20:23:57Z,-23.555481999999998,-46.649518,20.13,84,nublado
20260613_172405,106A-10,516,1,21133,2026-06-13T20:23:39Z,-23.5889955,-46.6819615,20.13,84,nublado
20260613_172405,106A-10,516,1,21117,2026-06-13T20:24:01Z,-23.527998,-46.6315865,20.13,84,nublado
20260613_172405,106A-10,516,1,21115,2026-06-13T20:23:57Z,-23.589979,-46.688332,20.13,84,nublado
20260613_172405,106A-10,516,1,21121,2026-06-13T20:23:59Z,-23.502099,-46.62419250000001,20.13,84,nublado
20260613_172405,5175-10,33361,2,63784,2026-06-13T20:23:59Z,-23.62172475,-46.661924,20.13,84,nublado
20260613_172405,5175-10,33361,2,63594,2026-06-13T20:23:37Z,-23.5505945,-46.635301,20.13,84,nublado
20260613_172405,5175-10,33361,2,63641,2026-06-13T20:23:19Z,-23.5505945,-46.635301,20.13,84,nublado
20260613_172405,5175-10,33361,2,63672,2026-06-13T20:23:38Z,-23.5505945,-46.635301,20.13,84,nublado
20260613_172405,5175-10,33361,2,63667,2026-06-13T20:23:32Z,-23.68346525,-46.64500700000001,20.13,84,nublado
20260613_172405,5175-10,33361,2,63216,2026-06-13T20:23:36Z,-23.675185,-46.66126,20.13,84,nublado
20260613_172405,5175-10,33361,2,63628,2026-06-13T20:23:54Z,-23.68493,-46.637550000000005,20.13,84,nublado
20260613_172405,5175-10,33361,2,63352,2026-06-13T20:23:20Z,-23.5505945,-46.635301,20.13,84,nublado
20260613_172405,5175-10,33361,2,63629,2026-06-13T20:23:40Z,-23.702581000000002,-46.6501255,20.13,84,nublado
20260613_172405,5175-10,33361,2,63244,2026-06-13T20:23:35Z,-23.68391825,-46.637806499999996,20.13,84,nublado
20260613_172405,5175-10,33361,2,63670,2026-06-13T20:23:31Z,-23.579482499999997,-46.660695000000004,20.13,84,nublado
20260613_172405,5175-10,33361,2,63659,2026-06-13T20:21:54Z,-23.6841255,-46.645134,20.13,84,nublado
20260613_172405,5175-10,33361,2,63343,2026-06-13T20:23:50Z,-23.6679075,-46.6735405,20.13,84,nublado
20260613_172405,5175-10,33361,2,63772,2026-06-13T20:23:59Z,-23.5505945,-46.635301,20.13,84,nublado
20260613_172405,5175-10,33361,2,63668,2026-06-13T20:23:49Z,-23.67482,-46.661744,20.13,84,nublado
20260613_172405,5175-10,33361,2,63666,2026-06-13T20:23:25Z,-23.5505945,-46.635301,20.13,84,nublado
20260613_172405,5175-10,33361,2,63355,2026-06-13T20:23:29Z,-23.5505945,-46.635301,20.13,84,nublado
20260613_172405,5175-10,33361,2,63634,2026-06-13T20:23:43Z,-23.6060065,-46.65189375,20.13,84,nublado
20260613_172405,5175-10,33361,2,63176,2026-06-13T20:23:42Z,-23.5505945,-46.635301,20.13,84,nublado
20260613_172405,2702-10,914,1,36160,2026-06-13T20:23:51Z,-23.49346225,-46.442254500000004,20.13,84,nublado
20260613_172405,2702-10,914,1,36165,2026-06-13T20:23:44Z,-23.4961715,-46.443406,20.13,84,nublado
20260613_172405,2702-10,914,1,36529,2026-06-13T20:23:54Z,-23.49975825,-46.4688665,20.13,84,nublado
20260613_172405,2702-10,914,1,36200,2026-06-13T20:23:46Z,-23.495477,-46.4449435,20.13,84,nublado
20260613_172405,2702-10,914,1,36063,2026-06-13T20:23:32Z,-23.521121,-46.4756413125,20.13,84,nublado
20260613_172405,4027-41,2309,1,3117,2026-06-13T20:23:44Z,-23.626233499999998,-46.4461525,20.13,84,nublado
20260613_172405,4027-41,2309,1,55291,2026-06-13T20:23:24Z,-23.626843,-46.445674000000004,20.13,84,nublado
20260613_172405,745M-10,33550,2,85812,2026-06-13T20:23:48Z,-23.673548750000002,-46.74587975,20.13,84,nublado
20260613_172405,745M-10,33550,2,85564,2026-06-13T20:23:54Z,-23.63553725,-46.776439499999995,20.13,84,nublado
20260613_172405,745M-10,33550,2,85567,2026-06-13T20:23:29Z,-23.630817,-46.767892,20.13,84,nublado
20260613_172405,745M-10,33550,2,85836,2026-06-13T20:23:32Z,-23.667081,-46.725983,20.13,84,nublado
20260613_172405,745M-10,33550,2,85829,2026-06-13T20:23:29Z,-23.6651185,-46.7064865,20.13,84,nublado
20260613_172405,745M-10,33550,2,85575,2026-06-13T20:23:59Z,-23.637824000000002,-46.7796755,20.13,84,nublado
20260613_172405,745M-10,33550,2,85608,2026-06-13T20:23:30Z,-23.630699,-46.768204,20.13,84,nublado
20260613_172405,745M-10,33550,2,85606,2026-06-13T20:23:38Z,-23.66910075,-46.775980875,20.13,84,nublado
20260613_172405,745M-10,33550,2,85815,2026-06-13T20:23:58Z,-23.629922,-46.770032,20.13,84,nublado
20260613_172405,745M-10,33550,2,85838,2026-06-13T20:23:26Z,-23.675231,-46.7487625,20.13,84,nublado
20260613_172405,745M-10,33550,2,85823,2026-06-13T20:24:02Z,-23.6824585,-46.6907875,20.13,84,nublado
20260613_172405,745M-10,33550,2,85856,2026-06-13T20:23:32Z,-23.675815749999998,-46.75264575,20.13,84,nublado
20260613_172405,745M-10,33550,2,85724,2026-06-13T20:23:21Z,-23.6607035,-46.7779355,20.13,84,nublado
20260613_172405,745M-10,33550,2,85799,2026-06-13T20:23:55Z,-23.6614595,-46.768571,20.13,84,nublado
20260613_172405,1017-10,2141,1,15212,2026-06-13T20:23:56Z,-23.404643999999998,-46.747640000000004,20.13,84,nublado
20260613_172405,1017-10,2141,1,15238,2026-06-13T20:23:52Z,-23.43372475,-46.7198195,20.13,84,nublado
20260613_172405,1017-10,2141,1,15216,2026-06-13T20:24:04Z,-23.447507,-46.7170655,20.13,84,nublado
20260613_172405,1017-10,2141,1,15174,2026-06-13T20:23:58Z,-23.413612999999998,-46.7500975,20.13,84,nublado
20260613_172405,1017-10,2141,1,15182,2026-06-13T20:23:38Z,-23.463894875,-46.7139205,20.13,84,nublado
20260613_172405,1017-10,2141,1,15022,2026-06-13T20:23:58Z,-23.46345525,-46.7139275,20.13,84,nublado
20260613_172405,1017-10,2141,1,15178,2026-06-13T20:23:26Z,-23.43088675,-46.72066375,20.13,84,nublado
20260613_172405,1017-10,2141,1,15252,2026-06-13T20:23:48Z,-23.463980624999998,-46.7142175,20.13,84,nublado
20260613_172405,4051-10,2144,1,36042,2026-06-13T20:23:24Z,-23.55744825,-46.39982725,20.13,84,nublado
20260613_172405,4051-10,2144,1,36090,2026-06-13T20:23:36Z,-23.561616,-46.401831,20.13,84,nublado
20260613_172405,4051-10,2144,1,36513,2026-06-13T20:24:00Z,-23.5469235,-46.4089805,20.13,84,nublado
20260613_172405,6837-10,6,1,85880,2026-06-13T20:23:23Z,-23.643896,-46.763655,20.13,84,nublado
20260613_172405,6837-10,6,1,85690,2026-06-13T20:23:41Z,-23.6186315,-46.74853875,20.13,84,nublado
20260613_172405,274P-10,232,1,31721,2026-06-13T20:23:49Z,-23.538661,-46.6044205,20.13,84,nublado
20260613_172405,6450-10,59,1,71693,2026-06-13T20:23:28Z,-23.63470675,-46.693451875,20.13,84,nublado
20260613_172405,6450-10,59,1,71731,2026-06-13T20:24:01Z,-23.57027475,-46.66202125,20.13,84,nublado
20260613_172405,6450-10,59,1,71246,2026-06-13T20:23:41Z,-23.594291875,-46.67289825,20.13,84,nublado
20260613_172405,6450-10,59,1,71239,2026-06-13T20:23:56Z,-23.578016750000003,-46.671012000000005,20.13,84,nublado
20260613_172405,6450-10,59,1,71160,2026-06-13T20:23:55Z,-23.60456625,-46.675004,20.13,84,nublado
20260613_172405,8009-31,1260,1,10219,2026-06-13T20:23:33Z,-23.4867785,-46.7267415,20.13,84,nublado
20260613_172405,8009-31,1260,1,10653,2026-06-13T20:23:45Z,-23.45642675,-46.7480095,20.13,84,nublado
20260613_172405,175P-10,33443,2,21780,2026-06-13T20:23:33Z,-23.534442875,-46.66569725,20.13,84,nublado
20260613_172405,175P-10,33443,2,21643,2026-06-13T20:23:43Z,-23.500270625,-46.628062,20.13,84,nublado
20260613_172405,175P-10,33443,2,21789,2026-06-13T20:23:35Z,-23.538185875,-46.668538625,20.13,84,nublado
20260613_172405,175P-10,33443,2,21802,2026-06-13T20:24:03Z,-23.5752575,-46.6414405,20.13,84,nublado
20260613_172405,175P-10,33443,2,21812,2026-06-13T20:23:54Z,-23.5711375,-46.644360125000006,20.13,84,nublado
20260613_172405,175P-10,33443,2,21618,2026-06-13T20:23:28Z,-23.501071500000002,-46.624572,20.13,84,nublado
20260613_172405,175P-10,33443,2,21778,2026-06-13T20:23:57Z,-23.504507875,-46.655957875,20.13,84,nublado
20260613_172405,175P-10,33443,2,21597,2026-06-13T20:23:30Z,-23.53528825,-46.6663375,20.13,84,nublado
20260613_172405,637G-10,32869,2,61299,2026-06-13T20:23:49Z,-23.7126865,-46.698653,20.13,84,nublado
20260613_172405,637G-10,32869,2,61280,2026-06-13T20:24:00Z,-23.753905500000002,-46.680769,20.13,84,nublado
20260613_172405,637G-10,32869,2,61455,2026-06-13T20:23:45Z,-23.753905500000002,-46.680769,20.13,84,nublado
20260613_172405,637G-10,32869,2,61423,2026-06-13T20:23:27Z,-23.577909625,-46.686604,20.13,84,nublado
20260613_172405,637G-10,32869,2,61430,2026-06-13T20:23:52Z,-23.7543765,-46.6802115,20.13,84,nublado
20260613_172405,637G-10,32869,2,61238,2026-06-13T20:23:55Z,-23.753905500000002,-46.680769,20.13,84,nublado
20260613_172405,637G-10,32869,2,61420,2026-06-13T20:23:21Z,-23.753667,-46.6810455,20.13,84,nublado
20260613_172405,637G-10,32869,2,61428,2026-06-13T20:23:34Z,-23.596951,-46.6738295,20.13,84,nublado
20260613_172405,209P-10,34984,2,21650,2026-06-13T20:23:27Z,-23.5485585,-46.67691,20.13,84,nublado
20260613_172405,209P-10,34984,2,21644,2026-06-13T20:23:20Z,-23.494066,-46.684774,20.13,84,nublado
20260613_172405,209P-10,34984,2,21626,2026-06-13T20:23:25Z,-23.518386999999997,-46.677789,20.13,84,nublado
20260613_172405,209P-10,34984,2,21636,2026-06-13T20:23:23Z,-23.4904195,-46.684912,20.13,84,nublado
20260613_172405,209P-10,34984,2,21634,2026-06-13T20:24:01Z,-23.547795750000002,-46.67682375,20.13,84,nublado
20260613_172405,1780-10,33637,2,26278,2026-06-13T20:23:44Z,-23.486839,-46.6084245,20.13,84,nublado
20260613_172405,1780-10,33637,2,26387,2026-06-13T20:23:37Z,-23.451144499999998,-46.5805215,20.13,84,nublado
20260613_172405,1780-10,33637,2,26015,2026-06-13T20:23:20Z,-23.4521675,-46.58175,20.13,84,nublado
20260613_172405,1780-10,33637,2,26028,2026-06-13T20:23:55Z,-23.472251,-46.59786,20.13,84,nublado
20260613_172405,172U-10,33628,2,25175,2026-06-13T20:23:47Z,-23.438844,-46.586895,20.13,84,nublado
20260613_172405,172U-10,33628,2,25631,2026-06-13T20:24:00Z,-23.436823500000003,-46.566249,20.13,84,nublado
20260613_172405,172U-10,33628,2,25167,2026-06-13T20:23:36Z,-23.45634175,-46.592554,20.13,84,nublado
20260613_172405,172U-10,33628,2,25630,2026-06-13T20:23:52Z,-23.436823500000003,-46.566249,20.13,84,nublado
20260613_172405,172U-10,33628,2,25154,2026-06-13T20:23:28Z,-23.484091749999997,-46.614554,20.13,84,nublado
20260613_172405,172U-10,33628,2,25192,2026-06-13T20:23:27Z,-23.4370585,-46.5662595,20.13,84,nublado
20260613_172405,172U-10,33628,2,25637,2026-06-13T20:23:27Z,-23.5670565,-46.587355,20.13,84,nublado
20260613_172405,172U-10,33628,2,25170,2026-06-13T20:23:23Z,-23.529039249999997,-46.625427,20.13,84,nublado
20260613_172405,172U-10,33628,2,25130,2026-06-13T20:23:58Z,-23.501340499999998,-46.624582000000004,20.13,84,nublado
20260613_172405,6960-10,1443,1,61642,2026-06-13T20:23:22Z,-23.7250795,-46.699516,20.13,84,nublado
20260613_172405,6960-10,1443,1,61766,2026-06-13T20:23:40Z,-23.766952500000002,-46.7161155,20.13,84,nublado
20260613_172405,6960-10,1443,1,61804,2026-06-13T20:23:52Z,-23.766952500000002,-46.7161155,20.13,84,nublado
20260613_172405,6960-10,1443,1,61329,2026-06-13T20:23:28Z,-23.766952500000002,-46.7161155,20.13,84,nublado
20260613_172405,6960-10,1443,1,61310,2026-06-13T20:23:42Z,-23.7409565,-46.7050265,20.13,84,nublado
20260613_172405,6960-10,1443,1,61782,2026-06-13T20:23:52Z,-23.68891775,-46.714563,20.13,84,nublado
20260613_172405,307C-10,34882,2,32134,2026-06-13T20:23:30Z,-23.51828025,-46.3879975,20.13,84,nublado
20260613_172405,307C-10,34882,2,32683,2026-06-13T20:23:32Z,-23.5037935,-46.379870499999996,20.13,84,nublado
20260613_172405,307C-10,34882,2,32688,2026-06-13T20:23:33Z,-23.495135,-46.4351205,20.13,84,nublado
20260613_172405,307C-10,34882,2,32299,2026-06-13T20:23:34Z,-23.519428875000003,-46.475841124999995,20.13,84,nublado
20260613_172405,307C-10,34882,2,32685,2026-06-13T20:23:20Z,-23.494880000000002,-46.405544,20.13,84,nublado
20260613_172405,2710-10,924,1,45375,2026-06-13T20:23:48Z,-23.529988,-46.5012995,20.13,84,nublado
20260613_172405,2710-10,924,1,45139,2026-06-13T20:23:31Z,-23.527462,-46.50118975,20.13,84,nublado
20260613_172405,2710-10,924,1,45012,2026-06-13T20:24:02Z,-23.518847875,-46.48040949999999,20.13,84,nublado
20260613_172405,2710-10,924,1,45015,2026-06-13T20:23:22Z,-23.518072500000002,-46.481714,20.13,84,nublado
20260613_172405,1036-10,35221,2,16298,2026-06-13T20:23:28Z,-23.465073500000003,-46.714439999999996,20.13,84,nublado
20260613_172405,1036-10,35221,2,16313,2026-06-13T20:23:32Z,-23.4768605,-46.714798,20.13,84,nublado
20260613_172405,1036-10,35221,2,16335,2026-06-13T20:23:27Z,-23.4541575,-46.711888,20.13,84,nublado
20260613_172405,1036-10,35221,2,16095,2026-06-13T20:24:04Z,-23.462367,-46.714346500000005,20.13,84,nublado
20260613_172405,1036-10,35221,2,16014,2026-06-13T20:23:25Z,-23.4863525,-46.711042,20.13,84,nublado
20260613_172405,1036-10,35221,2,16351,2026-06-13T20:23:49Z,-23.465460999999998,-46.7146105,20.13,84,nublado
20260613_172405,1036-10,35221,2,16221,2026-06-13T20:23:58Z,-23.452081,-46.712553625,20.13,84,nublado
20260613_172405,574C-10,1639,1,56373,2026-06-13T20:23:27Z,-23.596139,-46.556452,20.13,84,nublado
20260613_172405,574C-10,1639,1,56367,2026-06-13T20:24:02Z,-23.5890695,-46.553793999999996,20.13,84,nublado
20260613_172405,574C-10,1639,1,56267,2026-06-13T20:23:25Z,-23.600002500000002,-46.513338,20.13,84,nublado
20260613_172405,574C-10,1639,1,56286,2026-06-13T20:23:40Z,-23.611714499999998,-46.4734285,20.13,84,nublado
20260613_172405,978T-10,889,1,16514,2026-06-13T20:23:45Z,-23.461067,-46.689564000000004,20.13,84,nublado
20260613_172405,978T-10,889,1,16044,2026-06-13T20:23:39Z,-23.485870249999998,-46.69217975,20.13,84,nublado
20260613_172405,978T-10,889,1,16634,2026-06-13T20:23:36Z,-23.523921375,-46.693295625,20.13,84,nublado
20260613_172405,978T-10,889,1,16380,2026-06-13T20:23:36Z,-23.4608575,-46.687422,20.13,84,nublado
20260613_172405,978T-10,889,1,16715,2026-06-13T20:23:20Z,-23.52375225,-46.702573625,20.13,84,nublado
20260613_172405,513L-10,1655,1,51145,2026-06-13T20:23:44Z,-23.602926,-46.6020545,20.13,84,nublado
20260613_172405,513L-10,1655,1,51052,2026-06-13T20:23:44Z,-23.554721,-46.599942999999996,20.13,84,nublado
20260613_172405,513L-10,1655,1,51098,2026-06-13T20:23:44Z,-23.603496999999997,-46.602769,20.13,84,nublado
20260613_172405,514T-10,1671,1,55458,2026-06-13T20:23:50Z,-23.59660325,-46.516042,20.13,84,nublado
20260613_172405,514T-10,1671,1,55466,2026-06-13T20:23:18Z,-23.581604499999997,-46.597325,20.13,84,nublado
20260613_172405,514T-10,1671,1,55170,2026-06-13T20:23:48Z,-23.58299375,-46.571173,20.13,84,nublado
20260613_172405,514T-10,1671,1,55459,2026-06-13T20:23:27Z,-23.584799,-46.522501,20.13,84,nublado
20260613_172405,514T-10,1671,1,55419,2026-06-13T20:23:34Z,-23.587241000000002,-46.533421249999996,20.13,84,nublado
20260613_172405,756A-10,793,1,85579,2026-06-13T20:23:22Z,-23.613653999999997,-46.695603,20.13,84,nublado
20260613_172405,756A-10,793,1,85581,2026-06-13T20:23:44Z,-23.609505499999997,-46.712976499999996,20.13,84,nublado
20260613_172405,756A-10,793,1,85770,2026-06-13T20:23:24Z,-23.5906205,-46.7370885,20.13,84,nublado
20260613_172405,756A-10,793,1,85576,2026-06-13T20:23:52Z,-23.5896355,-46.768925499999995,20.13,84,nublado
20260613_172405,756A-10,793,1,85566,2026-06-13T20:23:23Z,-23.591047,-46.79761,20.13,84,nublado
20260613_172405,7903-10,33280,2,81140,2026-06-13T20:23:27Z,-23.5477705,-46.641587,20.13,84,nublado
20260613_172405,7903-10,33280,2,81200,2026-06-13T20:23:59Z,-23.5841225,-46.7835795,20.13,84,nublado
20260613_172405,7903-10,33280,2,81398,2026-06-13T20:23:59Z,-23.5606205,-46.6723525,20.13,84,nublado
20260613_172405,7903-10,33280,2,81244,2026-06-13T20:23:55Z,-23.572768500000002,-46.70728475,20.13,84,nublado
20260613_172405,6840-10,201,1,73606,2026-06-13T20:23:26Z,-23.66952,-46.773173,20.13,84,nublado
20260613_172405,6840-10,201,1,73610,2026-06-13T20:23:45Z,-23.7377905,-46.795631,20.13,84,nublado
20260613_172405,6840-10,201,1,73617,2026-06-13T20:24:02Z,-23.6862755,-46.770596999999995,20.13,84,nublado
20260613_172405,6840-10,201,1,73933,2026-06-13T20:23:46Z,-23.7284505,-46.790535500000004,20.13,84,nublado
20260613_172405,6840-10,201,1,73636,2026-06-13T20:23:25Z,-23.697073500000002,-46.779371999999995,20.13,84,nublado
20260613_172405,6840-10,201,1,73600,2026-06-13T20:23:29Z,-23.6553155,-46.763464,20.13,84,nublado
20260613_172405,3006-10,34633,2,36288,2026-06-13T20:23:26Z,-23.5476935,-46.390091,20.13,84,nublado
20260613_172405,3006-10,34633,2,36272,2026-06-13T20:23:51Z,-23.547792,-46.390069,20.13,84,nublado
20260613_172405,3006-10,34633,2,36129,2026-06-13T20:23:59Z,-23.542038,-46.4155205,20.13,84,nublado
20260613_172405,3006-10,34633,2,36103,2026-06-13T20:23:54Z,-23.547792,-46.390069,20.13,84,nublado
20260613_172405,3006-10,34633,2,36091,2026-06-13T20:24:00Z,-23.542018,-46.415611,20.13,84,nublado
20260613_172405,637A-22,34370,2,73829,2026-06-13T20:23:42Z,-23.687833,-46.7721405,20.13,84,nublado
20260613_172405,637A-22,34370,2,73950,2026-06-13T20:23:40Z,-23.688845375,-46.77301675,20.13,84,nublado
20260613_172405,6338-10,34061,2,63728,2026-06-13T20:23:36Z,-23.585917000000002,-46.6549985,20.13,84,nublado
20260613_172405,6338-10,34061,2,63735,2026-06-13T20:23:59Z,-23.646105499999997,-46.6450805,20.13,84,nublado
20260613_172405,6338-10,34061,2,63715,2026-06-13T20:23:34Z,-23.678911499999998,-46.640659,20.13,84,nublado
20260613_172405,6338-10,34061,2,63742,2026-06-13T20:17:01Z,-23.626936999999998,-46.641985500000004,20.13,84,nublado
20260613_172405,8012-10,2023,1,82504,2026-06-13T20:23:56Z,-23.568593,-46.7321375,20.13,84,nublado
20260613_172405,3737-10,33805,2,45552,2026-06-13T20:23:57Z,-23.5390545,-46.5153125,20.13,84,nublado
20260613_172405,3737-10,33805,2,45578,2026-06-13T20:23:58Z,-23.553303375,-46.500434375,20.13,84,nublado
20260613_172405,3737-10,33805,2,45460,2026-06-13T20:23:31Z,-23.534159000000002,-46.5194,20.13,84,nublado
20260613_172405,364A-10,1246,1,55387,2026-06-13T20:23:55Z,-23.595801,-46.5253445,20.13,84,nublado
20260613_172405,364A-10,1246,1,55456,2026-06-13T20:23:48Z,-23.5928745,-46.5022035,20.13,84,nublado
20260613_172405,364A-10,1246,1,55127,2026-06-13T20:23:35Z,-23.584459000000003,-46.584635250000005,20.13,84,nublado
20260613_172405,364A-10,1246,1,55218,2026-06-13T20:23:58Z,-23.60225475,-46.50354575,20.13,84,nublado
20260613_172405,577T-10,1291,1,63658,2026-06-13T20:24:00Z,-23.601486249999997,-46.63897312499999,20.13,84,nublado
20260613_172405,577T-10,1291,1,63471,2026-06-13T20:24:02Z,-23.604216,-46.636689000000004,20.13,84,nublado
20260613_172405,577T-10,1291,1,63600,2026-06-13T20:24:03Z,-23.666735250000002,-46.6549045,20.13,84,nublado
20260613_172405,577T-10,1291,1,63269,2026-06-13T20:23:21Z,-23.67275825,-46.64420225,20.13,84,nublado
20260613_172405,253F-10,32926,2,31350,2026-06-13T20:23:53Z,-23.591327,-46.443751,20.13,84,nublado
20260613_172405,253F-10,32926,2,31358,2026-06-13T20:23:40Z,-23.613302,-46.4764105,20.13,84,nublado
20260613_172405,253F-10,32926,2,31730,2026-06-13T20:23:45Z,-23.613302,-46.4764105,20.13,84,nublado
20260613_172405,253F-10,32926,2,31332,2026-06-13T20:23:34Z,-23.613302,-46.4764105,20.13,84,nublado
20260613_172405,253F-10,32926,2,31334,2026-06-13T20:23:23Z,-23.520291999999998,-46.46094025000001,20.13,84,nublado
20260613_172405,253F-10,32926,2,31649,2026-06-13T20:23:33Z,-23.613302,-46.4764105,20.13,84,nublado
20260613_172405,253F-10,32926,2,31333,2026-06-13T20:23:47Z,-23.572494750000004,-46.45242675,20.13,84,nublado
20260613_172405,253F-10,32926,2,31388,2026-06-13T20:23:56Z,-23.613302,-46.4764105,20.13,84,nublado
20260613_172405,407L-10,34967,2,48293,2026-06-13T20:23:59Z,-23.5876545,-46.39578525,20.13,84,nublado
20260613_172405,407L-10,34967,2,48631,2026-06-13T20:23:54Z,-23.52783025,-46.500335750000005,20.13,84,nublado
20260613_172405,407L-10,34967,2,48393,2026-06-13T20:23:38Z,-23.564962,-46.415743,20.13,84,nublado
20260613_172405,407L-10,34967,2,48043,2026-06-13T20:23:47Z,-23.590822000000003,-46.3946785,20.13,84,nublado
20260613_172405,407L-10,34967,2,48754,2026-06-13T20:24:01Z,-23.580149,-46.399117000000004,20.13,84,nublado
20260613_172405,407L-10,34967,2,48379,2026-06-13T20:23:33Z,-23.5347465,-46.428923999999995,20.13,84,nublado
20260613_172405,407L-10,34967,2,48627,2026-06-13T20:23:59Z,-23.54081625,-46.45086875,20.13,84,nublado
20260613_172405,407L-10,34967,2,48434,2026-06-13T20:23:54Z,-23.5344555,-46.489416,20.13,84,nublado
20260613_172405,407L-10,34967,2,48626,2026-06-13T20:23:31Z,-23.5350545,-46.4565055,20.13,84,nublado
20260613_172405,407L-10,34967,2,48278,2026-06-13T20:23:49Z,-23.536123500000002,-46.467902499999994,20.13,84,nublado
20260613_172405,407L-10,34967,2,48628,2026-06-13T20:24:03Z,-23.589228,-46.3944705,20.13,84,nublado
20260613_172405,407L-10,34967,2,48457,2026-06-13T20:23:28Z,-23.5923245,-46.395624,20.13,84,nublado
20260613_172405,2721-10,33702,2,45289,2026-06-13T20:24:01Z,-23.494115999999998,-46.420691375000004,20.13,84,nublado
20260613_172405,2721-10,33702,2,45250,2026-06-13T20:23:33Z,-23.52613225,-46.445848,20.13,84,nublado
20260613_172405,2721-10,33702,2,45135,2026-06-13T20:23:42Z,-23.519941375000002,-46.4093905,20.13,84,nublado
20260613_172405,2721-10,33702,2,45143,2026-06-13T20:23:43Z,-23.53420275,-46.45427425,20.13,84,nublado
20260613_172405,2721-10,33702,2,45373,2026-06-13T20:23:48Z,-23.517889,-46.443854,20.13,84,nublado
20260613_172405,2721-10,33702,2,45065,2026-06-13T20:24:02Z,-23.5401165,-46.460646,20.13,84,nublado
20260613_172405,2721-10,33702,2,45326,2026-06-13T20:23:50Z,-23.519942,-46.399910000000006,20.13,84,nublado
20260613_172405,7017-10,35270,2,78465,2026-06-13T20:23:40Z,-23.673950499999997,-46.746697499999996,20.13,84,nublado
20260613_172405,7017-10,35270,2,78846,2026-06-13T20:23:24Z,-23.693227,-46.790786999999995,20.13,84,nublado
20260613_172405,7017-10,35270,2,78547,2026-06-13T20:23:43Z,-23.6759635,-46.774329,20.13,84,nublado
20260613_172405,7017-10,35270,2,78842,2026-06-13T20:23:32Z,-23.670758499999998,-46.739941,20.13,84,nublado
20260613_172405,7017-10,35270,2,78809,2026-06-13T20:23:23Z,-23.67582825,-46.75190225,20.13,84,nublado
20260613_172405,1758-10,33320,2,22693,2026-06-13T20:23:57Z,-23.464923499999998,-46.6332465,20.13,84,nublado
20260613_172405,1758-10,33320,2,22692,2026-06-13T20:23:39Z,-23.497030000000002,-46.6274525,20.13,84,nublado
20260613_172405,1758-10,33320,2,22687,2026-06-13T20:23:26Z,-23.4838075,-46.6310405,20.13,84,nublado
20260613_172405,1758-10,33320,2,22694,2026-06-13T20:23:26Z,-23.454044,-46.661868999999996,20.13,84,nublado
20260613_172405,1758-10,33320,2,22686,2026-06-13T20:23:28Z,-23.454095,-46.662026499999996,20.13,84,nublado
20260613_172405,546A-10,1131,1,68467,2026-06-13T20:23:57Z,-23.688361999999998,-46.680305000000004,20.13,84,nublado
20260613_172405,546A-10,1131,1,68372,2026-06-13T20:23:39Z,-23.679492250000003,-46.684490249999996,20.13,84,nublado
20260613_172405,546A-10,1131,1,68466,2026-06-13T20:23:27Z,-23.699632,-46.6484125,20.13,84,nublado
20260613_172405,546A-10,1131,1,68553,2026-06-13T20:23:44Z,-23.65479725,-46.70264225,20.13,84,nublado
20260613_172405,509M-10,1277,1,63103,2026-06-13T20:23:42Z,-23.6795715,-46.636117,20.13,84,nublado
20260613_172405,509M-10,1277,1,63090,2026-06-13T20:23:56Z,-23.6079315,-46.666180999999995,20.13,84,nublado
20260613_172405,509M-10,1277,1,63549,2026-06-13T20:23:57Z,-23.549182000000002,-46.638737500000005,20.13,84,nublado
20260613_172405,513C-10,35303,2,56364,2026-06-13T20:23:44Z,-23.598543,-46.5201735,20.13,84,nublado
20260613_172405,513C-10,35303,2,56518,2026-06-13T20:23:46Z,-23.5970975,-46.559188500000005,20.13,84,nublado
20260613_172405,715M-10,33258,2,81215,2026-06-13T20:23:30Z,-23.563702499999998,-46.677017,20.13,84,nublado
20260613_172405,715M-10,33258,2,81377,2026-06-13T20:23:42Z,-23.563919,-46.6774145,20.13,84,nublado
20260613_172405,715M-10,33258,2,81586,2026-06-13T20:23:33Z,-23.57372,-46.733022500000004,20.13,84,nublado
20260613_172405,3731-10,33796,2,45366,2026-06-13T20:23:54Z,-23.536112250000002,-46.51999625,20.13,84,nublado
20260613_172405,3731-10,33796,2,45224,2026-06-13T20:24:04Z,-23.557457499999998,-46.514979499999995,20.13,84,nublado
20260613_172405,3731-10,33796,2,45254,2026-06-13T20:23:58Z,-23.554613,-46.515547999999995,20.13,84,nublado
20260613_172405,3731-10,33796,2,45378,2026-06-13T20:23:45Z,-23.5456675,-46.51343,20.13,84,nublado
20260613_172405,3728-10,1025,1,47789,2026-06-13T20:23:26Z,-23.545057999999997,-46.4862055,20.13,84,nublado
20260613_172405,3728-10,1025,1,47285,2026-06-13T20:23:59Z,-23.5420065,-46.483900500000004,20.13,84,nublado
20260613_172405,3728-10,1025,1,47097,2026-06-13T20:23:26Z,-23.555161,-46.492176,20.13,84,nublado
20260613_172405,3728-10,1025,1,47572,2026-06-13T20:23:27Z,-23.54048925,-46.486358,20.13,84,nublado
20260613_172405,3728-10,1025,1,47385,2026-06-13T20:23:49Z,-23.5420065,-46.483900500000004,20.13,84,nublado
20260613_172405,3728-10,1025,1,47588,2026-06-13T20:23:26Z,-23.57039075,-46.4908735,20.13,84,nublado
20260613_172405,3026-10,33730,2,36620,2026-06-13T20:23:40Z,-23.5428155,-46.416185,20.13,84,nublado
20260613_172405,3026-10,33730,2,36664,2026-06-13T20:23:43Z,-23.54434925,-46.41144,20.13,84,nublado
20260613_172405,3026-10,33730,2,36670,2026-06-13T20:23:57Z,-23.5861875,-46.3831555,20.13,84,nublado
20260613_172405,3026-10,33730,2,36319,2026-06-13T20:23:29Z,-23.5594945,-46.4119435,20.13,84,nublado
20260613_172405,3026-10,33730,2,36181,2026-06-13T20:23:22Z,-23.582628,-46.386314,20.13,84,nublado
20260613_172405,748R-10,501,1,80034,2026-06-13T20:23:59Z,-23.5504738125,-46.7394504375,20.13,84,nublado
20260613_172405,748R-10,501,1,80040,2026-06-13T20:23:28Z,-23.5502831875,-46.7392525625,20.13,84,nublado
20260613_172405,748R-10,501,1,80624,2026-06-13T20:24:01Z,-23.52742525,-46.706910875000005,20.13,84,nublado
20260613_172405,748R-10,501,1,80069,2026-06-13T20:23:19Z,-23.5813075,-46.769478,20.13,84,nublado
20260613_172405,6970-10,34273,2,61339,2026-06-13T20:23:47Z,-23.720280250000002,-46.698404749999995,20.13,84,nublado
20260613_172405,6970-10,34273,2,61349,2026-06-13T20:23:55Z,-23.655971,-46.7076905,20.13,84,nublado
20260613_172405,6970-10,34273,2,61757,2026-06-13T20:24:00Z,-23.683669000000002,-46.714512,20.13,84,nublado
20260613_172405,9500-10,461,1,11514,2026-06-13T20:23:47Z,-23.5428755,-46.6362135,20.13,84,nublado
20260613_172405,9500-10,461,1,11717,2026-06-13T20:23:52Z,-23.474427,-46.669637,20.13,84,nublado
20260613_172405,874T-10,33075,2,52118,2026-06-13T20:23:49Z,-23.525332,-46.683056125,20.13,84,nublado
20260613_172405,874T-10,33075,2,52011,2026-06-13T20:23:33Z,-23.57299675,-46.642757,20.13,84,nublado
20260613_172405,874T-10,33075,2,52070,2026-06-13T20:23:56Z,-23.534787375,-46.663816374999996,20.13,84,nublado
20260613_172405,874T-10,33075,2,52156,2026-06-13T20:23:36Z,-23.545858,-46.657773000000006,20.13,84,nublado
20260613_172405,3778-10,1062,1,45008,2026-06-13T20:23:47Z,-23.538515,-46.56404,20.13,84,nublado
20260613_172405,3778-10,1062,1,45474,2026-06-13T20:23:50Z,-23.564242999999998,-46.5138835,20.13,84,nublado
20260613_172405,3778-10,1062,1,45451,2026-06-13T20:24:02Z,-23.54292375,-46.56343075,20.13,84,nublado
20260613_172405,875A-10,33377,2,64451,2026-06-13T20:24:01Z,-23.553131125,-46.65982025,20.13,84,nublado
20260613_172405,875A-10,33377,2,64427,2026-06-13T20:23:28Z,-23.643299,-46.66250599999999,20.13,84,nublado
20260613_172405,875A-10,33377,2,64741,2026-06-13T20:23:43Z,-23.606443499999997,-46.637484125,20.13,84,nublado
20260613_172405,875A-10,33377,2,64680,2026-06-13T20:23:47Z,-23.613044000000002,-46.657546249999996,20.13,84,nublado
20260613_172405,875A-10,33377,2,64426,2026-06-13T20:24:00Z,-23.534948749999998,-46.668889500000006,20.13,84,nublado
20260613_172405,7282-10,471,1,82764,2026-06-13T20:24:02Z,-23.53913975,-46.72962575,20.13,84,nublado
20260613_172405,7282-10,471,1,82779,2026-06-13T20:23:50Z,-23.5560535,-46.6633055,20.13,84,nublado
20260613_172405,3712-10,33777,2,47788,2026-06-13T20:24:00Z,-23.5409225,-46.449351,20.13,84,nublado
20260613_172405,513C-10,2535,1,56363,2026-06-13T20:23:28Z,-23.59880075,-46.517998000000006,20.13,84,nublado
20260613_172405,513C-10,2535,1,56377,2026-06-13T20:24:03Z,-23.604229250000003,-46.561291874999995,20.13,84,nublado
20260613_172405,513C-10,2535,1,56368,2026-06-13T20:23:35Z,-23.599677,-46.538996999999995,20.13,84,nublado
20260613_172405,626A-10,2596,1,96007,2026-06-13T20:23:51Z,-23.698384125,-46.667608375,20.13,84,nublado
20260613_172405,626A-10,2596,1,66649,2026-06-13T20:23:36Z,-23.739393,-46.6560175,20.13,84,nublado
20260613_172405,626A-10,2596,1,96005,2026-06-13T20:23:21Z,-23.739393,-46.6560175,20.13,84,nublado
20260613_172405,626A-10,2596,1,96008,2026-06-13T20:23:57Z,-23.698384125,-46.667608375,20.13,84,nublado
20260613_172405,8100-10,34030,2,11442,2026-06-13T20:23:25Z,-23.520303499999997,-46.7110705,20.13,84,nublado
20260613_172405,8100-10,34030,2,11438,2026-06-13T20:23:40Z,-23.5065515,-46.715011000000004,20.13,84,nublado
20260613_172405,736I-10,33549,2,86270,2026-06-13T20:23:39Z,-23.640024,-46.7486895,20.13,84,nublado
20260613_172405,736I-10,33549,2,86172,2026-06-13T20:23:35Z,-23.6413645,-46.744466,20.13,84,nublado
20260613_172405,736I-10,33549,2,86239,2026-06-13T20:23:28Z,-23.6423995,-46.711715999999996,20.13,84,nublado
20260613_172405,958P-10,33233,2,10212,2026-06-13T20:23:38Z,-23.48044,-46.7584765,20.13,84,nublado
20260613_172405,958P-10,33233,2,10213,2026-06-13T20:23:38Z,-23.531055,-46.736907,20.13,84,nublado
20260613_172405,675M-10,32876,2,64413,2026-06-13T20:23:46Z,-23.686790124999998,-46.68992125,20.13,84,nublado
20260613_172405,675M-10,32876,2,64611,2026-06-13T20:23:45Z,-23.646229499999997,-46.646701500000006,20.13,84,nublado
20260613_172405,675M-10,32876,2,64418,2026-06-13T20:23:36Z,-23.720974499999997,-46.6767225,20.13,84,nublado
20260613_172405,675M-10,32876,2,64416,2026-06-13T20:23:45Z,-23.646347249999998,-46.6596435,20.13,84,nublado
20260613_172405,675M-10,32876,2,64614,2026-06-13T20:23:56Z,-23.718119,-46.690019,20.13,84,nublado
20260613_172405,3741-10,1041,1,47327,2026-06-13T20:23:22Z,-23.555353125000003,-46.463934,20.13,84,nublado
20260613_172405,3741-10,1041,1,47274,2026-06-13T20:23:45Z,-23.554248,-46.45267225,20.13,84,nublado
20260613_172405,3741-10,1041,1,47272,2026-06-13T20:23:51Z,-23.542065,-46.449332,20.13,84,nublado
20260613_172405,3741-10,1041,1,47720,2026-06-13T20:23:23Z,-23.54344725,-46.4692095,20.13,84,nublado
20260613_172405,576C-10,34058,2,64704,2026-06-13T20:23:19Z,-23.676386,-46.68566225,20.13,84,nublado
20260613_172405,576C-10,34058,2,64684,2026-06-13T20:23:59Z,-23.6468385,-46.645112,20.13,84,nublado
20260613_172405,576C-10,34058,2,64151,2026-06-13T20:23:26Z,-23.646406,-46.644999,20.13,84,nublado
20260613_172405,576C-10,34058,2,64266,2026-06-13T20:23:47Z,-23.6733205,-46.686609000000004,20.13,84,nublado
20260613_172405,576C-10,34058,2,64300,2026-06-13T20:23:50Z,-23.6450955,-46.64122625,20.13,84,nublado
20260613_172405,576C-10,34058,2,64754,2026-06-13T20:23:27Z,-23.6377915,-46.6319965,20.13,84,nublado
20260613_172405,576C-10,34058,2,64714,2026-06-13T20:23:47Z,-23.656098,-46.670153,20.13,84,nublado
20260613_172405,576C-10,34058,2,64421,2026-06-13T20:23:28Z,-23.647017499999997,-46.6451665,20.13,84,nublado
20260613_172405,576C-10,34058,2,64743,2026-06-13T20:23:52Z,-23.637947,-46.632115999999996,20.13,84,nublado
20260613_172405,178T-10,565,1,21030,2026-06-13T20:23:34Z,-23.502423375,-46.671864375,20.13,84,nublado
20260613_172405,178T-10,565,1,21018,2026-06-13T20:23:36Z,-23.519864499999997,-46.700969,20.13,84,nublado
20260613_172405,178T-10,565,1,21032,2026-06-13T20:23:55Z,-23.52803875,-46.73361125,20.13,84,nublado
20260613_172405,178T-10,565,1,21021,2026-06-13T20:23:54Z,-23.499046,-46.6248055,20.13,84,nublado
20260613_172405,178T-10,565,1,21373,2026-06-13T20:23:31Z,-23.486659,-46.642505,20.13,84,nublado
20260613_172405,178T-10,565,1,21028,2026-06-13T20:24:02Z,-23.502954375,-46.66714125,20.13,84,nublado
20260613_172405,3796-10,1074,1,47328,2026-06-13T20:23:25Z,-23.54344725,-46.4692095,20.13,84,nublado
20260613_172405,3796-10,1074,1,47843,2026-06-13T20:23:44Z,-23.5808205,-46.461023499999996,20.13,84,nublado
20260613_172405,6028-10,33979,2,78412,2026-06-13T20:23:29Z,-23.7026245,-46.744347,20.13,84,nublado
20260613_172405,6028-10,33979,2,78645,2026-06-13T20:23:09Z,-23.685018,-46.736712,20.13,84,nublado
20260613_172405,6028-10,33979,2,78203,2026-06-13T20:23:22Z,-23.6670375,-46.72527425,20.13,84,nublado
20260613_172405,407I-10,2222,1,48788,2026-06-13T20:23:57Z,-23.548793,-46.505144,20.13,84,nublado
20260613_172405,407I-10,2222,1,48102,2026-06-13T20:23:56Z,-23.5408055,-46.5393825,20.13,84,nublado
20260613_172405,3773-10,1059,1,47209,2026-06-13T20:23:39Z,-23.583108,-46.491926500000005,20.13,84,nublado
20260613_172405,3773-10,1059,1,47683,2026-06-13T20:24:01Z,-23.55205225,-46.520056124999996,20.13,84,nublado
20260613_172405,3773-10,1059,1,47802,2026-06-13T20:24:02Z,-23.59853,-46.468552,20.13,84,nublado
20260613_172405,6083-10,1733,1,66523,2026-06-13T20:23:41Z,-23.737187499999997,-46.6971815,20.13,84,nublado
20260613_172405,6083-10,1733,1,66844,2026-06-13T20:23:20Z,-23.754741125000002,-46.672484125,20.13,84,nublado
20260613_172405,6083-10,1733,1,66124,2026-06-13T20:24:01Z,-23.73702,-46.6935555,20.13,84,nublado
20260613_172405,3751-10,33815,2,47721,2026-06-13T20:23:21Z,-23.5508545,-46.4382455,20.13,84,nublado
20260613_172405,3751-10,33815,2,47632,2026-06-13T20:24:03Z,-23.540568999999998,-46.4511095,20.13,84,nublado
20260613_172405,3751-10,33815,2,47686,2026-06-13T20:23:36Z,-23.5670345,-46.418606499999996,20.13,84,nublado
20260613_172405,509J-10,264,1,63286,2026-06-13T20:24:03Z,-23.586847,-46.6538015,20.13,84,nublado
20260613_172405,273R-10,226,1,32237,2026-06-13T20:23:56Z,-23.51163725,-46.442257500000004,20.13,84,nublado
20260613_172405,273R-10,226,1,32620,2026-06-13T20:23:25Z,-23.5153035,-46.461610500000006,20.13,84,nublado
20260613_172405,273R-10,226,1,32042,2026-06-13T20:23:47Z,-23.5046085,-46.4277735,20.13,84,nublado
20260613_172405,273R-10,226,1,32406,2026-06-13T20:23:32Z,-23.52475475,-46.47498425,20.13,84,nublado
20260613_172405,273R-10,226,1,32083,2026-06-13T20:23:45Z,-23.539938499999998,-46.482815,20.13,84,nublado
20260613_172405,6044-10,33989,2,78271,2026-06-13T20:23:50Z,-23.653454,-46.759485,20.13,84,nublado
20260613_172405,6044-10,33989,2,78061,2026-06-13T20:23:51Z,-23.669091,-46.785066,20.13,84,nublado
20260613_172405,6044-10,33989,2,78999,2026-06-13T20:18:58Z,-23.6767725,-46.798547,20.13,84,nublado
20260613_172405,6826-10,16,1,72488,2026-06-13T20:23:42Z,-23.666980000000002,-46.773514250000005,20.13,84,nublado
20260613_172405,6455-10,32831,2,71537,2026-06-13T20:23:49Z,-23.559068,-46.63892,20.13,84,nublado
20260613_172405,6455-10,32831,2,71543,2026-06-13T20:23:50Z,-23.64262075,-46.737882,20.13,84,nublado
20260613_172405,6455-10,32831,2,71666,2026-06-13T20:24:01Z,-23.612731000000004,-46.67087775,20.13,84,nublado
20260613_172405,695D-10,32882,2,64145,2026-06-13T20:23:19Z,-23.7332185,-46.676162500000004,20.13,84,nublado
20260613_172405,695D-10,32882,2,64396,2026-06-13T20:23:57Z,-23.6460415,-46.644780499999996,20.13,84,nublado
20260613_172405,695D-10,32882,2,64364,2026-06-13T20:23:57Z,-23.646105499999997,-46.6450805,20.13,84,nublado
20260613_172405,695D-10,32882,2,64389,2026-06-13T20:23:42Z,-23.6841805,-46.691967,20.13,84,nublado
20260613_172405,695D-10,32882,2,64344,2026-06-13T20:23:31Z,-23.6483395,-46.661147,20.13,84,nublado
20260613_172405,695D-10,32882,2,64468,2026-06-13T20:23:24Z,-23.727507250000002,-46.68989225,20.13,84,nublado
20260613_172405,971T-10,33386,2,22510,2026-06-13T20:23:24Z,-23.493473,-46.6740915,20.13,84,nublado
20260613_172405,971T-10,33386,2,22671,2026-06-13T20:23:46Z,-23.4952525,-46.677038499999995,20.13,84,nublado
20260613_172405,971T-10,33386,2,22567,2026-06-13T20:23:48Z,-23.50027325,-46.635701499999996,20.13,84,nublado
20260613_172405,701H-10,2558,1,78840,2026-06-13T20:23:42Z,-23.7055225,-46.7421525,20.13,84,nublado
20260613_172405,6913-10,34233,2,61658,2026-06-13T20:23:38Z,-23.767811000000002,-46.716611,20.13,84,nublado
20260613_172405,6913-10,34233,2,61331,2026-06-13T20:23:29Z,-23.593270625,-46.67295975,20.13,84,nublado
20260613_172405,6913-10,34233,2,61327,2026-06-13T20:23:59Z,-23.672044875000005,-46.71231125,20.13,84,nublado
20260613_172405,6913-10,34233,2,61346,2026-06-13T20:23:34Z,-23.57507975,-46.66874525,20.13,84,nublado
20260613_172405,6913-10,34233,2,61308,2026-06-13T20:23:40Z,-23.71381975,-46.708670500000004,20.13,84,nublado
20260613_172405,6913-10,34233,2,61458,2026-06-13T20:23:42Z,-23.549266,-46.6401115,20.13,84,nublado
20260613_172405,6913-10,34233,2,61098,2026-06-13T20:23:51Z,-23.6289175,-46.689211,20.13,84,nublado
20260613_172405,6913-10,34233,2,61655,2026-06-13T20:23:50Z,-23.6518805,-46.708862999999994,20.13,84,nublado
20260613_172405,6913-10,34233,2,61099,2026-06-13T20:24:02Z,-23.7273025,-46.699413,20.13,84,nublado
20260613_172405,6913-10,34233,2,61311,2026-06-13T20:23:29Z,-23.7444815,-46.707066499999996,20.13,84,nublado
20260613_172405,5164-10,34051,2,64304,2026-06-13T20:23:24Z,-23.6430645,-46.6619805,20.13,84,nublado
20260613_172405,5164-10,34051,2,64706,2026-06-13T20:23:41Z,-23.60966275,-46.63795625,20.13,84,nublado
20260613_172405,5164-10,34051,2,64701,2026-06-13T20:23:34Z,-23.6462925,-46.6451105,20.13,84,nublado
20260613_172405,5164-10,34051,2,64273,2026-06-13T20:23:31Z,-23.646105499999997,-46.6450805,20.13,84,nublado
20260613_172405,5164-10,34051,2,64303,2026-06-13T20:23:23Z,-23.6477645,-46.6456205,20.13,84,nublado
20260613_172405,5164-10,34051,2,64131,2026-06-13T20:23:50Z,-23.645426,-46.645011499999995,20.13,84,nublado
20260613_172405,5164-10,34051,2,64746,2026-06-13T20:23:30Z,-23.639500125,-46.6629595,20.13,84,nublado
20260613_172405,5164-10,34051,2,64318,2026-06-13T20:23:33Z,-23.5809745,-46.6566785,20.13,84,nublado
20260613_172405,9005-10,33640,2,16171,2026-06-13T20:23:35Z,-23.475738,-46.6707215,20.13,84,nublado
20260613_172405,9005-10,33640,2,16063,2026-06-13T20:23:50Z,-23.475738,-46.6707215,20.13,84,nublado
20260613_172405,9005-10,33640,2,16534,2026-06-13T20:23:38Z,-23.457054499999998,-46.675731,20.13,84,nublado
20260613_172405,9005-10,33640,2,16502,2026-06-13T20:23:41Z,-23.475738,-46.6707215,20.13,84,nublado
20260613_172405,9005-10,33640,2,16402,2026-06-13T20:24:03Z,-23.475738,-46.6707215,20.13,84,nublado
20260613_172405,9005-10,33640,2,16106,2026-06-13T20:23:58Z,-23.475738,-46.6707215,20.13,84,nublado
20260613_172405,9005-10,33640,2,16170,2026-06-13T20:23:36Z,-23.475738,-46.6707215,20.13,84,nublado
20260613_172405,9005-10,33640,2,16030,2026-06-13T20:23:23Z,-23.4543195,-46.6936435,20.13,84,nublado
20260613_172405,6059-10,1226,1,78169,2026-06-13T20:23:57Z,-23.646524499999998,-46.704567999999995,20.13,84,nublado
20260613_172405,6059-10,1226,1,78062,2026-06-13T20:23:39Z,-23.664846500000003,-46.7370265,20.13,84,nublado
20260613_172405,6059-10,1226,1,78171,2026-06-13T20:23:58Z,-23.64735775,-46.70356674999999,20.13,84,nublado
20260613_172405,271F-10,683,1,21716,2026-06-13T20:23:28Z,-23.51205925,-46.61582812500001,20.13,84,nublado
20260613_172405,271F-10,683,1,21754,2026-06-13T20:23:28Z,-23.5378405,-46.616395624999996,20.13,84,nublado
20260613_172405,917H-10,33224,2,11890,2026-06-13T20:23:42Z,-23.5227455,-46.7409715,20.13,84,nublado
20260613_172405,917H-10,33224,2,11894,2026-06-13T20:23:30Z,-23.589511,-46.6342965,20.13,84,nublado
20260613_172405,917H-10,33224,2,11889,2026-06-13T20:23:45Z,-23.492973499999998,-46.749127,20.13,84,nublado
20260613_172405,917H-10,33224,2,11468,2026-06-13T20:23:21Z,-23.537165,-46.721827000000005,20.13,84,nublado
20260613_172405,917H-10,33224,2,11891,2026-06-13T20:24:05Z,-23.545807,-46.691668,20.13,84,nublado
20260613_172405,917H-10,33224,2,11881,2026-06-13T20:23:37Z,-23.56074075,-46.657163999999995,20.13,84,nublado
20260613_172405,1720-21,1937,1,26199,2026-06-13T20:23:56Z,-23.479704875,-46.579556,20.13,84,nublado
20260613_172405,1720-21,1937,1,26030,2026-06-13T20:23:45Z,-23.481823,-46.60253925,20.13,84,nublado
20260613_172405,3712-51,35273,2,47045,2026-06-13T20:23:29Z,-23.551032,-46.4372195,20.13,84,nublado
20260613_172405,3712-51,35273,2,47223,2026-06-13T20:23:47Z,-23.53802,-46.4488535,20.13,84,nublado
20260613_172405,546J-31,2015,1,68593,2026-06-13T20:23:38Z,-23.654237000000002,-46.704584499999996,20.13,84,nublado
20260613_172405,546J-31,2015,1,68160,2026-06-13T20:24:00Z,-23.663339,-46.69164625,20.13,84,nublado
20260613_172405,546J-31,2015,1,68556,2026-06-13T20:23:44Z,-23.6690335,-46.6722125,20.13,84,nublado
20260613_172405,5317-10,32837,2,61290,2026-06-13T20:23:49Z,-23.707569499999998,-46.696044,20.13,84,nublado
20260613_172405,5317-10,32837,2,61421,2026-06-13T20:23:22Z,-23.6453730625,-46.70219924999999,20.13,84,nublado
20260613_172405,5317-10,32837,2,61438,2026-06-13T20:23:41Z,-23.686692,-46.6943,20.13,84,nublado
20260613_172405,5317-10,32837,2,61447,2026-06-13T20:24:03Z,-23.653986500000002,-46.70165837500001,20.13,84,nublado
20260613_172405,5018-31,34629,2,68177,2026-06-13T20:23:41Z,-23.685088,-46.6469415,20.13,84,nublado
20260613_172405,5018-31,34629,2,68406,2026-06-13T20:23:41Z,-23.669097999999998,-46.649691000000004,20.13,84,nublado
20260613_172405,1206-10,33610,2,25629,2026-06-13T20:23:53Z,-23.516838,-46.584568000000004,20.13,84,nublado
20260613_172405,1206-10,33610,2,25628,2026-06-13T20:23:53Z,-23.525689,-46.5826575,20.13,84,nublado
20260613_172405,1206-10,33610,2,25260,2026-06-13T20:23:35Z,-23.526392,-46.58306725,20.13,84,nublado
20260613_172405,1206-10,33610,2,25144,2026-06-13T20:23:50Z,-23.52630525,-46.5828125,20.13,84,nublado
20260613_172405,1206-10,33610,2,25012,2026-06-13T20:23:48Z,-23.5174705,-46.583609749999994,20.13,84,nublado
20260613_172405,695Y-10,33966,2,61793,2026-06-13T20:23:30Z,-23.63323025,-46.690116,20.13,84,nublado
20260613_172405,695Y-10,33966,2,61594,2026-06-13T20:23:32Z,-23.82751025,-46.731438999999995,20.13,84,nublado
20260613_172405,695Y-10,33966,2,61567,2026-06-13T20:23:46Z,-23.589460000000003,-46.633678,20.13,84,nublado
20260613_172405,695Y-10,33966,2,61796,2026-06-13T20:23:43Z,-23.589460000000003,-46.633678,20.13,84,nublado
20260613_172405,695Y-10,33966,2,61818,2026-06-13T20:23:19Z,-23.6970655,-46.700397625,20.13,84,nublado
20260613_172405,695Y-10,33966,2,61683,2026-06-13T20:23:47Z,-23.6970655,-46.700397625,20.13,84,nublado
20260613_172405,695Y-10,33966,2,61811,2026-06-13T20:23:20Z,-23.82665775,-46.732121,20.13,84,nublado
20260613_172405,695Y-10,33966,2,61586,2026-06-13T20:23:44Z,-23.6326475,-46.68952175,20.13,84,nublado
20260613_172405,695Y-10,33966,2,61538,2026-06-13T20:23:56Z,-23.589460000000003,-46.633678,20.13,84,nublado
20260613_172405,233C-10,155,1,32619,2026-06-13T20:23:49Z,-23.518438,-46.4758375,20.13,84,nublado
20260613_172405,233C-10,155,1,32003,2026-06-13T20:23:49Z,-23.537256499999998,-46.4931675,20.13,84,nublado
20260613_172405,233C-10,155,1,32268,2026-06-13T20:23:53Z,-23.518438,-46.4758375,20.13,84,nublado
20260613_172405,233C-10,155,1,32005,2026-06-13T20:23:25Z,-23.552701250000002,-46.493739500000004,20.13,84,nublado
20260613_172405,233C-10,155,1,32270,2026-06-13T20:23:27Z,-23.557517,-46.520212,20.13,84,nublado
20260613_172405,8400-10,34033,2,11747,2026-06-13T20:24:00Z,-23.4883175,-46.713229999999996,20.13,84,nublado
20260613_172405,8400-10,34033,2,11738,2026-06-13T20:24:01Z,-23.529849374999998,-46.667376624999996,20.13,84,nublado
20260613_172405,8400-10,34033,2,11754,2026-06-13T20:23:19Z,-23.5168675,-46.6987555,20.13,84,nublado
20260613_172405,8400-10,34033,2,11739,2026-06-13T20:24:02Z,-23.545286249999997,-46.63817075,20.13,84,nublado
20260613_172405,675K-10,32966,2,73910,2026-06-13T20:23:38Z,-23.687833,-46.7721405,20.13,84,nublado
20260613_172405,675K-10,32966,2,73895,2026-06-13T20:24:02Z,-23.63999525,-46.696571000000006,20.13,84,nublado
20260613_172405,675K-10,32966,2,73904,2026-06-13T20:23:47Z,-23.666391750000003,-46.719602374999994,20.13,84,nublado
20260613_172405,675K-10,32966,2,73850,2026-06-13T20:23:24Z,-23.6905325,-46.774566500000006,20.13,84,nublado
20260613_172405,675K-10,32966,2,73893,2026-06-13T20:23:31Z,-23.684060000000002,-46.770033,20.13,84,nublado
20260613_172405,675K-10,32966,2,73302,2026-06-13T20:23:37Z,-23.679623999999997,-46.76436925,20.13,84,nublado
20260613_172405,675K-10,32966,2,73836,2026-06-13T20:23:59Z,-23.607481375,-46.665966875,20.13,84,nublado
20260613_172405,675K-10,32966,2,73304,2026-06-13T20:23:17Z,-23.599649,-46.637840499999996,20.13,84,nublado
20260613_172405,675K-10,32966,2,73902,2026-06-13T20:23:28Z,-23.669655,-46.7366765,20.13,84,nublado
20260613_172405,675K-10,32966,2,73849,2026-06-13T20:23:55Z,-23.668170500000002,-46.732837,20.13,84,nublado
20260613_172405,6414-10,33128,2,76958,2026-06-13T20:23:57Z,-23.670013,-46.712187,20.13,84,nublado
20260613_172405,6414-10,33128,2,76083,2026-06-13T20:24:00Z,-23.624073000000003,-46.6955445,20.13,84,nublado
20260613_172405,6414-10,33128,2,76100,2026-06-13T20:24:00Z,-23.572604125,-46.665361125,20.13,84,nublado
20260613_172405,6414-10,33128,2,76063,2026-06-13T20:23:28Z,-23.67035125,-46.712438750000004,20.13,84,nublado
20260613_172405,3762-10,1053,1,45662,2026-06-13T20:23:45Z,-23.577377249999998,-46.525481,20.13,84,nublado
20260613_172405,3762-10,1053,1,45540,2026-06-13T20:23:22Z,-23.5631175,-46.542719000000005,20.13,84,nublado
20260613_172405,3762-10,1053,1,45638,2026-06-13T20:23:42Z,-23.544515999999998,-46.558564625,20.13,84,nublado
20260613_172405,3762-10,1053,1,45643,2026-06-13T20:23:59Z,-23.591411,-46.516296499999996,20.13,84,nublado
20260613_172405,3762-10,1053,1,45436,2026-06-13T20:23:46Z,-23.576162500000002,-46.519611499999996,20.13,84,nublado
20260613_172405,3762-10,1053,1,45767,2026-06-13T20:23:45Z,-23.55697,-46.55099575,20.13,84,nublado
20260613_172405,3762-10,1053,1,45704,2026-06-13T20:24:02Z,-23.541,-46.576643000000004,20.13,84,nublado
20260613_172405,107T-10,33389,2,21255,2026-06-13T20:24:01Z,-23.481693749999998,-46.60575125,20.13,84,nublado
20260613_172405,107T-10,33389,2,21244,2026-06-13T20:23:49Z,-23.4809415,-46.603984499999996,20.13,84,nublado
20260613_172405,107T-10,33389,2,21248,2026-06-13T20:23:40Z,-23.568424625,-46.67097075,20.13,84,nublado
20260613_172405,107T-10,33389,2,21247,2026-06-13T20:23:37Z,-23.4810725,-46.603761500000005,20.13,84,nublado
20260613_172405,107T-10,33389,2,21235,2026-06-13T20:23:54Z,-23.5478925,-46.6425115,20.13,84,nublado
20260613_172405,107T-10,33389,2,21243,2026-06-13T20:23:51Z,-23.50769275,-46.624784,20.13,84,nublado
20260613_172405,107T-10,33389,2,21288,2026-06-13T20:23:20Z,-23.567622999999998,-46.695747,20.13,84,nublado
20260613_172405,958P-10,465,1,10214,2026-06-13T20:24:00Z,-23.59616325,-46.691351,20.13,84,nublado
20260613_172405,958P-10,465,1,10211,2026-06-13T20:23:34Z,-23.520348,-46.7460365,20.13,84,nublado
20260613_172405,1783-10,33412,2,22614,2026-06-13T20:23:47Z,-23.3995665,-46.5775555,20.13,84,nublado
20260613_172405,1783-10,33412,2,22275,2026-06-13T20:23:21Z,-23.447550999999997,-46.599153,20.13,84,nublado
20260613_172405,1783-10,33412,2,22720,2026-06-13T20:23:57Z,-23.484941375000002,-46.61561025,20.13,84,nublado
20260613_172405,1783-10,33412,2,22809,2026-06-13T20:23:20Z,-23.4234995,-46.5898145,20.13,84,nublado
20260613_172405,1783-10,33412,2,22704,2026-06-13T20:23:34Z,-23.450629499999998,-46.59955,20.13,84,nublado
20260613_172405,647P-10,1316,1,75401,2026-06-13T20:23:24Z,-23.565806000000002,-46.7018425,20.13,84,nublado
20260613_172405,647P-10,1316,1,75403,2026-06-13T20:23:31Z,-23.661569,-46.749684,20.13,84,nublado
20260613_172405,647P-10,1316,1,75402,2026-06-13T20:23:35Z,-23.641781,-46.7353935,20.13,84,nublado
20260613_172405,647P-10,1316,1,75408,2026-06-13T20:23:28Z,-23.565794,-46.701994,20.13,84,nublado
20260613_172405,647P-10,1316,1,75404,2026-06-13T20:23:29Z,-23.66215,-46.7691005,20.13,84,nublado
20260613_172405,3064-10,33748,2,36695,2026-06-13T20:23:23Z,-23.561832,-46.4168725,20.13,84,nublado
20260613_172405,3064-10,33748,2,36569,2026-06-13T20:23:33Z,-23.584547,-46.409035,20.13,84,nublado
20260613_172405,3064-10,33748,2,36517,2026-06-13T20:22:54Z,-23.601703999999998,-46.3988755,20.13,84,nublado
20260613_172405,3064-10,33748,2,36549,2026-06-13T20:23:54Z,-23.5439485,-46.412883,20.13,84,nublado
20260613_172405,3064-10,33748,2,36109,2026-06-13T20:23:52Z,-23.582032749999996,-46.410213375000005,20.13,84,nublado
20260613_172405,3064-10,33748,2,36066,2026-06-13T20:23:59Z,-23.601957499999997,-46.3986365,20.13,84,nublado
20260613_172405,3064-10,33748,2,36135,2026-06-13T20:23:35Z,-23.604537,-46.403358499999996,20.13,84,nublado
20260613_172405,2703-10,915,1,36284,2026-06-13T20:23:26Z,-23.525544250000003,-46.41958675,20.13,84,nublado
20260613_172405,2703-10,915,1,36158,2026-06-13T20:24:03Z,-23.529542499999998,-46.420608,20.13,84,nublado
20260613_172405,2703-10,915,1,36260,2026-06-13T20:23:38Z,-23.530371000000002,-46.44814875,20.13,84,nublado
20260613_172405,2703-10,915,1,36300,2026-06-13T20:23:28Z,-23.5239115,-46.4301545,20.13,84,nublado
20260613_172405,2703-10,915,1,36195,2026-06-13T20:23:56Z,-23.529542499999998,-46.420608,20.13,84,nublado
20260613_172405,2703-10,915,1,36551,2026-06-13T20:23:21Z,-23.5290273125,-46.4179969375,20.13,84,nublado
20260613_172405,971C-10,33339,2,21417,2026-06-13T20:23:24Z,-23.43645,-46.71763787500001,20.13,84,nublado
20260613_172405,971C-10,33339,2,21411,2026-06-13T20:24:00Z,-23.4704665,-46.676357499999995,20.13,84,nublado
20260613_172405,971C-10,33339,2,21258,2026-06-13T20:23:50Z,-23.481268999999998,-46.65581,20.13,84,nublado
20260613_172405,514T-10,34439,2,55276,2026-06-13T20:23:52Z,-23.586609250000002,-46.5189,20.13,84,nublado
20260613_172405,514T-10,34439,2,55335,2026-06-13T20:23:34Z,-23.590438,-46.5318365,20.13,84,nublado
20260613_172405,514T-10,34439,2,55100,2026-06-13T20:23:54Z,-23.597476999999998,-46.50051325,20.13,84,nublado
20260613_172405,514T-10,34439,2,55426,2026-06-13T20:23:37Z,-23.6026645,-46.60273,20.13,84,nublado
20260613_172405,514T-10,34439,2,55476,2026-06-13T20:23:46Z,-23.603439,-46.602865,20.13,84,nublado
20260613_172405,514T-10,34439,2,55058,2026-06-13T20:23:29Z,-23.5823121875,-46.5881516875,20.13,84,nublado
20260613_172405,2014-10,33668,2,25221,2026-06-13T20:24:02Z,-23.528572500000003,-46.6758365,20.13,84,nublado
20260613_172405,2014-10,33668,2,25642,2026-06-13T20:23:42Z,-23.457518,-46.670135,20.13,84,nublado
20260613_172405,2014-10,33668,2,25004,2026-06-13T20:23:52Z,-23.454753500000002,-46.6737255,20.13,84,nublado
20260613_172405,2014-10,33668,2,25003,2026-06-13T20:23:43Z,-23.4836265,-46.663168999999996,20.13,84,nublado
20260613_172405,2014-10,33668,2,25644,2026-06-13T20:23:38Z,-23.457081000000002,-46.669748,20.13,84,nublado
20260613_172405,2014-10,33668,2,25209,2026-06-13T20:23:25Z,-23.461786,-46.670418000000005,20.13,84,nublado
20260613_172405,2014-10,33668,2,25600,2026-06-13T20:23:21Z,-23.503255,-46.658032,20.13,84,nublado
20260613_172405,2014-10,33668,2,25013,2026-06-13T20:23:20Z,-23.526021999999998,-46.6689175,20.13,84,nublado
20260613_172405,2014-10,33668,2,25139,2026-06-13T20:23:35Z,-23.457437,-46.670062,20.13,84,nublado
20260613_172405,2014-10,33668,2,25599,2026-06-13T20:23:20Z,-23.457342,-46.669977,20.13,84,nublado
20260613_172405,2014-10,33668,2,25029,2026-06-13T20:23:42Z,-23.457081000000002,-46.669748,20.13,84,nublado
20260613_172405,2014-10,33668,2,25623,2026-06-13T20:23:57Z,-23.4621695,-46.670120999999995,20.13,84,nublado
20260613_172405,7004-10,34760,2,73416,2026-06-13T20:23:45Z,-23.702422,-46.783027000000004,20.13,84,nublado
20260613_172405,7004-10,34760,2,73954,2026-06-13T20:23:55Z,-23.655801,-46.72428549999999,20.13,84,nublado
20260613_172405,7004-10,34760,2,73956,2026-06-13T20:21:06Z,-23.68745,-46.771813,20.13,84,nublado
20260613_172405,7004-10,34760,2,73473,2026-06-13T20:23:38Z,-23.741951999999998,-46.8009785,20.13,84,nublado
20260613_172405,7004-10,34760,2,73375,2026-06-13T20:23:49Z,-23.735017,-46.794526000000005,20.13,84,nublado
20260613_172405,7004-10,34760,2,73486,2026-06-13T20:23:48Z,-23.742814499999998,-46.80108325,20.13,84,nublado
20260613_172405,7004-10,34760,2,73221,2026-06-13T20:23:49Z,-23.6854225,-46.742993999999996,20.13,84,nublado
20260613_172405,4024-10,2158,1,48922,2026-06-13T20:23:43Z,-23.566944749999998,-46.42456,20.13,84,nublado
20260613_172405,4024-10,2158,1,48501,2026-06-13T20:23:58Z,-23.5550865,-46.444182999999995,20.13,84,nublado
20260613_172405,4024-10,2158,1,48916,2026-06-13T20:23:29Z,-23.534766,-46.4536175,20.13,84,nublado
20260613_172405,4024-10,2158,1,48005,2026-06-13T20:24:02Z,-23.567247000000002,-46.4234065,20.13,84,nublado
20260613_172405,3721-10,1019,1,47549,2026-06-13T20:23:21Z,-23.5409355,-46.4844415,20.13,84,nublado
20260613_172405,3721-10,1019,1,47152,2026-06-13T20:23:27Z,-23.5460555,-46.48115,20.13,84,nublado
20260613_172405,3721-10,1019,1,47797,2026-06-13T20:23:37Z,-23.5409355,-46.4844415,20.13,84,nublado
20260613_172405,3721-10,1019,1,47182,2026-06-13T20:23:28Z,-23.566351,-46.49326,20.13,84,nublado
20260613_172405,3721-10,1019,1,47591,2026-06-13T20:23:28Z,-23.5409355,-46.4844415,20.13,84,nublado
20260613_172405,4311-10,34939,2,31822,2026-06-13T20:23:18Z,-23.543809,-46.5318865,20.13,84,nublado
20260613_172405,4311-10,34939,2,31857,2026-06-13T20:23:33Z,-23.5469335,-46.6304035,20.13,84,nublado
20260613_172405,4311-10,34939,2,31620,2026-06-13T20:23:56Z,-23.551777625,-46.609177875,20.13,84,nublado
20260613_172405,4311-10,34939,2,31665,2026-06-13T20:23:56Z,-23.5706305,-46.504504499999996,20.13,84,nublado
20260613_172405,4311-10,34939,2,31753,2026-06-13T20:23:54Z,-23.597037999999998,-46.467093000000006,20.13,84,nublado
20260613_172405,9006-10,874,1,16125,2026-06-13T20:23:40Z,-23.468868,-46.6783865,20.13,84,nublado
20260613_172405,6403-10,32826,2,71237,2026-06-13T20:23:36Z,-23.586142000000002,-46.693146999999996,20.13,84,nublado
20260613_172405,6403-10,32826,2,71424,2026-06-13T20:23:46Z,-23.577026,-46.672112999999996,20.13,84,nublado
20260613_172405,6403-10,32826,2,71690,2026-06-13T20:23:23Z,-23.545572999999997,-46.626541,20.13,84,nublado
20260613_172405,6403-10,32826,2,71372,2026-06-13T20:23:35Z,-23.643425,-46.734083999999996,20.13,84,nublado
20260613_172405,1721-10,33434,2,22746,2026-06-13T20:23:39Z,-23.48941525,-46.571597749999995,20.13,84,nublado
20260613_172405,1721-10,33434,2,22277,2026-06-13T20:23:58Z,-23.49629925,-46.59344525,20.13,84,nublado
20260613_172405,1721-10,33434,2,22296,2026-06-13T20:23:40Z,-23.495376,-46.592787,20.13,84,nublado
20260613_172405,1721-10,33434,2,22736,2026-06-13T20:23:33Z,-23.48941525,-46.571597749999995,20.13,84,nublado
20260613_172405,1020-10,35265,2,15184,2026-06-13T20:24:01Z,-23.436256999999998,-46.7205955,20.13,84,nublado
20260613_172405,1020-10,35265,2,15223,2026-06-13T20:23:44Z,-23.4420815,-46.721071,20.13,84,nublado
20260613_172405,1020-10,35265,2,15237,2026-06-13T20:24:01Z,-23.488023,-46.719959,20.13,84,nublado
20260613_172405,1020-10,35265,2,15177,2026-06-13T20:23:21Z,-23.42691,-46.724759,20.13,84,nublado
20260613_172405,3029-10,966,1,45784,2026-06-13T20:24:02Z,-23.542948000000003,-46.547712250000004,20.13,84,nublado
20260613_172405,3029-10,966,1,45633,2026-06-13T20:23:53Z,-23.585262999999998,-46.506369500000005,20.13,84,nublado
20260613_172405,3029-10,966,1,45349,2026-06-13T20:23:54Z,-23.547155,-46.54071462500001,20.13,84,nublado
20260613_172405,3029-10,966,1,45658,2026-06-13T20:24:00Z,-23.541131,-46.577207,20.13,84,nublado
20260613_172405,3029-10,966,1,45328,2026-06-13T20:23:41Z,-23.571325,-46.537527999999995,20.13,84,nublado
20260613_172405,407L-10,2199,1,48146,2026-06-13T20:23:28Z,-23.5296485,-46.497018999999995,20.13,84,nublado
20260613_172405,407L-10,2199,1,48794,2026-06-13T20:23:52Z,-23.523117,-46.513872,20.13,84,nublado
20260613_172405,407L-10,2199,1,48452,2026-06-13T20:23:35Z,-23.579957,-46.4152845,20.13,84,nublado
20260613_172405,407L-10,2199,1,48183,2026-06-13T20:23:39Z,-23.5270775,-46.439184000000004,20.13,84,nublado
20260613_172405,407L-10,2199,1,48193,2026-06-13T20:23:26Z,-23.590169500000002,-46.3950145,20.13,84,nublado
20260613_172405,407L-10,2199,1,48696,2026-06-13T20:24:03Z,-23.561364,-46.416949,20.13,84,nublado
20260613_172405,407L-10,2199,1,48708,2026-06-13T20:23:53Z,-23.523939,-46.509724500000004,20.13,84,nublado
20260613_172405,407L-10,2199,1,48918,2026-06-13T20:23:48Z,-23.52859075,-46.49894449999999,20.13,84,nublado
20260613_172405,7053-22,1896,1,78679,2026-06-13T20:24:02Z,-23.6404155,-46.781168,20.13,84,nublado
20260613_172405,7053-22,1896,1,78069,2026-06-13T20:23:31Z,-23.645486499999997,-46.789591,20.13,84,nublado
20260613_172405,7053-22,1896,1,78580,2026-06-13T20:23:48Z,-23.631153500000003,-46.7733425,20.13,84,nublado
20260613_172405,719R-10,469,1,80347,2026-06-13T20:24:01Z,-23.5540745,-46.67104475,20.13,84,nublado
20260613_172405,719R-10,469,1,80025,2026-06-13T20:24:01Z,-23.5637885,-46.74898399999999,20.13,84,nublado
20260613_172405,719R-10,469,1,80033,2026-06-13T20:23:14Z,-23.5263675,-46.666242999999994,20.13,84,nublado
20260613_172405,7011-31,1954,1,78822,2026-06-13T20:23:32Z,-23.7083255,-46.7920035,20.13,84,nublado
20260613_172405,7011-31,1954,1,78242,2026-06-13T20:24:01Z,-23.67732,-46.7599855,20.13,84,nublado
20260613_172405,5119-10,1,1,71266,2026-06-13T20:23:44Z,-23.570861,-46.6522435,20.13,84,nublado
20260613_172405,5119-10,1,1,71744,2026-06-13T20:23:54Z,-23.644194,-46.734191499999994,20.13,84,nublado
20260613_172405,5119-10,1,1,71685,2026-06-13T20:23:46Z,-23.643456999999998,-46.7356385,20.13,84,nublado
20260613_172405,5119-10,1,1,71172,2026-06-13T20:23:38Z,-23.6331695,-46.73702,20.13,84,nublado
20260613_172405,5119-10,1,1,71665,2026-06-13T20:24:01Z,-23.5725515,-46.65410525,20.13,84,nublado
20260613_172405,5119-10,1,1,71652,2026-06-13T20:24:04Z,-23.5999885,-46.722185749999994,20.13,84,nublado
20260613_172405,5705-10,34425,2,51438,2026-06-13T20:23:39Z,-23.589249000000002,-46.633758,20.13,84,nublado
20260613_172405,8055-10,33182,2,11690,2026-06-13T20:23:45Z,-23.494114875,-46.760673125,20.13,84,nublado
20260613_172405,8055-10,33182,2,11686,2026-06-13T20:23:04Z,-23.4198965,-46.785586499999994,20.13,84,nublado
20260613_172405,3787-10,34380,2,47381,2026-06-13T20:23:57Z,-23.60186025,-46.398567,20.13,84,nublado
20260613_172405,3787-10,34380,2,47189,2026-06-13T20:23:20Z,-23.5989,-46.40227675,20.13,84,nublado
20260613_172405,3787-10,34380,2,47807,2026-06-13T20:23:30Z,-23.546066,-46.4682835,20.13,84,nublado
20260613_172405,3787-10,34380,2,47106,2026-06-13T20:23:37Z,-23.56549825,-46.4465533125,20.13,84,nublado
20260613_172405,3787-10,34380,2,47109,2026-06-13T20:23:30Z,-23.594003,-46.42143900000001,20.13,84,nublado
20260613_172405,3787-10,34380,2,47251,2026-06-13T20:23:37Z,-23.56210475,-46.4461535,20.13,84,nublado
20260613_172405,6505-10,34218,2,71106,2026-06-13T20:23:58Z,-23.593270625,-46.67295975,20.13,84,nublado
20260613_172405,6505-10,34218,2,71541,2026-06-13T20:23:28Z,-23.6453730625,-46.70219924999999,20.13,84,nublado
20260613_172405,6505-10,34218,2,71133,2026-06-13T20:23:58Z,-23.667154500000002,-46.727149999999995,20.13,84,nublado
20260613_172405,6505-10,34218,2,71273,2026-06-13T20:23:51Z,-23.5509225,-46.64522875,20.13,84,nublado
20260613_172405,8017-10,34029,2,16438,2026-06-13T20:23:43Z,-23.448709,-46.7344865,20.13,84,nublado
20260613_172405,8017-10,34029,2,16457,2026-06-13T20:23:38Z,-23.4862075,-46.726428,20.13,84,nublado
20260613_172405,8017-10,34029,2,16200,2026-06-13T20:23:27Z,-23.449564000000002,-46.72140675,20.13,84,nublado
20260613_172405,8017-10,34029,2,16274,2026-06-13T20:23:37Z,-23.43846075,-46.7467815,20.13,84,nublado
20260613_172405,4053-10,2146,1,36576,2026-06-13T20:23:37Z,-23.553117999999998,-46.394191,20.13,84,nublado
20260613_172405,4053-10,2146,1,36523,2026-06-13T20:23:50Z,-23.551964500000004,-46.395255000000006,20.13,84,nublado
20260613_172405,6037-10,33983,2,78196,2026-06-13T20:23:52Z,-23.6603135,-46.768187999999995,20.13,84,nublado
20260613_172405,6037-10,33983,2,78995,2026-06-13T20:23:19Z,-23.64904925,-46.78534475,20.13,84,nublado
20260613_172405,6037-10,33983,2,78134,2026-06-13T20:23:40Z,-23.652525500000003,-46.77832,20.13,84,nublado
20260613_172405,6037-10,33983,2,78515,2026-06-13T20:23:53Z,-23.64904925,-46.78534475,20.13,84,nublado
20260613_172405,476L-10,33030,2,64465,2026-06-13T20:23:48Z,-23.591474499999997,-46.6357215,20.13,84,nublado
20260613_172405,875H-10,1340,1,82636,2026-06-13T20:23:21Z,-23.519885000000002,-46.700064999999995,20.13,84,nublado
20260613_172405,875H-10,1340,1,82787,2026-06-13T20:23:18Z,-23.5758255,-46.6414265,20.13,84,nublado
20260613_172405,875H-10,1340,1,82652,2026-06-13T20:23:34Z,-23.5503305,-46.677388,20.13,84,nublado
20260613_172405,736I-10,781,1,86367,2026-06-13T20:23:54Z,-23.63286,-46.7478945,20.13,84,nublado
20260613_172405,736I-10,781,1,86127,2026-06-13T20:23:38Z,-23.63286,-46.7478945,20.13,84,nublado
20260613_172405,736I-10,781,1,86170,2026-06-13T20:24:01Z,-23.642680249999998,-46.738468499999996,20.13,84,nublado
20260613_172405,736I-10,781,1,86136,2026-06-13T20:23:45Z,-23.6498405,-46.707801,20.13,84,nublado
20260613_172405,736I-10,781,1,86148,2026-06-13T20:23:36Z,-23.63915525,-46.749588,20.13,84,nublado
20260613_172405,736I-10,781,1,86143,2026-06-13T20:23:58Z,-23.633587499999997,-46.751071499999995,20.13,84,nublado
20260613_172405,1775-10,638,1,26021,2026-06-13T20:23:43Z,-23.467950000000002,-46.630759499999996,20.13,84,nublado
20260613_172405,3031-10,33735,2,47676,2026-06-13T20:24:03Z,-23.600951000000002,-46.4432745,20.13,84,nublado
20260613_172405,3031-10,33735,2,47005,2026-06-13T20:23:55Z,-23.613027000000002,-46.444920999999994,20.13,84,nublado
20260613_172405,3031-10,33735,2,47091,2026-06-13T20:23:53Z,-23.573712,-46.45334,20.13,84,nublado
20260613_172405,3031-10,33735,2,47598,2026-06-13T20:23:28Z,-23.5459805,-46.468192,20.13,84,nublado
20260613_172405,3729-10,33794,2,45724,2026-06-13T20:23:24Z,-23.572909125,-46.54093175,20.13,84,nublado
20260613_172405,3729-10,33794,2,45166,2026-06-13T20:23:37Z,-23.5802455,-46.539446999999996,20.13,84,nublado
20260613_172405,3729-10,33794,2,45078,2026-06-13T20:23:56Z,-23.5851015,-46.5251025,20.13,84,nublado
20260613_172405,3729-10,33794,2,45283,2026-06-13T20:23:37Z,-23.560664000000003,-46.5618605,20.13,84,nublado
20260613_172405,3729-10,33794,2,45355,2026-06-13T20:23:58Z,-23.544490375,-46.5638825,20.13,84,nublado
20260613_172405,8000-10,1273,1,11525,2026-06-13T20:24:03Z,-23.547683499999998,-46.6411495,20.13,84,nublado
20260613_172405,8199-10,807,1,16033,2026-06-13T20:24:02Z,-23.47491425,-46.67059825,20.13,84,nublado
20260613_172405,8199-10,807,1,16337,2026-06-13T20:24:00Z,-23.501804999999997,-46.7018785,20.13,84,nublado
20260613_172405,8199-10,807,1,16194,2026-06-13T20:23:28Z,-23.474218,-46.669056,20.13,84,nublado
20260613_172405,8199-10,807,1,16091,2026-06-13T20:23:32Z,-23.487871,-46.7341225,20.13,84,nublado
20260613_172405,8199-10,807,1,16442,2026-06-13T20:24:01Z,-23.49344925,-46.696834249999995,20.13,84,nublado
20260613_172405,8199-10,807,1,16184,2026-06-13T20:23:53Z,-23.479933,-46.74566475,20.13,84,nublado
20260613_172405,8199-10,807,1,16187,2026-06-13T20:23:29Z,-23.476384000000003,-46.667850375,20.13,84,nublado
20260613_172405,2004-10,33660,2,36329,2026-06-13T20:23:21Z,-23.52785,-46.392415,20.13,84,nublado
20260613_172405,2004-10,33660,2,36131,2026-06-13T20:23:06Z,-23.524744,-46.389179,20.13,84,nublado
20260613_172405,2004-10,33660,2,36123,2026-06-13T20:23:48Z,-23.51998075,-46.384243,20.13,84,nublado
20260613_172405,2004-10,33660,2,36297,2026-06-13T20:23:26Z,-23.538890000000002,-46.4078155,20.13,84,nublado
20260613_172405,2769-10,33165,2,31076,2026-06-13T20:23:27Z,-23.486235,-46.3895165,20.13,84,nublado
20260613_172405,2769-10,33165,2,31064,2026-06-13T20:23:37Z,-23.499526250000002,-46.468301249999996,20.13,84,nublado
20260613_172405,2769-10,33165,2,31062,2026-06-13T20:23:53Z,-23.481961499999997,-46.379926,20.13,84,nublado
20260613_172405,1034-10,35220,2,16075,2026-06-13T20:23:30Z,-23.4704835,-46.7104185,20.13,84,nublado
20260613_172405,1034-10,35220,2,16230,2026-06-13T20:23:28Z,-23.472696499999998,-46.702172000000004,20.13,84,nublado
20260613_172405,1034-10,35220,2,16219,2026-06-13T20:23:25Z,-23.470623000000003,-46.7104055,20.13,84,nublado
20260613_172405,2590-10,33680,2,56350,2026-06-13T20:23:27Z,-23.485711625,-46.46742875,20.13,84,nublado
20260613_172405,2590-10,33680,2,56327,2026-06-13T20:23:44Z,-23.514075249999998,-46.550499,20.13,84,nublado
20260613_172405,2590-10,33680,2,56504,2026-06-13T20:23:28Z,-23.534973,-46.5792205,20.13,84,nublado
20260613_172405,2590-10,33680,2,56326,2026-06-13T20:23:59Z,-23.48327475,-46.466404999999995,20.13,84,nublado
20260613_172405,2590-10,33680,2,56505,2026-06-13T20:23:30Z,-23.51446775,-46.55037300000001,20.13,84,nublado
20260613_172405,2590-10,33680,2,56322,2026-06-13T20:24:04Z,-23.5417405,-46.6146495,20.13,84,nublado
20260613_172405,4035-10,2560,1,32893,2026-06-13T20:23:54Z,-23.557952,-46.44235225,20.13,84,nublado
20260613_172405,4035-10,2560,1,32117,2026-06-13T20:23:26Z,-23.542741499999998,-46.470274,20.13,84,nublado
20260613_172405,4035-10,2560,1,32880,2026-06-13T20:23:54Z,-23.5636215,-46.4174665,20.13,84,nublado
20260613_172405,2727-10,33710,2,45785,2026-06-13T20:24:03Z,-23.539995499999996,-46.482319125,20.13,84,nublado
20260613_172405,5141-10,34393,2,52902,2026-06-13T20:24:03Z,-23.541373,-46.634491,20.13,84,nublado
20260613_172405,5141-10,34393,2,52020,2026-06-13T20:24:02Z,-23.614544,-46.500679,20.13,84,nublado
20260613_172405,5141-10,34393,2,52904,2026-06-13T20:23:33Z,-23.551944,-46.624623,20.13,84,nublado
20260613_172405,5141-10,34393,2,52014,2026-06-13T20:23:45Z,-23.55756475,-46.58072799999999,20.13,84,nublado
20260613_172405,5141-10,34393,2,52907,2026-06-13T20:23:57Z,-23.576917,-46.5494685,20.13,84,nublado
20260613_172405,476G-21,35439,2,56508,2026-06-13T20:23:41Z,-23.584307375,-46.603035375000005,20.13,84,nublado
20260613_172405,476G-21,35439,2,56205,2026-06-13T20:23:54Z,-23.618576499999996,-46.5112885,20.13,84,nublado
20260613_172405,1743-10,33311,2,22684,2026-06-13T20:23:37Z,-23.492449,-46.633412,20.13,84,nublado
20260613_172405,1743-10,33311,2,22879,2026-06-13T20:23:59Z,-23.471783000000002,-46.6512415,20.13,84,nublado
20260613_172405,1743-10,33311,2,22681,2026-06-13T20:23:25Z,-23.467443250000002,-46.665867500000004,20.13,84,nublado
20260613_172405,1743-10,33311,2,22683,2026-06-13T20:23:46Z,-23.48241775,-46.64288175,20.13,84,nublado
20260613_172405,4025-10,33863,2,55498,2026-06-13T20:23:47Z,-23.541593499999998,-46.574321499999996,20.13,84,nublado
20260613_172405,4025-10,33863,2,55402,2026-06-13T20:23:34Z,-23.541593499999998,-46.574321499999996,20.13,84,nublado
20260613_172405,4025-10,33863,2,55319,2026-06-13T20:23:40Z,-23.583663,-46.582224,20.13,84,nublado
20260613_172405,4025-10,33863,2,55292,2026-06-13T20:22:18Z,-23.541593499999998,-46.574321499999996,20.13,84,nublado
20260613_172405,4025-10,33863,2,55520,2026-06-13T20:23:44Z,-23.541593499999998,-46.574321499999996,20.13,84,nublado
20260613_172405,4025-10,33863,2,55334,2026-06-13T20:23:55Z,-23.541593499999998,-46.574321499999996,20.13,84,nublado
20260613_172405,4025-10,33863,2,55320,2026-06-13T20:23:24Z,-23.605474,-46.563,20.13,84,nublado
20260613_172405,4025-10,33863,2,55445,2026-06-13T20:24:03Z,-23.541593499999998,-46.574321499999996,20.13,84,nublado
20260613_172405,4025-10,33863,2,55327,2026-06-13T20:23:34Z,-23.541593499999998,-46.574321499999996,20.13,84,nublado
20260613_172405,4025-10,33863,2,55183,2026-06-13T20:23:38Z,-23.541593499999998,-46.574321499999996,20.13,84,nublado
20260613_172405,4025-10,33863,2,55547,2026-06-13T20:24:03Z,-23.560492,-46.576906,20.13,84,nublado
20260613_172405,4025-10,33863,2,55080,2026-06-13T20:23:20Z,-23.541593499999998,-46.574321499999996,20.13,84,nublado
20260613_172405,4025-10,33863,2,55269,2026-06-13T20:23:58Z,-23.541593499999998,-46.574321499999996,20.13,84,nublado
20260613_172405,805L-10,32892,2,32699,2026-06-13T20:23:44Z,-23.53506275,-46.644746999999995,20.13,84,nublado
20260613_172405,805L-10,32892,2,32700,2026-06-13T20:23:45Z,-23.5730915,-46.642564,20.13,84,nublado
20260613_172405,805L-10,32892,2,32248,2026-06-13T20:23:32Z,-23.537413875,-46.654483625,20.13,84,nublado
20260613_172405,746V-10,792,1,85761,2026-06-13T20:23:20Z,-23.6485905,-46.7544275,20.13,84,nublado
20260613_172405,746V-10,792,1,85501,2026-06-13T20:23:20Z,-23.618706,-46.756753,20.13,84,nublado
20260613_172405,746V-10,792,1,85534,2026-06-13T20:24:01Z,-23.618706,-46.756753,20.13,84,nublado
20260613_172405,746V-10,792,1,85553,2026-06-13T20:23:48Z,-23.618706,-46.756753,20.13,84,nublado
20260613_172405,8010-10,798,1,16034,2026-06-13T20:23:29Z,-23.51816525,-46.70211325,20.13,84,nublado
20260613_172405,8010-10,798,1,16423,2026-06-13T20:23:30Z,-23.406772,-46.7566645,20.13,84,nublado
20260613_172405,8010-10,798,1,16110,2026-06-13T20:23:55Z,-23.404906750000002,-46.743017249999994,20.13,84,nublado
20260613_172405,8010-10,798,1,16784,2026-06-13T20:23:45Z,-23.488673,-46.722412000000006,20.13,84,nublado
20260613_172405,8010-10,798,1,16673,2026-06-13T20:23:18Z,-23.431116250000002,-46.72059525,20.13,84,nublado
20260613_172405,8010-10,798,1,16525,2026-06-13T20:23:44Z,-23.4892235,-46.71815,20.13,84,nublado
20260613_172405,2010-10,34872,2,22292,2026-06-13T20:23:19Z,-23.485602,-46.5922305,20.13,84,nublado
20260613_172405,2010-10,34872,2,22521,2026-06-13T20:23:24Z,-23.501627499999998,-46.6245885,20.13,84,nublado
20260613_172405,2010-10,34872,2,22781,2026-06-13T20:23:51Z,-23.477516625,-46.564321375,20.13,84,nublado
20260613_172405,2010-10,34872,2,22830,2026-06-13T20:23:51Z,-23.477516625,-46.564321375,20.13,84,nublado
20260613_172405,2010-10,34872,2,22543,2026-06-13T20:23:30Z,-23.477516625,-46.564321375,20.13,84,nublado
20260613_172405,695V-10,32776,2,75664,2026-06-13T20:23:39Z,-23.64319975,-46.7005215,20.13,84,nublado
20260613_172405,695V-10,32776,2,75669,2026-06-13T20:23:48Z,-23.601148625,-46.6600305,20.13,84,nublado
20260613_172405,695V-10,32776,2,75665,2026-06-13T20:23:23Z,-23.647973,-46.7483545,20.13,84,nublado
20260613_172405,6110-10,1184,1,64419,2026-06-13T20:23:48Z,-23.7219115,-46.7066035,20.13,84,nublado
20260613_172405,6110-10,1184,1,64442,2026-06-13T20:23:48Z,-23.7294485,-46.717188,20.13,84,nublado
20260613_172405,6110-10,1184,1,64398,2026-06-13T20:23:48Z,-23.6550135,-46.6797735,20.13,84,nublado
20260613_172405,6110-10,1184,1,64619,2026-06-13T20:23:37Z,-23.62255475,-46.6628195,20.13,84,nublado
20260613_172405,6836-10,32781,2,72763,2026-06-13T20:24:00Z,-23.670105,-46.763510999999994,20.13,84,nublado
20260613_172405,6836-10,32781,2,72579,2026-06-13T20:24:00Z,-23.65208225,-46.741459500000005,20.13,84,nublado
20260613_172405,6836-10,32781,2,72769,2026-06-13T20:23:49Z,-23.683948,-46.7815925,20.13,84,nublado
20260613_172405,6092-10,33945,2,66095,2026-06-13T20:23:27Z,-23.778464,-46.68450625,20.13,84,nublado
20260613_172405,6092-10,33945,2,66905,2026-06-13T20:23:57Z,-23.778222,-46.68462275,20.13,84,nublado
20260613_172405,6092-10,33945,2,66328,2026-06-13T20:23:30Z,-23.755083,-46.687972,20.13,84,nublado
20260613_172405,2725-10,939,1,45400,2026-06-13T20:23:42Z,-23.5045,-46.46898,20.13,84,nublado
20260613_172405,2725-10,939,1,45209,2026-06-13T20:23:38Z,-23.5329725,-46.47350675,20.13,84,nublado
20260613_172405,2725-10,939,1,45187,2026-06-13T20:23:20Z,-23.540045,-46.483149499999996,20.13,84,nublado
20260613_172405,2725-10,939,1,45484,2026-06-13T20:23:40Z,-23.540045,-46.483149499999996,20.13,84,nublado
20260613_172405,2725-10,939,1,45184,2026-06-13T20:23:41Z,-23.5383225,-46.478598250000005,20.13,84,nublado
20260613_172405,6042-10,1219,1,78664,2026-06-13T20:24:03Z,-23.675430499999997,-46.773945,20.13,84,nublado
20260613_172405,6042-10,1219,1,78223,2026-06-13T20:23:56Z,-23.648542,-46.727444,20.13,84,nublado
20260613_172405,3739-10,33807,2,47308,2026-06-13T20:23:47Z,-23.5947165,-46.442795000000004,20.13,84,nublado
20260613_172405,3739-10,33807,2,47213,2026-06-13T20:23:58Z,-23.55775775,-46.4462135,20.13,84,nublado
20260613_172405,3739-10,33807,2,47302,2026-06-13T20:23:44Z,-23.610136750000002,-46.425970500000005,20.13,84,nublado
20260613_172405,3739-10,33807,2,47833,2026-06-13T20:23:22Z,-23.61229,-46.416155,20.13,84,nublado
20260613_172405,3739-10,33807,2,47816,2026-06-13T20:23:57Z,-23.6121585,-46.416186499999995,20.13,84,nublado
20260613_172405,3739-10,33807,2,47173,2026-06-13T20:23:36Z,-23.542998,-46.4711105,20.13,84,nublado
20260613_172405,4087-10,35370,2,47150,2026-06-13T20:23:27Z,-23.530416000000002,-46.4442355,20.13,84,nublado
20260613_172405,2766-10,33173,2,32941,2026-06-13T20:23:19Z,-23.513869999999997,-46.391301999999996,20.13,84,nublado
20260613_172405,2766-10,33173,2,32906,2026-06-13T20:23:26Z,-23.520543500000002,-46.389382499999996,20.13,84,nublado
20260613_172405,2766-10,33173,2,32693,2026-06-13T20:23:46Z,-23.4950075,-46.410849999999996,20.13,84,nublado
20260613_172405,2766-10,33173,2,32199,2026-06-13T20:23:56Z,-23.533876499999998,-46.4543015,20.13,84,nublado
20260613_172405,2766-10,33173,2,32194,2026-06-13T20:23:38Z,-23.534178500000003,-46.452845499999995,20.13,84,nublado
20260613_172405,2766-10,33173,2,32940,2026-06-13T20:23:21Z,-23.520622000000003,-46.3896285,20.13,84,nublado
20260613_172405,6291-10,33126,2,76366,2026-06-13T20:23:52Z,-23.6263595,-46.72380750000001,20.13,84,nublado
20260613_172405,6291-10,33126,2,76372,2026-06-13T20:23:38Z,-23.6435375,-46.776610000000005,20.13,84,nublado
20260613_172405,6291-10,33126,2,76367,2026-06-13T20:23:19Z,-23.644346,-46.767024500000005,20.13,84,nublado
20260613_172405,6291-10,33126,2,76361,2026-06-13T20:23:19Z,-23.6433775,-46.776616000000004,20.13,84,nublado
20260613_172405,6291-10,33126,2,76349,2026-06-13T20:23:50Z,-23.569391250000002,-46.661404000000005,20.13,84,nublado
20260613_172405,5013-10,1117,1,68845,2026-06-13T20:23:57Z,-23.6851385,-46.646654999999996,20.13,84,nublado
20260613_172405,5013-10,1117,1,68261,2026-06-13T20:23:20Z,-23.67113775,-46.6740635,20.13,84,nublado
20260613_172405,5013-10,1117,1,68518,2026-06-13T20:23:39Z,-23.68298175,-46.6332575,20.13,84,nublado
20260613_172405,5013-10,1117,1,68890,2026-06-13T20:23:02Z,-23.680146,-46.631799,20.13,84,nublado
20260613_172405,5013-10,1117,1,68868,2026-06-13T20:23:59Z,-23.682536874999997,-46.643675125,20.13,84,nublado
20260613_172405,5013-10,1117,1,68634,2026-06-13T20:23:55Z,-23.6851385,-46.646654999999996,20.13,84,nublado
20260613_172405,2011-10,2136,1,22616,2026-06-13T20:23:42Z,-23.48942625,-46.57194375,20.13,84,nublado
20260613_172405,2011-10,2136,1,22647,2026-06-13T20:23:54Z,-23.492143750000004,-46.5739755,20.13,84,nublado
20260613_172405,2011-10,2136,1,22474,2026-06-13T20:23:23Z,-23.477825250000002,-46.609804999999994,20.13,84,nublado
20260613_172405,2011-10,2136,1,22724,2026-06-13T20:23:52Z,-23.48933625,-46.56604975,20.13,84,nublado
20260613_172405,2011-10,2136,1,22284,2026-06-13T20:23:55Z,-23.49934975,-46.62350975,20.13,84,nublado
20260613_172405,2011-10,2136,1,21971,2026-06-13T20:23:43Z,-23.502498000000003,-46.62359549999999,20.13,84,nublado
20260613_172405,5362-10,32838,2,61802,2026-06-13T20:23:43Z,-23.710615500000003,-46.71140025,20.13,84,nublado
20260613_172405,5362-10,32838,2,61767,2026-06-13T20:23:53Z,-23.5959505,-46.655095,20.13,84,nublado
20260613_172405,5362-10,32838,2,61572,2026-06-13T20:22:52Z,-23.55959,-46.639277500000006,20.13,84,nublado
20260613_172405,5362-10,32838,2,61770,2026-06-13T20:23:41Z,-23.599464875000002,-46.658394187499994,20.13,84,nublado
20260613_172405,5362-10,32838,2,61817,2026-06-13T20:23:54Z,-23.75324375,-46.685306,20.13,84,nublado
20260613_172405,5362-10,32838,2,6134,2026-06-13T20:23:50Z,-23.756319499999996,-46.66890775,20.13,84,nublado
20260613_172405,5362-10,32838,2,61803,2026-06-13T20:23:50Z,-23.7351155,-46.695655,20.13,84,nublado
20260613_172405,5362-10,32838,2,61816,2026-06-13T20:23:56Z,-23.662735375000004,-46.706996000000004,20.13,84,nublado
20260613_172405,5362-10,32838,2,61791,2026-06-13T20:23:23Z,-23.59332375,-46.652581749999996,20.13,84,nublado
20260613_172405,2123-10,33460,2,21432,2026-06-13T20:23:23Z,-23.5563125,-46.636173,20.13,84,nublado
20260613_172405,2123-10,33460,2,21391,2026-06-13T20:23:33Z,-23.4886805,-46.582163,20.13,84,nublado
20260613_172405,2123-10,33460,2,21374,2026-06-13T20:24:00Z,-23.4884535,-46.582411,20.13,84,nublado
20260613_172405,2123-10,33460,2,21384,2026-06-13T20:23:59Z,-23.4886805,-46.582163,20.13,84,nublado
20260613_172405,2123-10,33460,2,21301,2026-06-13T20:23:44Z,-23.532123749999997,-46.6160445,20.13,84,nublado
20260613_172405,857P-10,1926,1,71297,2026-06-13T20:23:54Z,-23.608897,-46.7516605,20.13,84,nublado
20260613_172405,857P-10,1926,1,71250,2026-06-13T20:23:28Z,-23.5682005,-46.68521025,20.13,84,nublado
20260613_172405,857P-10,1926,1,71844,2026-06-13T20:23:43Z,-23.561358499999997,-46.65667475,20.13,84,nublado
20260613_172405,857P-10,1926,1,71281,2026-06-13T20:23:57Z,-23.57276425,-46.64287075,20.13,84,nublado
20260613_172405,6840-10,32969,2,73623,2026-06-13T20:23:49Z,-23.7330325,-46.792923,20.13,84,nublado
20260613_172405,6840-10,32969,2,73622,2026-06-13T20:23:57Z,-23.684307500000003,-46.770112749999996,20.13,84,nublado
20260613_172405,6840-10,32969,2,73601,2026-06-13T20:23:22Z,-23.742005499999998,-46.80109,20.13,84,nublado
20260613_172405,6840-10,32969,2,73616,2026-06-13T20:23:30Z,-23.702990999999997,-46.7835575,20.13,84,nublado
20260613_172405,6840-10,32969,2,73925,2026-06-13T20:23:24Z,-23.7446525,-46.800413500000005,20.13,84,nublado
20260613_172405,6840-10,32969,2,73607,2026-06-13T20:23:29Z,-23.6662345,-46.771350999999996,20.13,84,nublado
20260613_172405,274P-10,33000,2,31603,2026-06-13T20:23:54Z,-23.512558,-46.530508,20.13,84,nublado
20260613_172405,274P-10,33000,2,31995,2026-06-13T20:23:29Z,-23.537415000000003,-46.5954745,20.13,84,nublado
20260613_172405,5701-10,1136,1,68871,2026-06-13T20:23:58Z,-23.619976,-46.6968165,20.13,84,nublado
20260613_172405,5701-10,1136,1,68574,2026-06-13T20:23:33Z,-23.652272500000002,-46.6483815,20.13,84,nublado
20260613_172405,5701-10,1136,1,68571,2026-06-13T20:23:52Z,-23.628146125,-46.678596375,20.13,84,nublado
20260613_172405,1783-10,644,1,22727,2026-06-13T20:23:53Z,-23.501943500000003,-46.6235805,20.13,84,nublado
20260613_172405,1783-10,644,1,22719,2026-06-13T20:23:24Z,-23.502707,-46.624029,20.13,84,nublado
20260613_172405,1783-10,644,1,22740,2026-06-13T20:23:37Z,-23.501943500000003,-46.6235805,20.13,84,nublado
20260613_172405,1783-10,644,1,22721,2026-06-13T20:23:25Z,-23.4492725,-46.599118,20.13,84,nublado
20260613_172405,1783-10,644,1,22726,2026-06-13T20:23:22Z,-23.4473195,-46.599015,20.13,84,nublado
20260613_172405,4021-10,35316,2,47582,2026-06-13T20:24:00Z,-23.5619115,-46.454205,20.13,84,nublado
20260613_172405,4021-10,35316,2,47306,2026-06-13T20:23:57Z,-23.542741499999998,-46.470274,20.13,84,nublado
20260613_172405,4021-10,35316,2,47637,2026-06-13T20:23:30Z,-23.546412625000002,-46.458266875,20.13,84,nublado
20260613_172405,4021-10,35316,2,47780,2026-06-13T20:23:40Z,-23.542657499999997,-46.4698,20.13,84,nublado
20260613_172405,875C-10,478,1,80621,2026-06-13T20:23:29Z,-23.5951425,-46.671418625,20.13,84,nublado
20260613_172405,875C-10,478,1,80007,2026-06-13T20:23:22Z,-23.556625375,-46.698709125,20.13,84,nublado
20260613_172405,875C-10,478,1,80622,2026-06-13T20:23:41Z,-23.583599875,-46.67752337500001,20.13,84,nublado
20260613_172405,875C-10,478,1,80063,2026-06-13T20:23:37Z,-23.561674,-46.694781500000005,20.13,84,nublado
20260613_172405,8086-10,35389,2,82784,2026-06-13T20:24:03Z,-23.548050125,-46.748705125,20.13,84,nublado
20260613_172405,8086-10,35389,2,82758,2026-06-13T20:23:57Z,-23.561652000000002,-46.694597,20.13,84,nublado
20260613_172405,374M-10,1965,1,32960,2026-06-13T20:23:48Z,-23.4853065,-46.4811105,20.13,84,nublado
20260613_172405,374M-10,1965,1,32056,2026-06-13T20:23:58Z,-23.539040749999998,-46.48360475,20.13,84,nublado
20260613_172405,374M-10,1965,1,32234,2026-06-13T20:23:41Z,-23.5029705,-46.500949500000004,20.13,84,nublado
20260613_172405,5110-10,34977,2,52849,2026-06-13T20:23:28Z,-23.6013095,-46.5267415,20.13,84,nublado
20260613_172405,5110-10,34977,2,52721,2026-06-13T20:23:46Z,-23.58226625,-46.599724625,20.13,84,nublado
20260613_172405,5110-10,34977,2,52705,2026-06-13T20:23:56Z,-23.584152,-46.5502195,20.13,84,nublado
20260613_172405,5110-10,34977,2,52730,2026-06-13T20:24:01Z,-23.613355,-46.476290500000005,20.13,84,nublado
20260613_172405,5110-10,34977,2,52767,2026-06-13T20:23:52Z,-23.613948999999998,-46.495689999999996,20.13,84,nublado
20260613_172405,5110-10,34977,2,52842,2026-06-13T20:23:46Z,-23.6136555,-46.476372999999995,20.13,84,nublado
20260613_172405,5110-10,34977,2,52711,2026-06-13T20:23:56Z,-23.6141145,-46.476496999999995,20.13,84,nublado
20260613_172405,5110-10,34977,2,52855,2026-06-13T20:23:31Z,-23.582989249999997,-46.571489,20.13,84,nublado
20260613_172405,5757-10,34056,2,68847,2026-06-13T20:23:59Z,-23.6913305,-46.639309999999995,20.13,84,nublado
20260613_172405,5757-10,34056,2,68320,2026-06-13T20:23:20Z,-23.681212000000002,-46.638399500000006,20.13,84,nublado
20260613_172405,5757-10,34056,2,68433,2026-06-13T20:23:54Z,-23.63472,-46.640936499999995,20.13,84,nublado
20260613_172405,5757-10,34056,2,68785,2026-06-13T20:23:38Z,-23.6876035,-46.6398115,20.13,84,nublado
20260613_172405,3686-10,166,1,31661,2026-06-13T20:23:23Z,-23.52621775,-46.43772975,20.13,84,nublado
20260613_172405,3686-10,166,1,31804,2026-06-13T20:23:51Z,-23.559313000000003,-46.4037675,20.13,84,nublado
20260613_172405,3686-10,166,1,31675,2026-06-13T20:23:21Z,-23.5473415,-46.629296499999995,20.13,84,nublado
20260613_172405,3686-10,166,1,31864,2026-06-13T20:23:28Z,-23.531999,-46.526572,20.13,84,nublado
20260613_172405,3686-10,166,1,31612,2026-06-13T20:23:41Z,-23.5374365,-46.49104225,20.13,84,nublado
20260613_172405,477P-10,33116,2,51150,2026-06-13T20:23:43Z,-23.576197999999998,-46.68766125,20.13,84,nublado
20260613_172405,477P-10,33116,2,51306,2026-06-13T20:23:52Z,-23.614318500000003,-46.638217749999995,20.13,84,nublado
20260613_172405,477P-10,33116,2,51408,2026-06-13T20:23:54Z,-23.5743665,-46.715461000000005,20.13,84,nublado
20260613_172405,477P-10,33116,2,51153,2026-06-13T20:23:58Z,-23.61229925,-46.628619,20.13,84,nublado
20260613_172405,4007-10,2181,1,48215,2026-06-13T20:23:48Z,-23.5640625,-46.404579,20.13,84,nublado
20260613_172405,4007-10,2181,1,48815,2026-06-13T20:23:32Z,-23.552124499999998,-46.4423715,20.13,84,nublado
20260613_172405,4007-10,2181,1,48360,2026-06-13T20:23:55Z,-23.548931500000002,-46.504402999999996,20.13,84,nublado
20260613_172405,4007-10,2181,1,48089,2026-06-13T20:23:36Z,-23.56529475,-46.403280624999994,20.13,84,nublado
20260613_172405,4007-10,2181,1,48925,2026-06-13T20:24:02Z,-23.56486975,-46.403715125,20.13,84,nublado
20260613_172405,2002-10,33479,2,41114,2026-06-13T20:23:52Z,-23.546762,-46.629915499999996,20.13,84,nublado
20260613_172405,2002-10,33479,2,41128,2026-06-13T20:23:52Z,-23.546985,-46.629763999999994,20.13,84,nublado
20260613_172405,172K-10,857,1,25148,2026-06-13T20:23:52Z,-23.53832525,-46.57552425,20.13,84,nublado
20260613_172405,172K-10,857,1,25168,2026-06-13T20:23:29Z,-23.480947,-46.590012,20.13,84,nublado
20260613_172405,172K-10,857,1,25183,2026-06-13T20:23:35Z,-23.457005,-46.6020965,20.13,84,nublado
20260613_172405,172K-10,857,1,25180,2026-06-13T20:23:30Z,-23.503834,-46.5978025,20.13,84,nublado
20260613_172405,172K-10,857,1,25071,2026-06-13T20:23:30Z,-23.456327,-46.5947025,20.13,84,nublado
20260613_172405,172K-10,857,1,25172,2026-06-13T20:23:48Z,-23.479499,-46.590447,20.13,84,nublado
20260613_172405,172K-10,857,1,25636,2026-06-13T20:23:27Z,-23.476782,-46.6098505,20.13,84,nublado
20260613_172405,707A-10,34758,2,73937,2026-06-13T20:23:56Z,-23.6074605,-46.647763,20.13,84,nublado
20260613_172405,707A-10,34758,2,73988,2026-06-13T20:23:47Z,-23.692809,-46.778341,20.13,84,nublado
20260613_172405,707A-10,34758,2,73013,2026-06-13T20:23:37Z,-23.611459500000002,-46.6358635,20.13,84,nublado
20260613_172405,707A-10,34758,2,73984,2026-06-13T20:23:34Z,-23.6216535,-46.679291000000006,20.13,84,nublado
20260613_172405,707A-10,34758,2,73648,2026-06-13T20:23:31Z,-23.64776875,-46.70385374999999,20.13,84,nublado
20260613_172405,707A-10,34758,2,73938,2026-06-13T20:24:03Z,-23.674899500000002,-46.748306,20.13,84,nublado
20260613_172405,707A-10,34758,2,73014,2026-06-13T20:23:12Z,-23.68745,-46.771813,20.13,84,nublado
20260613_172405,707A-10,34758,2,73979,2026-06-13T20:23:45Z,-23.669277,-46.73549875,20.13,84,nublado
20260613_172405,4027-10,33865,2,55187,2026-06-13T20:23:31Z,-23.593152,-46.4890015,20.13,84,nublado
20260613_172405,4027-10,33865,2,55180,2026-06-13T20:23:43Z,-23.612272,-46.473223000000004,20.13,84,nublado
20260613_172405,4027-10,33865,2,55017,2026-06-13T20:23:27Z,-23.6301265,-46.44350875000001,20.13,84,nublado
20260613_172405,4027-10,33865,2,55186,2026-06-13T20:24:04Z,-23.592653499999997,-46.487445,20.13,84,nublado
20260613_172405,4027-10,33865,2,55086,2026-06-13T20:23:30Z,-23.603975,-46.4813555,20.13,84,nublado
20260613_172405,4027-10,33865,2,55332,2026-06-13T20:23:49Z,-23.61556425,-46.4696855,20.13,84,nublado
20260613_172405,5032-10,34430,2,55467,2026-06-13T20:23:32Z,-23.609894500000003,-46.5960605,20.13,84,nublado
20260613_172405,5032-10,34430,2,55212,2026-06-13T20:23:39Z,-23.5988915,-46.5987495,20.13,84,nublado
20260613_172405,2203-10,911,1,35827,2026-06-13T20:23:48Z,-23.531510750000002,-46.53424425,20.13,84,nublado
20260613_172405,2203-10,911,1,35981,2026-06-13T20:23:32Z,-23.520712000000003,-46.484475,20.13,84,nublado
20260613_172405,2203-10,911,1,35723,2026-06-13T20:23:51Z,-23.525548,-46.5045945,20.13,84,nublado
20260613_172405,2203-10,911,1,35725,2026-06-13T20:24:04Z,-23.517194,-46.489208,20.13,84,nublado
20260613_172405,5129-41,1974,1,63736,2026-06-13T20:23:27Z,-23.667398,-46.6534135,20.13,84,nublado
20260613_172405,5129-41,1974,1,63738,2026-06-13T20:23:54Z,-23.680734,-46.635801,20.13,84,nublado
20260613_172405,3161-10,33852,2,56536,2026-06-13T20:24:00Z,-23.55261425,-46.619237125,20.13,84,nublado
20260613_172405,3161-10,33852,2,56375,2026-06-13T20:23:31Z,-23.583499250000003,-46.5254795,20.13,84,nublado
20260613_172405,3161-10,33852,2,56355,2026-06-13T20:23:45Z,-23.583561000000003,-46.5251485,20.13,84,nublado
20260613_172405,2734-10,34528,2,35826,2026-06-13T20:23:27Z,-23.510379999999998,-46.421027249999995,20.13,84,nublado
20260613_172405,2734-10,34528,2,35713,2026-06-13T20:23:38Z,-23.5401615,-46.4604225,20.13,84,nublado
20260613_172405,2734-10,34528,2,35928,2026-06-13T20:24:01Z,-23.50590225,-46.43449775,20.13,84,nublado
20260613_172405,2734-10,34528,2,35831,2026-06-13T20:23:59Z,-23.5098415,-46.4125965,20.13,84,nublado
20260613_172405,2734-10,34528,2,35781,2026-06-13T20:24:03Z,-23.512196,-46.40943,20.13,84,nublado
20260613_172405,5018-10,34260,2,68672,2026-06-13T20:23:38Z,-23.666684,-46.652631,20.13,84,nublado
20260613_172405,5018-10,34260,2,68104,2026-06-13T20:23:27Z,-23.675765,-46.673557,20.13,84,nublado
20260613_172405,5018-10,34260,2,68064,2026-06-13T20:23:41Z,-23.6563655,-46.6447955,20.13,84,nublado
20260613_172405,5018-10,34260,2,68414,2026-06-13T20:23:44Z,-23.66527,-46.6512055,20.13,84,nublado
20260613_172405,342M-10,747,1,41590,2026-06-13T20:23:21Z,-23.541843375000003,-46.548937249999994,20.13,84,nublado
20260613_172405,342M-10,747,1,41509,2026-06-13T20:22:55Z,-23.6130195,-46.476082,20.13,84,nublado
20260613_172405,342M-10,747,1,41537,2026-06-13T20:24:03Z,-23.54875,-46.537158500000004,20.13,84,nublado
20260613_172405,342M-10,747,1,41819,2026-06-13T20:23:46Z,-23.596332500000003,-46.487379625,20.13,84,nublado
20260613_172405,342M-10,747,1,41790,2026-06-13T20:23:20Z,-23.519315499999998,-46.5471005,20.13,84,nublado
20260613_172405,342M-10,747,1,41835,2026-06-13T20:23:25Z,-23.518922500000002,-46.5470215,20.13,84,nublado
20260613_172405,342M-10,747,1,41837,2026-06-13T20:23:21Z,-23.5311075,-46.553607,20.13,84,nublado
20260613_172405,342M-10,747,1,41904,2026-06-13T20:24:04Z,-23.54422675,-46.54606475,20.13,84,nublado
20260613_172405,342M-10,747,1,41532,2026-06-13T20:23:29Z,-23.5485635,-46.537566999999996,20.13,84,nublado
20260613_172405,342M-10,747,1,41780,2026-06-13T20:24:02Z,-23.562856,-46.515367,20.13,84,nublado
20260613_172405,342M-10,747,1,41539,2026-06-13T20:23:27Z,-23.61249,-46.4756075,20.13,84,nublado
20260613_172405,407P-10,34968,2,48143,2026-06-13T20:24:00Z,-23.5832305,-46.4076015,20.13,84,nublado
20260613_172405,407P-10,34968,2,48971,2026-06-13T20:23:38Z,-23.583263,-46.407486,20.13,84,nublado
20260613_172405,407P-10,34968,2,48938,2026-06-13T20:23:38Z,-23.5297475,-46.430797,20.13,84,nublado
20260613_172405,407P-10,34968,2,48965,2026-06-13T20:23:45Z,-23.564010000000003,-46.4162885,20.13,84,nublado
20260613_172405,407P-10,34968,2,48448,2026-06-13T20:23:45Z,-23.54018,-46.4602945,20.13,84,nublado
20260613_172405,407P-10,34968,2,48333,2026-06-13T20:23:56Z,-23.526056,-46.4387785,20.13,84,nublado
20260613_172405,407P-10,34968,2,48948,2026-06-13T20:23:26Z,-23.531082249999997,-46.5022635,20.13,84,nublado
20260613_172405,1759-10,33321,2,22881,2026-06-13T20:23:55Z,-23.482530500000003,-46.631914,20.13,84,nublado
20260613_172405,1759-10,33321,2,22882,2026-06-13T20:23:26Z,-23.461053,-46.649478,20.13,84,nublado
20260613_172405,1759-10,33321,2,22877,2026-06-13T20:24:02Z,-23.494507499999997,-46.6269135,20.13,84,nublado
20260613_172405,1759-10,33321,2,22876,2026-06-13T20:23:49Z,-23.462308999999998,-46.659564,20.13,84,nublado
20260613_172405,6035-10,1213,1,78684,2026-06-13T20:23:29Z,-23.6858575,-46.7702995,20.13,84,nublado
20260613_172405,6035-10,1213,1,78581,2026-06-13T20:23:47Z,-23.717170000000003,-46.7656045,20.13,84,nublado
20260613_172405,6035-10,1213,1,78450,2026-06-13T20:23:45Z,-23.68511,-46.770103500000005,20.13,84,nublado
20260613_172405,6035-10,1213,1,78500,2026-06-13T20:23:34Z,-23.698998,-46.7798875,20.13,84,nublado
20260613_172405,6035-10,1213,1,78665,2026-06-13T20:23:58Z,-23.65173375,-46.702795,20.13,84,nublado
20260613_172405,6035-10,1213,1,78659,2026-06-13T20:23:49Z,-23.7142915,-46.7779025,20.13,84,nublado
20260613_172405,6035-10,1213,1,78806,2026-06-13T20:23:57Z,-23.720598000000003,-46.75235075,20.13,84,nublado
20260613_172405,6035-10,1213,1,78485,2026-06-13T20:23:29Z,-23.72059625,-46.76496125,20.13,84,nublado
20260613_172405,407N-10,34937,2,48960,2026-06-13T20:23:35Z,-23.551952999999997,-46.52125,20.13,84,nublado
20260613_172405,407N-10,34937,2,48375,2026-06-13T20:23:22Z,-23.5372475,-46.53731625,20.13,84,nublado
20260613_172405,407N-10,34937,2,48880,2026-06-13T20:23:57Z,-23.55714775,-46.51602325,20.13,84,nublado
20260613_172405,407N-10,34937,2,48385,2026-06-13T20:23:56Z,-23.583263,-46.407486,20.13,84,nublado
20260613_172405,407N-10,34937,2,48936,2026-06-13T20:23:33Z,-23.5637485,-46.508797,20.13,84,nublado
20260613_172405,407N-10,34937,2,48932,2026-06-13T20:23:42Z,-23.598783375,-46.464928,20.13,84,nublado
20260613_172405,407N-10,34937,2,48634,2026-06-13T20:23:38Z,-23.5867595,-46.4148405,20.13,84,nublado
20260613_172405,7001-10,34490,2,73633,2026-06-13T20:22:33Z,-23.7243085,-46.754826,20.13,84,nublado
20260613_172405,7001-10,34490,2,73631,2026-06-13T20:23:40Z,-23.70775575,-46.784370499999994,20.13,84,nublado
20260613_172405,7001-10,34490,2,73478,2026-06-13T20:23:48Z,-23.723585,-46.758676,20.13,84,nublado
20260613_172405,7001-10,34490,2,73640,2026-06-13T20:23:34Z,-23.699194,-46.7801025,20.13,84,nublado
20260613_172405,5630-10,78,1,61750,2026-06-13T20:23:59Z,-23.732001,-46.6976735,20.13,84,nublado
20260613_172405,5630-10,78,1,61662,2026-06-13T20:23:47Z,-23.5523945,-46.632870499999996,20.13,84,nublado
20260613_172405,5630-10,78,1,61645,2026-06-13T20:23:38Z,-23.7374635,-46.697805,20.13,84,nublado
20260613_172405,5630-10,78,1,61665,2026-06-13T20:23:55Z,-23.7374635,-46.697805,20.13,84,nublado
20260613_172405,5630-10,78,1,61667,2026-06-13T20:23:45Z,-23.58877,-46.651790500000004,20.13,84,nublado
20260613_172405,5630-10,78,1,61751,2026-06-13T20:23:47Z,-23.60876,-46.653268999999995,20.13,84,nublado
20260613_172405,5630-10,78,1,61777,2026-06-13T20:23:44Z,-23.55214725,-46.632746749999995,20.13,84,nublado
20260613_172405,5630-10,78,1,61651,2026-06-13T20:23:34Z,-23.7374635,-46.697805,20.13,84,nublado
20260613_172405,5630-10,78,1,61753,2026-06-13T20:23:22Z,-23.681663,-46.688997,20.13,84,nublado
20260613_172405,7245-21,35306,2,76091,2026-06-13T20:23:34Z,-23.630101,-46.7076225,20.13,84,nublado
20260613_172405,5611-10,33366,2,63030,2026-06-13T20:23:42Z,-23.6941315,-46.65683375,20.13,84,nublado
20260613_172405,5611-10,33366,2,63679,2026-06-13T20:23:37Z,-23.694331,-46.6774895,20.13,84,nublado
20260613_172405,5611-10,33366,2,63243,2026-06-13T20:23:44Z,-23.62455,-46.661809500000004,20.13,84,nublado
20260613_172405,5611-10,33366,2,63284,2026-06-13T20:23:28Z,-23.662667499999998,-46.679049500000005,20.13,84,nublado
20260613_172405,6412-10,33538,2,85857,2026-06-13T20:23:36Z,-23.58647075,-46.673997,20.13,84,nublado
20260613_172405,6412-10,33538,2,85837,2026-06-13T20:24:03Z,-23.58138925,-46.665473,20.13,84,nublado
20260613_172405,6412-10,33538,2,85807,2026-06-13T20:23:32Z,-23.615119999999997,-46.713530000000006,20.13,84,nublado
20260613_172405,2703-10,33683,2,36053,2026-06-13T20:23:52Z,-23.529075,-46.42023275,20.13,84,nublado
20260613_172405,2703-10,33683,2,36182,2026-06-13T20:23:24Z,-23.529075,-46.42023275,20.13,84,nublado
20260613_172405,2703-10,33683,2,36314,2026-06-13T20:23:51Z,-23.526180000000004,-46.432632749999996,20.13,84,nublado
20260613_172405,2703-10,33683,2,36202,2026-06-13T20:23:29Z,-23.5425605,-46.4717955,20.13,84,nublado
20260613_172405,2703-10,33683,2,36302,2026-06-13T20:23:37Z,-23.5260715,-46.4382545,20.13,84,nublado
20260613_172405,2703-10,33683,2,36247,2026-06-13T20:23:50Z,-23.5250645,-46.433897,20.13,84,nublado
20260613_172405,2703-10,33683,2,36078,2026-06-13T20:23:30Z,-23.525986000000003,-46.43213,20.13,84,nublado
20260613_172405,2703-10,33683,2,36273,2026-06-13T20:23:37Z,-23.5313555,-46.4183815,20.13,84,nublado
20260613_172405,2703-10,33683,2,36175,2026-06-13T20:23:25Z,-23.523343,-46.425064750000004,20.13,84,nublado
20260613_172405,478P-10,349,1,52051,2026-06-13T20:24:02Z,-23.5708805,-46.644690375,20.13,84,nublado
20260613_172405,478P-10,349,1,52153,2026-06-13T20:23:38Z,-23.526521000000002,-46.687852250000006,20.13,84,nublado
20260613_172405,1012-10,35254,2,16255,2026-06-13T20:23:31Z,-23.432268999999998,-46.787079000000006,20.13,84,nublado
20260613_172405,1012-10,35254,2,16018,2026-06-13T20:23:30Z,-23.432268999999998,-46.787079000000006,20.13,84,nublado
20260613_172405,1012-10,35254,2,16096,2026-06-13T20:24:02Z,-23.4355245,-46.788021,20.13,84,nublado
20260613_172405,1012-10,35254,2,16046,2026-06-13T20:23:55Z,-23.437323,-46.804497999999995,20.13,84,nublado
20260613_172405,5013-10,33885,2,68609,2026-06-13T20:23:20Z,-23.6667895,-46.69017375,20.13,84,nublado
20260613_172405,5013-10,33885,2,68499,2026-06-13T20:23:49Z,-23.678326,-46.6844765,20.13,84,nublado
20260613_172405,5013-10,33885,2,68024,2026-06-13T20:23:22Z,-23.6812385,-46.633822499999994,20.13,84,nublado
20260613_172405,5013-10,33885,2,68354,2026-06-13T20:23:21Z,-23.68056525,-46.654345250000006,20.13,84,nublado
20260613_172405,5013-10,33885,2,68074,2026-06-13T20:23:22Z,-23.6733205,-46.686609000000004,20.13,84,nublado
20260613_172405,5013-10,33885,2,68323,2026-06-13T20:23:43Z,-23.6731905,-46.665558000000004,20.13,84,nublado
20260613_172405,5013-10,33885,2,68813,2026-06-13T20:23:54Z,-23.682509,-46.633010999999996,20.13,84,nublado
20260613_172405,118Y-10,33609,2,26007,2026-06-13T20:24:02Z,-23.475894500000003,-46.641337,20.13,84,nublado
20260613_172405,118Y-10,33609,2,26312,2026-06-13T20:23:38Z,-23.501283,-46.6734845,20.13,84,nublado
20260613_172405,118Y-10,33609,2,26327,2026-06-13T20:23:47Z,-23.472411,-46.634502749999996,20.13,84,nublado
20260613_172405,118Y-10,33609,2,26178,2026-06-13T20:23:55Z,-23.48337225,-46.6518705,20.13,84,nublado
20260613_172405,118Y-10,33609,2,26044,2026-06-13T20:23:30Z,-23.472693,-46.63499025,20.13,84,nublado
20260613_172405,118Y-10,33609,2,26465,2026-06-13T20:23:46Z,-23.4833255,-46.659869,20.13,84,nublado
20260613_172405,118Y-10,33609,2,26462,2026-06-13T20:24:00Z,-23.472693,-46.63499025,20.13,84,nublado
20260613_172405,7006-10,34763,2,78823,2026-06-13T20:23:26Z,-23.7358945,-46.7810025,20.13,84,nublado
20260613_172405,7006-10,34763,2,78876,2026-06-13T20:23:27Z,-23.715745499999997,-46.7830165,20.13,84,nublado
20260613_172405,7006-10,34763,2,78863,2026-06-13T20:23:37Z,-23.750601,-46.777545,20.13,84,nublado
20260613_172405,8594-10,432,1,11837,2026-06-13T20:23:39Z,-23.5195885,-46.700672,20.13,84,nublado
20260613_172405,8594-10,432,1,11839,2026-06-13T20:23:23Z,-23.547847500000003,-46.6420095,20.13,84,nublado
20260613_172405,8594-10,432,1,11835,2026-06-13T20:23:47Z,-23.524959000000003,-46.695377625000006,20.13,84,nublado
20260613_172405,8594-10,432,1,11459,2026-06-13T20:23:48Z,-23.45357,-46.7487175,20.13,84,nublado
20260613_172405,8594-10,432,1,11813,2026-06-13T20:23:21Z,-23.5351595,-46.653281750000005,20.13,84,nublado
20260613_172405,8594-10,432,1,11836,2026-06-13T20:23:20Z,-23.4479275,-46.721939500000005,20.13,84,nublado
20260613_172405,407J-10,2198,1,48149,2026-06-13T20:23:33Z,-23.54241275,-46.560853125,20.13,84,nublado
20260613_172405,407J-10,2198,1,48050,2026-06-13T20:23:57Z,-23.5563895,-46.525339,20.13,84,nublado
20260613_172405,407J-10,2198,1,48198,2026-06-13T20:23:55Z,-23.55424325,-46.4668825,20.13,84,nublado
20260613_172405,407J-10,2198,1,48074,2026-06-13T20:23:38Z,-23.541560999999998,-46.556471124999995,20.13,84,nublado
20260613_172405,407J-10,2198,1,48241,2026-06-13T20:23:49Z,-23.5657563125,-46.512289062499995,20.13,84,nublado
20260613_172405,407J-10,2198,1,48008,2026-06-13T20:23:44Z,-23.553662,-46.403915,20.13,84,nublado
20260613_172405,407J-10,2198,1,48799,2026-06-13T20:23:43Z,-23.5269245,-46.432640500000005,20.13,84,nublado
20260613_172405,407J-10,2198,1,48569,2026-06-13T20:23:37Z,-23.569175,-46.47737275,20.13,84,nublado
20260613_172405,407J-10,2198,1,48156,2026-06-13T20:23:41Z,-23.54931375,-46.399681,20.13,84,nublado
20260613_172405,875C-1,2510,1,82752,2026-06-13T20:23:31Z,-23.576197999999998,-46.68766125,20.13,84,nublado
20260613_172405,875C-1,2510,1,82702,2026-06-13T20:23:57Z,-23.52012,-46.6994665,20.13,84,nublado
20260613_172405,3773-10,33827,2,47231,2026-06-13T20:24:01Z,-23.5766055,-46.5020475,20.13,84,nublado
20260613_172405,3773-10,33827,2,47733,2026-06-13T20:24:03Z,-23.615216,-46.4656195,20.13,84,nublado
20260613_172405,3773-10,33827,2,47200,2026-06-13T20:23:46Z,-23.538576,-46.564368,20.13,84,nublado
20260613_172405,3773-10,33827,2,47028,2026-06-13T20:23:35Z,-23.6157045,-46.465323999999995,20.13,84,nublado
20260613_172405,3773-10,33827,2,47205,2026-06-13T20:23:49Z,-23.600475000000003,-46.470719,20.13,84,nublado
20260613_172405,3773-10,33827,2,47055,2026-06-13T20:23:55Z,-23.616042,-46.464892,20.13,84,nublado
20260613_172405,771P-10,506,1,81415,2026-06-13T20:23:42Z,-23.596944,-46.7904425,20.13,84,nublado
20260613_172405,746H-10,785,1,86101,2026-06-13T20:23:31Z,-23.603076,-46.7253075,20.13,84,nublado
20260613_172405,746H-10,785,1,86618,2026-06-13T20:23:39Z,-23.595184,-46.754686,20.13,84,nublado
20260613_172405,746H-10,785,1,86102,2026-06-13T20:23:47Z,-23.607271,-46.725418000000005,20.13,84,nublado
20260613_172405,746H-10,785,1,86346,2026-06-13T20:23:48Z,-23.64102075,-46.723828,20.13,84,nublado
20260613_172405,746H-10,785,1,86616,2026-06-13T20:23:26Z,-23.64471425,-46.726479,20.13,84,nublado
20260613_172405,746H-10,785,1,86318,2026-06-13T20:23:47Z,-23.613838,-46.730881,20.13,84,nublado
20260613_172405,746H-10,785,1,86614,2026-06-13T20:23:43Z,-23.64188625,-46.724348000000006,20.13,84,nublado
20260613_172405,746H-10,785,1,86613,2026-06-13T20:24:04Z,-23.593633,-46.721205,20.13,84,nublado
20260613_172405,746H-10,785,1,86079,2026-06-13T20:23:41Z,-23.5907725,-46.737387999999996,20.13,84,nublado
20260613_172405,746H-10,785,1,86098,2026-06-13T20:24:04Z,-23.6491045,-46.7063595,20.13,84,nublado
20260613_172405,746C-10,783,1,86417,2026-06-13T20:23:44Z,-23.63033325,-46.73643025,20.13,84,nublado
20260613_172405,746C-10,783,1,86251,2026-06-13T20:23:34Z,-23.643999,-46.7324175,20.13,84,nublado
20260613_172405,746C-10,783,1,86336,2026-06-13T20:23:56Z,-23.6498405,-46.707801,20.13,84,nublado
20260613_172405,746C-10,783,1,86300,2026-06-13T20:23:17Z,-23.619319500000003,-46.742773,20.13,84,nublado
20260613_172405,746C-10,783,1,86619,2026-06-13T20:23:57Z,-23.609801750000003,-46.74618575,20.13,84,nublado
20260613_172405,3160-10,32893,2,41779,2026-06-13T20:23:38Z,-23.583925999999998,-46.585930000000005,20.13,84,nublado
20260613_172405,3160-10,32893,2,41798,2026-06-13T20:23:48Z,-23.583903499999998,-46.5856135,20.13,84,nublado
20260613_172405,3160-10,32893,2,41821,2026-06-13T20:23:46Z,-23.583903499999998,-46.5856135,20.13,84,nublado
20260613_172405,3160-10,32893,2,41828,2026-06-13T20:23:19Z,-23.583903499999998,-46.5856135,20.13,84,nublado
20260613_172405,3160-10,32893,2,41822,2026-06-13T20:24:02Z,-23.553249375,-46.600373875,20.13,84,nublado
20260613_172405,4311-10,2171,1,31955,2026-06-13T20:23:45Z,-23.5428918125,-46.58557081250001,20.13,84,nublado
20260613_172405,4311-10,2171,1,31858,2026-06-13T20:23:57Z,-23.597731500000002,-46.46733075,20.13,84,nublado
20260613_172405,4311-10,2171,1,31952,2026-06-13T20:23:30Z,-23.540864,-46.536913,20.13,84,nublado
20260613_172405,4311-10,2171,1,31863,2026-06-13T20:23:58Z,-23.582572,-46.490185999999994,20.13,84,nublado
20260613_172405,2127-10,693,1,21772,2026-06-13T20:23:24Z,-23.512973000000002,-46.602621,20.13,84,nublado
20260613_172405,2127-10,693,1,21706,2026-06-13T20:23:26Z,-23.495433499999997,-46.577265499999996,20.13,84,nublado
20260613_172405,5022-10,33888,2,68245,2026-06-13T20:24:00Z,-23.6720685,-46.638756,20.13,84,nublado
20260613_172405,5022-10,33888,2,68349,2026-06-13T20:24:00Z,-23.6617025,-46.644186749999996,20.13,84,nublado
20260613_172405,5022-10,33888,2,68019,2026-06-13T20:23:51Z,-23.667980999999997,-46.647666,20.13,84,nublado
20260613_172405,3031-10,967,1,47651,2026-06-13T20:24:02Z,-23.607872,-46.44837750000001,20.13,84,nublado
20260613_172405,3031-10,967,1,47703,2026-06-13T20:23:45Z,-23.544383500000002,-46.4656455,20.13,84,nublado
20260613_172405,3031-10,967,1,47003,2026-06-13T20:23:57Z,-23.5879805,-46.4426885,20.13,84,nublado
20260613_172405,3031-10,967,1,47305,2026-06-13T20:23:29Z,-23.570649500000002,-46.446809,20.13,84,nublado
20260613_172405,748A-10,498,1,80012,2026-06-13T20:23:54Z,-23.5723415,-46.777902749999996,20.13,84,nublado
20260613_172405,748A-10,498,1,80006,2026-06-13T20:24:01Z,-23.524479749999998,-46.7200615,20.13,84,nublado
20260613_172405,2019-10,33673,2,35829,2026-06-13T20:23:53Z,-23.52137475,-46.51627125,20.13,84,nublado
20260613_172405,2019-10,33673,2,35718,2026-06-13T20:23:38Z,-23.529691999999997,-46.47905,20.13,84,nublado
20260613_172405,2019-10,33673,2,35950,2026-06-13T20:23:47Z,-23.532129,-46.48319,20.13,84,nublado
20260613_172405,527R-10,33039,2,68143,2026-06-13T20:23:41Z,-23.67516125,-46.650865499999995,20.13,84,nublado
20260613_172405,527R-10,33039,2,68317,2026-06-13T20:23:56Z,-23.67516125,-46.650865499999995,20.13,84,nublado
20260613_172405,527R-10,33039,2,68364,2026-06-13T20:23:21Z,-23.666915,-46.65573474999999,20.13,84,nublado
20260613_172405,8000-1,35274,2,12666,2026-06-13T20:23:29Z,-23.53755025,-46.648718,20.13,84,nublado
20260613_172405,8000-1,35274,2,12555,2026-06-13T20:23:51Z,-23.5456625,-46.6384795,20.13,84,nublado
20260613_172405,8000-1,35274,2,12556,2026-06-13T20:23:33Z,-23.52087225,-46.70017,20.13,84,nublado
20260613_172405,3756-10,33818,2,36180,2026-06-13T20:23:42Z,-23.54553525,-46.46165175,20.13,84,nublado
20260613_172405,3756-10,33818,2,36036,2026-06-13T20:23:59Z,-23.5815025,-46.3929495,20.13,84,nublado
20260613_172405,3756-10,33818,2,36035,2026-06-13T20:23:59Z,-23.590726500000002,-46.389305,20.13,84,nublado
20260613_172405,3756-10,33818,2,36684,2026-06-13T20:23:41Z,-23.575471,-46.3924385,20.13,84,nublado
20260613_172405,3756-10,33818,2,36033,2026-06-13T20:23:23Z,-23.5707235,-46.397071,20.13,84,nublado
20260613_172405,5127-10,1127,1,68569,2026-06-13T20:23:46Z,-23.6934005,-46.6577415,20.13,84,nublado
20260613_172405,2551-10,32909,2,31742,2026-06-13T20:23:47Z,-23.546832000000002,-46.6301665,20.13,84,nublado
20260613_172405,2551-10,32909,2,31119,2026-06-13T20:23:33Z,-23.518814499999998,-46.475541,20.13,84,nublado
20260613_172405,2551-10,32909,2,31780,2026-06-13T20:23:26Z,-23.546832000000002,-46.6301665,20.13,84,nublado
20260613_172405,2551-10,32909,2,31182,2026-06-13T20:23:59Z,-23.539212,-46.608181,20.13,84,nublado
20260613_172405,2551-10,32909,2,31781,2026-06-13T20:23:57Z,-23.546832000000002,-46.6301665,20.13,84,nublado
20260613_172405,2551-10,32909,2,31113,2026-06-13T20:23:40Z,-23.546832000000002,-46.6301665,20.13,84,nublado
20260613_172405,2551-10,32909,2,31790,2026-06-13T20:23:33Z,-23.484613500000002,-46.488979,20.13,84,nublado
20260613_172405,1156-10,659,1,21752,2026-06-13T20:23:28Z,-23.489214500000003,-46.5709745,20.13,84,nublado
20260613_172405,1156-10,659,1,21372,2026-06-13T20:23:20Z,-23.54171975,-46.63517325,20.13,84,nublado
20260613_172405,1156-10,659,1,21369,2026-06-13T20:23:21Z,-23.521648499999998,-46.611875125,20.13,84,nublado
20260613_172405,575A-10,34406,2,56527,2026-06-13T20:23:46Z,-23.60185,-46.5704185,20.13,84,nublado
20260613_172405,575A-10,34406,2,56362,2026-06-13T20:23:37Z,-23.5889965,-46.584722,20.13,84,nublado
20260613_172405,575A-10,34406,2,56374,2026-06-13T20:23:44Z,-23.541272,-46.577019,20.13,84,nublado
20260613_172405,938P-10,888,1,16128,2026-06-13T20:24:03Z,-23.466048999999998,-46.6829045,20.13,84,nublado
20260613_172405,938P-10,888,1,16263,2026-06-13T20:23:54Z,-23.462593499999997,-46.6814735,20.13,84,nublado
20260613_172405,938P-10,888,1,16716,2026-06-13T20:23:52Z,-23.523928374999997,-46.695366750000005,20.13,84,nublado
20260613_172405,938P-10,888,1,16178,2026-06-13T20:23:54Z,-23.463176500000003,-46.6814205,20.13,84,nublado
20260613_172405,938P-10,888,1,16434,2026-06-13T20:23:26Z,-23.494708,-46.692167999999995,20.13,84,nublado
20260613_172405,2726-10,33708,2,35714,2026-06-13T20:23:52Z,-23.522993749999998,-46.542624,20.13,84,nublado
20260613_172405,2726-10,33708,2,35703,2026-06-13T20:23:22Z,-23.53209775,-46.5480615,20.13,84,nublado
20260613_172405,2726-10,33708,2,35751,2026-06-13T20:23:47Z,-23.519278,-46.472604,20.13,84,nublado
20260613_172405,2726-10,33708,2,35772,2026-06-13T20:23:52Z,-23.513284499999997,-46.516854,20.13,84,nublado
20260613_172405,2726-10,33708,2,35946,2026-06-13T20:23:40Z,-23.514373499999998,-46.478556999999995,20.13,84,nublado
20260613_172405,2726-10,33708,2,35990,2026-06-13T20:23:43Z,-23.508325499999998,-46.4684905,20.13,84,nublado
20260613_172405,2013-10,33667,2,25164,2026-06-13T20:24:02Z,-23.469407,-46.655289,20.13,84,nublado
20260613_172405,2013-10,33667,2,25632,2026-06-13T20:23:39Z,-23.454283,-46.658618,20.13,84,nublado
20260613_172405,2013-10,33667,2,25648,2026-06-13T20:23:48Z,-23.466498,-46.6390735,20.13,84,nublado
20260613_172405,2013-10,33667,2,25622,2026-06-13T20:23:39Z,-23.460910499999997,-46.671063000000004,20.13,84,nublado
20260613_172405,2013-10,33667,2,25159,2026-06-13T20:23:39Z,-23.454400999999997,-46.658887,20.13,84,nublado
20260613_172405,2013-10,33667,2,25207,2026-06-13T20:23:25Z,-23.4552945,-46.659262,20.13,84,nublado
20260613_172405,2013-10,33667,2,25597,2026-06-13T20:23:22Z,-23.454400999999997,-46.658887,20.13,84,nublado
20260613_172405,875C-10,33246,2,80082,2026-06-13T20:23:45Z,-23.6034745,-46.659946875,20.13,84,nublado
20260613_172405,875C-10,33246,2,80314,2026-06-13T20:23:50Z,-23.527814499999998,-46.705098,20.13,84,nublado
20260613_172405,875C-10,33246,2,80035,2026-06-13T20:23:54Z,-23.54904525,-46.709695874999994,20.13,84,nublado
20260613_172405,4734-10,1109,1,55452,2026-06-13T20:23:43Z,-23.626777750000002,-46.6191625,20.13,84,nublado
20260613_172405,4734-10,1109,1,55040,2026-06-13T20:23:42Z,-23.636931,-46.614408,20.13,84,nublado
20260613_172405,4734-10,1109,1,55036,2026-06-13T20:23:46Z,-23.6431255,-46.605562000000006,20.13,84,nublado
20260613_172405,4734-10,1109,1,55416,2026-06-13T20:23:37Z,-23.6414715,-46.610838,20.13,84,nublado
20260613_172405,2705-10,917,1,36022,2026-06-13T20:24:02Z,-23.543409625,-46.423206375,20.13,84,nublado
20260613_172405,2705-10,917,1,36177,2026-06-13T20:23:23Z,-23.545738,-46.393099500000005,20.13,84,nublado
20260613_172405,2705-10,917,1,36130,2026-06-13T20:23:40Z,-23.5434805,-46.4640595,20.13,84,nublado
20260613_172405,2705-10,917,1,36100,2026-06-13T20:23:25Z,-23.54703875,-46.398262,20.13,84,nublado
20260613_172405,2006-10,33663,2,36186,2026-06-13T20:23:41Z,-23.496948875,-46.400600749999995,20.13,84,nublado
20260613_172405,2006-10,33663,2,36316,2026-06-13T20:23:37Z,-23.488864375,-46.378856999999996,20.13,84,nublado
20260613_172405,2006-10,33663,2,36614,2026-06-13T20:23:44Z,-23.497132,-46.394368,20.13,84,nublado
20260613_172405,2006-10,33663,2,36161,2026-06-13T20:23:23Z,-23.510135124999998,-46.366632749999994,20.13,84,nublado
20260613_172405,2006-10,33663,2,36547,2026-06-13T20:23:53Z,-23.494194,-46.400918,20.13,84,nublado
20260613_172405,677A-10,34007,2,73900,2026-06-13T20:23:56Z,-23.63569975,-46.721984750000004,20.13,84,nublado
20260613_172405,677A-10,34007,2,73832,2026-06-13T20:23:25Z,-23.6696965,-46.74064075,20.13,84,nublado
20260613_172405,677A-10,34007,2,73833,2026-06-13T20:23:07Z,-23.61811025,-46.70098312500001,20.13,84,nublado
20260613_172405,677A-10,34007,2,73882,2026-06-13T20:23:30Z,-23.667336499999998,-46.736247000000006,20.13,84,nublado
20260613_172405,677A-10,34007,2,73875,2026-06-13T20:22:48Z,-23.6905325,-46.774566500000006,20.13,84,nublado
20260613_172405,677A-10,34007,2,73811,2026-06-13T20:23:19Z,-23.6647695,-46.731545999999994,20.13,84,nublado
20260613_172405,677A-10,34007,2,73848,2026-06-13T20:23:54Z,-23.661071500000002,-46.725635125,20.13,84,nublado
20260613_172405,677A-10,34007,2,73868,2026-06-13T20:23:52Z,-23.64971275,-46.726975,20.13,84,nublado
20260613_172405,208V-10,207,1,31172,2026-06-13T20:23:38Z,-23.535142625,-46.58197975,20.13,84,nublado
20260613_172405,208V-10,207,1,31297,2026-06-13T20:24:01Z,-23.529107500000002,-46.553049,20.13,84,nublado
20260613_172405,208V-10,207,1,31135,2026-06-13T20:23:39Z,-23.517753,-46.475941500000005,20.13,84,nublado
20260613_172405,208V-10,207,1,31928,2026-06-13T20:23:25Z,-23.517753,-46.475941500000005,20.13,84,nublado
20260613_172405,208V-10,207,1,31289,2026-06-13T20:23:59Z,-23.5435645,-46.61983,20.13,84,nublado
20260613_172405,208V-10,207,1,31766,2026-06-13T20:23:20Z,-23.517335,-46.4814655,20.13,84,nublado
20260613_172405,208V-10,207,1,31320,2026-06-13T20:23:30Z,-23.517753,-46.475941500000005,20.13,84,nublado
20260613_172405,208V-10,207,1,31295,2026-06-13T20:23:20Z,-23.510844249999998,-46.508745000000005,20.13,84,nublado
20260613_172405,4725-10,338,1,51418,2026-06-13T20:23:37Z,-23.611991,-46.62674975,20.13,84,nublado
20260613_172405,7001-10,1722,1,73475,2026-06-13T20:23:52Z,-23.6862755,-46.770596999999995,20.13,84,nublado
20260613_172405,7001-10,1722,1,73930,2026-06-13T20:23:56Z,-23.7247405,-46.7552985,20.13,84,nublado
20260613_172405,7001-10,1722,1,73612,2026-06-13T20:23:56Z,-23.723630625000002,-46.764362000000006,20.13,84,nublado
20260613_172405,6837-10,32774,2,85643,2026-06-13T20:23:41Z,-23.6159155,-46.739995,20.13,84,nublado
20260613_172405,6837-10,32774,2,85713,2026-06-13T20:23:31Z,-23.6463565,-46.763836999999995,20.13,84,nublado
20260613_172405,6837-10,32774,2,85708,2026-06-13T20:23:46Z,-23.61936425,-46.75814425,20.13,84,nublado
20260613_172405,6837-10,32774,2,85694,2026-06-13T20:23:47Z,-23.6154705,-46.7401805,20.13,84,nublado
20260613_172405,6837-10,32774,2,85717,2026-06-13T20:23:27Z,-23.6479699375,-46.756463874999994,20.13,84,nublado
20260613_172405,6837-10,32774,2,85703,2026-06-13T20:23:31Z,-23.615714,-46.740030000000004,20.13,84,nublado
20260613_172405,701A-10,33457,2,21428,2026-06-13T20:23:55Z,-23.537996,-46.620285249999995,20.13,84,nublado
20260613_172405,701A-10,33457,2,21038,2026-06-13T20:23:26Z,-23.476518499999997,-46.572773999999995,20.13,84,nublado
20260613_172405,701A-10,33457,2,21013,2026-06-13T20:23:27Z,-23.547483,-46.689908,20.13,84,nublado
20260613_172405,701A-10,33457,2,21398,2026-06-13T20:23:37Z,-23.4737385,-46.565966,20.13,84,nublado
20260613_172405,701A-10,33457,2,21431,2026-06-13T20:24:00Z,-23.5478925,-46.6425115,20.13,84,nublado
20260613_172405,701A-10,33457,2,21037,2026-06-13T20:23:23Z,-23.4737385,-46.565966,20.13,84,nublado
20260613_172405,7059-10,34692,2,72567,2026-06-13T20:24:03Z,-23.659893500000003,-46.7761195,20.13,84,nublado
20260613_172405,7059-10,34692,2,72821,2026-06-13T20:23:57Z,-23.658105,-46.7818715,20.13,84,nublado
20260613_172405,5012-10,1116,1,68199,2026-06-13T20:23:10Z,-23.7091115,-46.630035,20.13,84,nublado
20260613_172405,5012-10,1116,1,68051,2026-06-13T20:23:17Z,-23.7097155,-46.6354455,20.13,84,nublado
20260613_172405,5012-10,1116,1,68436,2026-06-13T20:23:39Z,-23.702063,-46.6363915,20.13,84,nublado
20260613_172405,5012-10,1116,1,68885,2026-06-13T20:23:54Z,-23.7097155,-46.6354455,20.13,84,nublado
20260613_172405,5012-10,1116,1,68194,2026-06-13T20:23:32Z,-23.669442500000002,-46.6369565,20.13,84,nublado
20260613_172405,5012-10,1116,1,68069,2026-06-13T20:23:20Z,-23.7097155,-46.6354455,20.13,84,nublado
20260613_172405,5012-10,1116,1,68692,2026-06-13T20:23:56Z,-23.7097155,-46.6354455,20.13,84,nublado
20260613_172405,5012-10,1116,1,68306,2026-06-13T20:23:28Z,-23.7097155,-46.6354455,20.13,84,nublado
20260613_172405,857R-10,1892,1,80356,2026-06-13T20:23:22Z,-23.63137,-46.771866,20.13,84,nublado
20260613_172405,857R-10,1892,1,80313,2026-06-13T20:23:52Z,-23.57276425,-46.64287075,20.13,84,nublado
20260613_172405,857R-10,1892,1,80070,2026-06-13T20:23:54Z,-23.6308255,-46.772924,20.13,84,nublado
20260613_172405,857R-10,1892,1,80234,2026-06-13T20:23:30Z,-23.571202,-46.691386,20.13,84,nublado
20260613_172405,857R-10,1892,1,80311,2026-06-13T20:23:55Z,-23.5758255,-46.6414265,20.13,84,nublado
20260613_172405,1743-10,543,1,22898,2026-06-13T20:23:49Z,-23.505087375000002,-46.624955875,20.13,84,nublado
20260613_172405,1743-10,543,1,22899,2026-06-13T20:23:59Z,-23.5104885,-46.62510475,20.13,84,nublado
20260613_172405,1743-10,543,1,22774,2026-06-13T20:23:37Z,-23.459633,-46.66623,20.13,84,nublado
20260613_172405,1743-10,543,1,22679,2026-06-13T20:23:40Z,-23.470346499999998,-46.653117,20.13,84,nublado
20260613_172405,1743-10,543,1,22762,2026-06-13T20:23:24Z,-23.484597,-46.641841,20.13,84,nublado
20260613_172405,3745-10,33812,2,45549,2026-06-13T20:23:59Z,-23.5648055,-46.535931500000004,20.13,84,nublado
20260613_172405,3745-10,33812,2,45577,2026-06-13T20:23:55Z,-23.5536065,-46.530641,20.13,84,nublado
20260613_172405,3745-10,33812,2,45583,2026-06-13T20:23:56Z,-23.588690999999997,-46.500551,20.13,84,nublado
20260613_172405,1732-10,671,1,21755,2026-06-13T20:23:52Z,-23.507569750000002,-46.65027275,20.13,84,nublado
20260613_172405,1732-10,671,1,21718,2026-06-13T20:23:35Z,-23.4840115,-46.567589,20.13,84,nublado
20260613_172405,1732-10,671,1,21711,2026-06-13T20:23:49Z,-23.487068999999998,-46.606806500000005,20.13,84,nublado
20260613_172405,6003-21,2576,1,61779,2026-06-13T20:23:59Z,-23.766613,-46.71643,20.13,84,nublado
20260613_172405,6003-21,2576,1,61384,2026-06-13T20:24:01Z,-23.766613,-46.71643,20.13,84,nublado
20260613_172405,6003-21,2576,1,61378,2026-06-13T20:23:52Z,-23.766613,-46.71643,20.13,84,nublado
20260613_172405,174M-10,33441,2,22713,2026-06-13T20:24:00Z,-23.485357,-46.5726585,20.13,84,nublado
20260613_172405,174M-10,33441,2,22540,2026-06-13T20:23:54Z,-23.484595,-46.615193500000004,20.13,84,nublado
20260613_172405,174M-10,33441,2,22612,2026-06-13T20:23:39Z,-23.4880165,-46.574464500000005,20.13,84,nublado
20260613_172405,174M-10,33441,2,22702,2026-06-13T20:23:33Z,-23.48376175,-46.61411825,20.13,84,nublado
20260613_172405,174M-10,33441,2,22711,2026-06-13T20:23:22Z,-23.487555999999998,-46.5742625,20.13,84,nublado
20260613_172405,5034-31,34432,2,51444,2026-06-13T20:23:52Z,-23.6468805,-46.60790825,20.13,84,nublado
20260613_172405,5034-31,34432,2,51419,2026-06-13T20:23:17Z,-23.614300749999998,-46.600943,20.13,84,nublado
20260613_172405,575A-10,1638,1,56533,2026-06-13T20:23:38Z,-23.5838735,-46.584436999999994,20.13,84,nublado
20260613_172405,575A-10,1638,1,56247,2026-06-13T20:23:47Z,-23.6018545,-46.57027,20.13,84,nublado
20260613_172405,575A-10,1638,1,56378,2026-06-13T20:23:47Z,-23.550242687500003,-46.584031125,20.13,84,nublado
20260613_172405,5290-10,33365,2,63642,2026-06-13T20:23:34Z,-23.654470625,-46.636961,20.13,84,nublado
20260613_172405,5290-10,33365,2,63332,2026-06-13T20:23:43Z,-23.6278265,-46.643551,20.13,84,nublado
20260613_172405,5290-10,33365,2,63376,2026-06-13T20:23:51Z,-23.5578285,-46.63968925,20.13,84,nublado
20260613_172405,5290-10,33365,2,63378,2026-06-13T20:23:19Z,-23.680952499999997,-46.636174499999996,20.13,84,nublado
20260613_172405,273X-10,33160,2,32511,2026-06-13T20:23:49Z,-23.498345,-46.376669500000006,20.13,84,nublado
20260613_172405,273X-10,33160,2,32690,2026-06-13T20:23:21Z,-23.494880000000002,-46.405544,20.13,84,nublado
20260613_172405,273X-10,33160,2,32675,2026-06-13T20:23:57Z,-23.5029535,-46.471446,20.13,84,nublado
20260613_172405,273X-10,33160,2,32659,2026-06-13T20:23:47Z,-23.494808,-46.3886665,20.13,84,nublado
20260613_172405,273X-10,33160,2,32687,2026-06-13T20:23:37Z,-23.497997624999996,-46.376735124999996,20.13,84,nublado
20260613_172405,273X-10,33160,2,32948,2026-06-13T20:23:42Z,-23.498168999999997,-46.376669500000006,20.13,84,nublado
20260613_172405,273X-10,33160,2,32513,2026-06-13T20:23:40Z,-23.4922215,-46.3802235,20.13,84,nublado
20260613_172405,273X-10,33160,2,32163,2026-06-13T20:23:40Z,-23.4943805,-46.438734499999995,20.13,84,nublado
20260613_172405,273X-10,33160,2,32907,2026-06-13T20:23:39Z,-23.494921875000003,-46.408817625,20.13,84,nublado
20260613_172405,9785-10,828,1,16064,2026-06-13T20:23:35Z,-23.477438999999997,-46.686697,20.13,84,nublado
20260613_172405,9785-10,828,1,16236,2026-06-13T20:23:17Z,-23.4561785,-46.698985,20.13,84,nublado
20260613_172405,9785-10,828,1,16291,2026-06-13T20:23:49Z,-23.525985,-46.669427,20.13,84,nublado
20260613_172405,9785-10,828,1,16185,2026-06-13T20:23:58Z,-23.457575,-46.699669,20.13,84,nublado
20260613_172405,9785-10,828,1,16462,2026-06-13T20:23:54Z,-23.457315,-46.699529,20.13,84,nublado
20260613_172405,9785-10,828,1,16234,2026-06-13T20:23:30Z,-23.48721,-46.687832875,20.13,84,nublado
20260613_172405,938C-10,586,1,11817,2026-06-13T20:23:53Z,-23.526391,-46.673964,20.13,84,nublado
20260613_172405,938C-10,586,1,11814,2026-06-13T20:23:35Z,-23.489252999999998,-46.7180025,20.13,84,nublado
20260613_172405,2100-10,713,1,41525,2026-06-13T20:23:50Z,-23.5587215,-46.522659000000004,20.13,84,nublado
20260613_172405,2100-10,713,1,41569,2026-06-13T20:24:03Z,-23.557564499999998,-46.5800315,20.13,84,nublado
20260613_172405,2100-10,713,1,41815,2026-06-13T20:23:52Z,-23.5625755,-46.558721500000004,20.13,84,nublado
20260613_172405,2100-10,713,1,41803,2026-06-13T20:23:30Z,-23.5625845,-46.522476,20.13,84,nublado
20260613_172405,2100-10,713,1,41576,2026-06-13T20:23:46Z,-23.552018000000004,-46.621163375,20.13,84,nublado
20260613_172405,2100-10,713,1,41547,2026-06-13T20:23:54Z,-23.5632945,-46.5494885,20.13,84,nublado
20260613_172405,2100-10,713,1,41597,2026-06-13T20:23:55Z,-23.556195375,-46.575081374999996,20.13,84,nublado
20260613_172405,2100-10,713,1,41585,2026-06-13T20:23:27Z,-23.557562499999996,-46.58908675,20.13,84,nublado
20260613_172405,3751-10,1047,1,47081,2026-06-13T20:23:37Z,-23.552166,-46.425078,20.13,84,nublado
20260613_172405,3751-10,1047,1,47753,2026-06-13T20:24:00Z,-23.551863,-46.434818500000006,20.13,84,nublado
20260613_172405,3751-10,1047,1,47250,2026-06-13T20:23:36Z,-23.552427,-46.4249925,20.13,84,nublado
20260613_172405,3751-10,1047,1,47056,2026-06-13T20:23:31Z,-23.562289125,-46.419348375,20.13,84,nublado
20260613_172405,3751-10,1047,1,47151,2026-06-13T20:23:56Z,-23.5663345,-46.409338,20.13,84,nublado
20260613_172405,3751-10,1047,1,47559,2026-06-13T20:23:30Z,-23.569356,-46.4108985,20.13,84,nublado
20260613_172405,3751-10,1047,1,47398,2026-06-13T20:23:47Z,-23.569356,-46.4108985,20.13,84,nublado
20260613_172405,3751-10,1047,1,47661,2026-06-13T20:23:35Z,-23.542298,-46.4702415,20.13,84,nublado
20260613_172405,3751-10,1047,1,47254,2026-06-13T20:23:36Z,-23.564459,-46.415409499999996,20.13,84,nublado
20260613_172405,3751-10,1047,1,47022,2026-06-13T20:23:59Z,-23.55197675,-46.44396725,20.13,84,nublado
20260613_172405,8707-10,34832,2,81266,2026-06-13T20:23:39Z,-23.566597,-46.753137,20.13,84,nublado
20260613_172405,8707-10,34832,2,81614,2026-06-13T20:23:52Z,-23.560787750000003,-46.672633,20.13,84,nublado
20260613_172405,8707-10,34832,2,81582,2026-06-13T20:23:29Z,-23.570239,-46.7581055,20.13,84,nublado
20260613_172405,8707-10,34832,2,81515,2026-06-13T20:24:02Z,-23.582739625000002,-46.76021837500001,20.13,84,nublado
20260613_172405,2735-10,1921,1,45675,2026-06-13T20:23:40Z,-23.5308775,-46.546507500000004,20.13,84,nublado
20260613_172405,2735-10,1921,1,45014,2026-06-13T20:23:39Z,-23.499413499999996,-46.5246935,20.13,84,nublado
20260613_172405,2735-10,1921,1,45414,2026-06-13T20:24:01Z,-23.492656000000004,-46.512490875,20.13,84,nublado
20260613_172405,4313-10,34941,2,31215,2026-06-13T20:23:37Z,-23.5439595,-46.531541000000004,20.13,84,nublado
20260613_172405,4313-10,34941,2,31263,2026-06-13T20:23:52Z,-23.58493225,-46.48927225,20.13,84,nublado
20260613_172405,4313-10,34941,2,31254,2026-06-13T20:23:22Z,-23.56521725,-46.50791875,20.13,84,nublado
20260613_172405,4313-10,34941,2,31265,2026-06-13T20:24:03Z,-23.583108,-46.407450499999996,20.13,84,nublado
20260613_172405,4313-10,34941,2,31595,2026-06-13T20:23:40Z,-23.585396499999998,-46.414854500000004,20.13,84,nublado
20260613_172405,4313-10,34941,2,31590,2026-06-13T20:23:59Z,-23.544462,-46.592740500000005,20.13,84,nublado
20260613_172405,4313-10,34941,2,31244,2026-06-13T20:23:38Z,-23.5856815,-46.414841499999994,20.13,84,nublado
20260613_172405,4313-10,34941,2,31302,2026-06-13T20:23:32Z,-23.552198500000003,-46.6225435,20.13,84,nublado
20260613_172405,4313-10,34941,2,31591,2026-06-13T20:23:58Z,-23.5381725,-46.563,20.13,84,nublado
20260613_172405,4313-10,34941,2,31260,2026-06-13T20:23:24Z,-23.596176375,-46.454201499999996,20.13,84,nublado
20260613_172405,4313-10,34941,2,31217,2026-06-13T20:23:32Z,-23.581527,-46.4149995,20.13,84,nublado
20260613_172405,5029-10,1672,1,51414,2026-06-13T20:23:50Z,-23.620576999999997,-46.5854185,20.13,84,nublado
20260613_172405,7005-51,34767,2,78803,2026-06-13T20:23:55Z,-23.6806325,-46.7697675,20.13,84,nublado
20260613_172405,7005-51,34767,2,78390,2026-06-13T20:24:01Z,-23.73571425,-46.77940925,20.13,84,nublado
20260613_172405,7005-51,34767,2,78782,2026-06-13T20:23:49Z,-23.73646075,-46.776863250000005,20.13,84,nublado
20260613_172405,7005-51,34767,2,78811,2026-06-13T20:23:24Z,-23.660897,-46.7694405,20.13,84,nublado
20260613_172405,7005-51,34767,2,78585,2026-06-13T20:23:23Z,-23.6922445,-46.7772405,20.13,84,nublado
20260613_172405,2582-10,374,1,31698,2026-06-13T20:23:45Z,-23.517481500000002,-46.549536,20.13,84,nublado
20260613_172405,2582-10,374,1,31200,2026-06-13T20:23:21Z,-23.54209775,-46.61522575,20.13,84,nublado
20260613_172405,2582-10,374,1,31162,2026-06-13T20:23:47Z,-23.535102875,-46.581697250000005,20.13,84,nublado
20260613_172405,2582-10,374,1,31169,2026-06-13T20:23:37Z,-23.51159775,-46.4426105,20.13,84,nublado
20260613_172405,2582-10,374,1,31290,2026-06-13T20:23:57Z,-23.49944,-46.52238,20.13,84,nublado
20260613_172405,2582-10,374,1,31187,2026-06-13T20:24:01Z,-23.5117325,-46.441452999999996,20.13,84,nublado
20260613_172405,2582-10,374,1,31131,2026-06-13T20:23:57Z,-23.4981695,-46.46781675,20.13,84,nublado
20260613_172405,809A-10,34837,2,81259,2026-06-13T20:23:40Z,-23.585497750000002,-46.762351,20.13,84,nublado
20260613_172405,809A-10,34837,2,81360,2026-06-13T20:23:46Z,-23.57543225,-46.77549825,20.13,84,nublado
20260613_172405,809A-10,34837,2,81548,2026-06-13T20:23:48Z,-23.580765749999998,-46.782788,20.13,84,nublado
20260613_172405,809A-10,34837,2,81528,2026-06-13T20:24:03Z,-23.575720750000002,-46.77557075,20.13,84,nublado
20260613_172405,372U-10,33784,2,45477,2026-06-13T20:24:00Z,-23.56275025,-46.55885225,20.13,84,nublado
20260613_172405,372U-10,33784,2,45598,2026-06-13T20:23:23Z,-23.565612,-46.5450165,20.13,84,nublado
20260613_172405,372U-10,33784,2,45647,2026-06-13T20:23:43Z,-23.5503885,-46.573184,20.13,84,nublado
20260613_172405,372U-10,33784,2,45556,2026-06-13T20:23:44Z,-23.566536875,-46.544260375,20.13,84,nublado
20260613_172405,372U-10,33784,2,45424,2026-06-13T20:23:54Z,-23.560781499999997,-46.543347499999996,20.13,84,nublado
20260613_172405,372U-10,33784,2,45342,2026-06-13T20:24:00Z,-23.5585605,-46.560557,20.13,84,nublado
20260613_172405,372U-10,33784,2,45381,2026-06-13T20:23:44Z,-23.55402225,-46.56077325,20.13,84,nublado
20260613_172405,5317-10,69,1,61415,2026-06-13T20:23:50Z,-23.675244,-46.686491,20.13,84,nublado
20260613_172405,5317-10,69,1,61437,2026-06-13T20:23:56Z,-23.54403525,-46.635765500000005,20.13,84,nublado
20260613_172405,5317-10,69,1,61412,2026-06-13T20:23:58Z,-23.71901475,-46.67920225,20.13,84,nublado
20260613_172405,6051-10,1143,1,66621,2026-06-13T20:23:48Z,-23.7707185,-46.710299000000006,20.13,84,nublado
20260613_172405,6051-10,1143,1,66286,2026-06-13T20:23:53Z,-23.770111,-46.71047,20.13,84,nublado
20260613_172405,6052-10,33912,2,66066,2026-06-13T20:23:55Z,-23.775223,-46.691646500000004,20.13,84,nublado
20260613_172405,6052-10,33912,2,66052,2026-06-13T20:23:51Z,-23.768781500000003,-46.695903,20.13,84,nublado
20260613_172405,6052-10,33912,2,66252,2026-06-13T20:23:37Z,-23.775223,-46.691646500000004,20.13,84,nublado
20260613_172405,5362-41,72,1,61545,2026-06-13T20:23:23Z,-23.74464175,-46.66963762500001,20.13,84,nublado
20260613_172405,3737-10,1037,1,45641,2026-06-13T20:23:51Z,-23.5412,-46.512998,20.13,84,nublado
20260613_172405,3737-10,1037,1,45700,2026-06-13T20:23:27Z,-23.538954625000002,-46.515955500000004,20.13,84,nublado
20260613_172405,3737-10,1037,1,45522,2026-06-13T20:23:49Z,-23.53521275,-46.519049499999994,20.13,84,nublado
20260613_172405,3737-10,1037,1,45438,2026-06-13T20:23:23Z,-23.5640985,-46.5085335,20.13,84,nublado
20260613_172405,3737-10,1037,1,45296,2026-06-13T20:24:03Z,-23.5584805,-46.509447,20.13,84,nublado
20260613_172405,2731-10,33714,2,35918,2026-06-13T20:23:40Z,-23.5158285,-46.4345275,20.13,84,nublado
20260613_172405,2731-10,33714,2,35779,2026-06-13T20:23:30Z,-23.518088249999998,-46.439505,20.13,84,nublado
20260613_172405,2731-10,33714,2,35707,2026-06-13T20:23:57Z,-23.533876499999998,-46.4543015,20.13,84,nublado
20260613_172405,2725-10,33707,2,45751,2026-06-13T20:23:54Z,-23.514632499999998,-46.4689835,20.13,84,nublado
20260613_172405,2725-10,33707,2,45606,2026-06-13T20:23:32Z,-23.512969499999997,-46.4736135,20.13,84,nublado
20260613_172405,2725-10,33707,2,45195,2026-06-13T20:23:59Z,-23.512969499999997,-46.4736135,20.13,84,nublado
20260613_172405,2725-10,33707,2,45258,2026-06-13T20:23:51Z,-23.512969499999997,-46.4736135,20.13,84,nublado
20260613_172405,2725-10,33707,2,45244,2026-06-13T20:23:30Z,-23.523297,-46.472276,20.13,84,nublado
20260613_172405,7050-10,1884,1,75413,2026-06-13T20:22:57Z,-23.661655,-46.788597499999995,20.13,84,nublado
20260613_172405,7050-10,1884,1,75412,2026-06-13T20:23:40Z,-23.650994750000002,-46.7789035,20.13,84,nublado
20260613_172405,7050-10,1884,1,75414,2026-06-13T20:23:59Z,-23.6316405,-46.772316,20.13,84,nublado
20260613_172405,7050-10,1884,1,77871,2026-06-13T20:23:32Z,-23.656190000000002,-46.776433,20.13,84,nublado
20260613_172405,8549-10,33348,2,11782,2026-06-13T20:23:29Z,-23.459349,-46.686189999999996,20.13,84,nublado
20260613_172405,8549-10,33348,2,11977,2026-06-13T20:23:48Z,-23.460716750000003,-46.684309,20.13,84,nublado
20260613_172405,8549-10,33348,2,11783,2026-06-13T20:23:55Z,-23.522478,-46.69588125,20.13,84,nublado
20260613_172405,8549-10,33348,2,11778,2026-06-13T20:23:54Z,-23.535493625,-46.65231887499999,20.13,84,nublado
20260613_172405,8549-10,33348,2,11787,2026-06-13T20:23:51Z,-23.452408499999997,-46.6998515,20.13,84,nublado
20260613_172405,877T-10,34149,2,82657,2026-06-13T20:23:55Z,-23.5318675,-46.660607,20.13,84,nublado
20260613_172405,877T-10,34149,2,82571,2026-06-13T20:23:44Z,-23.51331475,-46.72147137500001,20.13,84,nublado
20260613_172405,9784-10,33595,2,15188,2026-06-13T20:23:37Z,-23.483583250000002,-46.65385925,20.13,84,nublado
20260613_172405,9784-10,33595,2,15227,2026-06-13T20:23:50Z,-23.47501225,-46.665508,20.13,84,nublado
20260613_172405,9784-10,33595,2,15266,2026-06-13T20:23:24Z,-23.477137499999998,-46.662886,20.13,84,nublado
20260613_172405,9784-10,33595,2,15228,2026-06-13T20:23:25Z,-23.4507675,-46.683319374999996,20.13,84,nublado
20260613_172405,9784-10,33595,2,15226,2026-06-13T20:23:43Z,-23.4966235,-46.66229725,20.13,84,nublado
20260613_172405,9784-10,33595,2,15202,2026-06-13T20:23:44Z,-23.4507675,-46.683319374999996,20.13,84,nublado
20260613_172405,9784-10,33595,2,15190,2026-06-13T20:23:20Z,-23.469255,-46.6669885,20.13,84,nublado
20260613_172405,2161-10,33462,2,21364,2026-06-13T20:24:03Z,-23.4914625,-46.585111999999995,20.13,84,nublado
20260613_172405,2161-10,33462,2,21365,2026-06-13T20:23:51Z,-23.530594999999998,-46.600172,20.13,84,nublado
20260613_172405,2161-10,33462,2,21359,2026-06-13T20:23:46Z,-23.474233499999997,-46.5668295,20.13,84,nublado
20260613_172405,2009-10,33666,2,36009,2026-06-13T20:23:53Z,-23.541789,-46.4160215,20.13,84,nublado
20260613_172405,2009-10,33666,2,36006,2026-06-13T20:23:45Z,-23.524209499999998,-46.414941999999996,20.13,84,nublado
20260613_172405,2009-10,33666,2,36171,2026-06-13T20:23:25Z,-23.53466375,-46.416867749999994,20.13,84,nublado
20260613_172405,3054-10,33743,2,47704,2026-06-13T20:23:44Z,-23.60902375,-46.492121,20.13,84,nublado
20260613_172405,3054-10,33743,2,47248,2026-06-13T20:23:59Z,-23.612296,-46.475164500000005,20.13,84,nublado
20260613_172405,3054-10,33743,2,47142,2026-06-13T20:23:50Z,-23.594590500000002,-46.447583,20.13,84,nublado
20260613_172405,9191-10,33578,2,16160,2026-06-13T20:23:45Z,-23.4561095,-46.678686,20.13,84,nublado
20260613_172405,9191-10,33578,2,16674,2026-06-13T20:23:56Z,-23.50413,-46.682666,20.13,84,nublado
20260613_172405,9191-10,33578,2,16372,2026-06-13T20:23:56Z,-23.52979925,-46.634847,20.13,84,nublado
20260613_172405,9191-10,33578,2,16447,2026-06-13T20:23:48Z,-23.4750395,-46.6685415,20.13,84,nublado
20260613_172405,9191-10,33578,2,16560,2026-06-13T20:23:26Z,-23.481932999999998,-46.673136,20.13,84,nublado
20260613_172405,9191-10,33578,2,16596,2026-06-13T20:23:46Z,-23.525756875,-46.654796375000004,20.13,84,nublado
20260613_172405,9191-10,33578,2,16004,2026-06-13T20:23:20Z,-23.456177500000003,-46.678882,20.13,84,nublado
20260613_172405,9191-10,33578,2,16143,2026-06-13T20:23:53Z,-23.475517375,-46.66922425,20.13,84,nublado
20260613_172405,9191-10,33578,2,16012,2026-06-13T20:23:06Z,-23.476771499999998,-46.67083575,20.13,84,nublado
20260613_172405,9191-10,33578,2,16744,2026-06-13T20:23:32Z,-23.460910499999997,-46.671063000000004,20.13,84,nublado
20260613_172405,9191-10,33578,2,16350,2026-06-13T20:23:35Z,-23.489999,-46.6754705,20.13,84,nublado
20260613_172405,5105-10,34419,2,52866,2026-06-13T20:23:55Z,-23.578270375,-46.600328875,20.13,84,nublado
20260613_172405,5105-10,34419,2,52869,2026-06-13T20:23:44Z,-23.5472265,-46.6288135,20.13,84,nublado
20260613_172405,5105-10,34419,2,52872,2026-06-13T20:23:50Z,-23.5570576875,-46.619944187499996,20.13,84,nublado
20260613_172405,5105-10,34419,2,52817,2026-06-13T20:23:37Z,-23.603537,-46.601268000000005,20.13,84,nublado
20260613_172405,5105-10,34419,2,52816,2026-06-13T20:23:29Z,-23.5472265,-46.6288135,20.13,84,nublado
20260613_172405,5105-10,34419,2,52865,2026-06-13T20:23:38Z,-23.603226749999997,-46.60239175,20.13,84,nublado
20260613_172405,5105-10,34419,2,52870,2026-06-13T20:23:44Z,-23.6034215,-46.602013,20.13,84,nublado
20260613_172405,5105-10,34419,2,52873,2026-06-13T20:23:29Z,-23.6034215,-46.602013,20.13,84,nublado
20260613_172405,6008-10,1200,1,78862,2026-06-13T20:23:54Z,-23.6885435,-46.765898,20.13,84,nublado
20260613_172405,6008-10,1200,1,78779,2026-06-13T20:23:30Z,-23.674895499999998,-46.7343475,20.13,84,nublado
20260613_172405,6008-10,1200,1,78103,2026-06-13T20:23:29Z,-23.685363,-46.742388000000005,20.13,84,nublado
20260613_172405,637G-10,101,1,61288,2026-06-13T20:23:59Z,-23.723726999999997,-46.69876025000001,20.13,84,nublado
20260613_172405,637G-10,101,1,61432,2026-06-13T20:23:21Z,-23.5656375,-46.694454,20.13,84,nublado
20260613_172405,637G-10,101,1,61431,2026-06-13T20:23:28Z,-23.7537615,-46.6807515,20.13,84,nublado
20260613_172405,637G-10,101,1,61400,2026-06-13T20:23:36Z,-23.677031125,-46.70759425,20.13,84,nublado
20260613_172405,695Y-42,2632,1,61670,2026-06-13T20:23:35Z,-23.799326999999998,-46.7314595,20.13,84,nublado
20260613_172405,627J-10,2056,1,68322,2026-06-13T20:23:27Z,-23.6816315,-46.6368755,20.13,84,nublado
20260613_172405,627J-10,2056,1,68191,2026-06-13T20:23:37Z,-23.664088,-46.637847,20.13,84,nublado
20260613_172405,627J-10,2056,1,68549,2026-06-13T20:23:21Z,-23.6658425,-46.6378355,20.13,84,nublado
20260613_172405,627J-10,2056,1,68411,2026-06-13T20:23:36Z,-23.675185499999998,-46.633736999999996,20.13,84,nublado
20260613_172405,627J-10,2056,1,68325,2026-06-13T20:23:40Z,-23.6274845,-46.642675,20.13,84,nublado
20260613_172405,2079-10,33138,2,32886,2026-06-13T20:23:21Z,-23.494310499999997,-46.402223,20.13,84,nublado
20260613_172405,2079-10,33138,2,32125,2026-06-13T20:23:47Z,-23.494310499999997,-46.402223,20.13,84,nublado
20260613_172405,9047-10,883,1,16119,2026-06-13T20:23:49Z,-23.498753999999998,-46.696639250000004,20.13,84,nublado
20260613_172405,9047-10,883,1,16284,2026-06-13T20:23:56Z,-23.461478,-46.7084365,20.13,84,nublado
20260613_172405,9047-10,883,1,16303,2026-06-13T20:24:01Z,-23.4744605,-46.690138000000005,20.13,84,nublado
20260613_172405,9047-10,883,1,16159,2026-06-13T20:23:19Z,-23.5182525,-46.701910999999996,20.13,84,nublado
20260613_172405,1756-10,547,1,22917,2026-06-13T20:23:45Z,-23.4559255,-46.6455415,20.13,84,nublado
20260613_172405,1756-10,547,1,22915,2026-06-13T20:23:24Z,-23.457787500000002,-46.6425785,20.13,84,nublado
20260613_172405,1756-10,547,1,22665,2026-06-13T20:23:40Z,-23.47392675,-46.639686,20.13,84,nublado
20260613_172405,1756-10,547,1,22622,2026-06-13T20:23:29Z,-23.499637999999997,-46.6256595,20.13,84,nublado
20260613_172405,1756-10,547,1,22913,2026-06-13T20:23:22Z,-23.486698250000003,-46.6332295,20.13,84,nublado
20260613_172405,719P-10,34140,2,82662,2026-06-13T20:23:53Z,-23.53459775,-46.643886,20.13,84,nublado
20260613_172405,719P-10,34140,2,82562,2026-06-13T20:24:04Z,-23.562523374999998,-46.6898235,20.13,84,nublado
20260613_172405,272N-10,705,1,21377,2026-06-13T20:23:52Z,-23.544771750000002,-46.625674249999996,20.13,84,nublado
20260613_172405,272N-10,705,1,21332,2026-06-13T20:23:37Z,-23.50855675,-46.565484999999995,20.13,84,nublado
20260613_172405,9191-10,810,1,16737,2026-06-13T20:23:38Z,-23.49567125,-46.68229925,20.13,84,nublado
20260613_172405,9191-10,810,1,16296,2026-06-13T20:24:02Z,-23.524452,-46.670788,20.13,84,nublado
20260613_172405,9191-10,810,1,16650,2026-06-13T20:23:46Z,-23.512221,-46.666377499999996,20.13,84,nublado
20260613_172405,9191-10,810,1,16706,2026-06-13T20:23:34Z,-23.480251,-46.673195500000006,20.13,84,nublado
20260613_172405,9191-10,810,1,16217,2026-06-13T20:23:51Z,-23.4942605,-46.678209,20.13,84,nublado
20260613_172405,9191-10,810,1,16107,2026-06-13T20:23:28Z,-23.525747375,-46.654240875,20.13,84,nublado
20260613_172405,9500-10,33229,2,11515,2026-06-13T20:23:58Z,-23.49650175,-46.676711749999996,20.13,84,nublado
20260613_172405,9500-10,33229,2,11519,2026-06-13T20:23:40Z,-23.52196825,-46.663425000000004,20.13,84,nublado
20260613_172405,9500-10,33229,2,11517,2026-06-13T20:23:40Z,-23.50497125,-46.67291575,20.13,84,nublado
20260613_172405,9500-10,33229,2,11518,2026-06-13T20:23:44Z,-23.47494,-46.67014399999999,20.13,84,nublado
20260613_172405,2762-10,32912,2,31750,2026-06-13T20:24:03Z,-23.486390874999998,-46.477108375,20.13,84,nublado
20260613_172405,2762-10,32912,2,31783,2026-06-13T20:23:37Z,-23.50034,-46.501235,20.13,84,nublado
20260613_172405,2762-10,32912,2,31741,2026-06-13T20:23:42Z,-23.503653,-46.5008835,20.13,84,nublado
20260613_172405,7006-51,34765,2,78852,2026-06-13T20:23:38Z,-23.7357845,-46.781035,20.13,84,nublado
20260613_172405,7006-51,34765,2,78499,2026-06-13T20:23:33Z,-23.682834,-46.76948325,20.13,84,nublado
20260613_172405,7006-51,34765,2,78662,2026-06-13T20:23:41Z,-23.665391,-46.7707355,20.13,84,nublado
20260613_172405,7006-51,34765,2,78184,2026-06-13T20:23:31Z,-23.736097,-46.780956,20.13,84,nublado
20260613_172405,7006-51,34765,2,78720,2026-06-13T20:23:40Z,-23.6624305,-46.769189,20.13,84,nublado
20260613_172405,2017-10,33671,2,35773,2026-06-13T20:23:47Z,-23.51918,-46.412904,20.13,84,nublado
20260613_172405,2017-10,33671,2,35974,2026-06-13T20:23:40Z,-23.512790625,-46.415533,20.13,84,nublado
20260613_172405,2017-10,33671,2,35780,2026-06-13T20:23:44Z,-23.4951845,-46.43398075,20.13,84,nublado
20260613_172405,807A-10,34668,2,71302,2026-06-13T20:23:45Z,-23.630661,-46.773396000000005,20.13,84,nublado
20260613_172405,807A-10,34668,2,71177,2026-06-13T20:23:49Z,-23.648557625000002,-46.75664075,20.13,84,nublado
20260613_172405,807A-10,34668,2,71242,2026-06-13T20:23:56Z,-23.6438595,-46.731730999999996,20.13,84,nublado
20260613_172405,7245-21,2538,1,76075,2026-06-13T20:23:59Z,-23.638119500000002,-46.711731,20.13,84,nublado
20260613_172405,7245-21,2538,1,76076,2026-06-13T20:23:43Z,-23.652827,-46.70607525,20.13,84,nublado
20260613_172405,7245-21,2538,1,76085,2026-06-13T20:23:18Z,-23.654156,-46.710423000000006,20.13,84,nublado
20260613_172405,7245-21,2538,1,76054,2026-06-13T20:23:40Z,-23.654156,-46.710423000000006,20.13,84,nublado
20260613_172405,172X-10,33629,2,26132,2026-06-13T20:23:50Z,-23.504231249999997,-46.56582875,20.13,84,nublado
20260613_172405,172X-10,33629,2,26113,2026-06-13T20:23:25Z,-23.539300750000002,-46.578033250000004,20.13,84,nublado
20260613_172405,172X-10,33629,2,26479,2026-06-13T20:23:32Z,-23.50426375,-46.565462249999996,20.13,84,nublado
20260613_172405,172X-10,33629,2,26105,2026-06-13T20:23:25Z,-23.50426375,-46.565462249999996,20.13,84,nublado
20260613_172405,172X-10,33629,2,26453,2026-06-13T20:23:36Z,-23.504231249999997,-46.56582875,20.13,84,nublado
20260613_172405,172X-10,33629,2,26163,2026-06-13T20:23:52Z,-23.520057,-46.5680885,20.13,84,nublado
20260613_172405,172X-10,33629,2,26014,2026-06-13T20:23:59Z,-23.504231249999997,-46.56582875,20.13,84,nublado
20260613_172405,172X-10,33629,2,26009,2026-06-13T20:23:29Z,-23.5191545,-46.5605015,20.13,84,nublado
20260613_172405,172X-10,33629,2,26134,2026-06-13T20:23:26Z,-23.534317,-46.565456125,20.13,84,nublado
20260613_172405,971A-10,658,1,22624,2026-06-13T20:23:34Z,-23.522862,-46.623778,20.13,84,nublado
20260613_172405,971A-10,658,1,22627,2026-06-13T20:23:55Z,-23.486776499999998,-46.6808985,20.13,84,nublado
20260613_172405,971A-10,658,1,22623,2026-06-13T20:23:38Z,-23.50375825,-46.675058,20.13,84,nublado
20260613_172405,4031-10,33869,2,55019,2026-06-13T20:23:44Z,-23.592073499999998,-46.566278499999996,20.13,84,nublado
20260613_172405,4031-10,33869,2,55114,2026-06-13T20:23:56Z,-23.591555,-46.5888205,20.13,84,nublado
20260613_172405,4031-10,33869,2,55513,2026-06-13T20:23:34Z,-23.6039305,-46.525678,20.13,84,nublado
20260613_172405,7012-10,34811,2,78954,2026-06-13T20:23:26Z,-23.673548750000002,-46.74587975,20.13,84,nublado
20260613_172405,7012-10,34811,2,78717,2026-06-13T20:23:20Z,-23.7103945,-46.77583224999999,20.13,84,nublado
20260613_172405,7012-10,34811,2,78944,2026-06-13T20:23:57Z,-23.697362,-46.779215,20.13,84,nublado
20260613_172405,5752-10,1287,1,68527,2026-06-13T20:24:00Z,-23.6466305,-46.6450555,20.13,84,nublado
20260613_172405,5752-10,1287,1,68529,2026-06-13T20:23:20Z,-23.68858,-46.648693,20.13,84,nublado
20260613_172405,5752-10,1287,1,68538,2026-06-13T20:24:03Z,-23.6739835,-46.6642145,20.13,84,nublado
20260613_172405,5752-10,1287,1,68566,2026-06-13T20:23:36Z,-23.6488865,-46.646154499999994,20.13,84,nublado
20260613_172405,5752-10,1287,1,68542,2026-06-13T20:23:29Z,-23.6776805,-46.65809725,20.13,84,nublado
20260613_172405,5752-10,1287,1,68564,2026-06-13T20:23:56Z,-23.68858,-46.648693,20.13,84,nublado
20260613_172405,5752-10,1287,1,68520,2026-06-13T20:23:30Z,-23.63842825,-46.64206875,20.13,84,nublado
20260613_172405,4052-10,2145,1,36571,2026-06-13T20:23:30Z,-23.524785,-46.4347415,20.13,84,nublado
20260613_172405,4052-10,2145,1,36648,2026-06-13T20:24:03Z,-23.534312125,-46.453097875,20.13,84,nublado
20260613_172405,4052-10,2145,1,36256,2026-06-13T20:23:51Z,-23.539973500000002,-46.460803,20.13,84,nublado
20260613_172405,4052-10,2145,1,36585,2026-06-13T20:23:31Z,-23.5436175,-46.422716,20.13,84,nublado
20260613_172405,4742-10,33110,2,51217,2026-06-13T20:23:50Z,-23.631983,-46.6273865,20.13,84,nublado
20260613_172405,4742-10,33110,2,51233,2026-06-13T20:23:56Z,-23.6381585,-46.608605,20.13,84,nublado
20260613_172405,9090-10,884,1,16168,2026-06-13T20:24:00Z,-23.4598465,-46.6751205,20.13,84,nublado
20260613_172405,9090-10,884,1,16383,2026-06-13T20:23:37Z,-23.462595999999998,-46.6763385,20.13,84,nublado
20260613_172405,9090-10,884,1,16720,2026-06-13T20:23:40Z,-23.483515,-46.6720035,20.13,84,nublado
20260613_172405,9090-10,884,1,16026,2026-06-13T20:24:00Z,-23.462595999999998,-46.6763385,20.13,84,nublado
20260613_172405,606C-10,2595,1,66111,2026-06-13T20:23:19Z,-23.7401575,-46.656615,20.13,84,nublado
20260613_172405,606C-10,2595,1,66112,2026-06-13T20:23:38Z,-23.740797999999998,-46.659842,20.13,84,nublado
20260613_172405,1019-10,35263,2,10585,2026-06-13T20:24:02Z,-23.437884,-46.779548500000004,20.13,84,nublado
20260613_172405,1019-10,35263,2,10583,2026-06-13T20:23:00Z,-23.4882265,-46.730633,20.13,84,nublado
20260613_172405,971V-10,33387,2,22815,2026-06-13T20:23:38Z,-23.50005675,-46.643933000000004,20.13,84,nublado
20260613_172405,971V-10,33387,2,22818,2026-06-13T20:23:19Z,-23.504054125000003,-46.624669499999996,20.13,84,nublado
20260613_172405,971V-10,33387,2,22765,2026-06-13T20:24:01Z,-23.45973,-46.6748785,20.13,84,nublado
20260613_172405,971V-10,33387,2,22264,2026-06-13T20:23:21Z,-23.499747,-46.6454435,20.13,84,nublado
20260613_172405,971V-10,33387,2,22804,2026-06-13T20:23:58Z,-23.460611999999998,-46.678033,20.13,84,nublado
20260613_172405,971V-10,33387,2,22768,2026-06-13T20:23:35Z,-23.463638500000002,-46.678621500000006,20.13,84,nublado
20260613_172405,971V-10,33387,2,22270,2026-06-13T20:23:40Z,-23.504861374999997,-46.624694625000004,20.13,84,nublado
20260613_172405,3139-10,995,1,41141,2026-06-13T20:23:44Z,-23.5577135,-46.571715499999996,20.13,84,nublado
20260613_172405,3139-10,995,1,41117,2026-06-13T20:23:28Z,-23.55651125,-46.59471475,20.13,84,nublado
20260613_172405,1782-10,33411,2,22803,2026-06-13T20:23:55Z,-23.46800175,-46.603874875,20.13,84,nublado
20260613_172405,1782-10,33411,2,22833,2026-06-13T20:23:27Z,-23.455949,-46.575372,20.13,84,nublado
20260613_172405,1782-10,33411,2,22796,2026-06-13T20:23:47Z,-23.4583385,-46.6024095,20.13,84,nublado
20260613_172405,3785-10,1063,1,47837,2026-06-13T20:23:25Z,-23.556459625000002,-46.448355,20.13,84,nublado
20260613_172405,3785-10,1063,1,47751,2026-06-13T20:23:35Z,-23.587742499999997,-46.442754,20.13,84,nublado
20260613_172405,3785-10,1063,1,47331,2026-06-13T20:23:20Z,-23.5572845,-46.44540225,20.13,84,nublado
20260613_172405,3785-10,1063,1,47098,2026-06-13T20:23:30Z,-23.588383,-46.3959845,20.13,84,nublado
20260613_172405,3785-10,1063,1,47823,2026-06-13T20:23:29Z,-23.581291,-46.4146645,20.13,84,nublado
20260613_172405,1765-10,1782,1,22493,2026-06-13T20:23:55Z,-23.466419000000002,-46.57089525,20.13,84,nublado
20260613_172405,1765-10,1782,1,22703,2026-06-13T20:23:56Z,-23.470981000000002,-46.586147,20.13,84,nublado
20260613_172405,6262-10,34139,2,81202,2026-06-13T20:23:31Z,-23.529883124999998,-46.731899,20.13,84,nublado
20260613_172405,6262-10,34139,2,81226,2026-06-13T20:23:25Z,-23.530085375,-46.731711000000004,20.13,84,nublado
20260613_172405,6262-10,34139,2,81216,2026-06-13T20:23:48Z,-23.5665155,-46.6942495,20.13,84,nublado
20260613_172405,5154-10,353,1,76933,2026-06-13T20:23:25Z,-23.610649000000002,-46.694736000000006,20.13,84,nublado
20260613_172405,5154-10,353,1,76932,2026-06-13T20:23:59Z,-23.568838624999998,-46.65007475,20.13,84,nublado
20260613_172405,5154-10,353,1,76927,2026-06-13T20:23:32Z,-23.540321000000002,-46.637654749999996,20.13,84,nublado
20260613_172405,5154-10,353,1,76947,2026-06-13T20:23:56Z,-23.60611575,-46.693101999999996,20.13,84,nublado
20260613_172405,5154-10,353,1,76099,2026-06-13T20:23:29Z,-23.634192,-46.697283,20.13,84,nublado
20260613_172405,2010-10,2104,1,22539,2026-06-13T20:23:50Z,-23.5104885,-46.62510475,20.13,84,nublado
20260613_172405,2010-10,2104,1,22788,2026-06-13T20:23:35Z,-23.49406025,-46.597854,20.13,84,nublado
20260613_172405,3778-10,33830,2,45679,2026-06-13T20:23:49Z,-23.5573775,-46.524257500000004,20.13,84,nublado
20260613_172405,3778-10,33830,2,45635,2026-06-13T20:23:31Z,-23.558180999999998,-46.522412,20.13,84,nublado
20260613_172405,3778-10,33830,2,45390,2026-06-13T20:23:58Z,-23.575148749999997,-46.49276225,20.13,84,nublado
20260613_172405,3778-10,33830,2,45676,2026-06-13T20:23:59Z,-23.569554,-46.486423,20.13,84,nublado
20260613_172405,3778-10,33830,2,45317,2026-06-13T20:23:35Z,-23.5639865,-46.514157,20.13,84,nublado
20260613_172405,3778-10,33830,2,45327,2026-06-13T20:24:04Z,-23.57692525,-46.493266500000004,20.13,84,nublado
20260613_172405,3778-10,33830,2,45600,2026-06-13T20:23:57Z,-23.54311,-46.547276749999995,20.13,84,nublado
20260613_172405,6805-10,31,1,72572,2026-06-13T20:24:02Z,-23.65455275,-46.741048,20.13,84,nublado
20260613_172405,4011-10,34952,2,48233,2026-06-13T20:23:49Z,-23.6058875,-46.47122,20.13,84,nublado
20260613_172405,4011-10,34952,2,48232,2026-06-13T20:23:50Z,-23.5986575,-46.463758999999996,20.13,84,nublado
20260613_172405,4011-10,34952,2,48321,2026-06-13T20:23:40Z,-23.60950975,-46.4262205,20.13,84,nublado
20260613_172405,4011-10,34952,2,48317,2026-06-13T20:23:35Z,-23.6224175,-46.414038500000004,20.13,84,nublado
20260613_172405,8677-10,33211,2,11762,2026-06-13T20:23:47Z,-23.5231135,-46.687495375,20.13,84,nublado
20260613_172405,8677-10,33211,2,11883,2026-06-13T20:23:34Z,-23.482971499999998,-46.7610375,20.13,84,nublado
20260613_172405,8677-10,33211,2,11808,2026-06-13T20:23:34Z,-23.5429835,-46.6376015,20.13,84,nublado
20260613_172405,8677-10,33211,2,11807,2026-06-13T20:23:42Z,-23.500878,-46.7464285,20.13,84,nublado
20260613_172405,1705-10,849,1,26539,2026-06-13T20:23:14Z,-23.4368285,-46.5856645,20.13,84,nublado
20260613_172405,1705-10,849,1,26209,2026-06-13T20:23:42Z,-23.434117999999998,-46.5843315,20.13,84,nublado
20260613_172405,1705-10,849,1,26361,2026-06-13T20:23:09Z,-23.434117999999998,-46.5843315,20.13,84,nublado
20260613_172405,1705-10,849,1,26390,2026-06-13T20:23:55Z,-23.4790025,-46.60396525,20.13,84,nublado
20260613_172405,1705-10,849,1,26032,2026-06-13T20:23:21Z,-23.44533,-46.5868475,20.13,84,nublado
20260613_172405,3735-10,33803,2,47261,2026-06-13T20:23:30Z,-23.541323,-46.4845135,20.13,84,nublado
20260613_172405,3735-10,33803,2,47589,2026-06-13T20:24:03Z,-23.543499,-46.49915,20.13,84,nublado
20260613_172405,3735-10,33803,2,47268,2026-06-13T20:23:37Z,-23.544167,-46.488823999999994,20.13,84,nublado
20260613_172405,3721-41,34461,2,47154,2026-06-13T20:23:41Z,-23.563069,-46.500958499999996,20.13,84,nublado
20260613_172405,3721-41,34461,2,47587,2026-06-13T20:23:33Z,-23.563194000000003,-46.500884,20.13,84,nublado
20260613_172405,3721-41,34461,2,47104,2026-06-13T20:23:25Z,-23.562547000000002,-46.500016,20.13,84,nublado
20260613_172405,3721-41,34461,2,47330,2026-06-13T20:23:36Z,-23.552281999999998,-46.491779,20.13,84,nublado
20260613_172405,809H-10,35013,2,80001,2026-06-13T20:23:26Z,-23.578963,-46.792254625,20.13,84,nublado
20260613_172405,809H-10,35013,2,80068,2026-06-13T20:23:48Z,-23.576739,-46.7428695,20.13,84,nublado
20260613_172405,7903-10,512,1,81443,2026-06-13T20:23:59Z,-23.55891325,-46.668963000000005,20.13,84,nublado
20260613_172405,7903-10,512,1,81245,2026-06-13T20:24:00Z,-23.6011495,-46.792747000000006,20.13,84,nublado
20260613_172405,7903-10,512,1,81554,2026-06-13T20:24:04Z,-23.585074125,-46.74320387499999,20.13,84,nublado
20260613_172405,857C-10,34669,2,75612,2026-06-13T20:23:58Z,-23.648612749999998,-46.76114525,20.13,84,nublado
20260613_172405,857C-10,34669,2,75651,2026-06-13T20:24:02Z,-23.629826125,-46.6730775,20.13,84,nublado
20260613_172405,857C-10,34669,2,75663,2026-06-13T20:23:50Z,-23.64531,-46.7130375,20.13,84,nublado
20260613_172405,857C-10,34669,2,75660,2026-06-13T20:23:52Z,-23.637785,-46.740063500000005,20.13,84,nublado
20260613_172405,857C-10,34669,2,75611,2026-06-13T20:23:58Z,-23.6313825,-46.77286,20.13,84,nublado
20260613_172405,677Y-10,1240,1,78553,2026-06-13T20:23:45Z,-23.685302999999998,-46.8002495,20.13,84,nublado
20260613_172405,677Y-10,1240,1,78417,2026-06-13T20:23:23Z,-23.69007925,-46.795250749999994,20.13,84,nublado
20260613_172405,677Y-10,1240,1,78870,2026-06-13T20:24:00Z,-23.6620835,-46.779673,20.13,84,nublado
20260613_172405,5032-10,1662,1,55216,2026-06-13T20:23:52Z,-23.6341775,-46.587864499999995,20.13,84,nublado
20260613_172405,5032-10,1662,1,55168,2026-06-13T20:23:43Z,-23.634148,-46.587728999999996,20.13,84,nublado
20260613_172405,5032-10,1662,1,55504,2026-06-13T20:23:49Z,-23.603398125,-46.585858375,20.13,84,nublado
20260613_172405,5032-10,1662,1,55277,2026-06-13T20:24:00Z,-23.59760225,-46.600714375,20.13,84,nublado
20260613_172405,848L-10,33576,2,15253,2026-06-13T20:24:03Z,-23.457815,-46.719069000000005,20.13,84,nublado
20260613_172405,848L-10,33576,2,15246,2026-06-13T20:23:39Z,-23.481229,-46.723877,20.13,84,nublado
20260613_172405,848L-10,33576,2,15249,2026-06-13T20:23:36Z,-23.405216,-46.7529045,20.13,84,nublado
20260613_172405,848L-10,33576,2,15199,2026-06-13T20:23:33Z,-23.436799999999998,-46.720805999999996,20.13,84,nublado
20260613_172405,848L-10,33576,2,15176,2026-06-13T20:23:51Z,-23.410501,-46.7358055,20.13,84,nublado
20260613_172405,8027-10,2162,1,80263,2026-06-13T20:23:49Z,-23.573516499999997,-46.73667875,20.13,84,nublado
20260613_172405,6115-10,33953,2,66058,2026-06-13T20:23:47Z,-23.742846999999998,-46.6583395,20.13,84,nublado
20260613_172405,6115-10,33953,2,66835,2026-06-13T20:23:43Z,-23.742746,-46.6587425,20.13,84,nublado
20260613_172405,6115-10,33953,2,66323,2026-06-13T20:23:21Z,-23.752875500000002,-46.666748999999996,20.13,84,nublado
20260613_172405,3099-10,33847,2,55078,2026-06-13T20:23:45Z,-23.610051,-46.476871,20.13,84,nublado
20260613_172405,3099-10,33847,2,55465,2026-06-13T20:23:44Z,-23.593161625,-46.4885835,20.13,84,nublado
20260613_172405,3099-10,33847,2,55176,2026-06-13T20:23:30Z,-23.61496875,-46.4410865,20.13,84,nublado
20260613_172405,3099-10,33847,2,55105,2026-06-13T20:23:24Z,-23.608188,-46.478106499999996,20.13,84,nublado
20260613_172405,847P-10,33191,2,11864,2026-06-13T20:23:36Z,-23.539997999999997,-46.7049815,20.13,84,nublado
20260613_172405,847P-10,33191,2,11863,2026-06-13T20:23:30Z,-23.51415575,-46.70176875,20.13,84,nublado
20260613_172405,847P-10,33191,2,11860,2026-06-13T20:23:59Z,-23.595371,-46.6830755,20.13,84,nublado
20260613_172405,847P-10,33191,2,11865,2026-06-13T20:23:19Z,-23.57534225,-46.687962,20.13,84,nublado
20260613_172405,4036-10,35329,2,32207,2026-06-13T20:23:54Z,-23.556941,-46.520354499999996,20.13,84,nublado
20260613_172405,4036-10,35329,2,32031,2026-06-13T20:23:27Z,-23.556029,-46.468909999999994,20.13,84,nublado
20260613_172405,8038-10,33565,2,86349,2026-06-13T20:21:40Z,-23.521437499999998,-46.7339665,20.13,84,nublado
20260613_172405,8038-10,33565,2,86329,2026-06-13T20:23:27Z,-23.5351485,-46.760891,20.13,84,nublado
20260613_172405,8038-10,33565,2,86206,2026-06-13T20:23:50Z,-23.548995375,-46.7425466875,20.13,84,nublado
20260613_172405,8038-10,33565,2,86125,2026-06-13T20:23:34Z,-23.534884,-46.760826249999994,20.13,84,nublado
20260613_172405,8038-10,33565,2,86004,2026-06-13T20:23:34Z,-23.534884,-46.760826249999994,20.13,84,nublado
20260613_172405,8038-10,33565,2,86080,2026-06-13T20:23:24Z,-23.534566,-46.760746749999996,20.13,84,nublado
20260613_172405,8038-10,33565,2,86014,2026-06-13T20:24:01Z,-23.5192465,-46.7041905,20.13,84,nublado
20260613_172405,8215-10,33342,2,11504,2026-06-13T20:23:59Z,-23.5059845,-46.673250499999995,20.13,84,nublado
20260613_172405,8215-10,33342,2,11503,2026-06-13T20:23:43Z,-23.502231000000002,-46.6916775,20.13,84,nublado
20260613_172405,8215-10,33342,2,11507,2026-06-13T20:23:39Z,-23.541601625,-46.639498625,20.13,84,nublado
20260613_172405,8194-10,805,1,16145,2026-06-13T20:23:36Z,-23.4422735,-46.706749,20.13,84,nublado
20260613_172405,8194-10,805,1,16537,2026-06-13T20:23:58Z,-23.400389750000002,-46.74616675,20.13,84,nublado
20260613_172405,8194-10,805,1,16540,2026-06-13T20:23:50Z,-23.45903275,-46.689771875,20.13,84,nublado
20260613_172405,8528-10,575,1,11570,2026-06-13T20:24:00Z,-23.542944499999997,-46.6366755,20.13,84,nublado
20260613_172405,8528-10,575,1,11673,2026-06-13T20:23:39Z,-23.505063,-46.6914715,20.13,84,nublado
20260613_172405,8528-10,575,1,11571,2026-06-13T20:23:16Z,-23.4732615,-46.6902875,20.13,84,nublado
20260613_172405,2765-10,145,1,32607,2026-06-13T20:23:44Z,-23.502519999999997,-46.49397475,20.13,84,nublado
20260613_172405,2765-10,145,1,32054,2026-06-13T20:23:31Z,-23.5181245,-46.5462095,20.13,84,nublado
20260613_172405,2765-10,145,1,32601,2026-06-13T20:23:25Z,-23.505295,-46.5158855,20.13,84,nublado
20260613_172405,4020-10,2530,1,47125,2026-06-13T20:24:04Z,-23.560087,-46.445836,20.13,84,nublado
20260613_172405,4020-10,2530,1,47784,2026-06-13T20:23:47Z,-23.5405725,-46.4496585,20.13,84,nublado
20260613_172405,4020-10,2530,1,47809,2026-06-13T20:23:54Z,-23.595723500000002,-46.437953750000005,20.13,84,nublado
20260613_172405,4020-10,2530,1,47169,2026-06-13T20:23:39Z,-23.534623,-46.4529845,20.13,84,nublado
20260613_172405,1178-10,132,1,31164,2026-06-13T20:23:37Z,-23.5060765,-46.530457,20.13,84,nublado
20260613_172405,1178-10,132,1,31178,2026-06-13T20:23:28Z,-23.526344,-46.5533375,20.13,84,nublado
20260613_172405,1178-10,132,1,31569,2026-06-13T20:23:40Z,-23.497536,-46.454436,20.13,84,nublado
20260613_172405,1178-10,132,1,31156,2026-06-13T20:23:23Z,-23.496323750000002,-46.51359175,20.13,84,nublado
20260613_172405,1178-10,132,1,31160,2026-06-13T20:23:23Z,-23.483631,-46.495093,20.13,84,nublado
20260613_172405,1178-10,132,1,31148,2026-06-13T20:24:03Z,-23.54171975,-46.63517325,20.13,84,nublado
20260613_172405,746K-10,33555,2,85767,2026-06-13T20:23:36Z,-23.6187375,-46.722241,20.13,84,nublado
20260613_172405,746K-10,33555,2,85730,2026-06-13T20:23:37Z,-23.62146575,-46.687371875,20.13,84,nublado
20260613_172405,746K-10,33555,2,85722,2026-06-13T20:23:27Z,-23.6187375,-46.722241,20.13,84,nublado
20260613_172405,746K-10,33555,2,85753,2026-06-13T20:23:24Z,-23.6184425,-46.6764105,20.13,84,nublado
20260613_172405,746K-10,33555,2,85727,2026-06-13T20:23:42Z,-23.6187375,-46.722241,20.13,84,nublado
20260613_172405,177Y-10,33635,2,21572,2026-06-13T20:23:35Z,-23.544097999999998,-46.67648975,20.13,84,nublado
20260613_172405,177Y-10,33635,2,21268,2026-06-13T20:23:26Z,-23.5664515,-46.69234125,20.13,84,nublado
20260613_172405,177Y-10,33635,2,21917,2026-06-13T20:23:49Z,-23.563358125,-46.687176750000006,20.13,84,nublado
20260613_172405,177Y-10,33635,2,21596,2026-06-13T20:23:45Z,-23.5266685,-46.6673215,20.13,84,nublado
20260613_172405,7040-10,33544,2,86354,2026-06-13T20:23:33Z,-23.594598499999996,-46.706742500000004,20.13,84,nublado
20260613_172405,7040-10,33544,2,86609,2026-06-13T20:24:00Z,-23.5655575,-46.6931725,20.13,84,nublado
20260613_172405,7040-10,33544,2,86521,2026-06-13T20:23:53Z,-23.579249,-46.6857765,20.13,84,nublado
20260613_172405,7040-10,33544,2,86357,2026-06-13T20:23:23Z,-23.623905999999998,-46.727843500000006,20.13,84,nublado
20260613_172405,971D-10,33477,2,22084,2026-06-13T20:24:00Z,-23.49449225,-46.62656725,20.13,84,nublado
20260613_172405,971D-10,33477,2,22054,2026-06-13T20:23:34Z,-23.4547725,-46.695882499999996,20.13,84,nublado
20260613_172405,6069-10,33922,2,66525,2026-06-13T20:23:36Z,-23.654010999999997,-46.7119105,20.13,84,nublado
20260613_172405,6069-10,33922,2,66137,2026-06-13T20:23:43Z,-23.7320845,-46.6979035,20.13,84,nublado
20260613_172405,6069-10,33922,2,66866,2026-06-13T20:23:48Z,-23.756332999999998,-46.701766000000006,20.13,84,nublado
20260613_172405,6069-10,33922,2,66706,2026-06-13T20:24:04Z,-23.73891,-46.701184999999995,20.13,84,nublado
20260613_172405,5108-10,34443,2,51587,2026-06-13T20:23:21Z,-23.5645595,-46.619871,20.13,84,nublado
20260613_172405,5108-10,34443,2,51581,2026-06-13T20:23:27Z,-23.601323,-46.6152035,20.13,84,nublado
20260613_172405,5108-10,34443,2,51583,2026-06-13T20:23:44Z,-23.6365795,-46.6143965,20.13,84,nublado
20260613_172405,7006-51,1997,1,78889,2026-06-13T20:23:20Z,-23.741728000000002,-46.782376,20.13,84,nublado
20260613_172405,7006-51,1997,1,78340,2026-06-13T20:23:36Z,-23.71137775,-46.782644250000004,20.13,84,nublado
20260613_172405,7006-51,1997,1,78561,2026-06-13T20:24:03Z,-23.684067,-46.769816500000005,20.13,84,nublado
20260613_172405,2076-10,368,1,32187,2026-06-13T20:23:56Z,-23.5223105,-46.5376125,20.13,84,nublado
20260613_172405,2076-10,368,1,32100,2026-06-13T20:23:28Z,-23.49527875,-46.431802250000004,20.13,84,nublado
20260613_172405,2076-10,368,1,32942,2026-06-13T20:23:56Z,-23.4937235,-46.489937499999996,20.13,84,nublado
20260613_172405,4732-31,2127,1,51432,2026-06-13T20:23:57Z,-23.636768500000002,-46.596682,20.13,84,nublado
20260613_172405,4732-31,2127,1,51163,2026-06-13T20:23:54Z,-23.6476485,-46.600239,20.13,84,nublado
20260613_172405,4732-31,2127,1,51436,2026-06-13T20:23:42Z,-23.6385655,-46.595869,20.13,84,nublado
20260613_172405,4732-31,2127,1,51454,2026-06-13T20:23:32Z,-23.651011,-46.6017425,20.13,84,nublado
20260613_172405,2709-10,33690,2,45001,2026-06-13T20:23:49Z,-23.529911,-46.496544,20.13,84,nublado
20260613_172405,2709-10,33690,2,45033,2026-06-13T20:23:39Z,-23.521038875000002,-46.481945749999994,20.13,84,nublado
20260613_172405,2709-10,33690,2,45003,2026-06-13T20:23:19Z,-23.529806,-46.49673799999999,20.13,84,nublado
20260613_172405,7053-22,34664,2,78388,2026-06-13T20:23:55Z,-23.645042500000002,-46.789187999999996,20.13,84,nublado
20260613_172405,877T-10,1381,1,82776,2026-06-13T20:23:46Z,-23.523927125,-46.695074250000005,20.13,84,nublado
20260613_172405,877T-10,1381,1,82580,2026-06-13T20:23:47Z,-23.549373125,-46.65775875,20.13,84,nublado
20260613_172405,877T-10,1381,1,82569,2026-06-13T20:23:46Z,-23.5753485,-46.6419635,20.13,84,nublado
20260613_172405,5630-10,32846,2,61322,2026-06-13T20:23:58Z,-23.606899,-46.652261,20.13,84,nublado
20260613_172405,5630-10,32846,2,61351,2026-06-13T20:23:45Z,-23.572032375000003,-46.641120625,20.13,84,nublado
20260613_172405,5630-10,32846,2,61657,2026-06-13T20:23:54Z,-23.716895,-46.699312750000004,20.13,84,nublado
20260613_172405,5630-10,32846,2,61773,2026-06-13T20:23:31Z,-23.727548499999997,-46.6993775,20.13,84,nublado
20260613_172405,5630-10,32846,2,61312,2026-06-13T20:24:00Z,-23.690462249999996,-46.69789425,20.13,84,nublado
20260613_172405,7052-10,34654,2,78012,2026-06-13T20:23:45Z,-23.652754,-46.773064500000004,20.13,84,nublado
20260613_172405,7052-10,34654,2,78817,2026-06-13T20:23:32Z,-23.6361275,-46.777404,20.13,84,nublado
20260613_172405,695X-10,34209,2,61812,2026-06-13T20:23:39Z,-23.6354535,-46.66967675000001,20.13,84,nublado
20260613_172405,695X-10,34209,2,61570,2026-06-13T20:23:32Z,-23.767454999999998,-46.716910999999996,20.13,84,nublado
20260613_172405,695X-10,34209,2,61590,2026-06-13T20:23:35Z,-23.683918499999997,-46.691693,20.13,84,nublado
20260613_172405,695X-10,34209,2,61551,2026-06-13T20:23:47Z,-23.6461035,-46.6444255,20.13,84,nublado
20260613_172405,695X-10,34209,2,61588,2026-06-13T20:23:29Z,-23.672249,-46.677648500000004,20.13,84,nublado
20260613_172405,695X-10,34209,2,61681,2026-06-13T20:23:25Z,-23.723608249999998,-46.698884625,20.13,84,nublado
20260613_172405,695X-10,34209,2,61537,2026-06-13T20:23:35Z,-23.6480045,-46.660892000000004,20.13,84,nublado
20260613_172405,695X-10,34209,2,61789,2026-06-13T20:23:44Z,-23.658857249999997,-46.6796145,20.13,84,nublado
20260613_172405,695X-10,34209,2,61672,2026-06-13T20:23:22Z,-23.647087499999998,-46.63931,20.13,84,nublado
20260613_172405,775P-10,507,1,81564,2026-06-13T20:23:25Z,-23.570220625,-46.645761625,20.13,84,nublado
20260613_172405,4222-10,288,1,52074,2026-06-13T20:24:00Z,-23.5666075,-46.60139100000001,20.13,84,nublado
20260613_172405,4222-10,288,1,52064,2026-06-13T20:23:42Z,-23.6047565,-46.515227499999995,20.13,84,nublado
20260613_172405,148P-10,534,1,22673,2026-06-13T20:23:33Z,-23.482225999999997,-46.661946,20.13,84,nublado
20260613_172405,148P-10,534,1,22582,2026-06-13T20:23:34Z,-23.457928,-46.642896500000006,20.13,84,nublado
20260613_172405,148P-10,534,1,22658,2026-06-13T20:24:02Z,-23.457928,-46.642896500000006,20.13,84,nublado
20260613_172405,148P-10,534,1,22575,2026-06-13T20:23:58Z,-23.503255,-46.658032,20.13,84,nublado
20260613_172405,938L-10,1368,1,12475,2026-06-13T20:23:33Z,-23.517514,-46.703650375,20.13,84,nublado
20260613_172405,938L-10,1368,1,12467,2026-06-13T20:24:00Z,-23.514680499999997,-46.691128500000005,20.13,84,nublado
20260613_172405,938L-10,1368,1,12476,2026-06-13T20:23:55Z,-23.482592,-46.6777105,20.13,84,nublado
20260613_172405,508L-10,117,1,32669,2026-06-13T20:23:52Z,-23.577517,-46.640930999999995,20.13,84,nublado
20260613_172405,508L-10,117,1,32653,2026-06-13T20:23:56Z,-23.549466625,-46.659563250000005,20.13,84,nublado
20260613_172405,508L-10,117,1,32667,2026-06-13T20:23:52Z,-23.534772,-46.644349,20.13,84,nublado
20260613_172405,209P-1,2301,1,11090,2026-06-13T20:23:27Z,-23.54633075,-46.67689525,20.13,84,nublado
20260613_172405,209P-1,2301,1,11110,2026-06-13T20:23:37Z,-23.519113499999996,-46.67588325,20.13,84,nublado
20260613_172405,209P-1,2301,1,11073,2026-06-13T20:23:25Z,-23.565896,-46.7011235,20.13,84,nublado
20260613_172405,208V-10,32975,2,31633,2026-06-13T20:23:58Z,-23.5173865,-46.47583825,20.13,84,nublado
20260613_172405,208V-10,32975,2,31167,2026-06-13T20:23:34Z,-23.5218475,-46.530193999999995,20.13,84,nublado
20260613_172405,208V-10,32975,2,31356,2026-06-13T20:23:33Z,-23.5182095,-46.475659,20.13,84,nublado
20260613_172405,208V-10,32975,2,31098,2026-06-13T20:23:51Z,-23.5180825,-46.4756835,20.13,84,nublado
20260613_172405,208V-10,32975,2,31082,2026-06-13T20:23:42Z,-23.5180825,-46.4756835,20.13,84,nublado
20260613_172405,208V-10,32975,2,31291,2026-06-13T20:23:32Z,-23.5476865,-46.6292585,20.13,84,nublado
20260613_172405,208V-10,32975,2,31130,2026-06-13T20:23:33Z,-23.5476865,-46.6292585,20.13,84,nublado
20260613_172405,208V-10,32975,2,31298,2026-06-13T20:23:51Z,-23.518273,-46.475646499999996,20.13,84,nublado
20260613_172405,208V-10,32975,2,31181,2026-06-13T20:23:48Z,-23.5265075,-46.5516905,20.13,84,nublado
20260613_172405,208V-10,32975,2,31150,2026-06-13T20:23:23Z,-23.5476865,-46.6292585,20.13,84,nublado
20260613_172405,208V-10,32975,2,31120,2026-06-13T20:23:26Z,-23.517815499999998,-46.475735,20.13,84,nublado
20260613_172405,208V-10,32975,2,31097,2026-06-13T20:23:51Z,-23.5429045,-46.61651275,20.13,84,nublado
20260613_172405,5033-10,34433,2,51442,2026-06-13T20:23:22Z,-23.603320500000002,-46.6024165,20.13,84,nublado
20260613_172405,5033-10,34433,2,51430,2026-06-13T20:23:52Z,-23.6033575,-46.6029935,20.13,84,nublado
20260613_172405,5033-10,34433,2,51450,2026-06-13T20:23:25Z,-23.6334285,-46.614411000000004,20.13,84,nublado
20260613_172405,3112-10,1080,1,55480,2026-06-13T20:23:59Z,-23.584092,-46.5839855,20.13,84,nublado
20260613_172405,3112-10,1080,1,55047,2026-06-13T20:23:37Z,-23.597563,-46.541076000000004,20.13,84,nublado
20260613_172405,3112-10,1080,1,55329,2026-06-13T20:23:47Z,-23.5701045,-46.587504,20.13,84,nublado
20260613_172405,3112-10,1080,1,55179,2026-06-13T20:23:23Z,-23.5425485,-46.590969,20.13,84,nublado
20260613_172405,9789-10,33597,2,16387,2026-06-13T20:23:47Z,-23.50886175,-46.670475625,20.13,84,nublado
20260613_172405,9789-10,33597,2,16192,2026-06-13T20:23:22Z,-23.5006515,-46.684090499999996,20.13,84,nublado
20260613_172405,9789-10,33597,2,16108,2026-06-13T20:23:50Z,-23.5076635,-46.6737705,20.13,84,nublado
20260613_172405,9789-10,33597,2,16466,2026-06-13T20:23:37Z,-23.467668,-46.697927,20.13,84,nublado
20260613_172405,9789-10,33597,2,16510,2026-06-13T20:23:52Z,-23.48442,-46.690945,20.13,84,nublado
20260613_172405,2104-10,2255,1,21010,2026-06-13T20:23:39Z,-23.510856,-46.625114749999995,20.13,84,nublado
20260613_172405,1780-10,869,1,26459,2026-06-13T20:23:48Z,-23.4678595,-46.594010499999996,20.13,84,nublado
20260613_172405,1780-10,869,1,26271,2026-06-13T20:23:41Z,-23.459273,-46.5840145,20.13,84,nublado
20260613_172405,1780-10,869,1,26090,2026-06-13T20:23:38Z,-23.450174500000003,-46.5796305,20.13,84,nublado
20260613_172405,408A-10,766,1,41106,2026-06-13T20:23:58Z,-23.558354625,-46.63292575,20.13,84,nublado
20260613_172405,408A-10,766,1,41131,2026-06-13T20:23:57Z,-23.544878250000004,-46.66155525,20.13,84,nublado
20260613_172405,1788-10,33421,2,22659,2026-06-13T20:23:54Z,-23.4308,-46.5751545,20.13,84,nublado
20260613_172405,1788-10,33421,2,22028,2026-06-13T20:23:49Z,-23.457204500000003,-46.5953395,20.13,84,nublado
20260613_172405,1788-10,33421,2,22586,2026-06-13T20:23:54Z,-23.4307835,-46.5746735,20.13,84,nublado
20260613_172405,1788-10,33421,2,22574,2026-06-13T20:23:31Z,-23.4564015,-46.5931525,20.13,84,nublado
20260613_172405,6821-10,32789,2,72941,2026-06-13T20:23:46Z,-23.686469000000002,-46.780176,20.13,84,nublado
20260613_172405,6821-10,32789,2,72575,2026-06-13T20:23:40Z,-23.675430499999997,-46.773945,20.13,84,nublado
20260613_172405,9014-10,1425,1,13641,2026-06-13T20:23:56Z,-23.4740935,-46.70813125,20.13,84,nublado
20260613_172405,9014-10,1425,1,13525,2026-06-13T20:23:47Z,-23.5196425,-46.700389,20.13,84,nublado
20260613_172405,9014-10,1425,1,13675,2026-06-13T20:23:46Z,-23.5195885,-46.700672,20.13,84,nublado
20260613_172405,8047-41,33178,2,10544,2026-06-13T20:23:40Z,-23.439837,-46.7497575,20.13,84,nublado
20260613_172405,8047-41,33178,2,10222,2026-06-13T20:23:30Z,-23.5439475,-46.6941375,20.13,84,nublado
20260613_172405,513C-31,35304,2,56371,2026-06-13T20:24:04Z,-23.5968005,-46.527846999999994,20.13,84,nublado
20260613_172405,513C-31,35304,2,56366,2026-06-13T20:23:46Z,-23.535663,-46.453911000000005,20.13,84,nublado
20260613_172405,513C-31,35304,2,56365,2026-06-13T20:23:28Z,-23.597665499999998,-46.457929,20.13,84,nublado
20260613_172405,2363-10,135,1,32442,2026-06-13T20:23:37Z,-23.543232,-46.6184255,20.13,84,nublado
20260613_172405,2363-10,135,1,32028,2026-06-13T20:23:33Z,-23.54620025,-46.63007,20.13,84,nublado
20260613_172405,2363-10,135,1,32985,2026-06-13T20:23:54Z,-23.498493,-46.501718499999996,20.13,84,nublado
20260613_172405,2363-10,135,1,32671,2026-06-13T20:24:04Z,-23.506811,-46.532692,20.13,84,nublado
20260613_172405,2363-10,135,1,32019,2026-06-13T20:23:49Z,-23.527441500000002,-46.551878,20.13,84,nublado
20260613_172405,6200-10,33123,2,76394,2026-06-13T20:23:20Z,-23.6528615,-46.72473,20.13,84,nublado
20260613_172405,6200-10,33123,2,76301,2026-06-13T20:23:21Z,-23.654528,-46.7141635,20.13,84,nublado
20260613_172405,6200-10,33123,2,76386,2026-06-13T20:23:44Z,-23.570276999999997,-46.662268,20.13,84,nublado
20260613_172405,6200-10,33123,2,76396,2026-06-13T20:23:46Z,-23.626508875,-46.7133005,20.13,84,nublado
20260613_172405,6200-10,33123,2,76332,2026-06-13T20:23:57Z,-23.552871,-46.647738000000004,20.13,84,nublado
20260613_172405,6200-10,33123,2,76339,2026-06-13T20:23:56Z,-23.652470375,-46.723293874999996,20.13,84,nublado
20260613_172405,6200-10,33123,2,76333,2026-06-13T20:23:27Z,-23.580436,-46.680817000000005,20.13,84,nublado
20260613_172405,6200-10,33123,2,76385,2026-06-13T20:23:33Z,-23.586658,-46.691479,20.13,84,nublado
20260613_172405,2707-10,33687,2,36538,2026-06-13T20:23:20Z,-23.536256875,-46.40367437500001,20.13,84,nublado
20260613_172405,2707-10,33687,2,36520,2026-06-13T20:23:59Z,-23.542055,-46.471434,20.13,84,nublado
20260613_172405,2707-10,33687,2,36321,2026-06-13T20:23:58Z,-23.5420225,-46.471230000000006,20.13,84,nublado
20260613_172405,2707-10,33687,2,36527,2026-06-13T20:21:32Z,-23.525819,-46.4367435,20.13,84,nublado
20260613_172405,2707-10,33687,2,36243,2026-06-13T20:23:19Z,-23.540083499999998,-46.426136625,20.13,84,nublado
20260613_172405,2707-10,33687,2,36138,2026-06-13T20:23:59Z,-23.5382185,-46.406962,20.13,84,nublado
20260613_172405,2707-10,33687,2,36280,2026-06-13T20:23:31Z,-23.54375225,-46.411161500000006,20.13,84,nublado
20260613_172405,8028-10,35300,2,85699,2026-06-13T20:23:41Z,-23.6213075,-46.7260255,20.13,84,nublado
20260613_172405,8028-10,35300,2,85642,2026-06-13T20:23:22Z,-23.622214,-46.727898499999995,20.13,84,nublado
20260613_172405,8028-10,35300,2,85715,2026-06-13T20:23:48Z,-23.6016515,-46.710933499999996,20.13,84,nublado
20260613_172405,8028-10,35300,2,85704,2026-06-13T20:24:04Z,-23.585691,-46.724018,20.13,84,nublado
20260613_172405,8028-10,35300,2,85677,2026-06-13T20:23:44Z,-23.585691,-46.724018,20.13,84,nublado
20260613_172405,978L-10,466,1,11706,2026-06-13T20:23:52Z,-23.5229265,-46.66457275,20.13,84,nublado
20260613_172405,8194-10,33573,2,16070,2026-06-13T20:23:56Z,-23.4063025,-46.758756749999996,20.13,84,nublado
20260613_172405,8194-10,33573,2,16037,2026-06-13T20:23:21Z,-23.473653,-46.6699915,20.13,84,nublado
20260613_172405,8194-10,33573,2,16539,2026-06-13T20:23:37Z,-23.40433,-46.751183,20.13,84,nublado
20260613_172405,8194-10,33573,2,16240,2026-06-13T20:23:34Z,-23.45881325,-46.689925124999995,20.13,84,nublado
20260613_172405,8194-10,33573,2,16686,2026-06-13T20:24:01Z,-23.4583065,-46.690271749999994,20.13,84,nublado
20260613_172405,8194-10,33573,2,16430,2026-06-13T20:23:42Z,-23.441991875,-46.707130375,20.13,84,nublado
20260613_172405,2014-10,900,1,25023,2026-06-13T20:23:35Z,-23.457081000000002,-46.669748,20.13,84,nublado
20260613_172405,2014-10,900,1,25020,2026-06-13T20:23:34Z,-23.4987145,-46.662686,20.13,84,nublado
20260613_172405,2014-10,900,1,25666,2026-06-13T20:23:25Z,-23.491045749999998,-46.66633350000001,20.13,84,nublado
20260613_172405,2014-10,900,1,25210,2026-06-13T20:23:22Z,-23.4541105,-46.6690335,20.13,84,nublado
20260613_172405,2014-10,900,1,25200,2026-06-13T20:23:50Z,-23.5065805,-46.6657235,20.13,84,nublado
20260613_172405,2014-10,900,1,25202,2026-06-13T20:24:00Z,-23.481841250000002,-46.66944725,20.13,84,nublado
20260613_172405,5178-10,595,1,63028,2026-06-13T20:23:43Z,-23.684261,-46.637682,20.13,84,nublado
20260613_172405,5178-10,595,1,63102,2026-06-13T20:23:34Z,-23.656708000000002,-46.665236,20.13,84,nublado
20260613_172405,5178-10,595,1,63555,2026-06-13T20:23:50Z,-23.643731000000002,-46.67233,20.13,84,nublado
20260613_172405,5178-10,595,1,63545,2026-06-13T20:23:49Z,-23.595349499999998,-46.650389000000004,20.13,84,nublado
20260613_172405,3098-10,33846,2,55027,2026-06-13T20:23:59Z,-23.5650915,-46.5085165,20.13,84,nublado
20260613_172405,3098-10,33846,2,55177,2026-06-13T20:23:27Z,-23.603309749999998,-46.4819175,20.13,84,nublado
20260613_172405,3098-10,33846,2,55064,2026-06-13T20:24:00Z,-23.5929201875,-46.488674562499995,20.13,84,nublado
20260613_172405,3098-10,33846,2,55024,2026-06-13T20:23:21Z,-23.566259000000002,-46.507381,20.13,84,nublado
20260613_172405,817C-10,1337,1,82696,2026-06-13T20:23:39Z,-23.5447055,-46.6933205,20.13,84,nublado
20260613_172405,817C-10,1337,1,82693,2026-06-13T20:23:56Z,-23.53039025,-46.6993935,20.13,84,nublado
20260613_172405,930P-10,2115,1,32698,2026-06-13T20:23:59Z,-23.58019375,-46.6850195,20.13,84,nublado
20260613_172405,930P-10,2115,1,32670,2026-06-13T20:23:59Z,-23.56862075,-46.69213975,20.13,84,nublado
20260613_172405,930P-10,2115,1,32697,2026-06-13T20:23:57Z,-23.546251624999996,-46.6383455,20.13,84,nublado
20260613_172405,930P-10,2115,1,32246,2026-06-13T20:23:21Z,-23.565846,-46.7022225,20.13,84,nublado
20260613_172405,930P-10,2115,1,32018,2026-06-13T20:24:00Z,-23.557935125,-46.660014249999996,20.13,84,nublado
20260613_172405,971D-10,709,1,22145,2026-06-13T20:23:30Z,-23.459813,-46.6731075,20.13,84,nublado
20260613_172405,971D-10,709,1,22052,2026-06-13T20:23:37Z,-23.512176,-46.6261595,20.13,84,nublado
20260613_172405,971D-10,709,1,22088,2026-06-13T20:23:38Z,-23.4831115,-46.6346485,20.13,84,nublado
20260613_172405,971D-10,709,1,22096,2026-06-13T20:23:43Z,-23.475507999999998,-46.664567500000004,20.13,84,nublado
20260613_172405,971D-10,709,1,22130,2026-06-13T20:23:51Z,-23.461734,-46.684047,20.13,84,nublado
20260613_172405,971D-10,709,1,22466,2026-06-13T20:23:19Z,-23.486445875,-46.63974575,20.13,84,nublado
20260613_172405,4015-10,2188,1,48563,2026-06-13T20:23:57Z,-23.633635249999998,-46.469699,20.13,84,nublado
20260613_172405,5632-10,32849,2,61456,2026-06-13T20:23:54Z,-23.612731000000004,-46.67087775,20.13,84,nublado
20260613_172405,5632-10,32849,2,61426,2026-06-13T20:23:53Z,-23.700332500000002,-46.715157500000004,20.13,84,nublado
20260613_172405,5632-10,32849,2,61401,2026-06-13T20:23:18Z,-23.55497225,-46.637269,20.13,84,nublado
20260613_172405,5632-10,32849,2,61429,2026-06-13T20:23:49Z,-23.7361955,-46.70277,20.13,84,nublado
20260613_172405,5632-10,32849,2,61419,2026-06-13T20:23:38Z,-23.73809,-46.709101000000004,20.13,84,nublado
20260613_172405,8600-10,1432,1,11695,2026-06-13T20:23:38Z,-23.53877775,-46.640852,20.13,84,nublado
20260613_172405,8600-10,1432,1,11691,2026-06-13T20:23:36Z,-23.516460375,-46.685438500000004,20.13,84,nublado
20260613_172405,8600-10,1432,1,11692,2026-06-13T20:23:44Z,-23.486732,-46.726426000000004,20.13,84,nublado
20260613_172405,3754-10,33817,2,36214,2026-06-13T20:23:36Z,-23.5429995,-46.470884999999996,20.13,84,nublado
20260613_172405,3754-10,33817,2,36647,2026-06-13T20:23:32Z,-23.560367499999998,-46.4082645,20.13,84,nublado
20260613_172405,3754-10,33817,2,36651,2026-06-13T20:23:56Z,-23.559081,-46.402304,20.13,84,nublado
20260613_172405,3754-10,33817,2,36215,2026-06-13T20:23:22Z,-23.573897000000002,-46.398213999999996,20.13,84,nublado
20260613_172405,3754-10,33817,2,36696,2026-06-13T20:23:40Z,-23.539126,-46.4265615,20.13,84,nublado
20260613_172405,3754-10,33817,2,36147,2026-06-13T20:23:17Z,-23.528665750000002,-46.431957249999996,20.13,84,nublado
20260613_172405,809L-10,34717,2,85811,2026-06-13T20:23:34Z,-23.632000499999997,-46.771926,20.13,84,nublado
20260613_172405,809L-10,34717,2,85809,2026-06-13T20:23:49Z,-23.631868500000003,-46.772482,20.13,84,nublado
20260613_172405,809L-10,34717,2,85793,2026-06-13T20:23:49Z,-23.631954,-46.7723235,20.13,84,nublado
20260613_172405,809L-10,34717,2,85797,2026-06-13T20:23:31Z,-23.555463500000002,-46.709975,20.13,84,nublado
20260613_172405,809L-10,34717,2,85800,2026-06-13T20:24:02Z,-23.610633,-46.75271,20.13,84,nublado
20260613_172405,809L-10,34717,2,85804,2026-06-13T20:24:00Z,-23.5385875,-46.7058765,20.13,84,nublado
20260613_172405,809L-10,34717,2,85813,2026-06-13T20:23:32Z,-23.522697,-46.702521749999995,20.13,84,nublado
20260613_172405,809L-10,34717,2,85796,2026-06-13T20:23:43Z,-23.632016,-46.772219500000006,20.13,84,nublado
20260613_172405,809L-10,34717,2,85798,2026-06-13T20:23:41Z,-23.59007975,-46.736112500000004,20.13,84,nublado
20260613_172405,475R-10,344,1,52850,2026-06-13T20:23:26Z,-23.652342,-46.609782499999994,20.13,84,nublado
20260613_172405,475R-10,344,1,52791,2026-06-13T20:23:36Z,-23.57859,-46.651092,20.13,84,nublado
20260613_172405,475R-10,344,1,52800,2026-06-13T20:23:37Z,-23.6539695,-46.612620500000006,20.13,84,nublado
20260613_172405,475R-10,344,1,52823,2026-06-13T20:23:50Z,-23.60045975,-46.634907,20.13,84,nublado
20260613_172405,475R-10,344,1,52803,2026-06-13T20:23:43Z,-23.652342,-46.609782499999994,20.13,84,nublado
20260613_172405,3099-10,1079,1,55118,2026-06-13T20:23:37Z,-23.609390124999997,-46.4413745,20.13,84,nublado
20260613_172405,3099-10,1079,1,55012,2026-06-13T20:23:34Z,-23.60590275,-46.4797095,20.13,84,nublado
20260613_172405,3099-10,1079,1,55555,2026-06-13T20:23:54Z,-23.617478,-46.4613735,20.13,84,nublado
20260613_172405,3099-10,1079,1,55261,2026-06-13T20:23:57Z,-23.617219999999996,-46.4613885,20.13,84,nublado
20260613_172405,775F-10,33564,2,85569,2026-06-13T20:24:03Z,-23.56881575,-46.692298750000006,20.13,84,nublado
20260613_172405,775F-10,33564,2,85598,2026-06-13T20:23:29Z,-23.626432,-46.745948999999996,20.13,84,nublado
20260613_172405,775F-10,33564,2,85599,2026-06-13T20:24:00Z,-23.6232845,-46.750669,20.13,84,nublado
20260613_172405,775F-10,33564,2,85571,2026-06-13T20:23:48Z,-23.5834775,-46.688954499999994,20.13,84,nublado
20260613_172405,775F-10,33564,2,85580,2026-06-13T20:24:04Z,-23.5550225,-46.673255999999995,20.13,84,nublado
20260613_172405,407A-10,2194,1,48124,2026-06-13T20:23:22Z,-23.567271499999997,-46.5067825,20.13,84,nublado
20260613_172405,407A-10,2194,1,48267,2026-06-13T20:23:20Z,-23.56731025,-46.5428275,20.13,84,nublado
20260613_172405,407A-10,2194,1,48388,2026-06-13T20:23:46Z,-23.542392999999997,-46.616875500000006,20.13,84,nublado
20260613_172405,407A-10,2194,1,48986,2026-06-13T20:23:38Z,-23.556037625000002,-46.575433625,20.13,84,nublado
20260613_172405,407A-10,2194,1,48295,2026-06-13T20:23:46Z,-23.57034,-46.4897605,20.13,84,nublado
20260613_172405,9181-10,885,1,16362,2026-06-13T20:23:39Z,-23.460187,-46.697503999999995,20.13,84,nublado
20260613_172405,9181-10,885,1,16258,2026-06-13T20:24:01Z,-23.471754500000003,-46.683178,20.13,84,nublado
20260613_172405,9181-10,885,1,16388,2026-06-13T20:23:27Z,-23.4973245,-46.689873,20.13,84,nublado
20260613_172405,9181-10,885,1,16084,2026-06-13T20:23:30Z,-23.498321875000002,-46.689088125,20.13,84,nublado
20260613_172405,9181-10,885,1,16056,2026-06-13T20:23:58Z,-23.506334625,-46.68914550000001,20.13,84,nublado
20260613_172405,9181-10,885,1,16456,2026-06-13T20:23:24Z,-23.478752,-46.6855655,20.13,84,nublado
20260613_172405,9181-10,885,1,16245,2026-06-13T20:23:27Z,-23.523718375,-46.703873125,20.13,84,nublado
20260613_172405,9011-10,878,1,16991,2026-06-13T20:23:24Z,-23.45467,-46.738116000000005,20.13,84,nublado
20260613_172405,9011-10,878,1,16478,2026-06-13T20:23:28Z,-23.442771,-46.7179665,20.13,84,nublado
20260613_172405,9011-10,878,1,16994,2026-06-13T20:23:29Z,-23.4532055,-46.6975245,20.13,84,nublado
20260613_172405,9011-10,878,1,16990,2026-06-13T20:23:31Z,-23.45467,-46.738116000000005,20.13,84,nublado
20260613_172405,9011-10,878,1,16390,2026-06-13T20:23:31Z,-23.45467,-46.738116000000005,20.13,84,nublado
20260613_172405,9011-10,878,1,16329,2026-06-13T20:24:02Z,-23.453462,-46.697958,20.13,84,nublado
20260613_172405,9011-10,878,1,16986,2026-06-13T20:23:40Z,-23.45467,-46.738116000000005,20.13,84,nublado
20260613_172405,9011-10,878,1,16989,2026-06-13T20:23:54Z,-23.45467,-46.738116000000005,20.13,84,nublado
20260613_172405,9011-10,878,1,16307,2026-06-13T20:23:57Z,-23.45467,-46.738116000000005,20.13,84,nublado
20260613_172405,875H-10,34108,2,82634,2026-06-13T20:23:35Z,-23.5203215,-46.700824999999995,20.13,84,nublado
20260613_172405,875H-10,34108,2,82623,2026-06-13T20:23:53Z,-23.5429925,-46.6763945,20.13,84,nublado
20260613_172405,875H-10,34108,2,82755,2026-06-13T20:23:52Z,-23.5843365,-46.63638675,20.13,84,nublado
20260613_172405,5614-21,35232,2,63645,2026-06-13T20:23:47Z,-23.672249,-46.677648500000004,20.13,84,nublado
20260613_172405,5614-21,35232,2,63630,2026-06-13T20:23:31Z,-23.62172475,-46.661924,20.13,84,nublado
20260613_172405,5614-21,35232,2,63632,2026-06-13T20:23:55Z,-23.7159525,-46.6262445,20.13,84,nublado
20260613_172405,211L-10,35033,2,22907,2026-06-13T20:23:27Z,-23.4708995,-46.6523345,20.13,84,nublado
20260613_172405,211L-10,35033,2,22662,2026-06-13T20:23:38Z,-23.4826065,-46.6307425,20.13,84,nublado
20260613_172405,211L-10,35033,2,22939,2026-06-13T20:23:36Z,-23.51888775,-46.700064,20.13,84,nublado
20260613_172405,311C-10,33077,2,52933,2026-06-13T20:23:51Z,-23.5977435,-46.561478,20.13,84,nublado
20260613_172405,311C-10,33077,2,52901,2026-06-13T20:23:51Z,-23.5378915,-46.636868750000005,20.13,84,nublado
20260613_172405,311C-10,33077,2,52139,2026-06-13T20:23:43Z,-23.594777,-46.5478045,20.13,84,nublado
20260613_172405,311C-10,33077,2,52934,2026-06-13T20:23:22Z,-23.594777,-46.5478045,20.13,84,nublado
20260613_172405,3064-10,980,1,36665,2026-06-13T20:23:49Z,-23.542614,-46.4155005,20.13,84,nublado
20260613_172405,3064-10,980,1,36101,2026-06-13T20:23:59Z,-23.5761405,-46.41639,20.13,84,nublado
20260613_172405,3064-10,980,1,36526,2026-06-13T20:23:27Z,-23.601703999999998,-46.3988755,20.13,84,nublado
20260613_172405,3064-10,980,1,36514,2026-06-13T20:23:27Z,-23.5427145,-46.4149935,20.13,84,nublado
20260613_172405,3064-10,980,1,36002,2026-06-13T20:23:57Z,-23.544784,-46.4105195,20.13,84,nublado
20260613_172405,3064-10,980,1,36608,2026-06-13T20:23:50Z,-23.582938499999997,-46.408109499999995,20.13,84,nublado
20260613_172405,3064-10,980,1,36541,2026-06-13T20:23:48Z,-23.560893,-46.416879,20.13,84,nublado
20260613_172405,3064-10,980,1,36638,2026-06-13T20:23:39Z,-23.558426500000003,-46.4105665,20.13,84,nublado
20260613_172405,1775-10,33406,2,26224,2026-06-13T20:23:42Z,-23.447527,-46.608493499999994,20.13,84,nublado
20260613_172405,1775-10,33406,2,26182,2026-06-13T20:21:50Z,-23.50769275,-46.624784,20.13,84,nublado
20260613_172405,1775-10,33406,2,26466,2026-06-13T20:23:39Z,-23.4474535,-46.608180000000004,20.13,84,nublado
20260613_172405,1036-10,2453,1,16196,2026-06-13T20:22:55Z,-23.447619500000002,-46.7088905,20.13,84,nublado
20260613_172405,1036-10,2453,1,16459,2026-06-13T20:23:30Z,-23.462367,-46.714346500000005,20.13,84,nublado
20260613_172405,1036-10,2453,1,16384,2026-06-13T20:23:39Z,-23.453533999999998,-46.7120265,20.13,84,nublado
20260613_172405,1036-10,2453,1,16545,2026-06-13T20:23:48Z,-23.484475,-46.710494499999996,20.13,84,nublado
20260613_172405,1036-10,2453,1,16395,2026-06-13T20:23:47Z,-23.462367,-46.714346500000005,20.13,84,nublado
20260613_172405,2772-10,398,1,32076,2026-06-13T20:23:40Z,-23.498739999999998,-46.4654545,20.13,84,nublado
20260613_172405,2772-10,398,1,32043,2026-06-13T20:23:50Z,-23.521472250000002,-46.525711,20.13,84,nublado
20260613_172405,3063-1,2626,1,48719,2026-06-13T20:23:18Z,-23.5946925,-46.441441999999995,20.13,84,nublado
20260613_172405,3063-1,2626,1,48021,2026-06-13T20:24:02Z,-23.5753865,-46.416125,20.13,84,nublado
20260613_172405,3063-1,2626,1,48184,2026-06-13T20:23:20Z,-23.544168499999998,-46.409655,20.13,84,nublado
20260613_172405,4716-10,1106,1,55557,2026-06-13T20:23:30Z,-23.595473499999997,-46.59627825,20.13,84,nublado
20260613_172405,4716-10,1106,1,55137,2026-06-13T20:24:04Z,-23.593403000000002,-46.590654,20.13,84,nublado
20260613_172405,4716-10,1106,1,55185,2026-06-13T20:24:03Z,-23.603378,-46.6016745,20.13,84,nublado
20260613_172405,3732-10,1029,1,47013,2026-06-13T20:23:49Z,-23.5407625,-46.435683749999995,20.13,84,nublado
20260613_172405,3732-10,1029,1,47660,2026-06-13T20:23:45Z,-23.5437895,-46.44782,20.13,84,nublado
20260613_172405,3732-10,1029,1,47034,2026-06-13T20:23:31Z,-23.54146825,-46.451331249999996,20.13,84,nublado
20260613_172405,3732-10,1029,1,47838,2026-06-13T20:23:26Z,-23.54899875,-46.43618,20.13,84,nublado
20260613_172405,3732-10,1029,1,47263,2026-06-13T20:23:33Z,-23.539538,-46.4317025,20.13,84,nublado
20260613_172405,4718-10,336,1,51128,2026-06-13T20:23:24Z,-23.626040375000002,-46.619731625,20.13,84,nublado
20260613_172405,8025-10,34844,2,86141,2026-06-13T20:23:04Z,-23.589164,-46.7621565,20.13,84,nublado
20260613_172405,8025-10,34844,2,86140,2026-06-13T20:23:45Z,-23.590518,-46.76971475,20.13,84,nublado
20260613_172405,647A-10,1315,1,75424,2026-06-13T20:23:26Z,-23.597914,-46.7086635,20.13,84,nublado
20260613_172405,647A-10,1315,1,75425,2026-06-13T20:23:51Z,-23.5656265,-46.69294549999999,20.13,84,nublado
20260613_172405,407J-10,34966,2,48144,2026-06-13T20:23:57Z,-23.569603,-46.479105000000004,20.13,84,nublado
20260613_172405,407J-10,34966,2,48378,2026-06-13T20:24:01Z,-23.553163625000003,-46.4050935,20.13,84,nublado
20260613_172405,407J-10,34966,2,48976,2026-06-13T20:23:22Z,-23.539832687500002,-46.553424,20.13,84,nublado
20260613_172405,407J-10,34966,2,48099,2026-06-13T20:23:58Z,-23.543804,-46.56242125,20.13,84,nublado
20260613_172405,407J-10,34966,2,48409,2026-06-13T20:23:45Z,-23.546017499999998,-46.543262,20.13,84,nublado
20260613_172405,407J-10,34966,2,48950,2026-06-13T20:23:51Z,-23.570562000000002,-46.4801215,20.13,84,nublado
20260613_172405,407J-10,34966,2,48253,2026-06-13T20:23:51Z,-23.546086125,-46.573990125,20.13,84,nublado
20260613_172405,407J-10,34966,2,48132,2026-06-13T20:23:53Z,-23.539696937500004,-46.552808,20.13,84,nublado
20260613_172405,407J-10,34966,2,48087,2026-06-13T20:24:01Z,-23.58338,-46.49205,20.13,84,nublado
20260613_172405,407J-10,34966,2,48431,2026-06-13T20:23:51Z,-23.55371425,-46.40418275,20.13,84,nublado
20260613_172405,407J-10,34966,2,48341,2026-06-13T20:23:43Z,-23.5538775,-46.403907,20.13,84,nublado
20260613_172405,407J-10,34966,2,48152,2026-06-13T20:23:39Z,-23.56485575,-46.474444,20.13,84,nublado
20260613_172405,6091-10,1175,1,61521,2026-06-13T20:23:29Z,-23.826782,-46.7298025,20.13,84,nublado
20260613_172405,6091-10,1175,1,61547,2026-06-13T20:23:30Z,-23.862332375,-46.714624375,20.13,84,nublado
20260613_172405,6091-10,1175,1,61556,2026-06-13T20:23:29Z,-23.669692375,-46.703979125000004,20.13,84,nublado
20260613_172405,6091-10,1175,1,61533,2026-06-13T20:23:44Z,-23.76621725,-46.717002750000006,20.13,84,nublado
20260613_172405,6091-10,1175,1,61531,2026-06-13T20:23:36Z,-23.653856875,-46.71128025,20.13,84,nublado
20260613_172405,6091-10,1175,1,61535,2026-06-13T20:23:45Z,-23.848943,-46.713415,20.13,84,nublado
20260613_172405,6L05-10,33941,2,66603,2026-06-13T20:23:41Z,-23.850341,-46.6960245,20.13,84,nublado
20260613_172405,6L05-10,33941,2,66260,2026-06-13T20:23:42Z,-23.874095500000003,-46.649294499999996,20.13,84,nublado
20260613_172405,6041-10,1218,1,78366,2026-06-13T20:23:53Z,-23.64161625,-46.715562625000004,20.13,84,nublado
20260613_172405,6041-10,1218,1,78994,2026-06-13T20:23:47Z,-23.6887865,-46.7813065,20.13,84,nublado
20260613_172405,6041-10,1218,1,78120,2026-06-13T20:23:56Z,-23.65436375,-46.760079499999996,20.13,84,nublado
20260613_172405,6041-10,1218,1,78097,2026-06-13T20:23:49Z,-23.690493500000002,-46.780443,20.13,84,nublado
20260613_172405,857A-10,34693,2,75607,2026-06-13T20:23:23Z,-23.6313825,-46.77286,20.13,84,nublado
20260613_172405,857A-10,34693,2,75661,2026-06-13T20:23:53Z,-23.5839715,-46.6701505,20.13,84,nublado
20260613_172405,857A-10,34693,2,75659,2026-06-13T20:23:43Z,-23.6196695,-46.75802949999999,20.13,84,nublado
20260613_172405,857A-10,34693,2,75608,2026-06-13T20:23:29Z,-23.631218,-46.773197499999995,20.13,84,nublado
20260613_172405,857A-10,34693,2,75602,2026-06-13T20:24:00Z,-23.579709,-46.6853055,20.13,84,nublado
20260613_172405,857A-10,34693,2,75604,2026-06-13T20:23:22Z,-23.599684000000003,-46.6422255,20.13,84,nublado
20260613_172405,5111-10,32816,2,71734,2026-06-13T20:23:22Z,-23.6542185,-46.7133365,20.13,84,nublado
20260613_172405,5111-10,32816,2,71735,2026-06-13T20:23:39Z,-23.5496835,-46.630564,20.13,84,nublado
20260613_172405,5111-10,32816,2,71732,2026-06-13T20:24:04Z,-23.610243,-46.6772565,20.13,84,nublado
20260613_172405,5111-10,32816,2,71018,2026-06-13T20:23:48Z,-23.58769125,-46.67168025,20.13,84,nublado
20260613_172405,502J-10,34043,2,64487,2026-06-13T20:23:46Z,-23.6609925,-46.6696515,20.13,84,nublado
20260613_172405,502J-10,34043,2,64481,2026-06-13T20:24:01Z,-23.629770999999998,-46.6466095,20.13,84,nublado
20260613_172405,502J-10,34043,2,64485,2026-06-13T20:23:53Z,-23.68981275,-46.66692025,20.13,84,nublado
20260613_172405,8055-51,417,1,11699,2026-06-13T20:23:39Z,-23.524970625,-46.692110125,20.13,84,nublado
20260613_172405,8055-51,417,1,11700,2026-06-13T20:23:26Z,-23.440959749999998,-46.786393,20.13,84,nublado
20260613_172405,874T-10,307,1,52043,2026-06-13T20:23:23Z,-23.520992749999998,-46.699836,20.13,84,nublado
20260613_172405,874T-10,307,1,52060,2026-06-13T20:23:51Z,-23.56053225,-46.657398,20.13,84,nublado
20260613_172405,5632-10,81,1,61449,2026-06-13T20:23:46Z,-23.717588499999998,-46.6995085,20.13,84,nublado
20260613_172405,5632-10,81,1,61451,2026-06-13T20:23:28Z,-23.7375215,-46.709300999999996,20.13,84,nublado
20260613_172405,5632-10,81,1,61450,2026-06-13T20:23:35Z,-23.6497811875,-46.70390193750001,20.13,84,nublado
20260613_172405,5632-10,81,1,61453,2026-06-13T20:23:59Z,-23.6071845,-46.665484,20.13,84,nublado
20260613_172405,6028-10,1211,1,78527,2026-06-13T20:23:24Z,-23.6716945,-46.7345335,20.13,84,nublado
20260613_172405,6028-10,1211,1,78890,2026-06-13T20:24:02Z,-23.691234,-46.758831,20.13,84,nublado
20260613_172405,6028-10,1211,1,78463,2026-06-13T20:21:56Z,-23.6865615,-46.753487,20.13,84,nublado
20260613_172405,189L-10,35218,2,10002,2026-06-13T20:23:36Z,-23.511425,-46.70535825,20.13,84,nublado
20260613_172405,847J-10,34110,2,10227,2026-06-13T20:23:54Z,-23.51390125,-46.7023075,20.13,84,nublado
20260613_172405,715M-10,490,1,81612,2026-06-13T20:23:27Z,-23.583236999999997,-46.761977,20.13,84,nublado
20260613_172405,715M-10,490,1,81606,2026-06-13T20:23:51Z,-23.565579,-46.68024925,20.13,84,nublado
20260613_172405,715M-10,490,1,81376,2026-06-13T20:23:35Z,-23.56103375,-46.67276375,20.13,84,nublado
20260613_172405,715M-10,490,1,81538,2026-06-13T20:23:58Z,-23.568078999999997,-46.649365,20.13,84,nublado
20260613_172405,715M-10,490,1,81043,2026-06-13T20:23:42Z,-23.583236999999997,-46.761977,20.13,84,nublado
20260613_172405,7057-10,1897,1,78148,2026-06-13T20:23:35Z,-23.649582000000002,-46.784457,20.13,84,nublado
20260613_172405,7057-10,1897,1,78330,2026-06-13T20:23:24Z,-23.6371005,-46.779114500000006,20.13,84,nublado
20260613_172405,6007-10,32944,2,73410,2026-06-13T20:23:39Z,-23.6540735,-46.7628415,20.13,84,nublado
20260613_172405,6007-10,32944,2,73429,2026-06-13T20:23:26Z,-23.67115425,-46.75593725,20.13,84,nublado
20260613_172405,6007-10,32944,2,73457,2026-06-13T20:23:44Z,-23.669361000000002,-46.735786250000004,20.13,84,nublado
20260613_172405,6007-10,32944,2,73445,2026-06-13T20:23:40Z,-23.648396374999997,-46.722478624999994,20.13,84,nublado
20260613_172405,3718-10,1013,1,47036,2026-06-13T20:23:22Z,-23.540547,-46.485232999999994,20.13,84,nublado
20260613_172405,3718-10,1013,1,47116,2026-06-13T20:23:43Z,-23.557748000000004,-46.489372375,20.13,84,nublado
20260613_172405,3718-10,1013,1,47165,2026-06-13T20:23:34Z,-23.540547,-46.485232999999994,20.13,84,nublado
20260613_172405,3718-10,1013,1,47177,2026-06-13T20:24:00Z,-23.540547,-46.485232999999994,20.13,84,nublado
20260613_172405,3718-10,1013,1,47060,2026-06-13T20:23:20Z,-23.54865,-46.48319,20.13,84,nublado
20260613_172405,648P-10,32834,2,71741,2026-06-13T20:23:31Z,-23.653219749999998,-46.759279875000004,20.13,84,nublado
20260613_172405,648P-10,32834,2,71746,2026-06-13T20:23:32Z,-23.589574749999997,-46.68179375,20.13,84,nublado
20260613_172405,648P-10,32834,2,71689,2026-06-13T20:23:46Z,-23.632096,-46.707190499999996,20.13,84,nublado
20260613_172405,373L-10,33795,2,47322,2026-06-13T20:23:31Z,-23.542998,-46.4711105,20.13,84,nublado
20260613_172405,373L-10,33795,2,47707,2026-06-13T20:23:56Z,-23.571624999999997,-46.450720000000004,20.13,84,nublado
20260613_172405,373L-10,33795,2,47603,2026-06-13T20:23:31Z,-23.6227125,-46.414294,20.13,84,nublado
20260613_172405,373L-10,33795,2,47732,2026-06-13T20:23:47Z,-23.597544499999998,-46.434636499999996,20.13,84,nublado
20260613_172405,8062-10,420,1,10422,2026-06-13T20:23:42Z,-23.519116500000003,-46.7028605,20.13,84,nublado
20260613_172405,6451-10,61,1,71752,2026-06-13T20:23:40Z,-23.63581,-46.719123499999995,20.13,84,nublado
20260613_172405,6451-10,61,1,71730,2026-06-13T20:23:45Z,-23.555836,-46.6499815,20.13,84,nublado
20260613_172405,6451-10,61,1,71386,2026-06-13T20:23:45Z,-23.579705,-46.677246499999995,20.13,84,nublado
20260613_172405,6451-10,61,1,71043,2026-06-13T20:24:03Z,-23.5772005,-46.6728675,20.13,84,nublado
20260613_172405,6451-10,61,1,71034,2026-06-13T20:24:03Z,-23.5929895,-46.692148,20.13,84,nublado
20260613_172405,6451-10,61,1,71751,2026-06-13T20:24:01Z,-23.642553499999998,-46.739124000000004,20.13,84,nublado
20260613_172405,177Y-10,867,1,21264,2026-06-13T20:23:41Z,-23.538517,-46.6747345,20.13,84,nublado
20260613_172405,271P-10,704,1,22778,2026-06-13T20:23:48Z,-23.5328285,-46.6311235,20.13,84,nublado
20260613_172405,271P-10,704,1,22776,2026-06-13T20:23:46Z,-23.542395499999998,-46.6352205,20.13,84,nublado
20260613_172405,271P-10,704,1,22527,2026-06-13T20:23:54Z,-23.524457875,-46.550079125,20.13,84,nublado
20260613_172405,577T-10,34059,2,63601,2026-06-13T20:23:25Z,-23.6868825,-46.6383355,20.13,84,nublado
20260613_172405,577T-10,34059,2,63640,2026-06-13T20:23:50Z,-23.61845,-46.6392775,20.13,84,nublado
20260613_172405,577T-10,34059,2,63669,2026-06-13T20:23:42Z,-23.588747312499997,-46.639736,20.13,84,nublado
20260613_172405,577T-10,34059,2,63371,2026-06-13T20:23:48Z,-23.6835835,-46.634378999999996,20.13,84,nublado
20260613_172405,577T-10,34059,2,63248,2026-06-13T20:23:43Z,-23.590662875,-46.640992999999995,20.13,84,nublado
20260613_172405,6099-10,1587,1,66151,2026-06-13T20:23:50Z,-23.736292,-46.696856499999996,20.13,84,nublado
20260613_172405,6099-10,1587,1,66804,2026-06-13T20:23:34Z,-23.736292,-46.696856499999996,20.13,84,nublado
20260613_172405,6099-10,1587,1,66453,2026-06-13T20:23:41Z,-23.826211875,-46.7326355,20.13,84,nublado
20260613_172405,2013-10,899,1,25611,2026-06-13T20:23:31Z,-23.4602795,-46.648659499999994,20.13,84,nublado
20260613_172405,2013-10,899,1,25208,2026-06-13T20:24:02Z,-23.468981,-46.644275,20.13,84,nublado
20260613_172405,2013-10,899,1,25654,2026-06-13T20:23:51Z,-23.464320999999998,-46.655476500000006,20.13,84,nublado
20260613_172405,2013-10,899,1,25650,2026-06-13T20:24:00Z,-23.467802499999998,-46.667463999999995,20.13,84,nublado
20260613_172405,2013-10,899,1,25165,2026-06-13T20:24:00Z,-23.4673775,-46.661673,20.13,84,nublado
20260613_172405,8700-10,1877,1,81766,2026-06-13T20:23:56Z,-23.584879,-46.718874,20.13,84,nublado
20260613_172405,8700-10,1877,1,81108,2026-06-13T20:24:04Z,-23.6065685,-46.748829,20.13,84,nublado
20260613_172405,8700-10,1877,1,81139,2026-06-13T20:23:27Z,-23.5474995,-46.640241,20.13,84,nublado
20260613_172405,8700-10,1877,1,81214,2026-06-13T20:23:19Z,-23.5649485,-46.679060250000006,20.13,84,nublado
20260613_172405,8700-10,1877,1,81116,2026-06-13T20:23:44Z,-23.563195,-46.67596825,20.13,84,nublado
20260613_172405,8700-10,1877,1,81199,2026-06-13T20:23:29Z,-23.5473055,-46.6461455,20.13,84,nublado
20260613_172405,8700-10,1877,1,81073,2026-06-13T20:23:29Z,-23.622368,-46.761258,20.13,84,nublado
20260613_172405,807M-10,1916,1,85593,2026-06-13T20:23:47Z,-23.61723925,-46.75265625,20.13,84,nublado
20260613_172405,807M-10,1916,1,85604,2026-06-13T20:23:52Z,-23.631579000000002,-46.772447,20.13,84,nublado
20260613_172405,807M-10,1916,1,85879,2026-06-13T20:23:20Z,-23.6087585,-46.7087685,20.13,84,nublado
20260613_172405,807M-10,1916,1,85817,2026-06-13T20:23:35Z,-23.63137,-46.771866,20.13,84,nublado
20260613_172405,807M-10,1916,1,85848,2026-06-13T20:23:52Z,-23.61045925,-46.70398375,20.13,84,nublado
20260613_172405,807M-10,1916,1,85866,2026-06-13T20:23:28Z,-23.6105695,-46.703619,20.13,84,nublado
20260613_172405,807M-10,1916,1,85769,2026-06-13T20:23:31Z,-23.623335500000003,-46.7508545,20.13,84,nublado
20260613_172405,6062-51,34507,2,66701,2026-06-13T20:23:58Z,-23.7418525,-46.6808185,20.13,84,nublado
20260613_172405,6062-51,34507,2,66564,2026-06-13T20:23:42Z,-23.653912,-46.711068,20.13,84,nublado
20260613_172405,6062-51,34507,2,66903,2026-06-13T20:23:39Z,-23.720875,-46.696999999999996,20.13,84,nublado
20260613_172405,6062-51,34507,2,66522,2026-06-13T20:23:50Z,-23.6541835,-46.7090685,20.13,84,nublado
20260613_172405,6062-51,34507,2,66051,2026-06-13T20:23:23Z,-23.7310565,-46.6880525,20.13,84,nublado
20260613_172405,6062-51,34507,2,66586,2026-06-13T20:23:24Z,-23.721926,-46.695498,20.13,84,nublado
20260613_172405,5164-10,1283,1,64461,2026-06-13T20:23:44Z,-23.6472665,-46.6452565,20.13,84,nublado
20260613_172405,5164-10,1283,1,64411,2026-06-13T20:24:02Z,-23.6532,-46.648384,20.13,84,nublado
20260613_172405,5164-10,1283,1,64302,2026-06-13T20:23:57Z,-23.604057375,-46.63607825,20.13,84,nublado
20260613_172405,5164-10,1283,1,64700,2026-06-13T20:23:39Z,-23.6079275,-46.6377185,20.13,84,nublado
20260613_172405,172J-10,33624,2,26301,2026-06-13T20:23:40Z,-23.48103575,-46.571052249999994,20.13,84,nublado
20260613_172405,172J-10,33624,2,26406,2026-06-13T20:23:28Z,-23.479367500000002,-46.568922,20.13,84,nublado
20260613_172405,172J-10,33624,2,26191,2026-06-13T20:23:51Z,-23.5323615,-46.582048,20.13,84,nublado
20260613_172405,172J-10,33624,2,26403,2026-06-13T20:23:31Z,-23.524507999999997,-46.581216999999995,20.13,84,nublado
20260613_172405,172J-10,33624,2,26100,2026-06-13T20:23:57Z,-23.479189750000003,-46.56941425,20.13,84,nublado
20260613_172405,172J-10,33624,2,26486,2026-06-13T20:23:31Z,-23.489365,-46.56996025,20.13,84,nublado
20260613_172405,172J-10,33624,2,26308,2026-06-13T20:24:00Z,-23.502014000000003,-46.575184,20.13,84,nublado
20260613_172405,6970-10,1505,1,61347,2026-06-13T20:23:32Z,-23.737581499999997,-46.697899500000005,20.13,84,nublado
20260613_172405,6970-10,1505,1,61778,2026-06-13T20:23:46Z,-23.7374635,-46.697805,20.13,84,nublado
20260613_172405,6970-10,1505,1,61740,2026-06-13T20:23:26Z,-23.65466625,-46.714012499999995,20.13,84,nublado
20260613_172405,6970-10,1505,1,61321,2026-06-13T20:23:37Z,-23.724725,-46.6994275,20.13,84,nublado
20260613_172405,6970-10,1505,1,61326,2026-06-13T20:23:44Z,-23.6908955,-46.7146385,20.13,84,nublado
20260613_172405,5021-10,1667,1,51050,2026-06-13T20:23:30Z,-23.618935999999998,-46.6193865,20.13,84,nublado
20260613_172405,6006-10,175,1,73425,2026-06-13T20:23:55Z,-23.6922335,-46.757836499999996,20.13,84,nublado
20260613_172405,6006-10,175,1,73439,2026-06-13T20:23:21Z,-23.6922335,-46.757836499999996,20.13,84,nublado
20260613_172405,6006-10,175,1,73638,2026-06-13T20:24:03Z,-23.66761,-46.680253500000006,20.13,84,nublado
20260613_172405,6006-10,175,1,73614,2026-06-13T20:23:33Z,-23.675183750000002,-46.6859125,20.13,84,nublado
20260613_172405,1771-10,33402,2,22558,2026-06-13T20:23:42Z,-23.46496175,-46.59650325,20.13,84,nublado
20260613_172405,1771-10,33402,2,22755,2026-06-13T20:23:22Z,-23.468072499999998,-46.594638,20.13,84,nublado
20260613_172405,1771-10,33402,2,22635,2026-06-13T20:23:27Z,-23.5028955,-46.623861500000004,20.13,84,nublado
20260613_172405,1771-10,33402,2,22557,2026-06-13T20:23:38Z,-23.4308,-46.5751545,20.13,84,nublado
20260613_172405,3795-10,1073,1,36117,2026-06-13T20:23:30Z,-23.55787175,-46.44271325,20.13,84,nublado
20260613_172405,3795-10,1073,1,36507,2026-06-13T20:23:37Z,-23.542298,-46.4702415,20.13,84,nublado
20260613_172405,3795-10,1073,1,36107,2026-06-13T20:23:44Z,-23.559901000000004,-46.41466925,20.13,84,nublado
20260613_172405,3795-10,1073,1,36572,2026-06-13T20:23:23Z,-23.55531,-46.416826,20.13,84,nublado
20260613_172405,3795-10,1073,1,36092,2026-06-13T20:23:19Z,-23.559945,-46.415017750000004,20.13,84,nublado
20260613_172405,857P-10,34694,2,71191,2026-06-13T20:23:46Z,-23.6312955,-46.773033999999996,20.13,84,nublado
20260613_172405,857P-10,34694,2,71306,2026-06-13T20:23:57Z,-23.570433,-46.689798249999996,20.13,84,nublado
20260613_172405,857P-10,34694,2,71190,2026-06-13T20:23:57Z,-23.608877,-46.7519055,20.13,84,nublado
20260613_172405,857P-10,34694,2,71287,2026-06-13T20:23:51Z,-23.566753687499997,-46.6499989375,20.13,84,nublado
20260613_172405,857P-10,34694,2,71176,2026-06-13T20:24:03Z,-23.591506375,-46.731275249999996,20.13,84,nublado
20260613_172405,5178-10,33363,2,63194,2026-06-13T20:23:52Z,-23.662676,-46.6622165,20.13,84,nublado
20260613_172405,5178-10,33363,2,63104,2026-06-13T20:24:04Z,-23.5631675,-46.6456515,20.13,84,nublado
20260613_172405,5178-10,33363,2,63204,2026-06-13T20:23:35Z,-23.688735,-46.636900999999995,20.13,84,nublado
20260613_172405,5178-10,33363,2,63097,2026-06-13T20:23:46Z,-23.565608875,-46.647713249999995,20.13,84,nublado
20260613_172405,7004-22,35401,2,73459,2026-06-13T20:23:41Z,-23.692594,-46.777992,20.13,84,nublado
20260613_172405,7004-22,35401,2,73372,2026-06-13T20:24:00Z,-23.731476999999998,-46.7859925,20.13,84,nublado
20260613_172405,7004-22,35401,2,73380,2026-06-13T20:23:39Z,-23.7312905,-46.7859135,20.13,84,nublado
20260613_172405,7004-22,35401,2,73424,2026-06-13T20:23:45Z,-23.73446925,-46.78779324999999,20.13,84,nublado
20260613_172405,1787-10,33418,2,26386,2026-06-13T20:23:31Z,-23.457132,-46.62335525,20.13,84,nublado
20260613_172405,1787-10,33418,2,26282,2026-06-13T20:24:02Z,-23.466121,-46.616125499999995,20.13,84,nublado
20260613_172405,2032-10,2266,1,22643,2026-06-13T20:23:26Z,-23.48619,-46.5778385,20.13,84,nublado
20260613_172405,2032-10,2266,1,22641,2026-06-13T20:23:34Z,-23.4842545,-46.573038499999996,20.13,84,nublado
20260613_172405,2451-10,32981,2,32655,2026-06-13T20:24:01Z,-23.5217465,-46.5299695,20.13,84,nublado
20260613_172405,2451-10,32981,2,32038,2026-06-13T20:23:24Z,-23.52831975,-46.49943450000001,20.13,84,nublado
20260613_172405,5129-41,34742,2,63379,2026-06-13T20:24:03Z,-23.658919,-46.699098,20.13,84,nublado
20260613_172405,5129-41,34742,2,63739,2026-06-13T20:23:55Z,-23.681586,-46.637748,20.13,84,nublado
20260613_172405,5129-41,34742,2,63717,2026-06-13T20:23:31Z,-23.662676,-46.6622165,20.13,84,nublado
20260613_172405,3141-10,33502,2,52925,2026-06-13T20:23:22Z,-23.612958,-46.4898305,20.13,84,nublado
20260613_172405,3141-10,33502,2,52780,2026-06-13T20:23:49Z,-23.594829500000003,-46.5252885,20.13,84,nublado
20260613_172405,3141-10,33502,2,52124,2026-06-13T20:23:41Z,-23.5732905,-46.568042125,20.13,84,nublado
20260613_172405,3141-10,33502,2,52838,2026-06-13T20:23:49Z,-23.6128235,-46.4794135,20.13,84,nublado
20260613_172405,2202-10,33678,2,36343,2026-06-13T20:23:36Z,-23.4972505,-46.3946555,20.13,84,nublado
20260613_172405,2202-10,33678,2,36671,2026-06-13T20:23:57Z,-23.52562675,-46.39835125,20.13,84,nublado
20260613_172405,2202-10,33678,2,36584,2026-06-13T20:23:31Z,-23.488201,-46.382996500000004,20.13,84,nublado
20260613_172405,2202-10,33678,2,36201,2026-06-13T20:23:45Z,-23.504816499999997,-46.4039565,20.13,84,nublado
20260613_172405,2202-10,33678,2,36340,2026-06-13T20:23:17Z,-23.488201,-46.382996500000004,20.13,84,nublado
20260613_172405,2202-10,33678,2,36005,2026-06-13T20:23:29Z,-23.5385345,-46.4074915,20.13,84,nublado
20260613_172405,2202-10,33678,2,36348,2026-06-13T20:23:22Z,-23.48792525,-46.382452,20.13,84,nublado
20260613_172405,2202-10,33678,2,36618,2026-06-13T20:23:38Z,-23.4934865,-46.389315499999995,20.13,84,nublado
20260613_172405,2202-10,33678,2,36252,2026-06-13T20:23:40Z,-23.5192465,-46.400273999999996,20.13,84,nublado
20260613_172405,2202-10,33678,2,36125,2026-06-13T20:23:38Z,-23.541742499999998,-46.415893499999996,20.13,84,nublado
20260613_172405,2202-10,33678,2,36346,2026-06-13T20:23:56Z,-23.5361735,-46.4032565,20.13,84,nublado
20260613_172405,3024-10,277,1,51130,2026-06-13T20:23:36Z,-23.58277425,-46.572303500000004,20.13,84,nublado
20260613_172405,3024-10,277,1,51114,2026-06-13T20:23:43Z,-23.6093755,-46.532146499999996,20.13,84,nublado
20260613_172405,5318-10,45,1,71850,2026-06-13T20:23:55Z,-23.63865675,-46.6964605,20.13,84,nublado
20260613_172405,5318-10,45,1,71878,2026-06-13T20:23:49Z,-23.64471425,-46.726479,20.13,84,nublado
20260613_172405,5318-10,45,1,71857,2026-06-13T20:23:39Z,-23.559082,-46.638616999999996,20.13,84,nublado
20260613_172405,5318-10,45,1,71192,2026-06-13T20:23:47Z,-23.6700825,-46.7488505,20.13,84,nublado
20260613_172405,5318-10,45,1,71869,2026-06-13T20:23:55Z,-23.557504625,-46.63795987499999,20.13,84,nublado
20260613_172405,971R-10,33382,2,21418,2026-06-13T20:23:54Z,-23.489514,-46.6510315,20.13,84,nublado
20260613_172405,971R-10,33382,2,21430,2026-06-13T20:23:31Z,-23.463973,-46.68045425,20.13,84,nublado
20260613_172405,971R-10,33382,2,21992,2026-06-13T20:23:40Z,-23.4683685,-46.6773575,20.13,84,nublado
20260613_172405,971R-10,33382,2,21996,2026-06-13T20:23:26Z,-23.4802015,-46.656578499999995,20.13,84,nublado
20260613_172405,971R-10,33382,2,21976,2026-06-13T20:23:53Z,-23.4536885,-46.73741,20.13,84,nublado
20260613_172405,971R-10,33382,2,21979,2026-06-13T20:23:57Z,-23.49803525,-46.639185499999996,20.13,84,nublado
20260613_172405,971R-10,33382,2,21422,2026-06-13T20:23:50Z,-23.45351275,-46.737303,20.13,84,nublado
20260613_172405,971R-10,33382,2,21991,2026-06-13T20:23:25Z,-23.4405355,-46.7324105,20.13,84,nublado
20260613_172405,971R-10,33382,2,21983,2026-06-13T20:23:24Z,-23.47520075,-46.665144,20.13,84,nublado
20260613_172405,971R-10,33382,2,21995,2026-06-13T20:23:44Z,-23.4352575,-46.716595,20.13,84,nublado
20260613_172405,971R-10,33382,2,21980,2026-06-13T20:23:45Z,-23.466234,-46.6792545,20.13,84,nublado
20260613_172405,2724-10,938,1,45205,2026-06-13T20:23:21Z,-23.5384885,-46.47931125,20.13,84,nublado
20260613_172405,2724-10,938,1,45576,2026-06-13T20:23:32Z,-23.53376,-46.4735715,20.13,84,nublado
20260613_172405,2724-10,938,1,45179,2026-06-13T20:23:41Z,-23.5396445,-46.483602,20.13,84,nublado
20260613_172405,2724-10,938,1,45180,2026-06-13T20:23:47Z,-23.5396445,-46.483602,20.13,84,nublado
20260613_172405,407F-10,34935,2,31755,2026-06-13T20:23:50Z,-23.612038499999997,-46.4762595,20.13,84,nublado
20260613_172405,407F-10,34935,2,31674,2026-06-13T20:23:39Z,-23.54098525,-46.589179375,20.13,84,nublado
20260613_172405,407F-10,34935,2,31949,2026-06-13T20:23:50Z,-23.5767895,-46.5166635,20.13,84,nublado
20260613_172405,407F-10,34935,2,31759,2026-06-13T20:23:25Z,-23.612228,-46.4762245,20.13,84,nublado
20260613_172405,5652-22,35284,2,63671,2026-06-13T20:23:56Z,-23.637867,-46.671824,20.13,84,nublado
20260613_172405,5652-22,35284,2,63215,2026-06-13T20:23:36Z,-23.6673325,-46.677828000000005,20.13,84,nublado
20260613_172405,5652-22,35284,2,63598,2026-06-13T20:23:48Z,-23.7058085,-46.6886045,20.13,84,nublado
20260613_172405,5652-22,35284,2,63342,2026-06-13T20:23:43Z,-23.721926,-46.695498,20.13,84,nublado
20260613_172405,5652-22,35284,2,63368,2026-06-13T20:23:48Z,-23.7058085,-46.6886045,20.13,84,nublado
20260613_172405,5652-22,35284,2,63330,2026-06-13T20:23:55Z,-23.7062515,-46.6887605,20.13,84,nublado
20260613_172405,7040-10,776,1,86323,2026-06-13T20:23:40Z,-23.5655225,-46.693991499999996,20.13,84,nublado
20260613_172405,7040-10,776,1,86163,2026-06-13T20:23:35Z,-23.618627,-46.721965999999995,20.13,84,nublado
20260613_172405,7040-10,776,1,86308,2026-06-13T20:23:28Z,-23.622961,-46.7285805,20.13,84,nublado
20260613_172405,7040-10,776,1,86610,2026-06-13T20:23:57Z,-23.566701000000002,-46.694135,20.13,84,nublado
20260613_172405,3390-10,738,1,52839,2026-06-13T20:24:00Z,-23.564543999999998,-46.608141,20.13,84,nublado
20260613_172405,3390-10,738,1,52720,2026-06-13T20:23:52Z,-23.612184499999998,-46.482907499999996,20.13,84,nublado
20260613_172405,3390-10,738,1,52946,2026-06-13T20:23:44Z,-23.613221375000002,-46.503759375,20.13,84,nublado
20260613_172405,3390-10,738,1,52834,2026-06-13T20:23:16Z,-23.611655499999998,-46.4832885,20.13,84,nublado
20260613_172405,3390-10,738,1,52735,2026-06-13T20:23:54Z,-23.612395,-46.4823855,20.13,84,nublado
20260613_172405,3390-10,738,1,52752,2026-06-13T20:23:48Z,-23.54569975,-46.626459,20.13,84,nublado
20260613_172405,516N-10,266,1,63042,2026-06-13T20:23:35Z,-23.68926525,-46.63648,20.13,84,nublado
20260613_172405,516N-10,266,1,63110,2026-06-13T20:23:55Z,-23.660609,-46.663065,20.13,84,nublado
20260613_172405,516N-10,266,1,63526,2026-06-13T20:23:59Z,-23.633414,-46.68017975,20.13,84,nublado
20260613_172405,5024-31,1123,1,68808,2026-06-13T20:23:34Z,-23.6608435,-46.694467,20.13,84,nublado
20260613_172405,5024-31,1123,1,68488,2026-06-13T20:23:32Z,-23.6866195,-46.66850375,20.13,84,nublado
20260613_172405,5024-31,1123,1,68242,2026-06-13T20:23:53Z,-23.694792999999997,-46.654803,20.13,84,nublado
20260613_172405,9300-10,116,1,21800,2026-06-13T20:23:28Z,-23.546077500000003,-46.631047,20.13,84,nublado
20260613_172405,9300-10,116,1,21932,2026-06-13T20:23:40Z,-23.4963175,-46.662493999999995,20.13,84,nublado
20260613_172405,9300-10,116,1,21251,2026-06-13T20:23:23Z,-23.53877775,-46.640852,20.13,84,nublado
20260613_172405,9300-10,116,1,21933,2026-06-13T20:23:27Z,-23.55004,-46.642128,20.13,84,nublado
20260613_172405,9300-10,116,1,21821,2026-06-13T20:23:53Z,-23.505799250000003,-46.66915725,20.13,84,nublado
20260613_172405,709A-10,2092,1,73009,2026-06-13T20:23:40Z,-23.6132095,-46.696375,20.13,84,nublado
20260613_172405,709A-10,2092,1,73007,2026-06-13T20:23:47Z,-23.591614,-46.688942499999996,20.13,84,nublado
20260613_172405,6014-10,32956,2,73368,2026-06-13T20:23:50Z,-23.73342475,-46.792429,20.13,84,nublado
20260613_172405,6014-10,32956,2,73427,2026-06-13T20:23:22Z,-23.71521175,-46.78270675,20.13,84,nublado
20260613_172405,6014-10,32956,2,73472,2026-06-13T20:23:23Z,-23.6755615,-46.75482325,20.13,84,nublado
20260613_172405,6014-10,32956,2,73955,2026-06-13T20:23:49Z,-23.7464715,-46.7936485,20.13,84,nublado
20260613_172405,8014-10,801,1,16311,2026-06-13T20:20:00Z,-23.4457545,-46.789125999999996,20.13,84,nublado
20260613_172405,8014-10,801,1,16225,2026-06-13T20:23:51Z,-23.404685999999998,-46.7500395,20.13,84,nublado
20260613_172405,8014-10,801,1,16482,2026-06-13T20:23:35Z,-23.4314335625,-46.786947874999996,20.13,84,nublado
20260613_172405,8014-10,801,1,16778,2026-06-13T20:23:34Z,-23.431205187499998,-46.786984625,20.13,84,nublado
20260613_172405,819A-10,33571,2,16967,2026-06-13T20:23:49Z,-23.433729999999997,-46.7215695,20.13,84,nublado
20260613_172405,819A-10,33571,2,16165,2026-06-13T20:23:27Z,-23.435324,-46.716320499999995,20.13,84,nublado
20260613_172405,819A-10,33571,2,16226,2026-06-13T20:23:35Z,-23.4808915,-46.6731595,20.13,84,nublado
20260613_172405,819A-10,33571,2,16515,2026-06-13T20:23:29Z,-23.4354455,-46.753210499999994,20.13,84,nublado
20260613_172405,819A-10,33571,2,16974,2026-06-13T20:23:43Z,-23.4492795,-46.73480575,20.13,84,nublado
20260613_172405,819A-10,33571,2,16054,2026-06-13T20:23:43Z,-23.4369115,-46.728397,20.13,84,nublado
20260613_172405,819A-10,33571,2,16406,2026-06-13T20:24:02Z,-23.4365895,-46.748554,20.13,84,nublado
20260613_172405,819A-10,33571,2,16133,2026-06-13T20:24:01Z,-23.459804999999996,-46.68515025,20.13,84,nublado
20260613_172405,407K-10,2168,1,31621,2026-06-13T20:23:38Z,-23.5387,-46.5644465,20.13,84,nublado
20260613_172405,407K-10,2168,1,31957,2026-06-13T20:23:54Z,-23.593915375,-46.4882985,20.13,84,nublado
20260613_172405,407K-10,2168,1,31950,2026-06-13T20:23:21Z,-23.5805935,-46.49206425,20.13,84,nublado
20260613_172405,407K-10,2168,1,31672,2026-06-13T20:23:32Z,-23.60686225,-46.478975250000005,20.13,84,nublado
20260613_172405,6082-10,2678,1,61748,2026-06-13T20:23:43Z,-23.7676725,-46.7163155,20.13,84,nublado
20260613_172405,6082-10,2678,1,61334,2026-06-13T20:23:59Z,-23.768638000000003,-46.715811,20.13,84,nublado
20260613_172405,6115-10,1185,1,66600,2026-06-13T20:23:48Z,-23.7360415,-46.6963535,20.13,84,nublado
20260613_172405,6115-10,1185,1,66752,2026-06-13T20:24:00Z,-23.746869,-46.665814499999996,20.13,84,nublado
20260613_172405,6115-10,1185,1,66415,2026-06-13T20:23:34Z,-23.7527695,-46.6830785,20.13,84,nublado
20260613_172405,6115-10,1185,1,66780,2026-06-13T20:23:38Z,-23.755481000000003,-46.6672705,20.13,84,nublado
20260613_172405,6115-10,1185,1,66589,2026-06-13T20:23:22Z,-23.7403345,-46.691452999999996,20.13,84,nublado
20260613_172405,971C-10,571,1,21323,2026-06-13T20:23:55Z,-23.436723999999998,-46.717591125,20.13,84,nublado
20260613_172405,971C-10,571,1,21412,2026-06-13T20:23:44Z,-23.454430000000002,-46.696312500000005,20.13,84,nublado
20260613_172405,971C-10,571,1,21993,2026-06-13T20:23:30Z,-23.4439,-46.712597,20.13,84,nublado
20260613_172405,971C-10,571,1,21275,2026-06-13T20:23:42Z,-23.474271,-46.668220250000005,20.13,84,nublado
20260613_172405,971C-10,571,1,21286,2026-06-13T20:23:51Z,-23.4976185,-46.642165250000005,20.13,84,nublado
20260613_172405,4052-10,34913,2,36634,2026-06-13T20:23:34Z,-23.542444,-46.416917999999995,20.13,84,nublado
20260613_172405,4052-10,34913,2,36612,2026-06-13T20:23:42Z,-23.542444,-46.416917999999995,20.13,84,nublado
20260613_172405,5106-31,34073,2,63655,2026-06-13T20:24:02Z,-23.68224575,-46.6769735,20.13,84,nublado
20260613_172405,5106-31,34073,2,63643,2026-06-13T20:24:02Z,-23.597132,-46.64244025,20.13,84,nublado
20260613_172405,5106-31,34073,2,63297,2026-06-13T20:23:50Z,-23.6923805,-46.677769,20.13,84,nublado
20260613_172405,5106-31,34073,2,63281,2026-06-13T20:23:57Z,-23.6923805,-46.6447745,20.13,84,nublado
20260613_172405,5106-31,34073,2,63276,2026-06-13T20:23:49Z,-23.68298175,-46.6332575,20.13,84,nublado
20260613_172405,5106-31,34073,2,63651,2026-06-13T20:23:37Z,-23.654470625,-46.636961,20.13,84,nublado
20260613_172405,5106-31,34073,2,63664,2026-06-13T20:23:41Z,-23.656443125000003,-46.636474500000006,20.13,84,nublado
20260613_172405,5106-31,34073,2,63665,2026-06-13T20:23:58Z,-23.581808000000002,-46.638332500000004,20.13,84,nublado
20260613_172405,9019-10,1433,1,16116,2026-06-13T20:23:32Z,-23.458111,-46.712601,20.13,84,nublado
20260613_172405,9019-10,1433,1,16248,2026-06-13T20:23:18Z,-23.459227,-46.7133795,20.13,84,nublado
20260613_172405,9019-10,1433,1,16290,2026-06-13T20:24:02Z,-23.4866665,-46.7276625,20.13,84,nublado
20260613_172405,475R-10,33112,2,52824,2026-06-13T20:23:46Z,-23.6314555,-46.627432,20.13,84,nublado
20260613_172405,475R-10,33112,2,52851,2026-06-13T20:23:51Z,-23.5470345,-46.6298525,20.13,84,nublado
20260613_172405,475R-10,33112,2,52810,2026-06-13T20:23:19Z,-23.596467,-46.642531,20.13,84,nublado
20260613_172405,475R-10,33112,2,52864,2026-06-13T20:22:13Z,-23.656328000000002,-46.616637,20.13,84,nublado
20260613_172405,475R-10,33112,2,52846,2026-06-13T20:23:46Z,-23.550752,-46.63680225,20.13,84,nublado
20260613_172405,519M-10,34979,2,52039,2026-06-13T20:23:44Z,-23.6042555,-46.5250365,20.13,84,nublado
20260613_172405,519M-10,34979,2,52076,2026-06-13T20:23:53Z,-23.577151999999998,-46.6081955,20.13,84,nublado
20260613_172405,3026-10,962,1,36310,2026-06-13T20:23:45Z,-23.542544,-46.4158275,20.13,84,nublado
20260613_172405,3026-10,962,1,36675,2026-06-13T20:23:37Z,-23.586185,-46.381636,20.13,84,nublado
20260613_172405,3026-10,962,1,36152,2026-06-13T20:23:19Z,-23.570479,-46.3975345,20.13,84,nublado
20260613_172405,3026-10,962,1,36211,2026-06-13T20:23:53Z,-23.57573,-46.392289000000005,20.13,84,nublado
20260613_172405,3026-10,962,1,36595,2026-06-13T20:23:39Z,-23.546488,-46.411582,20.13,84,nublado
20260613_172405,3026-10,962,1,36625,2026-06-13T20:23:43Z,-23.5858165,-46.3814765,20.13,84,nublado
20260613_172405,3026-10,962,1,36609,2026-06-13T20:18:19Z,-23.5827675,-46.386084,20.13,84,nublado
20260613_172405,2006-10,895,1,36150,2026-06-13T20:23:32Z,-23.510832999999998,-46.366727,20.13,84,nublado
20260613_172405,2006-10,895,1,36654,2026-06-13T20:23:50Z,-23.510832999999998,-46.366727,20.13,84,nublado
20260613_172405,2006-10,895,1,36603,2026-06-13T20:23:41Z,-23.510832999999998,-46.366727,20.13,84,nublado
20260613_172405,2006-10,895,1,36631,2026-06-13T20:23:45Z,-23.498005,-46.3698255,20.13,84,nublado
20260613_172405,2006-10,895,1,36113,2026-06-13T20:23:58Z,-23.4851905,-46.384059,20.13,84,nublado
20260613_172405,2006-10,895,1,36081,2026-06-13T20:23:49Z,-23.510832999999998,-46.366727,20.13,84,nublado
20260613_172405,2006-10,895,1,36304,2026-06-13T20:23:53Z,-23.510832999999998,-46.366727,20.13,84,nublado
20260613_172405,271F-10,33451,2,21743,2026-06-13T20:24:04Z,-23.542358,-46.589724000000004,20.13,84,nublado
20260613_172405,271F-10,33451,2,21751,2026-06-13T20:23:41Z,-23.54116475,-46.61372874999999,20.13,84,nublado
20260613_172405,271F-10,33451,2,21724,2026-06-13T20:23:55Z,-23.5171885,-46.616377,20.13,84,nublado
20260613_172405,695X-10,1441,1,61798,2026-06-13T20:23:48Z,-23.749764,-46.7096515,20.13,84,nublado
20260613_172405,695X-10,1441,1,61799,2026-06-13T20:23:44Z,-23.767062,-46.7161295,20.13,84,nublado
20260613_172405,695X-10,1441,1,61768,2026-06-13T20:23:38Z,-23.69789625,-46.700514999999996,20.13,84,nublado
20260613_172405,695X-10,1441,1,61795,2026-06-13T20:24:00Z,-23.644419,-46.64305975,20.13,84,nublado
20260613_172405,695X-10,1441,1,61806,2026-06-13T20:23:54Z,-23.639887375,-46.668651125,20.13,84,nublado
20260613_172405,695X-10,1441,1,61819,2026-06-13T20:23:34Z,-23.767859,-46.716285,20.13,84,nublado
20260613_172405,695X-10,1441,1,61771,2026-06-13T20:23:26Z,-23.767560000000003,-46.7161905,20.13,84,nublado
20260613_172405,695X-10,1441,1,61584,2026-06-13T20:23:54Z,-23.649324,-46.661827,20.13,84,nublado
20260613_172405,372F-10,33783,2,47288,2026-06-13T20:23:22Z,-23.551931500000002,-46.5993955,20.13,84,nublado
20260613_172405,372F-10,33783,2,47226,2026-06-13T20:23:59Z,-23.551769,-46.599556500000006,20.13,84,nublado
20260613_172405,3756-10,1050,1,36640,2026-06-13T20:23:51Z,-23.591324,-46.389072,20.13,84,nublado
20260613_172405,3756-10,1050,1,36277,2026-06-13T20:23:34Z,-23.564613,-46.40637699999999,20.13,84,nublado
20260613_172405,3756-10,1050,1,36575,2026-06-13T20:23:23Z,-23.5577185,-46.44346325,20.13,84,nublado
20260613_172405,3756-10,1050,1,36207,2026-06-13T20:23:53Z,-23.5638605,-46.4166465,20.13,84,nublado
20260613_172405,3756-10,1050,1,36656,2026-06-13T20:23:36Z,-23.591324,-46.389072,20.13,84,nublado
20260613_172405,8545-10,34132,2,13670,2026-06-13T20:23:48Z,-23.464613,-46.694316,20.13,84,nublado
20260613_172405,8545-10,34132,2,13548,2026-06-13T20:23:31Z,-23.464699000000003,-46.696727499999994,20.13,84,nublado
20260613_172405,8545-10,34132,2,13547,2026-06-13T20:23:54Z,-23.515414,-46.69562175,20.13,84,nublado
20260613_172405,1778-10,1789,1,22537,2026-06-13T20:23:36Z,-23.466824000000003,-46.569223,20.13,84,nublado
20260613_172405,1778-10,1789,1,22610,2026-06-13T20:23:45Z,-23.466824000000003,-46.569223,20.13,84,nublado
20260613_172405,1778-10,1789,1,22718,2026-06-13T20:23:41Z,-23.475814999999997,-46.609178,20.13,84,nublado
20260613_172405,8062-10,33188,2,10425,2026-06-13T20:23:54Z,-23.5153015,-46.747412,20.13,84,nublado
20260613_172405,172P-10,33626,2,26339,2026-06-13T20:23:56Z,-23.456787,-46.5872895,20.13,84,nublado
20260613_172405,172P-10,33626,2,26509,2026-06-13T20:23:27Z,-23.477419,-46.574707000000004,20.13,84,nublado
20260613_172405,172P-10,33626,2,26508,2026-06-13T20:23:56Z,-23.456812499999998,-46.58806,20.13,84,nublado
20260613_172405,172P-10,33626,2,26514,2026-06-13T20:23:37Z,-23.441778,-46.589405,20.13,84,nublado
20260613_172405,172P-10,33626,2,26006,2026-06-13T20:23:46Z,-23.4378765,-46.5662585,20.13,84,nublado
20260613_172405,172P-10,33626,2,26519,2026-06-13T20:23:20Z,-23.508226,-46.5889315,20.13,84,nublado
20260613_172405,172P-10,33626,2,26141,2026-06-13T20:23:56Z,-23.477728,-46.5753635,20.13,84,nublado
20260613_172405,172P-10,33626,2,26503,2026-06-13T20:23:36Z,-23.439521,-46.570279,20.13,84,nublado
20260613_172405,172P-10,33626,2,26521,2026-06-13T20:23:52Z,-23.44310575,-46.5899405,20.13,84,nublado
20260613_172405,2678-10,33151,2,32522,2026-06-13T20:23:19Z,-23.4938845,-46.37678150000001,20.13,84,nublado
20260613_172405,2678-10,33151,2,32507,2026-06-13T20:23:21Z,-23.495266,-46.432126,20.13,84,nublado
20260613_172405,2678-10,33151,2,32188,2026-06-13T20:23:38Z,-23.4938845,-46.37678150000001,20.13,84,nublado
20260613_172405,2678-10,33151,2,32520,2026-06-13T20:23:58Z,-23.529572,-46.553709999999995,20.13,84,nublado
20260613_172405,2678-10,33151,2,32902,2026-06-13T20:23:57Z,-23.5232135,-46.533851999999996,20.13,84,nublado
20260613_172405,8047-10,408,1,10411,2026-06-13T20:23:59Z,-23.4365905,-46.7530045,20.13,84,nublado
20260613_172405,8047-10,408,1,10414,2026-06-13T20:23:26Z,-23.487401499999997,-46.759305,20.13,84,nublado
20260613_172405,8528-10,33343,2,11575,2026-06-13T20:23:58Z,-23.5364965,-46.650567249999995,20.13,84,nublado
20260613_172405,8528-10,33343,2,11578,2026-06-13T20:23:32Z,-23.518918375,-46.675976000000006,20.13,84,nublado
20260613_172405,8528-10,33343,2,11577,2026-06-13T20:24:02Z,-23.469682749999997,-46.693912999999995,20.13,84,nublado
20260613_172405,8528-10,33343,2,11572,2026-06-13T20:23:44Z,-23.469084000000002,-46.6953355,20.13,84,nublado
20260613_172405,8528-10,33343,2,11471,2026-06-13T20:23:57Z,-23.5232475,-46.659653000000006,20.13,84,nublado
20260613_172405,148P-10,33302,2,22603,2026-06-13T20:23:25Z,-23.505564,-46.655101,20.13,84,nublado
20260613_172405,148P-10,33302,2,22608,2026-06-13T20:23:48Z,-23.4952275,-46.660738,20.13,84,nublado
20260613_172405,148P-10,33302,2,22592,2026-06-13T20:23:57Z,-23.45929175,-46.648502500000006,20.13,84,nublado
20260613_172405,148P-10,33302,2,22634,2026-06-13T20:23:46Z,-23.4757485,-46.66410075,20.13,84,nublado
20260613_172405,148P-10,33302,2,22657,2026-06-13T20:23:41Z,-23.507559999999998,-46.6546575,20.13,84,nublado
20260613_172405,148P-10,33302,2,22605,2026-06-13T20:24:01Z,-23.456633500000002,-46.643471500000004,20.13,84,nublado
20260613_172405,2021-10,33674,2,36690,2026-06-13T20:23:28Z,-23.541778,-46.4004405,20.13,84,nublado
20260613_172405,2021-10,33674,2,36083,2026-06-13T20:23:46Z,-23.544623,-46.390209999999996,20.13,84,nublado
20260613_172405,2021-10,33674,2,36276,2026-06-13T20:23:31Z,-23.541711,-46.416456499999995,20.13,84,nublado
20260613_172405,2021-10,33674,2,36622,2026-06-13T20:23:52Z,-23.544535,-46.389844,20.13,84,nublado
20260613_172405,809P-10,34659,2,71280,2026-06-13T20:23:39Z,-23.6312955,-46.773033999999996,20.13,84,nublado
20260613_172405,809P-10,34659,2,71248,2026-06-13T20:23:23Z,-23.6247785,-46.764696,20.13,84,nublado
20260613_172405,809P-10,34659,2,71303,2026-06-13T20:23:59Z,-23.591506375,-46.731275249999996,20.13,84,nublado
20260613_172405,809P-10,34659,2,71243,2026-06-13T20:23:40Z,-23.6142575,-46.7556145,20.13,84,nublado
20260613_172405,809P-10,34659,2,71309,2026-06-13T20:23:55Z,-23.571602375,-46.696492875000004,20.13,84,nublado
20260613_172405,809P-10,34659,2,71856,2026-06-13T20:23:32Z,-23.631508,-46.7726,20.13,84,nublado
20260613_172405,809P-10,34659,2,71279,2026-06-13T20:23:32Z,-23.631218,-46.773197499999995,20.13,84,nublado
20260613_172405,6046-10,1223,1,78193,2026-06-13T20:23:36Z,-23.640063249999997,-46.72306025,20.13,84,nublado
20260613_172405,6046-10,1223,1,78339,2026-06-13T20:23:44Z,-23.649607000000003,-46.707680499999995,20.13,84,nublado
20260613_172405,6046-10,1223,1,78386,2026-06-13T20:23:39Z,-23.6731425,-46.7734105,20.13,84,nublado
20260613_172405,3301-10,1618,1,31846,2026-06-13T20:23:46Z,-23.493800999999998,-46.43809975,20.13,84,nublado
20260613_172405,3301-10,1618,1,31828,2026-06-13T20:23:59Z,-23.542429,-46.615994,20.13,84,nublado
20260613_172405,3301-10,1618,1,31829,2026-06-13T20:23:31Z,-23.507372125000003,-46.488834374999996,20.13,84,nublado
20260613_172405,1025-10,35071,2,15245,2026-06-13T20:23:55Z,-23.4584625,-46.69927199999999,20.13,84,nublado
20260613_172405,1025-10,35071,2,15051,2026-06-13T20:23:53Z,-23.489131999999998,-46.698161999999996,20.13,84,nublado
20260613_172405,7049-10,1912,1,78567,2026-06-13T20:23:03Z,-23.634623,-46.775131,20.13,84,nublado
20260613_172405,7049-10,1912,1,78437,2026-06-13T20:23:42Z,-23.695859,-46.779673,20.13,84,nublado
20260613_172405,7049-10,1912,1,78200,2026-06-13T20:23:44Z,-23.7116535,-46.777972,20.13,84,nublado
20260613_172405,7049-10,1912,1,78923,2026-06-13T20:23:52Z,-23.7116535,-46.777972,20.13,84,nublado
20260613_172405,7049-10,1912,1,78371,2026-06-13T20:23:30Z,-23.659893500000003,-46.7761195,20.13,84,nublado
20260613_172405,7049-10,1912,1,78005,2026-06-13T20:23:19Z,-23.662832,-46.7809595,20.13,84,nublado
20260613_172405,5759-31,1139,1,68159,2026-06-13T20:23:18Z,-23.66488475,-46.65881400000001,20.13,84,nublado
20260613_172405,5759-31,1139,1,68358,2026-06-13T20:23:21Z,-23.6786355,-46.651463750000005,20.13,84,nublado
20260613_172405,8610-10,2063,1,81193,2026-06-13T20:23:27Z,-23.603215499999997,-46.786888000000005,20.13,84,nublado
20260613_172405,8610-10,2063,1,81041,2026-06-13T20:23:51Z,-23.586578125000003,-46.753012125,20.13,84,nublado
20260613_172405,8610-10,2063,1,81228,2026-06-13T20:24:00Z,-23.577646,-46.673841499999995,20.13,84,nublado
20260613_172405,2079-10,370,1,32139,2026-06-13T20:23:24Z,-23.51644,-46.385826,20.13,84,nublado
20260613_172405,695T-1,35387,2,75253,2026-06-13T20:23:55Z,-23.6056925,-46.6642935,20.13,84,nublado
20260613_172405,695T-1,35387,2,75252,2026-06-13T20:23:35Z,-23.644759875000002,-46.722154624999995,20.13,84,nublado
20260613_172405,695T-1,35387,2,75250,2026-06-13T20:23:45Z,-23.654501,-46.76131049999999,20.13,84,nublado
20260613_172405,695T-1,35387,2,75251,2026-06-13T20:23:52Z,-23.6542305,-46.7623055,20.13,84,nublado
20260613_172405,5015-10,1119,1,68103,2026-06-13T20:24:01Z,-23.6581435,-46.635809,20.13,84,nublado
20260613_172405,5015-10,1119,1,68345,2026-06-13T20:23:47Z,-23.684867,-46.6484395,20.13,84,nublado
20260613_172405,5015-10,1119,1,68279,2026-06-13T20:23:41Z,-23.68611125,-46.6634235,20.13,84,nublado
20260613_172405,637P-10,47,1,76957,2026-06-13T20:24:02Z,-23.585621000000003,-46.670804000000004,20.13,84,nublado
20260613_172405,637P-10,47,1,76060,2026-06-13T20:23:35Z,-23.566328499999997,-46.7019335,20.13,84,nublado
20260613_172405,637P-10,47,1,76094,2026-06-13T20:23:56Z,-23.606044125000004,-46.675613125,20.13,84,nublado
20260613_172405,5154-10,33121,2,76948,2026-06-13T20:24:03Z,-23.654646999999997,-46.714907499999995,20.13,84,nublado
20260613_172405,5154-10,33121,2,76945,2026-06-13T20:23:25Z,-23.538346750000002,-46.63473475000001,20.13,84,nublado
20260613_172405,5154-10,33121,2,76072,2026-06-13T20:23:26Z,-23.60336625,-46.6620935,20.13,84,nublado
20260613_172405,5154-10,33121,2,76954,2026-06-13T20:23:39Z,-23.654592,-46.714560500000005,20.13,84,nublado
20260613_172405,5154-10,33121,2,76946,2026-06-13T20:23:49Z,-23.553562375,-46.6383405,20.13,84,nublado
20260613_172405,6120-10,33957,2,66710,2026-06-13T20:23:41Z,-23.7602595,-46.67738249999999,20.13,84,nublado
20260613_172405,6120-10,33957,2,66559,2026-06-13T20:23:49Z,-23.7623065,-46.6725325,20.13,84,nublado
20260613_172405,6120-10,33957,2,66179,2026-06-13T20:23:24Z,-23.7410455,-46.69155675,20.13,84,nublado
20260613_172405,509J-10,33032,2,63242,2026-06-13T20:23:54Z,-23.666428749999998,-46.676092125,20.13,84,nublado
20260613_172405,509J-10,33032,2,63279,2026-06-13T20:23:19Z,-23.627511749999996,-46.66323725,20.13,84,nublado
20260613_172405,509J-10,33032,2,63337,2026-06-13T20:23:51Z,-23.662989,-46.681357,20.13,84,nublado
20260613_172405,509J-10,33032,2,63283,2026-06-13T20:23:33Z,-23.690593999999997,-46.6572405,20.13,84,nublado
20260613_172405,509J-10,33032,2,63654,2026-06-13T20:23:31Z,-23.675475249999998,-46.6608835,20.13,84,nublado
20260613_172405,6093-10,1585,1,66840,2026-06-13T20:23:43Z,-23.773351875,-46.720543375000005,20.13,84,nublado
20260613_172405,6093-10,1585,1,66169,2026-06-13T20:23:25Z,-23.859564499999998,-46.714115,20.13,84,nublado
20260613_172405,6093-10,1585,1,66135,2026-06-13T20:23:22Z,-23.82240775,-46.735719687499994,20.13,84,nublado
20260613_172405,6056-10,33915,2,66939,2026-06-13T20:23:22Z,-23.7444815,-46.707066499999996,20.13,84,nublado
20260613_172405,6056-10,33915,2,66307,2026-06-13T20:23:22Z,-23.7632185,-46.697809,20.13,84,nublado
20260613_172405,6056-10,33915,2,66970,2026-06-13T20:23:37Z,-23.76282875,-46.704477499999996,20.13,84,nublado
20260613_172405,6056-10,33915,2,66679,2026-06-13T20:23:52Z,-23.7632185,-46.697809,20.13,84,nublado
20260613_172405,6056-10,33915,2,66510,2026-06-13T20:23:20Z,-23.764121000000003,-46.701961499999996,20.13,84,nublado
20260613_172405,4010-10,34951,2,48559,2026-06-13T20:23:20Z,-23.569470000000003,-46.478796,20.13,84,nublado
20260613_172405,4010-10,34951,2,48578,2026-06-13T20:23:55Z,-23.5617205,-46.468438500000005,20.13,84,nublado
20260613_172405,4010-10,34951,2,48577,2026-06-13T20:24:01Z,-23.574454000000003,-46.50493375,20.13,84,nublado
20260613_172405,4010-10,34951,2,48980,2026-06-13T20:23:45Z,-23.563977875000003,-46.471845875,20.13,84,nublado
20260613_172405,271A-10,33470,2,21443,2026-06-13T20:23:34Z,-23.519419499999998,-46.547022,20.13,84,nublado
20260613_172405,271A-10,33470,2,21025,2026-06-13T20:23:47Z,-23.5067915,-46.578362,20.13,84,nublado
20260613_172405,271A-10,33470,2,21437,2026-06-13T20:23:59Z,-23.501227,-46.602804500000005,20.13,84,nublado
20260613_172405,271A-10,33470,2,21020,2026-06-13T20:24:01Z,-23.525757375,-46.5525875,20.13,84,nublado
20260613_172405,373T-10,1091,1,55364,2026-06-13T20:23:42Z,-23.589427,-46.5306505,20.13,84,nublado
20260613_172405,373T-10,1091,1,55178,2026-06-13T20:23:19Z,-23.5859775,-46.545287,20.13,84,nublado
20260613_172405,373T-10,1091,1,55429,2026-06-13T20:23:51Z,-23.58161475,-46.55359825,20.13,84,nublado
20260613_172405,373T-10,1091,1,55008,2026-06-13T20:24:01Z,-23.5976495,-46.510297,20.13,84,nublado
20260613_172405,373T-10,1091,1,55130,2026-06-13T20:23:36Z,-23.584163500000003,-46.5771315,20.13,84,nublado
20260613_172405,5614-21,2464,1,63587,2026-06-13T20:23:45Z,-23.6932335,-46.658049,20.13,84,nublado
20260613_172405,5614-21,2464,1,63661,2026-06-13T20:24:03Z,-23.625232750000002,-46.661469,20.13,84,nublado
20260613_172405,5614-21,2464,1,63255,2026-06-13T20:23:31Z,-23.715806999999998,-46.626348500000006,20.13,84,nublado
20260613_172405,5614-21,2464,1,63631,2026-06-13T20:23:25Z,-23.695427,-46.667069,20.13,84,nublado
20260613_172405,5029-10,34440,2,51451,2026-06-13T20:23:32Z,-23.615078500000003,-46.596896,20.13,84,nublado
20260613_172405,5029-10,34440,2,51416,2026-06-13T20:24:01Z,-23.603496999999997,-46.602769,20.13,84,nublado
20260613_172405,3134-10,993,1,45665,2026-06-13T20:23:31Z,-23.568192,-46.50748725,20.13,84,nublado
20260613_172405,3134-10,993,1,45525,2026-06-13T20:24:03Z,-23.56481725,-46.506525,20.13,84,nublado
20260613_172405,3134-10,993,1,45442,2026-06-13T20:23:41Z,-23.573541249999998,-46.55886325,20.13,84,nublado
20260613_172405,3134-10,993,1,45333,2026-06-13T20:23:58Z,-23.587616375,-46.586105375,20.13,84,nublado
20260613_172405,3134-10,993,1,45350,2026-06-13T20:23:34Z,-23.57339175,-46.55935425,20.13,84,nublado
20260613_172405,971M-10,33380,2,22895,2026-06-13T20:23:20Z,-23.4673575,-46.678393,20.13,84,nublado
20260613_172405,971M-10,33380,2,22885,2026-06-13T20:23:23Z,-23.48394775,-46.65360575,20.13,84,nublado
20260613_172405,971M-10,33380,2,22886,2026-06-13T20:23:31Z,-23.486286,-46.652302999999996,20.13,84,nublado
20260613_172405,971M-10,33380,2,22254,2026-06-13T20:23:27Z,-23.4944455,-46.625870500000005,20.13,84,nublado
20260613_172405,971M-10,33380,2,22894,2026-06-13T20:23:58Z,-23.476822,-46.636162999999996,20.13,84,nublado
20260613_172405,971M-10,33380,2,22890,2026-06-13T20:23:41Z,-23.485993,-46.6520465,20.13,84,nublado
20260613_172405,971M-10,33380,2,22888,2026-06-13T20:23:38Z,-23.50092025,-46.624976625,20.13,84,nublado
20260613_172405,3063-1,35394,2,48104,2026-06-13T20:23:49Z,-23.596264875000003,-46.45482750000001,20.13,84,nublado
20260613_172405,3063-1,35394,2,48121,2026-06-13T20:23:28Z,-23.558149,-46.399587499999996,20.13,84,nublado
20260613_172405,3063-1,35394,2,48077,2026-06-13T20:23:37Z,-23.5594945,-46.4119435,20.13,84,nublado
20260613_172405,3063-1,35394,2,48842,2026-06-13T20:23:44Z,-23.594886,-46.449557500000004,20.13,84,nublado
20260613_172405,3063-1,35394,2,48721,2026-06-13T20:23:40Z,-23.558706,-46.3995355,20.13,84,nublado
20260613_172405,5701-10,33904,2,68545,2026-06-13T20:23:46Z,-23.6468385,-46.645112,20.13,84,nublado
20260613_172405,5701-10,33904,2,68560,2026-06-13T20:23:25Z,-23.639715125,-46.668864375,20.13,84,nublado
20260613_172405,5701-10,33904,2,68547,2026-06-13T20:23:55Z,-23.622701,-46.686180500000006,20.13,84,nublado
20260613_172405,6821-10,21,1,72766,2026-06-13T20:23:40Z,-23.656632000000002,-46.7632865,20.13,84,nublado
20260613_172405,6821-10,21,1,72944,2026-06-13T20:23:46Z,-23.656632000000002,-46.7632865,20.13,84,nublado
20260613_172405,6034-10,32863,2,66405,2026-06-13T20:23:53Z,-23.7563975,-46.6678165,20.13,84,nublado
20260613_172405,6034-10,32863,2,66034,2026-06-13T20:23:54Z,-23.747175,-46.6693765,20.13,84,nublado
20260613_172405,6034-10,32863,2,66814,2026-06-13T20:23:30Z,-23.73539075,-46.695391875,20.13,84,nublado
20260613_172405,6034-10,32863,2,66068,2026-06-13T20:23:29Z,-23.737362,-46.6973265,20.13,84,nublado
20260613_172405,7013-10,33543,2,85641,2026-06-13T20:23:30Z,-23.6396455,-46.74996425,20.13,84,nublado
20260613_172405,7013-10,33543,2,85681,2026-06-13T20:23:48Z,-23.6397885,-46.7496145,20.13,84,nublado
20260613_172405,7013-10,33543,2,85868,2026-06-13T20:23:46Z,-23.603071999999997,-46.7443045,20.13,84,nublado
20260613_172405,5290-10,597,1,63278,2026-06-13T20:24:03Z,-23.594538375,-46.636536625,20.13,84,nublado
20260613_172405,5290-10,597,1,63288,2026-06-13T20:24:00Z,-23.681444,-46.63580375,20.13,84,nublado
20260613_172405,5290-10,597,1,63246,2026-06-13T20:23:24Z,-23.555992500000002,-46.6360875,20.13,84,nublado
20260613_172405,5290-10,597,1,63290,2026-06-13T20:23:45Z,-23.6459645,-46.640748,20.13,84,nublado
20260613_172405,5290-10,597,1,63716,2026-06-13T20:23:34Z,-23.611379499999998,-46.6378325,20.13,84,nublado
20260613_172405,2718-10,931,1,45245,2026-06-13T20:23:23Z,-23.529774,-46.546951500000006,20.13,84,nublado
20260613_172405,2718-10,931,1,45083,2026-06-13T20:23:43Z,-23.493621250000004,-46.49971024999999,20.13,84,nublado
20260613_172405,2718-10,931,1,45364,2026-06-13T20:23:44Z,-23.497872875,-46.51817175000001,20.13,84,nublado
20260613_172405,2718-10,931,1,45095,2026-06-13T20:23:53Z,-23.5335025,-46.545801499999996,20.13,84,nublado
20260613_172405,7055-10,34656,2,78739,2026-06-13T20:23:21Z,-23.681694,-46.7843035,20.13,84,nublado
20260613_172405,7055-10,34656,2,78544,2026-06-13T20:23:30Z,-23.6805065,-46.782324,20.13,84,nublado
20260613_172405,7055-10,34656,2,78819,2026-06-13T20:23:37Z,-23.6923765,-46.7911055,20.13,84,nublado
20260613_172405,7055-10,34656,2,78202,2026-06-13T20:23:38Z,-23.63986,-46.77989275,20.13,84,nublado
20260613_172405,7055-10,34656,2,78495,2026-06-13T20:24:01Z,-23.6690045,-46.7731115,20.13,84,nublado
20260613_172405,5143-10,1628,1,52110,2026-06-13T20:23:50Z,-23.559236,-46.614081,20.13,84,nublado
20260613_172405,5143-10,1628,1,52102,2026-06-13T20:23:51Z,-23.614242,-46.501176,20.13,84,nublado
20260613_172405,5143-10,1628,1,52940,2026-06-13T20:23:50Z,-23.5834355,-46.575325,20.13,84,nublado
20260613_172405,5143-10,1628,1,52115,2026-06-13T20:23:39Z,-23.6024475,-46.519456,20.13,84,nublado
20260613_172405,1703-10,33615,2,22410,2026-06-13T20:23:36Z,-23.4821975,-46.604628,20.13,84,nublado
20260613_172405,1703-10,33615,2,22035,2026-06-13T20:23:57Z,-23.436342,-46.576679,20.13,84,nublado
20260613_172405,1703-10,33615,2,22587,2026-06-13T20:23:20Z,-23.430699500000003,-46.573944499999996,20.13,84,nublado
20260613_172405,1703-10,33615,2,22402,2026-06-13T20:23:25Z,-23.486841,-46.6086565,20.13,84,nublado
20260613_172405,1703-10,33615,2,22752,2026-06-13T20:23:28Z,-23.430699500000003,-46.573944499999996,20.13,84,nublado
20260613_172405,9047-10,33651,2,16272,2026-06-13T20:23:43Z,-23.4613235,-46.713106499999995,20.13,84,nublado
20260613_172405,9047-10,33651,2,16415,2026-06-13T20:23:43Z,-23.467788499999997,-46.697843500000005,20.13,84,nublado
20260613_172405,9047-10,33651,2,16640,2026-06-13T20:23:42Z,-23.502231000000002,-46.6916775,20.13,84,nublado
20260613_172405,9047-10,33651,2,16098,2026-06-13T20:23:20Z,-23.489151,-46.6940735,20.13,84,nublado
20260613_172405,9047-10,33651,2,16138,2026-06-13T20:23:39Z,-23.473453,-46.6902375,20.13,84,nublado
20260613_172405,707K-10,2503,1,75452,2026-06-13T20:23:54Z,-23.663912,-46.7080915,20.13,84,nublado
20260613_172405,707K-10,2503,1,75451,2026-06-13T20:23:29Z,-23.645887,-46.6737435,20.13,84,nublado
20260613_172405,1785-10,1816,1,26008,2026-06-13T20:23:58Z,-23.4735285,-46.625415000000004,20.13,84,nublado
20260613_172405,1785-10,1816,1,26079,2026-06-13T20:19:59Z,-23.49846025,-46.62337075000001,20.13,84,nublado
20260613_172405,278A-10,33474,2,22798,2026-06-13T20:23:29Z,-23.5358615,-46.571408000000005,20.13,84,nublado
20260613_172405,278A-10,33474,2,22697,2026-06-13T20:23:46Z,-23.51374825,-46.6249465,20.13,84,nublado
20260613_172405,507T-10,2208,1,48237,2026-06-13T20:23:54Z,-23.542717874999997,-46.562399500000005,20.13,84,nublado
20260613_172405,507T-10,2208,1,48877,2026-06-13T20:23:30Z,-23.573190500000003,-46.51225125,20.13,84,nublado
20260613_172405,507T-10,2208,1,48079,2026-06-13T20:23:42Z,-23.592533500000002,-46.5020825,20.13,84,nublado
20260613_172405,507T-10,2208,1,48872,2026-06-13T20:23:52Z,-23.5563895,-46.525339,20.13,84,nublado
20260613_172405,507T-10,2208,1,48871,2026-06-13T20:23:47Z,-23.5477425,-46.539415500000004,20.13,84,nublado
20260613_172405,6091-10,33943,2,61546,2026-06-13T20:23:23Z,-23.8623475,-46.7127275,20.13,84,nublado
20260613_172405,6091-10,33943,2,61550,2026-06-13T20:23:52Z,-23.7435075,-46.706841499999996,20.13,84,nublado
20260613_172405,6091-10,33943,2,61540,2026-06-13T20:23:27Z,-23.8275055,-46.72931,20.13,84,nublado
20260613_172405,6091-10,33943,2,61563,2026-06-13T20:23:57Z,-23.862353499999998,-46.712526,20.13,84,nublado
20260613_172405,6091-10,33943,2,61536,2026-06-13T20:23:47Z,-23.66327175,-46.708767,20.13,84,nublado
20260613_172405,6091-10,33943,2,61553,2026-06-13T20:23:36Z,-23.681717499999998,-46.6943205,20.13,84,nublado
20260613_172405,6091-10,33943,2,61513,2026-06-13T20:23:22Z,-23.781163,-46.7255065,20.13,84,nublado
20260613_172405,6091-10,33943,2,61544,2026-06-13T20:23:34Z,-23.702490625,-46.701837375,20.13,84,nublado
20260613_172405,546J-31,34783,2,68012,2026-06-13T20:23:25Z,-23.687413749999997,-46.6586645,20.13,84,nublado
20260613_172405,546J-31,34783,2,68412,2026-06-13T20:23:33Z,-23.669894499999998,-46.6701,20.13,84,nublado
20260613_172405,546J-31,34783,2,68244,2026-06-13T20:23:56Z,-23.66008575,-46.696712250000004,20.13,84,nublado
20260613_172405,546J-31,34783,2,68418,2026-06-13T20:23:52Z,-23.687589250000002,-46.6589635,20.13,84,nublado
20260613_172405,546J-31,34783,2,68363,2026-06-13T20:23:31Z,-23.6929175,-46.6603865,20.13,84,nublado
20260613_172405,2583-10,33143,2,32006,2026-06-13T20:23:28Z,-23.50821,-46.493265,20.13,84,nublado
20260613_172405,2583-10,33143,2,32632,2026-06-13T20:23:43Z,-23.528804,-46.554358,20.13,84,nublado
20260613_172405,4008-21,35295,2,48254,2026-06-13T20:23:43Z,-23.5783055,-46.431791000000004,20.13,84,nublado
20260613_172405,2029-10,35038,2,22669,2026-06-13T20:23:44Z,-23.4761725,-46.6036365,20.13,84,nublado
20260613_172405,2029-10,35038,2,22552,2026-06-13T20:23:25Z,-23.4308,-46.5751545,20.13,84,nublado
20260613_172405,2029-10,35038,2,22569,2026-06-13T20:23:26Z,-23.430656,-46.575369499999994,20.13,84,nublado
20260613_172405,2029-10,35038,2,22560,2026-06-13T20:23:24Z,-23.4368825,-46.584495000000004,20.13,84,nublado
20260613_172405,2029-10,35038,2,22579,2026-06-13T20:23:58Z,-23.480306,-46.602554,20.13,84,nublado
20260613_172405,2059-10,33028,2,31801,2026-06-13T20:23:19Z,-23.541819500000003,-46.4130385,20.13,84,nublado
20260613_172405,2059-10,33028,2,31769,2026-06-13T20:23:40Z,-23.491016,-46.441969,20.13,84,nublado
20260613_172405,2059-10,33028,2,31812,2026-06-13T20:23:47Z,-23.543284,-46.411506,20.13,84,nublado
20260613_172405,2059-10,33028,2,31796,2026-06-13T20:23:45Z,-23.5418265,-46.416526,20.13,84,nublado
20260613_172405,2059-10,33028,2,31745,2026-06-13T20:23:40Z,-23.4909965,-46.442163,20.13,84,nublado
20260613_172405,1757-10,548,1,22916,2026-06-13T20:23:41Z,-23.4652095,-46.63466,20.13,84,nublado
20260613_172405,354M-10,1619,1,31205,2026-06-13T20:23:51Z,-23.5167615,-46.4557205,20.13,84,nublado
20260613_172405,354M-10,1619,1,31570,2026-06-13T20:23:40Z,-23.4926935,-46.443492500000005,20.13,84,nublado
20260613_172405,354M-10,1619,1,31271,2026-06-13T20:23:45Z,-23.502151,-46.452701000000005,20.13,84,nublado
20260613_172405,4085-10,2156,1,35927,2026-06-13T20:23:38Z,-23.558153,-46.441452,20.13,84,nublado
20260613_172405,4085-10,2156,1,35799,2026-06-13T20:23:35Z,-23.572405375,-46.429327125,20.13,84,nublado
20260613_172405,4085-10,2156,1,35792,2026-06-13T20:23:37Z,-23.5425225,-46.470603999999994,20.13,84,nublado
20260613_172405,4085-10,2156,1,35708,2026-06-13T20:23:22Z,-23.5426165,-46.4711865,20.13,84,nublado
20260613_172405,4085-10,2156,1,35795,2026-06-13T20:23:27Z,-23.5527555,-46.457689875,20.13,84,nublado
20260613_172405,4085-10,2156,1,35814,2026-06-13T20:23:25Z,-23.5692925,-46.429227,20.13,84,nublado
20260613_172405,8025-10,2076,1,86363,2026-06-13T20:23:34Z,-23.59203575,-46.735672,20.13,84,nublado
20260613_172405,8025-10,2076,1,86174,2026-06-13T20:24:03Z,-23.587027499999998,-46.77008,20.13,84,nublado
20260613_172405,8025-10,2076,1,86173,2026-06-13T20:23:39Z,-23.58656975,-46.753836875000005,20.13,84,nublado
20260613_172405,957T-10,464,1,11670,2026-06-13T20:23:48Z,-23.464365,-46.6799485,20.13,84,nublado
20260613_172405,957T-10,464,1,11664,2026-06-13T20:23:51Z,-23.55277425,-46.710191249999994,20.13,84,nublado
20260613_172405,8542-21,34129,2,12679,2026-06-13T20:23:35Z,-23.467851500000002,-46.690807,20.13,84,nublado
20260613_172405,8542-21,34129,2,12614,2026-06-13T20:23:50Z,-23.4728725,-46.702325,20.13,84,nublado
20260613_172405,8542-21,34129,2,12678,2026-06-13T20:23:25Z,-23.520122999999998,-46.701184,20.13,84,nublado
20260613_172405,8542-21,34129,2,12680,2026-06-13T20:23:21Z,-23.516305,-46.6982675,20.13,84,nublado
20260613_172405,2666-10,378,1,31066,2026-06-13T20:23:37Z,-23.5183915,-46.39161300000001,20.13,84,nublado
20260613_172405,2666-10,378,1,31022,2026-06-13T20:23:42Z,-23.51798475,-46.3882325,20.13,84,nublado
20260613_172405,2666-10,378,1,31056,2026-06-13T20:23:29Z,-23.5183915,-46.39161300000001,20.13,84,nublado
20260613_172405,2666-10,378,1,31705,2026-06-13T20:23:32Z,-23.51798475,-46.3882325,20.13,84,nublado
20260613_172405,2021-10,906,1,36023,2026-06-13T20:23:56Z,-23.538132562500003,-46.395863625000004,20.13,84,nublado
20260613_172405,2021-10,906,1,36261,2026-06-13T20:23:41Z,-23.5444625,-46.3895285,20.13,84,nublado
20260613_172405,2021-10,906,1,36292,2026-06-13T20:23:56Z,-23.543503625,-46.4090985,20.13,84,nublado
20260613_172405,9789-10,829,1,16575,2026-06-13T20:24:03Z,-23.460588,-46.70847,20.13,84,nublado
20260613_172405,9789-10,829,1,16579,2026-06-13T20:23:26Z,-23.466738499999998,-46.6986495,20.13,84,nublado
20260613_172405,9789-10,829,1,16332,2026-06-13T20:23:26Z,-23.484122499999998,-46.691423,20.13,84,nublado
20260613_172405,9789-10,829,1,16408,2026-06-13T20:23:47Z,-23.504385749999997,-46.67271925,20.13,84,nublado
20260613_172405,9789-10,829,1,16360,2026-06-13T20:23:54Z,-23.50653075,-46.67343975,20.13,84,nublado
20260613_172405,637V-10,32872,2,61404,2026-06-13T20:23:46Z,-23.735479499999997,-46.683441,20.13,84,nublado
20260613_172405,637V-10,32872,2,61297,2026-06-13T20:23:52Z,-23.700924,-46.7014235,20.13,84,nublado
20260613_172405,637V-10,32872,2,61289,2026-06-13T20:23:30Z,-23.712544,-46.6920395,20.13,84,nublado
20260613_172405,637V-10,32872,2,61403,2026-06-13T20:23:31Z,-23.738362000000002,-46.6891465,20.13,84,nublado
20260613_172405,637V-10,32872,2,61434,2026-06-13T20:23:48Z,-23.6763865,-46.7117955,20.13,84,nublado
20260613_172405,6L03-10,1565,1,66968,2026-06-13T20:23:22Z,-23.881536,-46.778718999999995,20.13,84,nublado
20260613_172405,7017-10,2502,1,78038,2026-06-13T20:23:54Z,-23.6700975,-46.766705,20.13,84,nublado
20260613_172405,7017-10,2502,1,78843,2026-06-13T20:23:38Z,-23.681277,-46.7858485,20.13,84,nublado
20260613_172405,1759-10,553,1,22880,2026-06-13T20:23:32Z,-23.461053,-46.649478,20.13,84,nublado
20260613_172405,1759-10,553,1,22897,2026-06-13T20:23:45Z,-23.4701605,-46.630424500000004,20.13,84,nublado
20260613_172405,1759-10,553,1,22878,2026-06-13T20:23:24Z,-23.50367,-46.6263905,20.13,84,nublado
20260613_172405,7009-10,1951,1,78289,2026-06-13T20:23:39Z,-23.697936,-46.779256000000004,20.13,84,nublado
20260613_172405,7009-10,1951,1,78436,2026-06-13T20:24:01Z,-23.7041605,-46.787671,20.13,84,nublado
20260613_172405,7267-10,34195,2,82633,2026-06-13T20:23:45Z,-23.536766,-46.6772695,20.13,84,nublado
20260613_172405,7267-10,34195,2,82700,2026-06-13T20:23:29Z,-23.5361415,-46.6792475,20.13,84,nublado
20260613_172405,7267-10,34195,2,82658,2026-06-13T20:23:32Z,-23.53661,-46.6775025,20.13,84,nublado
20260613_172405,7052-10,1886,1,78034,2026-06-13T20:23:35Z,-23.6529745,-46.773157999999995,20.13,84,nublado
20260613_172405,7052-10,1886,1,78440,2026-06-13T20:23:49Z,-23.6410805,-46.7738505,20.13,84,nublado
20260613_172405,271C-10,33450,2,21393,2026-06-13T20:23:48Z,-23.503952499999997,-46.5735545,20.13,84,nublado
20260613_172405,271C-10,33450,2,21949,2026-06-13T20:23:54Z,-23.523229999999998,-46.583715,20.13,84,nublado
20260613_172405,271C-10,33450,2,21947,2026-06-13T20:23:22Z,-23.522991875000002,-46.583517375,20.13,84,nublado
20260613_172405,271C-10,33450,2,21029,2026-06-13T20:23:32Z,-23.509144,-46.624826999999996,20.13,84,nublado
20260613_172405,199D-10,34903,2,11845,2026-06-13T20:24:00Z,-23.559575499999998,-46.68085475,20.13,84,nublado
20260613_172405,199D-10,34903,2,11848,2026-06-13T20:23:50Z,-23.506769499999997,-46.705805999999995,20.13,84,nublado
20260613_172405,199D-10,34903,2,11843,2026-06-13T20:24:03Z,-23.538236,-46.6836505,20.13,84,nublado
20260613_172405,199D-10,34903,2,11850,2026-06-13T20:23:55Z,-23.5063935,-46.705843,20.13,84,nublado
20260613_172405,2720-10,33701,2,45119,2026-06-13T20:23:29Z,-23.493471,-46.470558,20.13,84,nublado
20260613_172405,2720-10,33701,2,45127,2026-06-13T20:23:45Z,-23.5198505,-46.5138345,20.13,84,nublado
20260613_172405,2720-10,33701,2,45006,2026-06-13T20:23:36Z,-23.493471,-46.470558,20.13,84,nublado
20260613_172405,2720-10,33701,2,45115,2026-06-13T20:23:27Z,-23.489247,-46.47057425,20.13,84,nublado
20260613_172405,5106-21,1972,1,63381,2026-06-13T20:23:29Z,-23.594811999999997,-46.689809,20.13,84,nublado
20260613_172405,5106-21,1972,1,63674,2026-06-13T20:21:17Z,-23.691917500000002,-46.658305999999996,20.13,84,nublado
20260613_172405,5106-21,1972,1,63202,2026-06-13T20:23:49Z,-23.693810749999997,-46.64492625,20.13,84,nublado
20260613_172405,5106-21,1972,1,63025,2026-06-13T20:23:54Z,-23.645613500000003,-46.640926500000006,20.13,84,nublado
20260613_172405,576C-10,1290,1,64745,2026-06-13T20:24:01Z,-23.654431250000002,-46.648726749999994,20.13,84,nublado
20260613_172405,576C-10,1290,1,64158,2026-06-13T20:23:44Z,-23.647553000000002,-46.638847,20.13,84,nublado
20260613_172405,576C-10,1290,1,64719,2026-06-13T20:23:38Z,-23.647273499999997,-46.6403325,20.13,84,nublado
20260613_172405,576C-10,1290,1,64399,2026-06-13T20:24:02Z,-23.638162,-46.6322935,20.13,84,nublado
20260613_172405,576C-10,1290,1,64397,2026-06-13T20:23:41Z,-23.6754915,-46.685747500000005,20.13,84,nublado
20260613_172405,576C-10,1290,1,64748,2026-06-13T20:23:45Z,-23.6608435,-46.694467,20.13,84,nublado
20260613_172405,8549-10,580,1,11779,2026-06-13T20:23:56Z,-23.527603499999998,-46.6716715,20.13,84,nublado
20260613_172405,8549-10,580,1,11781,2026-06-13T20:23:39Z,-23.4413685,-46.7122195,20.13,84,nublado
20260613_172405,8549-10,580,1,11780,2026-06-13T20:24:02Z,-23.523079625,-46.702978125,20.13,84,nublado
20260613_172405,695T-1,2619,1,75254,2026-06-13T20:23:42Z,-23.5892975,-46.6342335,20.13,84,nublado
20260613_172405,695T-1,2619,1,75255,2026-06-13T20:23:50Z,-23.598273312499998,-46.6571129375,20.13,84,nublado
20260613_172405,695T-1,2619,1,75256,2026-06-13T20:23:21Z,-23.644928,-46.7187175,20.13,84,nublado
20260613_172405,4491-10,33095,2,51203,2026-06-13T20:23:43Z,-23.655285,-46.6081805,20.13,84,nublado
20260613_172405,4491-10,33095,2,51226,2026-06-13T20:23:31Z,-23.5721415,-46.611136,20.13,84,nublado
20260613_172405,4491-10,33095,2,51222,2026-06-13T20:23:20Z,-23.552304,-46.627226,20.13,84,nublado
20260613_172405,6505-10,1450,1,71026,2026-06-13T20:24:04Z,-23.565117,-46.6572005,20.13,84,nublado
20260613_172405,6505-10,1450,1,71694,2026-06-13T20:23:42Z,-23.667369,-46.728165,20.13,84,nublado
20260613_172405,6505-10,1450,1,71429,2026-06-13T20:24:03Z,-23.5957665,-46.673165,20.13,84,nublado
20260613_172405,6505-10,1450,1,71025,2026-06-13T20:24:04Z,-23.61138325,-46.677481,20.13,84,nublado
20260613_172405,6505-10,1450,1,71380,2026-06-13T20:24:04Z,-23.6636725,-46.7077935,20.13,84,nublado
20260613_172405,6505-10,1450,1,71749,2026-06-13T20:23:49Z,-23.549214,-46.6391015,20.13,84,nublado
20260613_172405,3721-10,33787,2,47071,2026-06-13T20:24:00Z,-23.557924,-46.491279,20.13,84,nublado
20260613_172405,3721-10,33787,2,47172,2026-06-13T20:23:34Z,-23.561031999999997,-46.491358000000005,20.13,84,nublado
20260613_172405,809P-10,1891,1,71276,2026-06-13T20:24:03Z,-23.5884455,-46.72766775,20.13,84,nublado
20260613_172405,809P-10,1891,1,71846,2026-06-13T20:24:02Z,-23.566022500000003,-46.7017795,20.13,84,nublado
20260613_172405,809P-10,1891,1,71282,2026-06-13T20:23:51Z,-23.601738750000003,-46.74346475,20.13,84,nublado
20260613_172405,809P-10,1891,1,71298,2026-06-13T20:23:46Z,-23.626298249999998,-46.76596275,20.13,84,nublado
20260613_172405,807J-10,2058,1,85822,2026-06-13T20:23:55Z,-23.61527,-46.713443,20.13,84,nublado
20260613_172405,807J-10,2058,1,85847,2026-06-13T20:23:27Z,-23.62771725,-46.76715175,20.13,84,nublado
20260613_172405,7458-10,496,1,81532,2026-06-13T20:23:31Z,-23.580585,-46.7940725,20.13,84,nublado
20260613_172405,7458-10,496,1,81546,2026-06-13T20:23:57Z,-23.5820335,-46.7942545,20.13,84,nublado
20260613_172405,7458-10,496,1,81552,2026-06-13T20:23:43Z,-23.5863455,-46.793602500000006,20.13,84,nublado
20260613_172405,7458-10,496,1,81534,2026-06-13T20:23:44Z,-23.59181125,-46.73579,20.13,84,nublado
20260613_172405,7458-10,496,1,81556,2026-06-13T20:23:55Z,-23.5915995,-46.735897,20.13,84,nublado
20260613_172405,2007-10,33664,2,36322,2026-06-13T20:23:24Z,-23.510008749999997,-46.3703235,20.13,84,nublado
20260613_172405,2007-10,33664,2,36212,2026-06-13T20:23:35Z,-23.496059000000002,-46.4011645,20.13,84,nublado
20260613_172405,2007-10,33664,2,36011,2026-06-13T20:23:59Z,-23.508141,-46.375398000000004,20.13,84,nublado
20260613_172405,2007-10,33664,2,36628,2026-06-13T20:24:00Z,-23.5070565,-46.369621875,20.13,84,nublado
20260613_172405,2007-10,33664,2,36287,2026-06-13T20:23:28Z,-23.5069355,-46.387418,20.13,84,nublado
20260613_172405,3032-10,720,1,41105,2026-06-13T20:23:57Z,-23.5659271875,-46.5121084375,20.13,84,nublado
20260613_172405,3032-10,720,1,41103,2026-06-13T20:23:48Z,-23.558674,-46.522539,20.13,84,nublado
20260613_172405,8544-10,33198,2,11565,2026-06-13T20:23:33Z,-23.518248,-46.6779945,20.13,84,nublado
20260613_172405,8544-10,33198,2,11568,2026-06-13T20:23:33Z,-23.454636,-46.749281499999995,20.13,84,nublado
20260613_172405,2780-10,399,1,32944,2026-06-13T20:23:57Z,-23.521662,-46.443023749999995,20.13,84,nublado
20260613_172405,2780-10,399,1,32103,2026-06-13T20:23:57Z,-23.507662500000002,-46.3716095,20.13,84,nublado
20260613_172405,2780-10,399,1,32198,2026-06-13T20:23:22Z,-23.505584499999998,-46.376963,20.13,84,nublado
20260613_172405,2780-10,399,1,32196,2026-06-13T20:23:49Z,-23.506883000000002,-46.3868665,20.13,84,nublado
20260613_172405,857C-10,1901,1,75609,2026-06-13T20:23:20Z,-23.636794875,-46.651476,20.13,84,nublado
20260613_172405,857C-10,1901,1,75662,2026-06-13T20:21:14Z,-23.63577325,-46.694183125,20.13,84,nublado
20260613_172405,857C-10,1901,1,75610,2026-06-13T20:23:19Z,-23.649811999999997,-46.7591485,20.13,84,nublado
20260613_172405,3046-10,971,1,45344,2026-06-13T20:23:58Z,-23.57389375,-46.557759250000004,20.13,84,nublado
20260613_172405,3046-10,971,1,45281,2026-06-13T20:23:33Z,-23.545499,-46.5762135,20.13,84,nublado
20260613_172405,3046-10,971,1,45480,2026-06-13T20:23:19Z,-23.579455,-46.527866249999995,20.13,84,nublado
20260613_172405,3046-10,971,1,45621,2026-06-13T20:23:54Z,-23.573755249999998,-46.55818375,20.13,84,nublado
20260613_172405,3046-10,971,1,45656,2026-06-13T20:23:39Z,-23.541215,-46.5774215,20.13,84,nublado
20260613_172405,3046-10,971,1,45462,2026-06-13T20:23:30Z,-23.585112125000002,-46.53692100000001,20.13,84,nublado
20260613_172405,6726-10,1193,1,66962,2026-06-13T20:23:50Z,-23.75433075,-46.667013749999995,20.13,84,nublado
20260613_172405,6726-10,1193,1,66889,2026-06-13T20:23:21Z,-23.73539075,-46.695391875,20.13,84,nublado
20260613_172405,6726-10,1193,1,66967,2026-06-13T20:24:02Z,-23.736596499999997,-46.6971045,20.13,84,nublado
20260613_172405,6726-10,1193,1,66134,2026-06-13T20:23:37Z,-23.7529825,-46.682478,20.13,84,nublado
20260613_172405,6726-10,1193,1,66093,2026-06-13T20:23:44Z,-23.734559,-46.663270499999996,20.13,84,nublado
20260613_172405,6726-10,1193,1,66300,2026-06-13T20:23:47Z,-23.736596499999997,-46.6971045,20.13,84,nublado
20260613_172405,8400-10,1265,1,11745,2026-06-13T20:23:52Z,-23.486878500000003,-46.7265645,20.13,84,nublado
20260613_172405,8400-10,1265,1,11736,2026-06-13T20:23:37Z,-23.4821255,-46.718467000000004,20.13,84,nublado
20260613_172405,8400-10,1265,1,11749,2026-06-13T20:23:21Z,-23.530192125,-46.666985249999996,20.13,84,nublado
20260613_172405,8400-10,1265,1,11743,2026-06-13T20:23:59Z,-23.50629,-46.7060955,20.13,84,nublado
20260613_172405,8400-10,1265,1,11742,2026-06-13T20:21:20Z,-23.52490925,-46.6994055,20.13,84,nublado
20260613_172405,8400-10,1265,1,11740,2026-06-13T20:23:50Z,-23.540010000000002,-46.644442,20.13,84,nublado
20260613_172405,3795-10,33841,2,36290,2026-06-13T20:23:42Z,-23.566799,-46.4201365,20.13,84,nublado
20260613_172405,6021-10,177,1,66755,2026-06-13T20:23:47Z,-23.767004,-46.716122,20.13,84,nublado
20260613_172405,6021-10,177,1,66577,2026-06-13T20:23:43Z,-23.7668205,-46.716344500000005,20.13,84,nublado
20260613_172405,6021-10,177,1,66626,2026-06-13T20:24:02Z,-23.7668205,-46.716344500000005,20.13,84,nublado
20260613_172405,6021-10,177,1,66174,2026-06-13T20:23:35Z,-23.7668205,-46.716344500000005,20.13,84,nublado
20260613_172405,6021-10,177,1,66800,2026-06-13T20:23:58Z,-23.77495725,-46.72226175,20.13,84,nublado
20260613_172405,6084-10,1169,1,66170,2026-06-13T20:24:03Z,-23.770125,-46.7107715,20.13,84,nublado
20260613_172405,6084-10,1169,1,66827,2026-06-13T20:23:58Z,-23.770198,-46.6812805,20.13,84,nublado
20260613_172405,6084-10,1169,1,66975,2026-06-13T20:23:25Z,-23.770125,-46.7107715,20.13,84,nublado
20260613_172405,6084-10,1169,1,66184,2026-06-13T20:23:38Z,-23.770125,-46.7107715,20.13,84,nublado
20260613_172405,6084-10,1169,1,66977,2026-06-13T20:23:43Z,-23.770125,-46.7107715,20.13,84,nublado
20260613_172405,6084-10,1169,1,66401,2026-06-13T20:23:52Z,-23.770125,-46.7107715,20.13,84,nublado
20260613_172405,6084-10,1169,1,66396,2026-06-13T20:24:00Z,-23.770125,-46.7107715,20.13,84,nublado
20260613_172405,148L-10,33299,2,22691,2026-06-13T20:23:58Z,-23.49777275,-46.67607575,20.13,84,nublado
20260613_172405,148L-10,33299,2,22859,2026-06-13T20:23:32Z,-23.4754815,-46.650659000000005,20.13,84,nublado
20260613_172405,148L-10,33299,2,22861,2026-06-13T20:23:49Z,-23.520004999999998,-46.701718,20.13,84,nublado
20260613_172405,148L-10,33299,2,22860,2026-06-13T20:23:22Z,-23.48529925,-46.67476475000001,20.13,84,nublado
20260613_172405,148L-10,33299,2,22858,2026-06-13T20:23:53Z,-23.4549765,-46.652322,20.13,84,nublado
20260613_172405,148L-10,33299,2,22871,2026-06-13T20:23:24Z,-23.4715225,-46.651405999999994,20.13,84,nublado
20260613_172405,148L-10,33299,2,22862,2026-06-13T20:23:37Z,-23.51994,-46.701618499999995,20.13,84,nublado
20260613_172405,148L-10,33299,2,22868,2026-06-13T20:23:48Z,-23.455246000000002,-46.652735,20.13,84,nublado
20260613_172405,148L-10,33299,2,22770,2026-06-13T20:23:44Z,-23.455246000000002,-46.652735,20.13,84,nublado
20260613_172405,148L-10,33299,2,22771,2026-06-13T20:23:49Z,-23.5037065,-46.67648225000001,20.13,84,nublado
20260613_172405,3019-10,957,1,47001,2026-06-13T20:24:00Z,-23.582969,-46.407816499999996,20.13,84,nublado
20260613_172405,3019-10,957,1,47774,2026-06-13T20:23:21Z,-23.5789595,-46.408266,20.13,84,nublado
20260613_172405,775F-10,796,1,85584,2026-06-13T20:23:20Z,-23.602494,-46.7119535,20.13,84,nublado
20260613_172405,775F-10,796,1,85624,2026-06-13T20:23:21Z,-23.6133305,-46.7426215,20.13,84,nublado
20260613_172405,857A-10,1925,1,75606,2026-06-13T20:23:47Z,-23.570145625,-46.69147062500001,20.13,84,nublado
20260613_172405,857A-10,1925,1,75600,2026-06-13T20:23:41Z,-23.61404,-46.7555395,20.13,84,nublado
20260613_172405,857A-10,1925,1,75667,2026-06-13T20:24:01Z,-23.597065999999998,-46.643281625,20.13,84,nublado
20260613_172405,709M-10,35230,2,76938,2026-06-13T20:23:55Z,-23.6068035,-46.69352575,20.13,84,nublado
20260613_172405,709M-10,35230,2,76358,2026-06-13T20:23:14Z,-23.63329175,-46.69288999999999,20.13,84,nublado
20260613_172405,709M-10,35230,2,76925,2026-06-13T20:23:25Z,-23.589909,-46.68170125,20.13,84,nublado
20260613_172405,637A-10,185,1,73839,2026-06-13T20:23:54Z,-23.685542499999997,-46.770193500000005,20.13,84,nublado
20260613_172405,637A-10,185,1,73866,2026-06-13T20:23:50Z,-23.5887685,-46.690654,20.13,84,nublado
20260613_172405,637A-10,185,1,73886,2026-06-13T20:23:39Z,-23.5758315,-46.687664999999996,20.13,84,nublado
20260613_172405,637A-10,185,1,73872,2026-06-13T20:23:25Z,-23.6755165,-46.748774,20.13,84,nublado
20260613_172405,637A-10,185,1,73898,2026-06-13T20:23:55Z,-23.643054499999998,-46.724938,20.13,84,nublado
20260613_172405,637A-10,185,1,73806,2026-06-13T20:23:50Z,-23.5653065,-46.699081500000005,20.13,84,nublado
20260613_172405,637A-10,185,1,73880,2026-06-13T20:23:23Z,-23.602162999999997,-46.695406500000004,20.13,84,nublado
20260613_172405,637A-10,185,1,73878,2026-06-13T20:23:59Z,-23.60045375,-46.69480324999999,20.13,84,nublado
20260613_172405,637A-10,185,1,73301,2026-06-13T20:23:47Z,-23.6129685,-46.6984655,20.13,84,nublado
20260613_172405,233A-10,33017,2,31701,2026-06-13T20:23:21Z,-23.5342675,-46.4545895,20.13,84,nublado
20260613_172405,5018-31,1861,1,68850,2026-06-13T20:23:23Z,-23.6943825,-46.65647325,20.13,84,nublado
20260613_172405,5018-31,1861,1,68419,2026-06-13T20:23:49Z,-23.6769335,-46.6736955,20.13,84,nublado
20260613_172405,971X-10,34463,2,21808,2026-06-13T20:23:20Z,-23.475228,-46.670387000000005,20.13,84,nublado
20260613_172405,971X-10,34463,2,21774,2026-06-13T20:23:40Z,-23.50035825,-46.62624075,20.13,84,nublado
20260613_172405,971X-10,34463,2,21776,2026-06-13T20:22:36Z,-23.500198500000003,-46.63118025,20.13,84,nublado
20260613_172405,971X-10,34463,2,21775,2026-06-13T20:23:21Z,-23.500213125000002,-46.63244725,20.13,84,nublado
20260613_172405,971X-10,34463,2,21615,2026-06-13T20:24:01Z,-23.50025125,-46.63437975,20.13,84,nublado
20260613_172405,8026-10,2083,1,86147,2026-06-13T20:23:43Z,-23.632882,-46.74729550000001,20.13,84,nublado
20260613_172405,8026-10,2083,1,86171,2026-06-13T20:23:34Z,-23.60639225,-46.746075250000004,20.13,84,nublado
20260613_172405,8026-10,2083,1,86145,2026-06-13T20:23:33Z,-23.5915995,-46.735897,20.13,84,nublado
20260613_172405,3027-10,33731,2,47310,2026-06-13T20:23:31Z,-23.567271499999997,-46.5067825,20.13,84,nublado
20260613_172405,3027-10,33731,2,47400,2026-06-13T20:23:43Z,-23.551401249999998,-46.460696,20.13,84,nublado
20260613_172405,3027-10,33731,2,47073,2026-06-13T20:23:45Z,-23.5417275,-46.42762475000001,20.13,84,nublado
20260613_172405,5757-51,34744,2,68402,2026-06-13T20:23:35Z,-23.707572,-46.641307,20.13,84,nublado
20260613_172405,5757-51,34744,2,68131,2026-06-13T20:23:47Z,-23.691416124999996,-46.6440195,20.13,84,nublado
20260613_172405,5757-51,34744,2,68397,2026-06-13T20:23:57Z,-23.6481245,-46.645818500000004,20.13,84,nublado
20260613_172405,5757-51,34744,2,68591,2026-06-13T20:23:36Z,-23.635112499999998,-46.640995000000004,20.13,84,nublado
20260613_172405,5757-51,34744,2,68730,2026-06-13T20:23:15Z,-23.7074865,-46.641363999999996,20.13,84,nublado
20260613_172405,5757-51,34744,2,68396,2026-06-13T20:23:37Z,-23.6693775,-46.649161500000005,20.13,84,nublado
20260613_172405,5757-51,34744,2,68415,2026-06-13T20:23:41Z,-23.670111499999997,-46.64802925,20.13,84,nublado
20260613_172405,8002-10,1252,1,10431,2026-06-13T20:23:53Z,-23.485778,-46.725765,20.13,84,nublado
20260613_172405,8002-10,1252,1,10407,2026-06-13T20:23:32Z,-23.486517,-46.7262255,20.13,84,nublado
20260613_172405,8002-10,1252,1,10432,2026-06-13T20:23:29Z,-23.5200125,-46.70027399999999,20.13,84,nublado
20260613_172405,3161-10,1084,1,56525,2026-06-13T20:23:51Z,-23.583561000000003,-46.5251485,20.13,84,nublado
20260613_172405,3161-10,1084,1,56356,2026-06-13T20:23:55Z,-23.558725875,-46.605478375,20.13,84,nublado
20260613_172405,3161-10,1084,1,56359,2026-06-13T20:24:00Z,-23.5731335,-46.5682365,20.13,84,nublado
20260613_172405,3161-10,1084,1,56358,2026-06-13T20:23:55Z,-23.583561000000003,-46.5251485,20.13,84,nublado
20260613_172405,6801-10,32773,2,72013,2026-06-13T20:23:25Z,-23.6525685,-46.733999,20.13,84,nublado
20260613_172405,6801-10,32773,2,72009,2026-06-13T20:23:49Z,-23.643670999999998,-46.7338575,20.13,84,nublado
20260613_172405,573A-10,1637,1,56530,2026-06-13T20:23:30Z,-23.5472225,-46.60696,20.13,84,nublado
20260613_172405,573A-10,1637,1,56507,2026-06-13T20:23:44Z,-23.58548275,-46.58071875,20.13,84,nublado
20260613_172405,573A-10,1637,1,56351,2026-06-13T20:24:01Z,-23.5472225,-46.60696,20.13,84,nublado
20260613_172405,573A-10,1637,1,56340,2026-06-13T20:23:46Z,-23.563463,-46.5973105,20.13,84,nublado
20260613_172405,9354-10,708,1,21295,2026-06-13T20:23:30Z,-23.474289,-46.6697665,20.13,84,nublado
20260613_172405,9354-10,708,1,21265,2026-06-13T20:23:39Z,-23.4742945,-46.6698435,20.13,84,nublado
20260613_172405,9354-10,708,1,21935,2026-06-13T20:23:45Z,-23.50649225,-46.6547605,20.13,84,nublado
20260613_172405,9354-10,708,1,21402,2026-06-13T20:23:58Z,-23.480036,-46.6575135,20.13,84,nublado
20260613_172405,9354-10,708,1,21407,2026-06-13T20:23:58Z,-23.5429635,-46.636864,20.13,84,nublado
20260613_172405,4005-10,2179,1,48108,2026-06-13T20:23:34Z,-23.5834805,-46.407314,20.13,84,nublado
20260613_172405,4005-10,2179,1,48678,2026-06-13T20:23:59Z,-23.57991825,-46.400650125,20.13,84,nublado
20260613_172405,9004-10,33639,2,16103,2026-06-13T20:23:40Z,-23.4596165,-46.6746275,20.13,84,nublado
20260613_172405,9004-10,33639,2,16393,2026-06-13T20:23:27Z,-23.475696,-46.670624000000004,20.13,84,nublado
20260613_172405,9004-10,33639,2,16252,2026-06-13T20:23:44Z,-23.456984,-46.6852645,20.13,84,nublado
20260613_172405,9004-10,33639,2,16432,2026-06-13T20:23:32Z,-23.4567555,-46.6849275,20.13,84,nublado
20260613_172405,9004-10,33639,2,16180,2026-06-13T20:24:02Z,-23.456852,-46.6850795,20.13,84,nublado
20260613_172405,9004-10,33639,2,16610,2026-06-13T20:23:53Z,-23.4567555,-46.6849275,20.13,84,nublado
20260613_172405,9004-10,33639,2,16282,2026-06-13T20:23:56Z,-23.4589285,-46.678758,20.13,84,nublado
20260613_172405,9004-10,33639,2,16326,2026-06-13T20:23:48Z,-23.475696,-46.670624000000004,20.13,84,nublado
20260613_172405,9004-10,33639,2,16359,2026-06-13T20:23:40Z,-23.462108625,-46.67266975,20.13,84,nublado
20260613_172405,2728-10,33711,2,45214,2026-06-13T20:23:33Z,-23.505295,-46.5158855,20.13,84,nublado
20260613_172405,2728-10,33711,2,45416,2026-06-13T20:24:02Z,-23.5246445,-46.549759375,20.13,84,nublado
20260613_172405,9015-10,34037,2,16041,2026-06-13T20:23:45Z,-23.4694535,-46.7135935,20.13,84,nublado
20260613_172405,9015-10,34037,2,16050,2026-06-13T20:23:33Z,-23.4694535,-46.7135935,20.13,84,nublado
20260613_172405,9015-10,34037,2,16548,2026-06-13T20:23:43Z,-23.487379,-46.7143985,20.13,84,nublado
20260613_172405,9015-10,34037,2,16029,2026-06-13T20:23:27Z,-23.4694535,-46.7135935,20.13,84,nublado
20260613_172405,7062-41,2271,1,78217,2026-06-13T20:23:59Z,-23.6499375,-46.7588785,20.13,84,nublado
20260613_172405,675G-10,106,1,61418,2026-06-13T20:23:52Z,-23.693935,-46.698987,20.13,84,nublado
20260613_172405,675G-10,106,1,61436,2026-06-13T20:23:20Z,-23.75514825,-46.66720275,20.13,84,nublado
20260613_172405,6016-41,34474,2,66944,2026-06-13T20:23:42Z,-23.775062,-46.675595,20.13,84,nublado
20260613_172405,6016-41,34474,2,66147,2026-06-13T20:24:02Z,-23.746404,-46.688238999999996,20.13,84,nublado
20260613_172405,6016-41,34474,2,66744,2026-06-13T20:23:41Z,-23.774729,-46.675773500000005,20.13,84,nublado
20260613_172405,6016-41,34474,2,66746,2026-06-13T20:23:36Z,-23.774908500000002,-46.675708,20.13,84,nublado
20260613_172405,6003-21,35344,2,61558,2026-06-13T20:23:34Z,-23.751554,-46.710573999999994,20.13,84,nublado
20260613_172405,7004-22,2633,1,73452,2026-06-13T20:23:40Z,-23.697073500000002,-46.779371999999995,20.13,84,nublado
20260613_172405,546L-10,1285,1,63595,2026-06-13T20:23:56Z,-23.682402500000002,-46.6433845,20.13,84,nublado
20260613_172405,546L-10,1285,1,63336,2026-06-13T20:23:26Z,-23.6679075,-46.6735405,20.13,84,nublado
20260613_172405,546L-10,1285,1,63449,2026-06-13T20:23:22Z,-23.664852500000002,-46.67826275,20.13,84,nublado
20260613_172405,546L-10,1285,1,63678,2026-06-13T20:23:20Z,-23.670573749999996,-46.700909375,20.13,84,nublado
20260613_172405,607A-10,2139,1,68490,2026-06-13T20:23:55Z,-23.663510000000002,-46.707170250000004,20.13,84,nublado
20260613_172405,607A-10,2139,1,68577,2026-06-13T20:23:48Z,-23.699271000000003,-46.648211,20.13,84,nublado
20260613_172405,2551-10,141,1,31793,2026-06-13T20:23:45Z,-23.517939,-46.475913500000004,20.13,84,nublado
20260613_172405,2551-10,141,1,31797,2026-06-13T20:23:46Z,-23.497564500000003,-46.5173595,20.13,84,nublado
20260613_172405,2551-10,141,1,31209,2026-06-13T20:23:42Z,-23.517939,-46.475913500000004,20.13,84,nublado
20260613_172405,2551-10,141,1,31927,2026-06-13T20:23:51Z,-23.535067249999997,-46.5773525,20.13,84,nublado
20260613_172405,2551-10,141,1,31121,2026-06-13T20:23:39Z,-23.517939,-46.475913500000004,20.13,84,nublado
20260613_172405,2551-10,141,1,31088,2026-06-13T20:23:38Z,-23.517939,-46.475913500000004,20.13,84,nublado
20260613_172405,2551-10,141,1,31132,2026-06-13T20:23:29Z,-23.517939,-46.475913500000004,20.13,84,nublado
20260613_172405,2551-10,141,1,31281,2026-06-13T20:23:36Z,-23.517939,-46.475913500000004,20.13,84,nublado
20260613_172405,2551-10,141,1,31748,2026-06-13T20:23:51Z,-23.517939,-46.475913500000004,20.13,84,nublado
20260613_172405,6016-41,1706,1,66709,2026-06-13T20:23:34Z,-23.7556935,-46.687709,20.13,84,nublado
20260613_172405,6016-41,1706,1,66751,2026-06-13T20:23:49Z,-23.7358915,-46.6961075,20.13,84,nublado
20260613_172405,3736-10,33804,2,47658,2026-06-13T20:19:10Z,-23.5758665,-46.4834185,20.13,84,nublado
20260613_172405,3736-10,33804,2,47626,2026-06-13T20:23:34Z,-23.5417095,-46.484257,20.13,84,nublado
20260613_172405,3736-10,33804,2,47171,2026-06-13T20:23:28Z,-23.5761605,-46.48341425,20.13,84,nublado
20260613_172405,3736-10,33804,2,47269,2026-06-13T20:23:22Z,-23.5761605,-46.48341425,20.13,84,nublado
20260613_172405,3736-10,33804,2,47282,2026-06-13T20:24:03Z,-23.558148875,-46.475424625,20.13,84,nublado
20260613_172405,3736-10,33804,2,47745,2026-06-13T20:23:42Z,-23.575811875000003,-46.481615875,20.13,84,nublado
20260613_172405,6078-10,33934,2,66193,2026-06-13T20:23:50Z,-23.715805000000003,-46.699250500000005,20.13,84,nublado
20260613_172405,6078-10,33934,2,66406,2026-06-13T20:21:52Z,-23.748864500000003,-46.687486,20.13,84,nublado
20260613_172405,6078-10,33934,2,66448,2026-06-13T20:23:26Z,-23.710868125,-46.699293624999996,20.13,84,nublado
20260613_172405,8605-10,1917,1,75810,2026-06-13T20:24:02Z,-23.580629000000002,-46.6799365,20.13,84,nublado
20260613_172405,8605-10,1917,1,75001,2026-06-13T20:23:37Z,-23.581658,-46.68468475,20.13,84,nublado
20260613_172405,8605-10,1917,1,75002,2026-06-13T20:23:58Z,-23.631453,-46.7718905,20.13,84,nublado
20260613_172405,8605-10,1917,1,75817,2026-06-13T20:23:22Z,-23.626072999999998,-46.765776,20.13,84,nublado
20260613_172405,8605-10,1917,1,75809,2026-06-13T20:23:51Z,-23.586551999999998,-46.724090000000004,20.13,84,nublado
20260613_172405,7013-10,775,1,85649,2026-06-13T20:23:49Z,-23.59203575,-46.735672,20.13,84,nublado
20260613_172405,7013-10,775,1,85843,2026-06-13T20:23:53Z,-23.6066315,-46.74911825,20.13,84,nublado
20260613_172405,7013-10,775,1,85711,2026-06-13T20:23:24Z,-23.6336705,-46.758232,20.13,84,nublado
20260613_172405,9653-10,33356,2,11677,2026-06-13T20:23:49Z,-23.4750395,-46.6685415,20.13,84,nublado
20260613_172405,9653-10,33356,2,11676,2026-06-13T20:23:47Z,-23.469771,-46.655350999999996,20.13,84,nublado
20260613_172405,9653-10,33356,2,11682,2026-06-13T20:23:38Z,-23.525790999999998,-46.652559499999995,20.13,84,nublado
20260613_172405,9653-10,33356,2,11681,2026-06-13T20:23:32Z,-23.459918000000002,-46.648571000000004,20.13,84,nublado
20260613_172405,1177-10,129,1,31648,2026-06-13T20:23:39Z,-23.52313325,-46.543812,20.13,84,nublado
20260613_172405,1177-10,129,1,31794,2026-06-13T20:23:36Z,-23.518318999999998,-46.4758545,20.13,84,nublado
20260613_172405,1177-10,129,1,31782,2026-06-13T20:23:42Z,-23.5365025,-46.63093275,20.13,84,nublado
20260613_172405,1177-10,129,1,31813,2026-06-13T20:23:28Z,-23.538229875,-46.631162625,20.13,84,nublado
20260613_172405,1177-10,129,1,31749,2026-06-13T20:23:50Z,-23.518318999999998,-46.4758545,20.13,84,nublado
20260613_172405,6063-41,1773,1,66230,2026-06-13T20:23:36Z,-23.7707185,-46.710299000000006,20.13,84,nublado
20260613_172405,6063-41,1773,1,66030,2026-06-13T20:24:00Z,-23.783384249999997,-46.68995525,20.13,84,nublado
20260613_172405,6063-41,1773,1,66322,2026-06-13T20:23:46Z,-23.7701445,-46.7105945,20.13,84,nublado
20260613_172405,6063-41,1773,1,66225,2026-06-13T20:23:36Z,-23.783949999999997,-46.6899645,20.13,84,nublado
20260613_172405,6063-41,1773,1,66057,2026-06-13T20:23:23Z,-23.7701445,-46.7105945,20.13,84,nublado
20260613_172405,6820-10,32787,2,72569,2026-06-13T20:24:00Z,-23.6550385,-46.761806,20.13,84,nublado
20260613_172405,6820-10,32787,2,72833,2026-06-13T20:23:45Z,-23.658609,-46.78921425,20.13,84,nublado
20260613_172405,6820-10,32787,2,72570,2026-06-13T20:23:49Z,-23.658609,-46.78921425,20.13,84,nublado
20260613_172405,6820-10,32787,2,72557,2026-06-13T20:23:52Z,-23.665205,-46.78963,20.13,84,nublado
20260613_172405,6820-10,32787,2,72482,2026-06-13T20:23:50Z,-23.659893500000003,-46.7761195,20.13,84,nublado
20260613_172405,5652-22,2516,1,63241,2026-06-13T20:23:58Z,-23.718638499999997,-46.690209499999995,20.13,84,nublado
20260613_172405,5652-22,2516,1,63375,2026-06-13T20:23:53Z,-23.60876,-46.653268999999995,20.13,84,nublado
20260613_172405,5652-22,2516,1,63329,2026-06-13T20:23:44Z,-23.661078500000002,-46.6793775,20.13,84,nublado
20260613_172405,477A-10,346,1,52827,2026-06-13T20:23:56Z,-23.603806499999997,-46.603359499999996,20.13,84,nublado
20260613_172405,477A-10,346,1,52796,2026-06-13T20:23:42Z,-23.570870624999998,-46.611071875,20.13,84,nublado
20260613_172405,477A-10,346,1,52847,2026-06-13T20:23:51Z,-23.603305,-46.6039375,20.13,84,nublado
20260613_172405,477A-10,346,1,52818,2026-06-13T20:23:28Z,-23.603806499999997,-46.603359499999996,20.13,84,nublado
20260613_172405,4056-10,35005,2,47716,2026-06-13T20:23:40Z,-23.609554,-46.45881125,20.13,84,nublado
20260613_172405,4056-10,35005,2,47771,2026-06-13T20:23:56Z,-23.612665,-46.476373499999994,20.13,84,nublado
20260613_172405,4056-10,35005,2,47796,2026-06-13T20:23:34Z,-23.612665,-46.476373499999994,20.13,84,nublado
20260613_172405,6078-10,1166,1,66862,2026-06-13T20:23:37Z,-23.7245005,-46.6993105,20.13,84,nublado
20260613_172405,6078-10,1166,1,66107,2026-06-13T20:23:44Z,-23.716451499999998,-46.699146999999996,20.13,84,nublado
20260613_172405,6078-10,1166,1,66588,2026-06-13T20:23:42Z,-23.743625,-46.664135,20.13,84,nublado
20260613_172405,6078-10,1166,1,66083,2026-06-13T20:23:30Z,-23.740688,-46.660930500000006,20.13,84,nublado
20260613_172405,6078-10,1166,1,66336,2026-06-13T20:23:36Z,-23.682207,-46.6758235,20.13,84,nublado
20260613_172405,6078-10,1166,1,66857,2026-06-13T20:23:27Z,-23.679651125,-46.674186999999996,20.13,84,nublado
20260613_172405,6078-10,1166,1,66222,2026-06-13T20:23:51Z,-23.7441685,-46.690828999999994,20.13,84,nublado
20260613_172405,414P-10,33873,2,55150,2026-06-13T20:23:30Z,-23.57716925,-46.54208375,20.13,84,nublado
20260613_172405,414P-10,33873,2,55285,2026-06-13T20:23:56Z,-23.55315975,-46.562968999999995,20.13,84,nublado
20260613_172405,414P-10,33873,2,55171,2026-06-13T20:23:34Z,-23.553058,-46.564013,20.13,84,nublado
20260613_172405,414P-10,33873,2,55247,2026-06-13T20:23:36Z,-23.540702,-46.5711285,20.13,84,nublado
20260613_172405,8072-10,34847,2,85735,2026-06-13T20:23:55Z,-23.6423545,-46.7659975,20.13,84,nublado
20260613_172405,8072-10,34847,2,85733,2026-06-13T20:23:37Z,-23.5990835,-46.7473365,20.13,84,nublado
20260613_172405,8072-10,34847,2,85749,2026-06-13T20:23:21Z,-23.6423545,-46.7659975,20.13,84,nublado
20260613_172405,8072-10,34847,2,85737,2026-06-13T20:23:21Z,-23.6250435,-46.76552975,20.13,84,nublado
20260613_172405,8072-10,34847,2,85740,2026-06-13T20:23:27Z,-23.642982500000002,-46.7627005,20.13,84,nublado
20260613_172405,573H-10,1630,1,55173,2026-06-13T20:23:32Z,-23.5776135,-46.54740075,20.13,84,nublado
20260613_172405,573H-10,1630,1,55074,2026-06-13T20:23:33Z,-23.614544,-46.500679,20.13,84,nublado
20260613_172405,573H-10,1630,1,55087,2026-06-13T20:23:51Z,-23.561914375,-46.593670374999995,20.13,84,nublado
20260613_172405,573H-10,1630,1,55094,2026-06-13T20:23:52Z,-23.5678725,-46.586389249999996,20.13,84,nublado
20260613_172405,573H-10,1630,1,55194,2026-06-13T20:24:00Z,-23.585012,-46.52037825000001,20.13,84,nublado
20260613_172405,605A-10,35290,2,64301,2026-06-13T20:23:23Z,-23.6495975,-46.632069,20.13,84,nublado
20260613_172405,6817-10,32795,2,72001,2026-06-13T20:24:00Z,-23.68488,-46.7824825,20.13,84,nublado
20260613_172405,6817-10,32795,2,72014,2026-06-13T20:23:46Z,-23.6637095,-46.76981,20.13,84,nublado
20260613_172405,574A-21,34458,2,64756,2026-06-13T20:23:46Z,-23.597682,-46.636748,20.13,84,nublado
20260613_172405,574A-21,34458,2,64713,2026-06-13T20:23:46Z,-23.64599175,-46.64096275,20.13,84,nublado
20260613_172405,574A-21,34458,2,64744,2026-06-13T20:23:31Z,-23.619031,-46.639412,20.13,84,nublado
20260613_172405,3738-10,1038,1,47030,2026-06-13T20:23:59Z,-23.5430685,-46.448671,20.13,84,nublado
20260613_172405,3738-10,1038,1,47127,2026-06-13T20:22:39Z,-23.5621675,-46.39966149999999,20.13,84,nublado
20260613_172405,3738-10,1038,1,47547,2026-06-13T20:23:39Z,-23.552427,-46.4249925,20.13,84,nublado
20260613_172405,3738-10,1038,1,47008,2026-06-13T20:24:00Z,-23.5645095,-46.406006000000005,20.13,84,nublado
20260613_172405,3738-10,1038,1,47058,2026-06-13T20:24:03Z,-23.551763,-46.4326365,20.13,84,nublado
20260613_172405,3738-10,1038,1,47002,2026-06-13T20:23:40Z,-23.551931500000002,-46.4251575,20.13,84,nublado
20260613_172405,8073-10,34849,2,85729,2026-06-13T20:23:23Z,-23.597600999999997,-46.766503,20.13,84,nublado
20260613_172405,8073-10,34849,2,85734,2026-06-13T20:23:46Z,-23.5983925,-46.7662695,20.13,84,nublado
20260613_172405,8073-10,34849,2,85750,2026-06-13T20:23:37Z,-23.585702374999997,-46.73748875,20.13,84,nublado
20260613_172405,637A-10,32953,2,73877,2026-06-13T20:23:42Z,-23.66945775,-46.736089750000005,20.13,84,nublado
20260613_172405,637A-10,32953,2,73842,2026-06-13T20:23:48Z,-23.5766665,-46.68737575,20.13,84,nublado
20260613_172405,637A-10,32953,2,73907,2026-06-13T20:22:53Z,-23.6905325,-46.774566500000006,20.13,84,nublado
20260613_172405,637A-10,32953,2,73884,2026-06-13T20:23:45Z,-23.68745,-46.771813,20.13,84,nublado
20260613_172405,637A-10,32953,2,73306,2026-06-13T20:24:00Z,-23.592015,-46.6947995,20.13,84,nublado
20260613_172405,637A-10,32953,2,73851,2026-06-13T20:24:03Z,-23.678634000000002,-46.76326,20.13,84,nublado
20260613_172405,637A-10,32953,2,73847,2026-06-13T20:23:59Z,-23.567515,-46.69430799999999,20.13,84,nublado
20260613_172405,637A-10,32953,2,73843,2026-06-13T20:23:45Z,-23.671832000000002,-46.741647,20.13,84,nublado
20260613_172405,637A-10,32953,2,73881,2026-06-13T20:23:23Z,-23.6473695,-46.72761,20.13,84,nublado
20260613_172405,4726-10,1680,1,55066,2026-06-13T20:23:25Z,-23.564877499999998,-46.5858795,20.13,84,nublado
20260613_172405,4726-10,1680,1,55039,2026-06-13T20:23:51Z,-23.541038999999998,-46.576837,20.13,84,nublado
20260613_172405,7063-10,34667,2,78001,2026-06-13T20:24:02Z,-23.6514855,-46.7905545,20.13,84,nublado
20260613_172405,7063-10,34667,2,78265,2026-06-13T20:23:43Z,-23.649015,-46.791529499999996,20.13,84,nublado
20260613_172405,7063-10,34667,2,78443,2026-06-13T20:23:46Z,-23.634623,-46.775131,20.13,84,nublado
20260613_172405,6048-10,56,1,71130,2026-06-13T20:24:04Z,-23.649115000000002,-46.752907,20.13,84,nublado
20260613_172405,4005-10,34947,2,48292,2026-06-13T20:23:51Z,-23.5962175,-46.4003685,20.13,84,nublado
20260613_172405,4005-10,34947,2,48236,2026-06-13T20:23:34Z,-23.58888925,-46.394664,20.13,84,nublado
20260613_172405,4313-10,2173,1,31594,2026-06-13T20:23:21Z,-23.557707999999998,-46.5147175,20.13,84,nublado
20260613_172405,4313-10,2173,1,31262,2026-06-13T20:23:32Z,-23.536211,-46.547247,20.13,84,nublado
20260613_172405,4313-10,2173,1,31084,2026-06-13T20:23:40Z,-23.547401999999998,-46.629791999999995,20.13,84,nublado
20260613_172405,4313-10,2173,1,31593,2026-06-13T20:23:55Z,-23.5948245,-46.4406075,20.13,84,nublado
20260613_172405,4313-10,2173,1,31216,2026-06-13T20:23:45Z,-23.552670999999997,-46.6149765,20.13,84,nublado
20260613_172405,4313-10,2173,1,31024,2026-06-13T20:23:35Z,-23.5454235,-46.598113999999995,20.13,84,nublado
20260613_172405,4313-10,2173,1,31255,2026-06-13T20:24:00Z,-23.569069,-46.5042595,20.13,84,nublado
20260613_172405,4313-10,2173,1,31014,2026-06-13T20:23:35Z,-23.5831405,-46.407323500000004,20.13,84,nublado
20260613_172405,4012-10,34953,2,48425,2026-06-13T20:23:40Z,-23.613013249999998,-46.455366125,20.13,84,nublado
20260613_172405,4012-10,34953,2,48575,2026-06-13T20:23:58Z,-23.61692,-46.468823,20.13,84,nublado
20260613_172405,2203-10,33679,2,35824,2026-06-13T20:23:56Z,-23.530029499999998,-46.528456000000006,20.13,84,nublado
20260613_172405,2203-10,33679,2,35702,2026-06-13T20:23:22Z,-23.5204035,-46.484047000000004,20.13,84,nublado
20260613_172405,2203-10,33679,2,35758,2026-06-13T20:23:22Z,-23.519916000000002,-46.495547,20.13,84,nublado
20260613_172405,3390-10,33506,2,52804,2026-06-13T20:23:56Z,-23.6026125,-46.5105675,20.13,84,nublado
20260613_172405,3390-10,33506,2,52836,2026-06-13T20:24:02Z,-23.581988,-46.591019,20.13,84,nublado
20260613_172405,5034-31,1664,1,51434,2026-06-13T20:23:39Z,-23.603439,-46.602865,20.13,84,nublado
20260613_172405,5034-31,1664,1,51409,2026-06-13T20:23:50Z,-23.625947500000002,-46.59906875,20.13,84,nublado
20260613_172405,8019-31,2574,1,80196,2026-06-13T20:23:55Z,-23.548075375,-46.748418375,20.13,84,nublado
20260613_172405,8019-31,2574,1,80407,2026-06-13T20:24:01Z,-23.549839,-46.758342999999996,20.13,84,nublado
20260613_172405,8019-31,2574,1,80406,2026-06-13T20:23:43Z,-23.5915995,-46.735897,20.13,84,nublado
20260613_172405,4093-10,2448,1,35749,2026-06-13T20:23:23Z,-23.588952,-46.395677,20.13,84,nublado
20260613_172405,4093-10,2448,1,35797,2026-06-13T20:23:22Z,-23.58308,-46.408871000000005,20.13,84,nublado
20260613_172405,4093-10,2448,1,35710,2026-06-13T20:23:34Z,-23.58859125,-46.397760250000005,20.13,84,nublado
20260613_172405,4093-10,2448,1,35755,2026-06-13T20:23:53Z,-23.588952,-46.395677,20.13,84,nublado
20260613_172405,4093-10,2448,1,35960,2026-06-13T20:23:59Z,-23.588952,-46.395677,20.13,84,nublado
20260613_172405,3791-10,1069,1,45444,2026-06-13T20:23:21Z,-23.5503315,-46.509519499999996,20.13,84,nublado
20260613_172405,3791-10,1069,1,45370,2026-06-13T20:23:28Z,-23.540508,-46.4870345,20.13,84,nublado
20260613_172405,3791-10,1069,1,45044,2026-06-13T20:23:53Z,-23.5426705,-46.4929145,20.13,84,nublado
20260613_172405,3791-10,1069,1,45505,2026-06-13T20:24:04Z,-23.563583,-46.5025055,20.13,84,nublado
20260613_172405,606Y-10,2589,1,66059,2026-06-13T20:24:03Z,-23.757225124999998,-46.702340125,20.13,84,nublado
20260613_172405,606Y-10,2589,1,66064,2026-06-13T20:23:28Z,-23.7538965,-46.709357999999995,20.13,84,nublado
20260613_172405,9009-10,877,1,16977,2026-06-13T20:23:35Z,-23.4435605,-46.7129695,20.13,84,nublado
20260613_172405,9009-10,877,1,16982,2026-06-13T20:23:29Z,-23.472089625,-46.673646500000004,20.13,84,nublado
20260613_172405,9009-10,877,1,16414,2026-06-13T20:23:39Z,-23.4394515,-46.7084175,20.13,84,nublado
20260613_172405,9009-10,877,1,16984,2026-06-13T20:23:49Z,-23.45906,-46.6869905,20.13,84,nublado
20260613_172405,297A-10,34901,2,22909,2026-06-13T20:24:01Z,-23.505482,-46.68007125,20.13,84,nublado
20260613_172405,297A-10,34901,2,22938,2026-06-13T20:23:38Z,-23.4929135,-46.674135500000006,20.13,84,nublado
20260613_172405,574W-10,34397,2,55267,2026-06-13T20:23:35Z,-23.614385,-46.50312649999999,20.13,84,nublado
20260613_172405,574W-10,34397,2,55396,2026-06-13T20:23:38Z,-23.5862335,-46.5187815,20.13,84,nublado
20260613_172405,574W-10,34397,2,55201,2026-06-13T20:23:42Z,-23.5764435,-46.5203245,20.13,84,nublado
20260613_172405,574W-10,34397,2,55046,2026-06-13T20:23:20Z,-23.553181000000002,-46.578834125,20.13,84,nublado
20260613_172405,263J-10,32987,2,32649,2026-06-13T20:23:58Z,-23.533963,-46.457702,20.13,84,nublado
20260613_172405,263J-10,32987,2,32222,2026-06-13T20:23:24Z,-23.551830000000002,-46.4350165,20.13,84,nublado
20260613_172405,263J-10,32987,2,32202,2026-06-13T20:24:02Z,-23.5125635,-46.476905,20.13,84,nublado
20260613_172405,263J-10,32987,2,32239,2026-06-13T20:24:02Z,-23.5215805,-46.529390500000005,20.13,84,nublado
20260613_172405,606Z-10,2611,1,68405,2026-06-13T20:23:44Z,-23.6953715,-46.659248000000005,20.13,84,nublado
20260613_172405,574W-10,1629,1,55330,2026-06-13T20:23:52Z,-23.578056,-46.51708225,20.13,84,nublado
20260613_172405,574W-10,1629,1,55030,2026-06-13T20:23:51Z,-23.61160375,-46.4874665,20.13,84,nublado
20260613_172405,574W-10,1629,1,55341,2026-06-13T20:23:49Z,-23.5430055,-46.588738500000005,20.13,84,nublado
20260613_172405,574W-10,1629,1,55063,2026-06-13T20:23:43Z,-23.562192,-46.561119,20.13,84,nublado
20260613_172405,574W-10,1629,1,55053,2026-06-13T20:23:30Z,-23.561728000000002,-46.562174,20.13,84,nublado
20260613_172405,574W-10,1629,1,55407,2026-06-13T20:23:54Z,-23.6026125,-46.5105675,20.13,84,nublado
20260613_172405,5103-10,1646,1,52845,2026-06-13T20:23:23Z,-23.60102375,-46.62189425,20.13,84,nublado
20260613_172405,5103-10,1646,1,52863,2026-06-13T20:24:03Z,-23.6014935,-46.655564,20.13,84,nublado
20260613_172405,5103-10,1646,1,52830,2026-06-13T20:23:41Z,-23.6032445,-46.602611499999995,20.13,84,nublado
20260613_172405,714C-10,487,1,80076,2026-06-13T20:23:36Z,-23.55666675,-46.676015625000005,20.13,84,nublado
20260613_172405,714C-10,487,1,80144,2026-06-13T20:23:23Z,-23.602815749999998,-46.78945775,20.13,84,nublado
20260613_172405,938V-10,813,1,16040,2026-06-13T20:23:48Z,-23.458678749999997,-46.67508175,20.13,84,nublado
20260613_172405,938V-10,813,1,16166,2026-06-13T20:23:52Z,-23.484436,-46.691058999999996,20.13,84,nublado
20260613_172405,938V-10,813,1,16049,2026-06-13T20:23:29Z,-23.524322125,-46.689743625,20.13,84,nublado
20260613_172405,938V-10,813,1,16215,2026-06-13T20:23:41Z,-23.459018,-46.674842999999996,20.13,84,nublado
20260613_172405,938V-10,813,1,16480,2026-06-13T20:23:54Z,-23.47683,-46.679985,20.13,84,nublado
20260613_172405,938V-10,813,1,16195,2026-06-13T20:23:54Z,-23.5312165,-46.67845,20.13,84,nublado
20260613_172405,938V-10,813,1,16025,2026-06-13T20:23:31Z,-23.52389375,-46.697604625,20.13,84,nublado
20260613_172405,4312-10,34940,2,31605,2026-06-13T20:23:36Z,-23.543122875,-46.5102615,20.13,84,nublado
20260613_172405,4312-10,34940,2,31872,2026-06-13T20:23:56Z,-23.5464055,-46.6307785,20.13,84,nublado
20260613_172405,4312-10,34940,2,31725,2026-06-13T20:23:53Z,-23.539466500000003,-46.571431000000004,20.13,84,nublado
20260613_172405,4312-10,34940,2,31604,2026-06-13T20:23:58Z,-23.5464055,-46.6307785,20.13,84,nublado
20260613_172405,6118-10,33956,2,66700,2026-06-13T20:23:55Z,-23.677031125,-46.70759425,20.13,84,nublado
20260613_172405,6118-10,33956,2,66361,2026-06-13T20:23:47Z,-23.697532000000002,-46.7013975,20.13,84,nublado
20260613_172405,6118-10,33956,2,66182,2026-06-13T20:23:31Z,-23.736321500000003,-46.710989,20.13,84,nublado
20260613_172405,546A-10,33899,2,68013,2026-06-13T20:23:33Z,-23.653464,-46.703118,20.13,84,nublado
20260613_172405,5024-10,33890,2,68311,2026-06-13T20:23:22Z,-23.675183750000002,-46.6859125,20.13,84,nublado
20260613_172405,5024-10,33890,2,68338,2026-06-13T20:23:25Z,-23.653464,-46.703118,20.13,84,nublado
20260613_172405,5024-10,33890,2,68456,2026-06-13T20:23:55Z,-23.6847985,-46.6639825,20.13,84,nublado
20260613_172405,5024-10,33890,2,68487,2026-06-13T20:23:41Z,-23.6932335,-46.658049,20.13,84,nublado
20260613_172405,5024-10,33890,2,68162,2026-06-13T20:23:45Z,-23.679244499999996,-46.68474225,20.13,84,nublado
20260613_172405,5024-10,33890,2,68759,2026-06-13T20:23:46Z,-23.6931995,-46.658165,20.13,84,nublado
20260613_172405,6063-10,33920,2,66961,2026-06-13T20:23:56Z,-23.7862675,-46.6845395,20.13,84,nublado
20260613_172405,6063-10,33920,2,66298,2026-06-13T20:23:19Z,-23.776175000000002,-46.69686,20.13,84,nublado
20260613_172405,6063-10,33920,2,66291,2026-06-13T20:23:33Z,-23.783673,-46.6827105,20.13,84,nublado
20260613_172405,3745-10,1044,1,45652,2026-06-13T20:23:51Z,-23.542986875,-46.57163812500001,20.13,84,nublado
20260613_172405,3745-10,1044,1,45154,2026-06-13T20:23:39Z,-23.585154000000003,-46.520120750000004,20.13,84,nublado
20260613_172405,3745-10,1044,1,45253,2026-06-13T20:24:00Z,-23.548921,-46.5367765,20.13,84,nublado
20260613_172405,3745-10,1044,1,45028,2026-06-13T20:23:53Z,-23.541242,-46.549708499999994,20.13,84,nublado
20260613_172405,3745-10,1044,1,45417,2026-06-13T20:23:49Z,-23.58888,-46.5006235,20.13,84,nublado
20260613_172405,6013-10,186,1,73422,2026-06-13T20:23:31Z,-23.654091,-46.711929999999995,20.13,84,nublado
20260613_172405,6013-10,186,1,73213,2026-06-13T20:23:12Z,-23.699185,-46.7630965,20.13,84,nublado
20260613_172405,6013-10,186,1,73412,2026-06-13T20:23:48Z,-23.6759805,-46.7514115,20.13,84,nublado
20260613_172405,6013-10,186,1,73218,2026-06-13T20:23:35Z,-23.699185,-46.7630965,20.13,84,nublado
20260613_172405,6013-10,186,1,73418,2026-06-13T20:23:27Z,-23.7000675,-46.7643525,20.13,84,nublado
20260613_172405,971T-10,618,1,22591,2026-06-13T20:23:20Z,-23.489007375,-46.643912,20.13,84,nublado
20260613_172405,8050-31,33183,2,11965,2026-06-13T20:23:37Z,-23.446649,-46.7985095,20.13,84,nublado
20260613_172405,8050-31,33183,2,11980,2026-06-13T20:23:38Z,-23.494018500000003,-46.763138,20.13,84,nublado
20260613_172405,8016-10,34114,2,15168,2026-06-13T20:24:01Z,-23.44398,-46.735310999999996,20.13,84,nublado
20260613_172405,8016-10,34114,2,15235,2026-06-13T20:23:41Z,-23.485832000000002,-46.7260735,20.13,84,nublado
20260613_172405,8016-10,34114,2,15169,2026-06-13T20:23:25Z,-23.445864625,-46.717133375,20.13,84,nublado
20260613_172405,8016-10,34114,2,15148,2026-06-13T20:24:03Z,-23.4849325,-46.7233555,20.13,84,nublado
20260613_172405,1778-10,34557,2,22637,2026-06-13T20:23:48Z,-23.48747225,-46.612061999999995,20.13,84,nublado
20260613_172405,1778-10,34557,2,22280,2026-06-13T20:23:45Z,-23.46456725,-46.56879675,20.13,84,nublado
20260613_172405,1778-10,34557,2,22464,2026-06-13T20:23:57Z,-23.45644525,-46.593685,20.13,84,nublado
20260613_172405,9018-10,34039,2,16036,2026-06-13T20:23:53Z,-23.470133500000003,-46.7216755,20.13,84,nublado
20260613_172405,9018-10,34039,2,16105,2026-06-13T20:23:39Z,-23.482098,-46.718140000000005,20.13,84,nublado
20260613_172405,2175-10,33465,2,22826,2026-06-13T20:23:43Z,-23.476305250000003,-46.57231175,20.13,84,nublado
20260613_172405,2175-10,33465,2,22523,2026-06-13T20:23:33Z,-23.513962499999998,-46.58326375,20.13,84,nublado
20260613_172405,3743-10,33811,2,47715,2026-06-13T20:23:25Z,-23.5958945,-46.487543125,20.13,84,nublado
20260613_172405,3743-10,33811,2,47334,2026-06-13T20:23:48Z,-23.609576250000003,-46.4755425,20.13,84,nublado
20260613_172405,3743-10,33811,2,47164,2026-06-13T20:24:03Z,-23.5518925,-46.462776749999996,20.13,84,nublado
20260613_172405,3743-10,33811,2,47230,2026-06-13T20:23:22Z,-23.609576250000003,-46.4755425,20.13,84,nublado
20260613_172405,6099-10,34355,2,66001,2026-06-13T20:24:05Z,-23.812842375,-46.73570825,20.13,84,nublado
20260613_172405,6099-10,34355,2,66468,2026-06-13T20:23:41Z,-23.761799,-46.715466500000005,20.13,84,nublado
20260613_172405,6099-10,34355,2,66473,2026-06-13T20:23:55Z,-23.8557385,-46.777271999999996,20.13,84,nublado
20260613_172405,516N-10,33034,2,63092,2026-06-13T20:23:55Z,-23.630915,-46.68352275,20.13,84,nublado
20260613_172405,516N-10,33034,2,63096,2026-06-13T20:23:52Z,-23.58769125,-46.67168025,20.13,84,nublado
20260613_172405,516N-10,33034,2,63503,2026-06-13T20:23:51Z,-23.690199749999998,-46.649609,20.13,84,nublado
20260613_172405,516N-10,33034,2,63059,2026-06-13T20:23:21Z,-23.63423525,-46.67952100000001,20.13,84,nublado
20260613_172405,516N-10,33034,2,63308,2026-06-13T20:24:03Z,-23.6170215,-46.6809265,20.13,84,nublado
20260613_172405,516N-10,33034,2,63043,2026-06-13T20:23:35Z,-23.691915,-46.647999,20.13,84,nublado
20260613_172405,707A-10,1990,1,73003,2026-06-13T20:23:29Z,-23.6848355,-46.7700415,20.13,84,nublado
20260613_172405,707A-10,1990,1,73645,2026-06-13T20:23:22Z,-23.604717625,-46.66185375,20.13,84,nublado
20260613_172405,707A-10,1990,1,73948,2026-06-13T20:23:46Z,-23.665831500000003,-46.7126115,20.13,84,nublado
20260613_172405,707A-10,1990,1,73002,2026-06-13T20:23:30Z,-23.613077625,-46.671047125,20.13,84,nublado
20260613_172405,707A-10,1990,1,73936,2026-06-13T20:23:32Z,-23.674778,-46.747885999999994,20.13,84,nublado
20260613_172405,6010-10,1202,1,78131,2026-06-13T20:23:43Z,-23.676232749999997,-46.79100875,20.13,84,nublado
20260613_172405,6010-10,1202,1,78083,2026-06-13T20:23:29Z,-23.669559749999998,-46.765223750000004,20.13,84,nublado
20260613_172405,6010-10,1202,1,78849,2026-06-13T20:23:57Z,-23.666687500000002,-46.7532365,20.13,84,nublado
20260613_172405,6L01-10,33939,2,66604,2026-06-13T20:24:04Z,-23.767305999999998,-46.716412,20.13,84,nublado
20260613_172405,6L01-10,33939,2,66487,2026-06-13T20:23:20Z,-23.90679,-46.708217000000005,20.13,84,nublado
20260613_172405,6L01-10,33939,2,66611,2026-06-13T20:24:02Z,-23.90679,-46.708217000000005,20.13,84,nublado
20260613_172405,6L01-10,33939,2,66548,2026-06-13T20:23:59Z,-23.7743255,-46.72151625,20.13,84,nublado
20260613_172405,6L01-10,33939,2,66282,2026-06-13T20:23:24Z,-23.90679,-46.708217000000005,20.13,84,nublado
20260613_172405,6L01-10,33939,2,66790,2026-06-13T20:23:30Z,-23.90679,-46.708217000000005,20.13,84,nublado
20260613_172405,6L01-10,33939,2,66110,2026-06-13T20:23:51Z,-23.8605085,-46.75073125,20.13,84,nublado
20260613_172405,6L01-10,33939,2,66106,2026-06-13T20:23:45Z,-23.90674475,-46.70879375,20.13,84,nublado
20260613_172405,6L01-10,33939,2,66122,2026-06-13T20:23:25Z,-23.90679,-46.708217000000005,20.13,84,nublado
20260613_172405,6L01-10,33939,2,66048,2026-06-13T20:23:44Z,-23.90679,-46.708217000000005,20.13,84,nublado
20260613_172405,6L01-10,33939,2,66898,2026-06-13T20:23:45Z,-23.90679,-46.708217000000005,20.13,84,nublado
20260613_172405,6L01-10,33939,2,66863,2026-06-13T20:23:32Z,-23.90679,-46.708217000000005,20.13,84,nublado
20260613_172405,172N-10,33432,2,21733,2026-06-13T20:23:23Z,-23.540139,-46.594167,20.13,84,nublado
20260613_172405,172N-10,33432,2,21396,2026-06-13T20:24:02Z,-23.515946749999998,-46.61641775,20.13,84,nublado
20260613_172405,172N-10,33432,2,21750,2026-06-13T20:23:45Z,-23.517978874999997,-46.589335,20.13,84,nublado
20260613_172405,172N-10,33432,2,21744,2026-06-13T20:23:23Z,-23.49998925,-46.61999625,20.13,84,nublado
20260613_172405,856R-10,34196,2,82711,2026-06-13T20:23:43Z,-23.58503825,-46.6762775,20.13,84,nublado
20260613_172405,856R-10,34196,2,82697,2026-06-13T20:23:38Z,-23.5619655,-46.684842,20.13,84,nublado
20260613_172405,856R-10,34196,2,82740,2026-06-13T20:23:30Z,-23.63470675,-46.693451875,20.13,84,nublado
20260613_172405,5129-10,1281,1,63660,2026-06-13T20:23:31Z,-23.671243,-46.6462665,20.13,84,nublado
20260613_172405,5129-10,1281,1,63287,2026-06-13T20:23:47Z,-23.68175025,-46.689241249999995,20.13,84,nublado
20260613_172405,5129-10,1281,1,63657,2026-06-13T20:23:48Z,-23.644641,-46.6720785,20.13,84,nublado
20260613_172405,5129-10,1281,1,63350,2026-06-13T20:23:31Z,-23.668594499999998,-46.7355085,20.13,84,nublado
20260613_172405,5129-10,1281,1,63369,2026-06-13T20:23:26Z,-23.6687515,-46.735510000000005,20.13,84,nublado
20260613_172405,5129-10,1281,1,63282,2026-06-13T20:23:36Z,-23.679894,-46.6367245,20.13,84,nublado
20260613_172405,179X-10,680,1,25176,2026-06-13T20:23:26Z,-23.466220625,-46.583831125,20.13,84,nublado
20260613_172405,179X-10,680,1,25177,2026-06-13T20:23:59Z,-23.433407000000003,-46.571543,20.13,84,nublado
20260613_172405,179X-10,680,1,25171,2026-06-13T20:23:49Z,-23.523328250000002,-46.62548625,20.13,84,nublado
20260613_172405,179X-10,680,1,25185,2026-06-13T20:23:28Z,-23.484124,-46.600643,20.13,84,nublado
20260613_172405,179X-10,680,1,25162,2026-06-13T20:23:22Z,-23.4794755,-46.599450250000004,20.13,84,nublado
20260613_172405,179X-10,680,1,25186,2026-06-13T20:23:38Z,-23.4424695,-46.589804,20.13,84,nublado
20260613_172405,179X-10,680,1,25153,2026-06-13T20:23:42Z,-23.456147,-46.59026625,20.13,84,nublado
20260613_172405,179X-10,680,1,25166,2026-06-13T20:23:46Z,-23.52587975,-46.6431255,20.13,84,nublado
20260613_172405,6019-10,1490,1,73404,2026-06-13T20:23:26Z,-23.668242,-46.7355055,20.13,84,nublado
20260613_172405,6019-10,1490,1,73405,2026-06-13T20:23:54Z,-23.668242,-46.7355055,20.13,84,nublado
20260613_172405,6019-10,1490,1,73959,2026-06-13T20:23:38Z,-23.678189500000002,-46.738019,20.13,84,nublado
20260613_172405,6262-10,1371,1,81931,2026-06-13T20:23:31Z,-23.549622499999998,-46.640210499999995,20.13,84,nublado
20260613_172405,6262-10,1371,1,81933,2026-06-13T20:23:59Z,-23.560539,-46.695778374999996,20.13,84,nublado
20260613_172405,607M-10,2036,1,61422,2026-06-13T20:23:58Z,-23.7374655,-46.6974125,20.13,84,nublado
20260613_172405,607M-10,2036,1,61444,2026-06-13T20:23:46Z,-23.7374655,-46.6974125,20.13,84,nublado
20260613_172405,607M-10,2036,1,61425,2026-06-13T20:22:59Z,-23.7379855,-46.697920999999994,20.13,84,nublado
20260613_172405,607M-10,2036,1,61242,2026-06-13T20:23:51Z,-23.705854625,-46.700533875,20.13,84,nublado
20260613_172405,938P-10,33656,2,16204,2026-06-13T20:23:38Z,-23.48489,-46.687429,20.13,84,nublado
20260613_172405,938P-10,33656,2,16488,2026-06-13T20:23:38Z,-23.523056500000003,-46.68789162499999,20.13,84,nublado
20260613_172405,938P-10,33656,2,16467,2026-06-13T20:23:45Z,-23.463453,-46.6838225,20.13,84,nublado
20260613_172405,938P-10,33656,2,16570,2026-06-13T20:23:54Z,-23.462593499999997,-46.6814735,20.13,84,nublado
20260613_172405,938P-10,33656,2,16090,2026-06-13T20:23:46Z,-23.488311000000003,-46.6880495,20.13,84,nublado
20260613_172405,3728-41,1988,1,47321,2026-06-13T20:23:26Z,-23.5421635,-46.4837615,20.13,84,nublado
20260613_172405,3728-41,1988,1,47196,2026-06-13T20:23:42Z,-23.553251500000002,-46.491372999999996,20.13,84,nublado
20260613_172405,172N-10,664,1,21704,2026-06-13T20:23:53Z,-23.507188,-46.595189000000005,20.13,84,nublado
20260613_172405,172N-10,664,1,21705,2026-06-13T20:23:33Z,-23.504861374999997,-46.624694625000004,20.13,84,nublado
20260613_172405,172N-10,664,1,21730,2026-06-13T20:23:23Z,-23.529513,-46.6029765,20.13,84,nublado
20260613_172405,8622-10,33206,2,11071,2026-06-13T20:23:52Z,-23.521956000000003,-46.716938,20.13,84,nublado
20260613_172405,8622-10,33206,2,11063,2026-06-13T20:23:37Z,-23.501013,-46.754233,20.13,84,nublado
20260613_172405,8622-10,33206,2,11085,2026-06-13T20:23:19Z,-23.430508500000002,-46.787358999999995,20.13,84,nublado
20260613_172405,8622-10,33206,2,11070,2026-06-13T20:23:58Z,-23.547847500000003,-46.6420095,20.13,84,nublado
20260613_172405,8622-10,33206,2,11077,2026-06-13T20:23:35Z,-23.529849374999998,-46.667376624999996,20.13,84,nublado
20260613_172405,6824-10,23,1,72764,2026-06-13T20:24:00Z,-23.6676555,-46.785317,20.13,84,nublado
20260613_172405,6824-10,23,1,72770,2026-06-13T20:23:59Z,-23.6540545,-46.763478,20.13,84,nublado
20260613_172405,2552-10,142,1,31733,2026-06-13T20:24:02Z,-23.53508,-46.5770435,20.13,84,nublado
20260613_172405,2552-10,142,1,31921,2026-06-13T20:24:01Z,-23.512205,-46.512974,20.13,84,nublado
20260613_172405,2552-10,142,1,31944,2026-06-13T20:23:56Z,-23.4841585,-46.420317999999995,20.13,84,nublado
20260613_172405,8319-10,33244,2,82765,2026-06-13T20:23:58Z,-23.522697,-46.702521749999995,20.13,84,nublado
20260613_172405,8319-10,33244,2,82737,2026-06-13T20:23:28Z,-23.548075375,-46.748418375,20.13,84,nublado
20260613_172405,8319-10,33244,2,82771,2026-06-13T20:23:51Z,-23.547879,-46.73697175,20.13,84,nublado
20260613_172405,PAEC-10,1422,1,22053,2026-06-13T20:23:55Z,-23.445283500000002,-46.579080000000005,20.13,84,nublado
20260613_172405,PAEC-10,1422,1,21386,2026-06-13T20:23:57Z,-23.568078999999997,-46.649365,20.13,84,nublado
20260613_172405,PAEC-10,1422,1,22061,2026-06-13T20:23:21Z,-23.488664,-46.619128,20.13,84,nublado
20260613_172405,373L-10,1027,1,47730,2026-06-13T20:23:18Z,-23.571937,-46.4585185,20.13,84,nublado
20260613_172405,373L-10,1027,1,47596,2026-06-13T20:23:43Z,-23.5422585,-46.470022,20.13,84,nublado
20260613_172405,373L-10,1027,1,47714,2026-06-13T20:23:45Z,-23.5970725,-46.4350015,20.13,84,nublado
20260613_172405,524M-10,1631,1,55071,2026-06-13T20:24:01Z,-23.6139735,-46.501357999999996,20.13,84,nublado
20260613_172405,524M-10,1631,1,55207,2026-06-13T20:23:37Z,-23.57446725,-46.51368049999999,20.13,84,nublado
20260613_172405,524M-10,1631,1,55541,2026-06-13T20:23:30Z,-23.622418500000002,-46.4934485,20.13,84,nublado
20260613_172405,574J-10,34453,2,52938,2026-06-13T20:23:56Z,-23.62527025,-46.620020749999995,20.13,84,nublado
20260613_172405,574J-10,34453,2,52909,2026-06-13T20:23:25Z,-23.636083499999998,-46.641462,20.13,84,nublado
20260613_172405,574J-10,34453,2,52929,2026-06-13T20:24:02Z,-23.5624995,-46.51981425,20.13,84,nublado
20260613_172405,574J-10,34453,2,52931,2026-06-13T20:23:53Z,-23.619092000000002,-46.602585000000005,20.13,84,nublado
20260613_172405,574J-10,34453,2,52945,2026-06-13T20:23:53Z,-23.573424250000002,-46.56603375,20.13,84,nublado
20260613_172405,574J-10,34453,2,52101,2026-06-13T20:23:57Z,-23.616961,-46.601735500000004,20.13,84,nublado
20260613_172405,574J-10,34453,2,52943,2026-06-13T20:23:24Z,-23.581626,-46.60122125,20.13,84,nublado
20260613_172405,978A-10,34137,2,12470,2026-06-13T20:23:42Z,-23.48216175,-46.67602375,20.13,84,nublado
20260613_172405,978A-10,34137,2,12425,2026-06-13T20:23:39Z,-23.482032750000002,-46.675748750000004,20.13,84,nublado
20260613_172405,978A-10,34137,2,12474,2026-06-13T20:23:24Z,-23.52382875,-46.664623750000004,20.13,84,nublado
20260613_172405,978A-10,34137,2,12473,2026-06-13T20:24:02Z,-23.479243,-46.6732695,20.13,84,nublado
20260613_172405,5106-31,1305,1,63644,2026-06-13T20:23:58Z,-23.581595999999998,-46.6384865,20.13,84,nublado
20260613_172405,5106-31,1305,1,63663,2026-06-13T20:24:01Z,-23.6907965,-46.649257500000004,20.13,84,nublado
20260613_172405,5106-31,1305,1,63478,2026-06-13T20:23:54Z,-23.6763875,-46.62831,20.13,84,nublado
20260613_172405,5106-31,1305,1,63298,2026-06-13T20:23:30Z,-23.600056375,-46.644242125000005,20.13,84,nublado
20260613_172405,5106-31,1305,1,63648,2026-06-13T20:23:53Z,-23.69221,-46.66165,20.13,84,nublado
20260613_172405,1760-10,557,1,22596,2026-06-13T20:23:44Z,-23.456333,-46.659075,20.13,84,nublado
20260613_172405,1760-10,557,1,22947,2026-06-13T20:23:21Z,-23.4998535,-46.62506175,20.13,84,nublado
20260613_172405,1760-10,557,1,22573,2026-06-13T20:23:33Z,-23.513889875,-46.61619675,20.13,84,nublado
20260613_172405,1760-10,557,1,22595,2026-06-13T20:24:01Z,-23.472635500000003,-46.650270500000005,20.13,84,nublado
20260613_172405,4013-10,34954,2,48387,2026-06-13T20:23:30Z,-23.63586375,-46.445139999999995,20.13,84,nublado
20260613_172405,4013-10,34954,2,48464,2026-06-13T20:23:47Z,-23.62031025,-46.467244,20.13,84,nublado
20260613_172405,4013-10,34954,2,48553,2026-06-13T20:23:46Z,-23.628390500000002,-46.445684,20.13,84,nublado
20260613_172405,4013-10,34954,2,48566,2026-06-13T20:23:36Z,-23.634753500000002,-46.4433935,20.13,84,nublado
20260613_172405,4013-10,34954,2,48652,2026-06-13T20:24:03Z,-23.63586375,-46.445139999999995,20.13,84,nublado
20260613_172405,6L07-10,1545,1,66378,2026-06-13T20:23:53Z,-23.8266195,-46.711118,20.13,84,nublado
20260613_172405,6L07-10,1545,1,66684,2026-06-13T20:23:39Z,-23.766939,-46.716361,20.13,84,nublado
20260613_172405,7005-51,1999,1,78305,2026-06-13T20:24:02Z,-23.731465,-46.78581,20.13,84,nublado
20260613_172405,746C-10,33551,2,86500,2026-06-13T20:23:52Z,-23.637881,-46.73684325,20.13,84,nublado
20260613_172405,746C-10,33551,2,86483,2026-06-13T20:23:46Z,-23.650399,-46.7076415,20.13,84,nublado
20260613_172405,746C-10,33551,2,86626,2026-06-13T20:23:35Z,-23.61245975,-46.753974,20.13,84,nublado
20260613_172405,746C-10,33551,2,86482,2026-06-13T20:23:30Z,-23.609661,-46.748470999999995,20.13,84,nublado
20260613_172405,746C-10,33551,2,86224,2026-06-13T20:23:25Z,-23.6437825,-46.732147,20.13,84,nublado
20260613_172405,746C-10,33551,2,86274,2026-06-13T20:23:21Z,-23.616386,-46.742761,20.13,84,nublado
20260613_172405,746C-10,33551,2,86286,2026-06-13T20:24:00Z,-23.632126,-46.736836749999995,20.13,84,nublado
20260613_172405,746C-10,33551,2,86123,2026-06-13T20:23:28Z,-23.6466945,-46.7104475,20.13,84,nublado
20260613_172405,746C-10,33551,2,86463,2026-06-13T20:23:56Z,-23.650399,-46.7076415,20.13,84,nublado
20260613_172405,2363-10,32903,2,32022,2026-06-13T20:23:46Z,-23.542787500000003,-46.61627625,20.13,84,nublado
20260613_172405,2363-10,32903,2,32253,2026-06-13T20:23:29Z,-23.509867125,-46.539576249999996,20.13,84,nublado
20260613_172405,2363-10,32903,2,32026,2026-06-13T20:24:02Z,-23.535605250000003,-46.57373975,20.13,84,nublado
20260613_172405,9009-10,33645,2,16980,2026-06-13T20:23:55Z,-23.4422735,-46.706749,20.13,84,nublado
20260613_172405,9009-10,33645,2,16694,2026-06-13T20:23:28Z,-23.44780175,-46.71053875,20.13,84,nublado
20260613_172405,9009-10,33645,2,16983,2026-06-13T20:23:29Z,-23.457116,-46.69102975,20.13,84,nublado
20260613_172405,9009-10,33645,2,16287,2026-06-13T20:24:00Z,-23.465833500000002,-46.679323,20.13,84,nublado
20260613_172405,9009-10,33645,2,16572,2026-06-13T20:23:47Z,-23.445207500000002,-46.714208,20.13,84,nublado
20260613_172405,9009-10,33645,2,16978,2026-06-13T20:23:42Z,-23.455434500000003,-46.6937785,20.13,84,nublado
20260613_172405,9009-10,33645,2,16410,2026-06-13T20:23:46Z,-23.4748455,-46.669852500000005,20.13,84,nublado
20260613_172405,6049-10,1309,1,75429,2026-06-13T20:23:51Z,-23.661455500000002,-46.778644,20.13,84,nublado
20260613_172405,6049-10,1309,1,77877,2026-06-13T20:23:43Z,-23.697816,-46.7956645,20.13,84,nublado
20260613_172405,736G-10,33548,2,86352,2026-06-13T20:24:01Z,-23.633460499999998,-46.7470225,20.13,84,nublado
20260613_172405,736G-10,33548,2,86303,2026-06-13T20:23:50Z,-23.62561975,-46.702749,20.13,84,nublado
20260613_172405,736G-10,33548,2,86002,2026-06-13T20:23:21Z,-23.6415175,-46.744009500000004,20.13,84,nublado
20260613_172405,736G-10,33548,2,86138,2026-06-13T20:23:44Z,-23.635977500000003,-46.711721499999996,20.13,84,nublado
20260613_172405,6031-10,32860,2,66925,2026-06-13T20:24:01Z,-23.73850375,-46.69805125,20.13,84,nublado
20260613_172405,6031-10,32860,2,66812,2026-06-13T20:23:21Z,-23.757572,-46.705327,20.13,84,nublado
20260613_172405,2025-10,2267,1,22520,2026-06-13T20:23:53Z,-23.492015000000002,-46.6112525,20.13,84,nublado
20260613_172405,2025-10,2267,1,22831,2026-06-13T20:23:42Z,-23.4552635,-46.5750385,20.13,84,nublado
20260613_172405,2025-10,2267,1,22829,2026-06-13T20:24:00Z,-23.4751065,-46.592967,20.13,84,nublado
20260613_172405,7060-10,1889,1,72259,2026-06-13T20:23:43Z,-23.65279,-46.778128499999994,20.13,84,nublado
20260613_172405,7060-10,1889,1,72829,2026-06-13T20:23:55Z,-23.6365825,-46.7782305,20.13,84,nublado
20260613_172405,2722-10,33703,2,45155,2026-06-13T20:23:53Z,-23.4930615,-46.49828,20.13,84,nublado
20260613_172405,2722-10,33703,2,45159,2026-06-13T20:23:42Z,-23.52856,-46.5161185,20.13,84,nublado
20260613_172405,2722-10,33703,2,45077,2026-06-13T20:23:51Z,-23.505992499999998,-46.4943815,20.13,84,nublado
20260613_172405,2722-10,33703,2,45056,2026-06-13T20:24:03Z,-23.5120485,-46.5011855,20.13,84,nublado
20260613_172405,8003-10,1253,1,10610,2026-06-13T20:23:47Z,-23.5254875,-46.715291500000006,20.13,84,nublado
20260613_172405,1772-10,33403,2,22112,2026-06-13T20:23:25Z,-23.4350765,-46.581492999999995,20.13,84,nublado
20260613_172405,1772-10,33403,2,22040,2026-06-13T20:23:35Z,-23.4487285,-46.5827775,20.13,84,nublado
20260613_172405,1772-10,33403,2,22025,2026-06-13T20:23:32Z,-23.451564,-46.588915,20.13,84,nublado
20260613_172405,1772-10,33403,2,22012,2026-06-13T20:23:45Z,-23.4350765,-46.581492999999995,20.13,84,nublado
20260613_172405,1772-10,33403,2,22308,2026-06-13T20:23:45Z,-23.449424999999998,-46.5836655,20.13,84,nublado
20260613_172405,1772-10,33403,2,22674,2026-06-13T20:23:49Z,-23.435150999999998,-46.581629,20.13,84,nublado
20260613_172405,1772-10,33403,2,22409,2026-06-13T20:23:38Z,-23.434998,-46.5813665,20.13,84,nublado
20260613_172405,2626-10,33144,2,31074,2026-06-13T20:23:30Z,-23.5235135,-46.410546499999995,20.13,84,nublado
20260613_172405,2626-10,33144,2,31073,2026-06-13T20:23:41Z,-23.512003,-46.401807500000004,20.13,84,nublado
20260613_172405,2626-10,33144,2,31606,2026-06-13T20:23:21Z,-23.495147000000003,-46.4347765,20.13,84,nublado
20260613_172405,2626-10,33144,2,31055,2026-06-13T20:23:49Z,-23.546787000000002,-46.630505,20.13,84,nublado
20260613_172405,2626-10,33144,2,31707,2026-06-13T20:23:30Z,-23.498639000000004,-46.464862,20.13,84,nublado
20260613_172405,2626-10,33144,2,31713,2026-06-13T20:23:52Z,-23.494855875,-46.412183625,20.13,84,nublado
20260613_172405,2626-10,33144,2,31075,2026-06-13T20:23:37Z,-23.52047425,-46.52494825,20.13,84,nublado
20260613_172405,2626-10,33144,2,31061,2026-06-13T20:23:45Z,-23.546194,-46.622205,20.13,84,nublado
20260613_172405,2626-10,33144,2,31068,2026-06-13T20:24:00Z,-23.521473999999998,-46.525594,20.13,84,nublado
20260613_172405,6076-10,1165,1,66038,2026-06-13T20:24:02Z,-23.722094,-46.692022,20.13,84,nublado
20260613_172405,6076-10,1165,1,66344,2026-06-13T20:23:19Z,-23.653924375,-46.71180125000001,20.13,84,nublado
20260613_172405,6076-10,1165,1,66924,2026-06-13T20:23:50Z,-23.690565,-46.701522999999995,20.13,84,nublado
20260613_172405,6076-10,1165,1,66883,2026-06-13T20:23:38Z,-23.7356665,-46.6761155,20.13,84,nublado
20260613_172405,6825-10,14,1,72012,2026-06-13T20:23:42Z,-23.6611665,-46.7784505,20.13,84,nublado
20260613_172405,6825-10,14,1,72571,2026-06-13T20:23:44Z,-23.685346,-46.800567,20.13,84,nublado
20260613_172405,6825-10,14,1,72823,2026-06-13T20:23:42Z,-23.653654500000002,-46.762669,20.13,84,nublado
20260613_172405,5012-10,33884,2,68413,2026-06-13T20:23:41Z,-23.7024605,-46.637018,20.13,84,nublado
20260613_172405,5012-10,33884,2,68053,2026-06-13T20:23:36Z,-23.6459105,-46.6397875,20.13,84,nublado
20260613_172405,5012-10,33884,2,68369,2026-06-13T20:23:56Z,-23.6459105,-46.6397875,20.13,84,nublado
20260613_172405,5012-10,33884,2,68544,2026-06-13T20:23:51Z,-23.6459105,-46.6397875,20.13,84,nublado
20260613_172405,5012-10,33884,2,68437,2026-06-13T20:23:19Z,-23.710048999999998,-46.6358415,20.13,84,nublado
20260613_172405,5012-10,33884,2,68269,2026-06-13T20:23:31Z,-23.6459105,-46.6397875,20.13,84,nublado
20260613_172405,5012-10,33884,2,68429,2026-06-13T20:23:51Z,-23.66092975,-46.637235000000004,20.13,84,nublado
20260613_172405,5012-10,33884,2,68554,2026-06-13T20:23:51Z,-23.691546000000002,-46.630334,20.13,84,nublado
20260613_172405,5012-10,33884,2,68423,2026-06-13T20:23:44Z,-23.6728175,-46.6443735,20.13,84,nublado
20260613_172405,5012-10,33884,2,68330,2026-06-13T20:23:49Z,-23.678445,-46.641012,20.13,84,nublado
20260613_172405,3686-10,32934,2,31483,2026-06-13T20:23:43Z,-23.535292499999997,-46.456417,20.13,84,nublado
20260613_172405,3686-10,32934,2,31617,2026-06-13T20:23:49Z,-23.5458365,-46.409215,20.13,84,nublado
20260613_172405,3686-10,32934,2,31862,2026-06-13T20:24:01Z,-23.539233625,-46.482404,20.13,84,nublado
20260613_172405,3686-10,32934,2,31855,2026-06-13T20:23:47Z,-23.53893,-46.426646500000004,20.13,84,nublado
20260613_172405,273R-10,32994,2,32233,2026-06-13T20:23:32Z,-23.5162865,-46.46791,20.13,84,nublado
20260613_172405,273R-10,32994,2,32232,2026-06-13T20:23:39Z,-23.521860750000002,-46.418229,20.13,84,nublado
20260613_172405,273R-10,32994,2,32024,2026-06-13T20:23:40Z,-23.524883375,-46.474853625,20.13,84,nublado
20260613_172405,273R-10,32994,2,32223,2026-06-13T20:23:47Z,-23.512045,-46.4354075,20.13,84,nublado
20260613_172405,273R-10,32994,2,32242,2026-06-13T20:23:28Z,-23.522662999999998,-46.41263875,20.13,84,nublado
20260613_172405,3789-10,33835,2,47085,2026-06-13T20:23:46Z,-23.6066375,-46.4014195,20.13,84,nublado
20260613_172405,3789-10,33835,2,47696,2026-06-13T20:23:44Z,-23.610133,-46.397075,20.13,84,nublado
20260613_172405,3789-10,33835,2,47820,2026-06-13T20:23:38Z,-23.600070000000002,-46.4004245,20.13,84,nublado
20260613_172405,3789-10,33835,2,47631,2026-06-13T20:23:58Z,-23.594362,-46.42451,20.13,84,nublado
20260613_172405,3789-10,33835,2,47242,2026-06-13T20:23:45Z,-23.5692035,-46.4479175,20.13,84,nublado
20260613_172405,3789-10,33835,2,47301,2026-06-13T20:23:42Z,-23.610925,-46.39675149999999,20.13,84,nublado
20260613_172405,3789-10,33835,2,47240,2026-06-13T20:24:03Z,-23.544307500000002,-46.4650025,20.13,84,nublado
20260613_172405,648P-10,66,1,71758,2026-06-13T20:23:58Z,-23.649071,-46.7531305,20.13,84,nublado
20260613_172405,648P-10,66,1,71535,2026-06-13T20:23:28Z,-23.565859,-46.7013775,20.13,84,nublado
20260613_172405,648P-10,66,1,71654,2026-06-13T20:23:42Z,-23.595534,-46.69053475,20.13,84,nublado
20260613_172405,648P-10,66,1,71173,2026-06-13T20:23:31Z,-23.6449195,-46.719300000000004,20.13,84,nublado
20260613_172405,2714-10,927,1,45291,2026-06-13T20:24:02Z,-23.509861,-46.530548499999995,20.13,84,nublado
20260613_172405,2714-10,927,1,45487,2026-06-13T20:23:30Z,-23.5312535,-46.530562,20.13,84,nublado
20260613_172405,2733-10,948,1,45573,2026-06-13T20:23:53Z,-23.5165795,-46.462282,20.13,84,nublado
20260613_172405,2733-10,948,1,45017,2026-06-13T20:23:47Z,-23.51516725,-46.454432249999996,20.13,84,nublado
20260613_172405,2733-10,948,1,45722,2026-06-13T20:23:50Z,-23.5342945,-46.454449,20.13,84,nublado
20260613_172405,1771-10,634,1,22553,2026-06-13T20:23:22Z,-23.50162425,-46.62357300000001,20.13,84,nublado
20260613_172405,1771-10,634,1,22556,2026-06-13T20:23:33Z,-23.479832000000002,-46.6037915,20.13,84,nublado
20260613_172405,2127-10,33461,2,21969,2026-06-13T20:23:43Z,-23.5469065,-46.623822125000004,20.13,84,nublado
20260613_172405,2127-10,33461,2,21722,2026-06-13T20:23:26Z,-23.543049125,-46.61677125,20.13,84,nublado
20260613_172405,2127-10,33461,2,21758,2026-06-13T20:23:30Z,-23.478431,-46.570043,20.13,84,nublado
20260613_172405,2127-10,33461,2,21721,2026-06-13T20:23:42Z,-23.499478500000002,-46.5939125,20.13,84,nublado
20260613_172405,119L-10,35041,2,16605,2026-06-13T20:23:18Z,-23.445461,-46.7844485,20.13,84,nublado
20260613_172405,119L-10,35041,2,16745,2026-06-13T20:23:46Z,-23.519329,-46.7235455,20.13,84,nublado
20260613_172405,6039-21,2493,1,78019,2026-06-13T20:23:24Z,-23.655054,-46.762405,20.13,84,nublado
20260613_172405,6039-21,2493,1,78194,2026-06-13T20:23:26Z,-23.6548545,-46.762672499999994,20.13,84,nublado
20260613_172405,6039-21,2493,1,78195,2026-06-13T20:23:53Z,-23.672441499999998,-46.7875225,20.13,84,nublado
20260613_172405,6044-10,1221,1,78576,2026-06-13T20:23:31Z,-23.650333250000003,-46.70932225,20.13,84,nublado
20260613_172405,6044-10,1221,1,78141,2026-06-13T20:23:58Z,-23.6771715,-46.794383249999996,20.13,84,nublado
20260613_172405,6044-10,1221,1,78288,2026-06-13T20:23:45Z,-23.661455500000002,-46.778644,20.13,84,nublado
20260613_172405,6044-10,1221,1,78830,2026-06-13T20:24:02Z,-23.6440045,-46.7426525,20.13,84,nublado
20260613_172405,407H-10,34965,2,48833,2026-06-13T20:24:00Z,-23.633119,-46.447492499999996,20.13,84,nublado
20260613_172405,407H-10,34965,2,48929,2026-06-13T20:23:50Z,-23.631496499999997,-46.447165,20.13,84,nublado
20260613_172405,407H-10,34965,2,48698,2026-06-13T20:23:31Z,-23.6051135,-46.451860249999996,20.13,84,nublado
20260613_172405,407H-10,34965,2,48697,2026-06-13T20:23:48Z,-23.630999,-46.447098499999996,20.13,84,nublado
20260613_172405,407H-10,34965,2,48865,2026-06-13T20:23:54Z,-23.628144,-46.4456835,20.13,84,nublado
20260613_172405,407H-10,34965,2,48552,2026-06-13T20:23:26Z,-23.5692035,-46.4479175,20.13,84,nublado
20260613_172405,407H-10,34965,2,48488,2026-06-13T20:23:29Z,-23.54923925,-46.46194025,20.13,84,nublado
20260613_172405,407H-10,34965,2,48182,2026-06-13T20:23:19Z,-23.6309805,-46.4468875,20.13,84,nublado
20260613_172405,407G-10,34964,2,48040,2026-06-13T20:23:25Z,-23.538373,-46.5628095,20.13,84,nublado
20260613_172405,407G-10,34964,2,48550,2026-06-13T20:23:40Z,-23.538373,-46.5628095,20.13,84,nublado
20260613_172405,407G-10,34964,2,48031,2026-06-13T20:23:46Z,-23.61138675,-46.43386674999999,20.13,84,nublado
20260613_172405,407G-10,34964,2,48175,2026-06-13T20:23:24Z,-23.5354795,-46.548593,20.13,84,nublado
20260613_172405,407G-10,34964,2,48207,2026-06-13T20:23:31Z,-23.607872,-46.44837750000001,20.13,84,nublado
20260613_172405,407G-10,34964,2,48054,2026-06-13T20:23:56Z,-23.610859750000003,-46.4343145,20.13,84,nublado
20260613_172405,407G-10,34964,2,48049,2026-06-13T20:23:33Z,-23.60715,-46.478787499999996,20.13,84,nublado
20260613_172405,407G-10,34964,2,48062,2026-06-13T20:23:34Z,-23.592456937500003,-46.488848812499995,20.13,84,nublado
20260613_172405,4032-10,33870,2,55346,2026-06-13T20:23:31Z,-23.6268385,-46.605826,20.13,84,nublado
20260613_172405,4032-10,33870,2,55478,2026-06-13T20:23:38Z,-23.611379999999997,-46.6450315,20.13,84,nublado
20260613_172405,2770-10,33011,2,31657,2026-06-13T20:23:46Z,-23.512256999999998,-46.512705,20.13,84,nublado
20260613_172405,2770-10,33011,2,31615,2026-06-13T20:24:00Z,-23.5338305,-46.416706000000005,20.13,84,nublado
20260613_172405,5011-10,33883,2,68011,2026-06-13T20:23:52Z,-23.71744,-46.625233,20.13,84,nublado
20260613_172405,5011-10,33883,2,68294,2026-06-13T20:23:28Z,-23.7103285,-46.62034,20.13,84,nublado
20260613_172405,5011-10,33883,2,68360,2026-06-13T20:23:30Z,-23.656916250000002,-46.701055499999995,20.13,84,nublado
20260613_172405,5011-10,33883,2,68502,2026-06-13T20:22:03Z,-23.67573,-46.6857695,20.13,84,nublado
20260613_172405,5011-10,33883,2,68100,2026-06-13T20:23:36Z,-23.69448,-46.677394,20.13,84,nublado
20260613_172405,4115-10,33090,2,52209,2026-06-13T20:23:22Z,-23.621776,-46.62868,20.13,84,nublado
20260613_172405,4115-10,33090,2,52206,2026-06-13T20:23:33Z,-23.62159825,-46.62854025,20.13,84,nublado
20260613_172405,4115-10,33090,2,52401,2026-06-13T20:23:55Z,-23.545999875,-46.643137875,20.13,84,nublado
20260613_172405,7022-10,2084,1,73414,2026-06-13T20:24:02Z,-23.670094499999998,-46.7671225,20.13,84,nublado
20260613_172405,7022-10,2084,1,73451,2026-06-13T20:24:04Z,-23.66649675,-46.7191605,20.13,84,nublado
20260613_172405,7022-10,2084,1,73953,2026-06-13T20:23:58Z,-23.654359,-46.7068095,20.13,84,nublado
20260613_172405,9653-10,588,1,11903,2026-06-13T20:24:02Z,-23.4695055,-46.65652,20.13,84,nublado
20260613_172405,9653-10,588,1,11680,2026-06-13T20:23:39Z,-23.4709815,-46.65066,20.13,84,nublado
20260613_172405,9653-10,588,1,11675,2026-06-13T20:23:56Z,-23.499823,-46.674865,20.13,84,nublado
20260613_172405,9653-10,588,1,11678,2026-06-13T20:23:49Z,-23.508198125,-46.666417,20.13,84,nublado
20260613_172405,9653-10,588,1,11674,2026-06-13T20:23:53Z,-23.461399,-46.6395095,20.13,84,nublado
20260613_172405,6063-42,34770,2,66665,2026-06-13T20:24:01Z,-23.809384,-46.6617685,20.13,84,nublado
20260613_172405,6063-42,34770,2,66427,2026-06-13T20:23:48Z,-23.809403,-46.6612485,20.13,84,nublado
20260613_172405,6063-42,34770,2,66417,2026-06-13T20:23:47Z,-23.774347249999998,-46.6993345,20.13,84,nublado
20260613_172405,6063-42,34770,2,66168,2026-06-13T20:23:58Z,-23.769562999999998,-46.711006499999996,20.13,84,nublado
20260613_172405,6063-42,34770,2,66216,2026-06-13T20:23:39Z,-23.809403,-46.6612485,20.13,84,nublado
20260613_172405,6063-42,34770,2,66651,2026-06-13T20:23:24Z,-23.809403,-46.6612485,20.13,84,nublado
20260613_172405,5791-21,35231,2,64230,2026-06-13T20:23:58Z,-23.688353,-46.6344405,20.13,84,nublado
20260613_172405,5791-21,35231,2,64458,2026-06-13T20:23:35Z,-23.678149,-46.629804500000006,20.13,84,nublado
20260613_172405,172Y-10,33630,2,26354,2026-06-13T20:23:31Z,-23.474325,-46.5804515,20.13,84,nublado
20260613_172405,172Y-10,33630,2,26040,2026-06-13T20:23:06Z,-23.47473425,-46.58000975,20.13,84,nublado
20260613_172405,172Y-10,33630,2,26075,2026-06-13T20:23:49Z,-23.539028375,-46.598683750000006,20.13,84,nublado
20260613_172405,3025-10,961,1,47749,2026-06-13T20:23:58Z,-23.5714175,-46.395554000000004,20.13,84,nublado
20260613_172405,3025-10,961,1,47110,2026-06-13T20:23:30Z,-23.55512,-46.412710000000004,20.13,84,nublado
20260613_172405,3025-10,961,1,47021,2026-06-13T20:23:45Z,-23.565147000000003,-46.408932875,20.13,84,nublado
20260613_172405,3025-10,961,1,47799,2026-06-13T20:23:24Z,-23.5785765,-46.3935485,20.13,84,nublado
20260613_172405,403A-10,2192,1,48261,2026-06-13T20:23:26Z,-23.55296,-46.4933355,20.13,84,nublado
20260613_172405,403A-10,2192,1,48826,2026-06-13T20:23:40Z,-23.5482665,-46.4379235,20.13,84,nublado
20260613_172405,403A-10,2192,1,48897,2026-06-13T20:23:54Z,-23.54953775,-46.46202675,20.13,84,nublado
20260613_172405,403A-10,2192,1,48075,2026-06-13T20:23:58Z,-23.521622,-46.5468105,20.13,84,nublado
20260613_172405,647P-10,34084,2,75400,2026-06-13T20:23:31Z,-23.603744749999997,-46.72521125,20.13,84,nublado
20260613_172405,647P-10,34084,2,75407,2026-06-13T20:23:24Z,-23.6436865,-46.7336655,20.13,84,nublado
20260613_172405,647P-10,34084,2,75406,2026-06-13T20:23:54Z,-23.6617355,-46.752981500000004,20.13,84,nublado
20260613_172405,647P-10,34084,2,77868,2026-06-13T20:23:35Z,-23.661915,-46.7523465,20.13,84,nublado
20260613_172405,3051-10,2446,1,35704,2026-06-13T20:23:45Z,-23.496596500000003,-46.479462999999996,20.13,84,nublado
20260613_172405,3051-10,2446,1,35836,2026-06-13T20:23:54Z,-23.51335725,-46.46883025,20.13,84,nublado
20260613_172405,3051-10,2446,1,35770,2026-06-13T20:23:27Z,-23.51418675,-46.46895275,20.13,84,nublado
20260613_172405,3010-10,35311,2,36218,2026-06-13T20:24:03Z,-23.519213,-46.449149250000005,20.13,84,nublado
20260613_172405,3010-10,35311,2,36155,2026-06-13T20:23:30Z,-23.510537499999998,-46.4468945,20.13,84,nublado
20260613_172405,6073-10,1160,1,66244,2026-06-13T20:23:53Z,-23.807624500000003,-46.736733,20.13,84,nublado
20260613_172405,3742-10,33810,2,47266,2026-06-13T20:23:21Z,-23.543310499999997,-46.465082499999994,20.13,84,nublado
20260613_172405,3742-10,33810,2,47616,2026-06-13T20:23:47Z,-23.59802475,-46.437397000000004,20.13,84,nublado
20260613_172405,3742-10,33810,2,47201,2026-06-13T20:23:49Z,-23.604736000000003,-46.4346285,20.13,84,nublado
20260613_172405,3742-10,33810,2,47741,2026-06-13T20:23:40Z,-23.56689575,-46.4467876875,20.13,84,nublado
20260613_172405,3742-10,33810,2,47685,2026-06-13T20:23:42Z,-23.604736000000003,-46.4346285,20.13,84,nublado
20260613_172405,407E-10,34983,2,48088,2026-06-13T20:23:34Z,-23.614441,-46.47093825,20.13,84,nublado
20260613_172405,407E-10,34983,2,48080,2026-06-13T20:23:32Z,-23.5354795,-46.548593,20.13,84,nublado
20260613_172405,407E-10,34983,2,48828,2026-06-13T20:24:03Z,-23.540562,-46.541367750000006,20.13,84,nublado
20260613_172405,8006-10,34024,2,10485,2026-06-13T20:23:45Z,-23.434023500000002,-46.727810500000004,20.13,84,nublado
20260613_172405,8006-10,34024,2,10483,2026-06-13T20:23:21Z,-23.4611455,-46.7211255,20.13,84,nublado
20260613_172405,3003-10,34565,2,32262,2026-06-13T20:23:33Z,-23.48175225,-46.43053525,20.13,84,nublado
20260613_172405,3003-10,34565,2,32267,2026-06-13T20:23:45Z,-23.4792935,-46.421334,20.13,84,nublado
20260613_172405,6045-10,33990,2,78162,2026-06-13T20:23:47Z,-23.6609205,-46.7681685,20.13,84,nublado
20260613_172405,6045-10,33990,2,78834,2026-06-13T20:23:51Z,-23.68591225,-46.80148225000001,20.13,84,nublado
20260613_172405,6045-10,33990,2,78730,2026-06-13T20:23:22Z,-23.6495615,-46.707459,20.13,84,nublado
20260613_172405,6045-10,33990,2,78946,2026-06-13T20:23:47Z,-23.6624305,-46.769189,20.13,84,nublado
20260613_172405,6045-10,33990,2,78949,2026-06-13T20:23:33Z,-23.6598085,-46.766954999999996,20.13,84,nublado
20260613_172405,6045-10,33990,2,78336,2026-06-13T20:24:01Z,-23.64262075,-46.737882,20.13,84,nublado
20260613_172405,5142-10,1626,1,52913,2026-06-13T20:23:54Z,-23.5577185,-46.62682125,20.13,84,nublado
20260613_172405,5142-10,1626,1,52910,2026-06-13T20:23:46Z,-23.566375,-46.61430425,20.13,84,nublado
20260613_172405,5142-10,1626,1,52158,2026-06-13T20:23:29Z,-23.60350125,-46.52614375,20.13,84,nublado
20260613_172405,5142-10,1626,1,52108,2026-06-13T20:23:33Z,-23.613964,-46.500782,20.13,84,nublado
20260613_172405,5142-10,1626,1,52912,2026-06-13T20:23:19Z,-23.582797499999998,-46.5710975,20.13,84,nublado
20260613_172405,5142-10,1626,1,52939,2026-06-13T20:23:53Z,-23.60566225,-46.51238325,20.13,84,nublado
20260613_172405,5142-10,1626,1,52154,2026-06-13T20:23:24Z,-23.6170555,-46.501194,20.13,84,nublado
20260613_172405,978J-10,591,1,11756,2026-06-13T20:23:24Z,-23.446703499999998,-46.7278005,20.13,84,nublado
20260613_172405,978J-10,591,1,11759,2026-06-13T20:23:54Z,-23.52433825,-46.6871015,20.13,84,nublado
20260613_172405,271M-10,33452,2,22854,2026-06-13T20:23:23Z,-23.5182255,-46.567927,20.13,84,nublado
20260613_172405,271M-10,33452,2,22717,2026-06-13T20:23:19Z,-23.5182255,-46.567927,20.13,84,nublado
20260613_172405,271M-10,33452,2,22794,2026-06-13T20:23:43Z,-23.5126625,-46.5656735,20.13,84,nublado
20260613_172405,271M-10,33452,2,22728,2026-06-13T20:23:46Z,-23.506790000000002,-46.5947485,20.13,84,nublado
20260613_172405,709P-10,1993,1,76046,2026-06-13T20:23:28Z,-23.655639,-46.722901,20.13,84,nublado
20260613_172405,709P-10,1993,1,76042,2026-06-13T20:23:48Z,-23.635517999999998,-46.7188445,20.13,84,nublado
20260613_172405,709P-10,1993,1,76070,2026-06-13T20:23:53Z,-23.655639,-46.722901,20.13,84,nublado
20260613_172405,709P-10,1993,1,76086,2026-06-13T20:23:20Z,-23.56862075,-46.69213975,20.13,84,nublado
20260613_172405,805L-10,124,1,32695,2026-06-13T20:23:20Z,-23.552270999999998,-46.633739500000004,20.13,84,nublado
20260613_172405,4012-10,2185,1,48006,2026-06-13T20:23:31Z,-23.6208405,-46.466502500000004,20.13,84,nublado
20260613_172405,4012-10,2185,1,48396,2026-06-13T20:23:29Z,-23.598098999999998,-46.4409325,20.13,84,nublado
20260613_172405,4012-10,2185,1,48187,2026-06-13T20:23:55Z,-23.612884,-46.4762945,20.13,84,nublado
20260613_172405,6818-10,28,1,72558,2026-06-13T20:23:38Z,-23.654101,-46.763310000000004,20.13,84,nublado
20260613_172405,6818-10,28,1,72556,2026-06-13T20:23:40Z,-23.64861825,-46.76158975,20.13,84,nublado
20260613_172405,6818-10,28,1,72480,2026-06-13T20:23:22Z,-23.6478395,-46.7724685,20.13,84,nublado
20260613_172405,6037-10,1215,1,78125,2026-06-13T20:23:58Z,-23.659633,-46.7687415,20.13,84,nublado
20260613_172405,3762-10,33821,2,45511,2026-06-13T20:23:53Z,-23.562414,-46.5432745,20.13,84,nublado
20260613_172405,3762-10,33821,2,45307,2026-06-13T20:23:33Z,-23.564014,-46.5438975,20.13,84,nublado
20260613_172405,3762-10,33821,2,45645,2026-06-13T20:23:56Z,-23.54472475,-46.57451425,20.13,84,nublado
20260613_172405,3762-10,33821,2,45382,2026-06-13T20:23:30Z,-23.576528500000002,-46.5173855,20.13,84,nublado
20260613_172405,513C-31,2536,1,56360,2026-06-13T20:23:26Z,-23.5997585,-46.513968,20.13,84,nublado
20260613_172405,513C-31,2536,1,56370,2026-06-13T20:24:04Z,-23.598350500000002,-46.5219465,20.13,84,nublado
20260613_172405,513C-31,2536,1,56329,2026-06-13T20:24:03Z,-23.600962,-46.549361000000005,20.13,84,nublado
20260613_172405,737A-10,1730,1,73920,2026-06-13T20:23:36Z,-23.6541015,-46.7120065,20.13,84,nublado
20260613_172405,737A-10,1730,1,73820,2026-06-13T20:23:56Z,-23.6541015,-46.7120065,20.13,84,nublado
20260613_172405,737A-10,1730,1,73871,2026-06-13T20:23:32Z,-23.690655,-46.774251500000005,20.13,84,nublado
20260613_172405,737A-10,1730,1,73835,2026-06-13T20:23:30Z,-23.665815000000002,-46.7117615,20.13,84,nublado
20260613_172405,1722-10,33632,2,26116,2026-06-13T20:23:30Z,-23.461074,-46.6282665,20.13,84,nublado
20260613_172405,1722-10,33632,2,26332,2026-06-13T20:23:20Z,-23.469428,-46.646443500000004,20.13,84,nublado
20260613_172405,1722-10,33632,2,26183,2026-06-13T20:23:57Z,-23.482122250000003,-46.671637000000004,20.13,84,nublado
20260613_172405,1722-10,33632,2,26094,2026-06-13T20:23:23Z,-23.4570485,-46.5862755,20.13,84,nublado
20260613_172405,1722-10,33632,2,26067,2026-06-13T20:23:52Z,-23.457949125,-46.6165115,20.13,84,nublado
20260613_172405,1722-10,33632,2,26091,2026-06-13T20:23:34Z,-23.4567765,-46.589734,20.13,84,nublado
20260613_172405,1722-10,33632,2,26294,2026-06-13T20:23:42Z,-23.48215675,-46.671960999999996,20.13,84,nublado
20260613_172405,3024-10,33045,2,51113,2026-06-13T20:23:53Z,-23.59682,-46.541678,20.13,84,nublado
20260613_172405,7049-10,34680,2,78144,2026-06-13T20:23:58Z,-23.670783999999998,-46.786465,20.13,84,nublado
20260613_172405,7049-10,34680,2,78324,2026-06-13T20:23:47Z,-23.700074,-46.780868,20.13,84,nublado
20260613_172405,7049-10,34680,2,78255,2026-06-13T20:23:35Z,-23.6807655,-46.777076,20.13,84,nublado
20260613_172405,7049-10,34680,2,78530,2026-06-13T20:23:28Z,-23.697619500000002,-46.77922,20.13,84,nublado
20260613_172405,2105-10,35015,2,22565,2026-06-13T20:24:04Z,-23.5387115,-46.617633874999996,20.13,84,nublado
20260613_172405,2105-10,35015,2,22631,2026-06-13T20:23:57Z,-23.4514555,-46.585295,20.13,84,nublado
20260613_172405,2105-10,35015,2,22419,2026-06-13T20:24:03Z,-23.526230499999997,-46.6253325,20.13,84,nublado
20260613_172405,2105-10,35015,2,22580,2026-06-13T20:23:42Z,-23.483571249999997,-46.61388875,20.13,84,nublado
20260613_172405,6059-10,33994,2,78215,2026-06-13T20:23:22Z,-23.6802975,-46.743245,20.13,84,nublado
20260613_172405,6059-10,33994,2,78095,2026-06-13T20:23:53Z,-23.6713865,-46.744074999999995,20.13,84,nublado
20260613_172405,6059-10,33994,2,78341,2026-06-13T20:24:00Z,-23.672006000000003,-46.742043,20.13,84,nublado
20260613_172405,3414-10,746,1,41148,2026-06-13T20:23:46Z,-23.544745,-46.520897,20.13,84,nublado
20260613_172405,3414-10,746,1,41111,2026-06-13T20:23:44Z,-23.5525885,-46.61154175,20.13,84,nublado
20260613_172405,3414-10,746,1,41143,2026-06-13T20:23:44Z,-23.5525065,-46.616690500000004,20.13,84,nublado
20260613_172405,4727-10,33108,2,51018,2026-06-13T20:23:55Z,-23.613592500000003,-46.623908,20.13,84,nublado
20260613_172405,4727-10,33108,2,51448,2026-06-13T20:23:31Z,-23.6435955,-46.61253550000001,20.13,84,nublado
20260613_172405,4727-10,33108,2,51308,2026-06-13T20:23:34Z,-23.6435665,-46.6054645,20.13,84,nublado
20260613_172405,9188-10,809,1,16552,2026-06-13T20:23:35Z,-23.452004000000002,-46.735116500000004,20.13,84,nublado
20260613_172405,9188-10,809,1,16517,2026-06-13T20:23:35Z,-23.446289,-46.7226535,20.13,84,nublado
20260613_172405,9188-10,809,1,16305,2026-06-13T20:24:01Z,-23.470966750000002,-46.72480525,20.13,84,nublado
20260613_172405,9188-10,809,1,16422,2026-06-13T20:23:28Z,-23.5183395,-46.701709,20.13,84,nublado
20260613_172405,2714-10,33695,2,45613,2026-06-13T20:24:01Z,-23.512386999999997,-46.524328999999994,20.13,84,nublado
20260613_172405,2714-10,33695,2,45287,2026-06-13T20:23:33Z,-23.531532499999997,-46.5288405,20.13,84,nublado
20260613_172405,3735-10,1035,1,47739,2026-06-13T20:23:36Z,-23.5497285,-46.4954545,20.13,84,nublado
20260613_172405,3735-10,1035,1,47029,2026-06-13T20:23:38Z,-23.540855999999998,-46.4849405,20.13,84,nublado
20260613_172405,3735-10,1035,1,47044,2026-06-13T20:23:57Z,-23.540855999999998,-46.4849405,20.13,84,nublado
20260613_172405,8008-10,34026,2,10203,2026-06-13T20:23:21Z,-23.4867275,-46.7373635,20.13,84,nublado
20260613_172405,8008-10,34026,2,10202,2026-06-13T20:23:28Z,-23.47161925,-46.75063325,20.13,84,nublado
20260613_172405,390E-10,1882,1,31723,2026-06-13T20:23:33Z,-23.5301775,-46.55544449999999,20.13,84,nublado
20260613_172405,390E-10,1882,1,31987,2026-06-13T20:23:24Z,-23.538511999999997,-46.603438,20.13,84,nublado
20260613_172405,809D-10,2068,1,80030,2026-06-13T20:23:48Z,-23.5863805,-46.7479635,20.13,84,nublado
20260613_172405,4029-10,33867,2,55096,2026-06-13T20:23:31Z,-23.58507,-46.583846,20.13,84,nublado
20260613_172405,4029-10,33867,2,55070,2026-06-13T20:23:34Z,-23.5988745,-46.517365,20.13,84,nublado
20260613_172405,4029-10,33867,2,55122,2026-06-13T20:23:22Z,-23.6125245,-46.4825985,20.13,84,nublado
20260613_172405,4029-10,33867,2,55031,2026-06-13T20:23:35Z,-23.6105855,-46.4805655,20.13,84,nublado
20260613_172405,2740-10,1792,1,22507,2026-06-13T20:23:56Z,-23.486753999999998,-46.6201255,20.13,84,nublado
20260613_172405,2740-10,1792,1,22756,2026-06-13T20:23:33Z,-23.465179499999998,-46.6347515,20.13,84,nublado
20260613_172405,8594-10,33200,2,11838,2026-06-13T20:23:23Z,-23.449132,-46.72155025000001,20.13,84,nublado
20260613_172405,8594-10,33200,2,11776,2026-06-13T20:23:34Z,-23.483233499999997,-46.717200500000004,20.13,84,nublado
20260613_172405,8594-10,33200,2,11451,2026-06-13T20:23:44Z,-23.451034,-46.72821775,20.13,84,nublado
20260613_172405,8594-10,33200,2,11453,2026-06-13T20:23:25Z,-23.520644500000003,-46.700903499999995,20.13,84,nublado
20260613_172405,675A-10,34086,2,77884,2026-06-13T20:24:02Z,-23.621364999999997,-46.6470135,20.13,84,nublado
20260613_172405,675A-10,34086,2,77870,2026-06-13T20:23:55Z,-23.6619785,-46.755653,20.13,84,nublado
20260613_172405,675A-10,34086,2,75666,2026-06-13T20:23:33Z,-23.608091,-46.65331225,20.13,84,nublado
20260613_172405,675A-10,34086,2,75650,2026-06-13T20:23:52Z,-23.619282499999997,-46.66213975,20.13,84,nublado
20260613_172405,778J-10,508,1,80343,2026-06-13T20:23:42Z,-23.5895785,-46.7855915,20.13,84,nublado
20260613_172405,778J-10,508,1,80345,2026-06-13T20:23:48Z,-23.5298895,-46.6770925,20.13,84,nublado
20260613_172405,6062-10,1151,1,66887,2026-06-13T20:23:28Z,-23.7331015,-46.69380875,20.13,84,nublado
20260613_172405,6062-10,1151,1,66845,2026-06-13T20:23:28Z,-23.737047,-46.697469,20.13,84,nublado
20260613_172405,6062-10,1151,1,66809,2026-06-13T20:23:58Z,-23.7377555,-46.6976535,20.13,84,nublado
20260613_172405,3903-10,34239,2,32617,2026-06-13T20:23:45Z,-23.5248035,-46.49467175,20.13,84,nublado
20260613_172405,3903-10,34239,2,32064,2026-06-13T20:23:41Z,-23.52061125,-46.505550875,20.13,84,nublado
20260613_172405,3903-10,34239,2,32049,2026-06-13T20:24:04Z,-23.521113999999997,-46.457098,20.13,84,nublado
20260613_172405,1773-10,33405,2,22784,2026-06-13T20:23:43Z,-23.440863999999998,-46.577262000000005,20.13,84,nublado
20260613_172405,1773-10,33405,2,22786,2026-06-13T20:23:51Z,-23.4800495,-46.627366,20.13,84,nublado
20260613_172405,4085-10,34924,2,35834,2026-06-13T20:23:58Z,-23.553295124999998,-46.456754000000004,20.13,84,nublado
20260613_172405,4085-10,34924,2,35793,2026-06-13T20:23:23Z,-23.572438249999998,-46.424574250000006,20.13,84,nublado
20260613_172405,4085-10,34924,2,35748,2026-06-13T20:23:36Z,-23.557647499999998,-46.44378975,20.13,84,nublado
20260613_172405,263J-10,219,1,32201,2026-06-13T20:23:37Z,-23.538232999999998,-46.4386055,20.13,84,nublado
20260613_172405,263J-10,219,1,32627,2026-06-13T20:23:51Z,-23.5409225,-46.449351,20.13,84,nublado
20260613_172405,263J-10,219,1,32029,2026-06-13T20:23:20Z,-23.548497499999996,-46.43609175,20.13,84,nublado
20260613_172405,263J-10,219,1,32212,2026-06-13T20:23:17Z,-23.526138,-46.4747285,20.13,84,nublado
20260613_172405,263J-10,219,1,32245,2026-06-13T20:23:57Z,-23.515658000000002,-46.476588750000005,20.13,84,nublado
20260613_172405,263J-10,219,1,32642,2026-06-13T20:23:25Z,-23.5107225,-46.503327,20.13,84,nublado
20260613_172405,6015-10,1205,1,78445,2026-06-13T20:23:32Z,-23.6951705,-46.779768,20.13,84,nublado
20260613_172405,6015-10,1205,1,78756,2026-06-13T20:23:21Z,-23.728308249999998,-46.786851,20.13,84,nublado
20260613_172405,746V-10,33560,2,85522,2026-06-13T20:23:22Z,-23.618706,-46.756753,20.13,84,nublado
20260613_172405,746V-10,33560,2,85726,2026-06-13T20:23:38Z,-23.61936425,-46.75814425,20.13,84,nublado
20260613_172405,746V-10,33560,2,85524,2026-06-13T20:23:59Z,-23.6425065,-46.761815,20.13,84,nublado
20260613_172405,4056-10,2237,1,47211,2026-06-13T20:23:46Z,-23.61086775,-46.463986250000005,20.13,84,nublado
20260613_172405,5164-41,34385,2,64466,2026-06-13T20:23:31Z,-23.6461035,-46.6444255,20.13,84,nublado
20260613_172405,5164-41,34385,2,64757,2026-06-13T20:23:54Z,-23.652524,-46.6463865,20.13,84,nublado
20260613_172405,5010-10,33882,2,68142,2026-06-13T20:23:43Z,-23.662,-46.631691,20.13,84,nublado
20260613_172405,5010-10,33882,2,68409,2026-06-13T20:24:03Z,-23.643606,-46.650788750000004,20.13,84,nublado
20260613_172405,5010-10,33882,2,68356,2026-06-13T20:24:00Z,-23.656587625,-46.694609125,20.13,84,nublado
20260613_172405,5010-10,33882,2,68434,2026-06-13T20:23:46Z,-23.643397,-46.6441945,20.13,84,nublado
20260613_172405,5010-10,33882,2,68211,2026-06-13T20:23:25Z,-23.653062,-46.6797125,20.13,84,nublado
20260613_172405,3160-10,125,1,41561,2026-06-13T20:24:03Z,-23.562786875,-46.597632375,20.13,84,nublado
20260613_172405,3160-10,125,1,41811,2026-06-13T20:23:26Z,-23.5463875,-46.630173,20.13,84,nublado
20260613_172405,3160-10,125,1,41812,2026-06-13T20:23:59Z,-23.55292775,-46.60596174999999,20.13,84,nublado
20260613_172405,9050-10,2088,1,82627,2026-06-13T20:23:59Z,-23.570447,-46.691294,20.13,84,nublado
20260613_172405,5759-10,1138,1,68139,2026-06-13T20:23:59Z,-23.6841825,-46.64965625000001,20.13,84,nublado
20260613_172405,5759-10,1138,1,68353,2026-06-13T20:23:56Z,-23.68760275,-46.64107775000001,20.13,84,nublado
20260613_172405,5759-10,1138,1,68007,2026-06-13T20:23:22Z,-23.68153625,-46.65308,20.13,84,nublado
20260613_172405,5759-10,1138,1,68359,2026-06-13T20:23:39Z,-23.6468385,-46.645112,20.13,84,nublado
20260613_172405,129F-10,2304,1,11080,2026-06-13T20:23:53Z,-23.5201105,-46.7013625,20.13,84,nublado
20260613_172405,129F-10,2304,1,11048,2026-06-13T20:23:52Z,-23.5249765,-46.69043675,20.13,84,nublado
20260613_172405,129F-10,2304,1,11081,2026-06-13T20:23:22Z,-23.489177,-46.698320499999994,20.13,84,nublado
20260613_172405,574J-10,1685,1,52927,2026-06-13T20:23:20Z,-23.566163500000002,-46.558499,20.13,84,nublado
20260613_172405,574J-10,1685,1,52130,2026-06-13T20:23:33Z,-23.624877749999996,-46.609230000000004,20.13,84,nublado
20260613_172405,574J-10,1685,1,52906,2026-06-13T20:22:57Z,-23.62715175,-46.637553249999996,20.13,84,nublado
20260613_172405,574J-10,1685,1,52936,2026-06-13T20:23:38Z,-23.621682,-46.603432,20.13,84,nublado
20260613_172405,574J-10,1685,1,52915,2026-06-13T20:23:20Z,-23.584803,-46.5867625,20.13,84,nublado
20260613_172405,637R-10,196,1,73613,2026-06-13T20:23:32Z,-23.665815000000002,-46.7117615,20.13,84,nublado
20260613_172405,637R-10,196,1,73931,2026-06-13T20:23:54Z,-23.675867250000003,-46.754087,20.13,84,nublado
20260613_172405,637R-10,196,1,73477,2026-06-13T20:23:30Z,-23.701827,-46.782142,20.13,84,nublado
20260613_172405,637R-10,196,1,73935,2026-06-13T20:23:59Z,-23.666170625,-46.716131125,20.13,84,nublado
20260613_172405,1709-10,851,1,26398,2026-06-13T20:23:47Z,-23.4796385,-46.6036165,20.13,84,nublado
20260613_172405,1709-10,851,1,26367,2026-06-13T20:23:43Z,-23.479376375,-46.603372625,20.13,84,nublado
20260613_172405,1709-10,851,1,26241,2026-06-13T20:23:39Z,-23.44365725,-46.592670749999996,20.13,84,nublado
20260613_172405,1709-10,851,1,26234,2026-06-13T20:23:44Z,-23.455993499999998,-46.5985685,20.13,84,nublado
20260613_172405,119C-10,661,1,21964,2026-06-13T20:23:25Z,-23.505999250000002,-46.603623,20.13,84,nublado
20260613_172405,119C-10,661,1,21748,2026-06-13T20:23:26Z,-23.4988515,-46.573542,20.13,84,nublado
20260613_172405,119C-10,661,1,21728,2026-06-13T20:23:34Z,-23.533151750000002,-46.6291475,20.13,84,nublado
20260613_172405,888P-10,33222,2,10555,2026-06-13T20:23:22Z,-23.454101,-46.7374265,20.13,84,nublado
20260613_172405,888P-10,33222,2,10609,2026-06-13T20:23:48Z,-23.441881000000002,-46.7128235,20.13,84,nublado
20260613_172405,888P-10,33222,2,10554,2026-06-13T20:23:32Z,-23.408328,-46.741003,20.13,84,nublado
20260613_172405,4210-10,2170,1,31251,2026-06-13T20:24:02Z,-23.535891999999997,-46.54736825,20.13,84,nublado
20260613_172405,4210-10,2170,1,31096,2026-06-13T20:23:39Z,-23.593103,-46.4663755,20.13,84,nublado
20260613_172405,4210-10,2170,1,31089,2026-06-13T20:23:55Z,-23.5423565,-46.616277,20.13,84,nublado
20260613_172405,2060-10,134,1,32244,2026-06-13T20:23:25Z,-23.518385000000002,-46.475624499999995,20.13,84,nublado
20260613_172405,2060-10,134,1,32030,2026-06-13T20:23:22Z,-23.528954499999998,-46.4676495,20.13,84,nublado
20260613_172405,2060-10,134,1,32882,2026-06-13T20:24:00Z,-23.518321,-46.475637,20.13,84,nublado
20260613_172405,2060-10,134,1,32894,2026-06-13T20:23:35Z,-23.518385000000002,-46.475624499999995,20.13,84,nublado
20260613_172405,2060-10,134,1,32422,2026-06-13T20:23:21Z,-23.527674875000002,-46.470630875,20.13,84,nublado
20260613_172405,2767-10,33009,2,31727,2026-06-13T20:23:39Z,-23.506508250000003,-46.4585765,20.13,84,nublado
20260613_172405,6063-10,1152,1,66981,2026-06-13T20:23:48Z,-23.7699725,-46.710697,20.13,84,nublado
20260613_172405,6063-10,1152,1,66271,2026-06-13T20:23:54Z,-23.7699725,-46.710697,20.13,84,nublado
20260613_172405,6063-10,1152,1,66302,2026-06-13T20:23:30Z,-23.7699725,-46.710697,20.13,84,nublado
20260613_172405,6063-10,1152,1,66451,2026-06-13T20:23:44Z,-23.7705345,-46.710357,20.13,84,nublado
20260613_172405,6063-10,1152,1,66126,2026-06-13T20:24:01Z,-23.783949999999997,-46.6899645,20.13,84,nublado
20260613_172405,6063-10,1152,1,66386,2026-06-13T20:24:02Z,-23.7699725,-46.710697,20.13,84,nublado
20260613_172405,6063-10,1152,1,66825,2026-06-13T20:23:39Z,-23.7699725,-46.710697,20.13,84,nublado
20260613_172405,2059-10,260,1,31786,2026-06-13T20:24:03Z,-23.53779,-46.4150605,20.13,84,nublado
20260613_172405,2059-10,260,1,31653,2026-06-13T20:23:24Z,-23.512355,-46.432567500000005,20.13,84,nublado
20260613_172405,2059-10,260,1,31764,2026-06-13T20:23:52Z,-23.4912225,-46.4433025,20.13,84,nublado
20260613_172405,809U-21,2307,1,82730,2026-06-13T20:23:40Z,-23.5264775,-46.666681,20.13,84,nublado
20260613_172405,809U-21,2307,1,82761,2026-06-13T20:23:44Z,-23.5468735,-46.690432,20.13,84,nublado
20260613_172405,809U-21,2307,1,82785,2026-06-13T20:23:40Z,-23.5287535,-46.6761,20.13,84,nublado
20260613_172405,4721-10,337,1,51026,2026-06-13T20:23:42Z,-23.6113615,-46.63106725,20.13,84,nublado
20260613_172405,5123-10,33893,2,68707,2026-06-13T20:23:19Z,-23.670735999999998,-46.643207000000004,20.13,84,nublado
20260613_172405,5123-10,33893,2,68535,2026-06-13T20:21:29Z,-23.678149,-46.629804500000006,20.13,84,nublado
20260613_172405,5123-10,33893,2,68042,2026-06-13T20:23:48Z,-23.681212000000002,-46.638399500000006,20.13,84,nublado
20260613_172405,709A-10,34860,2,73004,2026-06-13T20:23:36Z,-23.613308,-46.6959645,20.13,84,nublado
20260613_172405,709A-10,34860,2,73016,2026-06-13T20:23:53Z,-23.5863984375,-46.6361194375,20.13,84,nublado
20260613_172405,709A-10,34860,2,73021,2026-06-13T20:23:47Z,-23.589961375,-46.679711624999996,20.13,84,nublado
20260613_172405,709A-10,34860,2,73978,2026-06-13T20:23:45Z,-23.590232,-46.6807005,20.13,84,nublado
20260613_172405,819A-10,803,1,16543,2026-06-13T20:23:47Z,-23.444116,-46.748275,20.13,84,nublado
20260613_172405,819A-10,803,1,16247,2026-06-13T20:23:52Z,-23.488703125,-46.675247125,20.13,84,nublado
20260613_172405,819A-10,803,1,16169,2026-06-13T20:24:03Z,-23.45335875,-46.74297775,20.13,84,nublado
20260613_172405,819A-10,803,1,16739,2026-06-13T20:23:45Z,-23.4526065,-46.699762,20.13,84,nublado
20260613_172405,819A-10,803,1,16580,2026-06-13T20:23:55Z,-23.4526065,-46.699762,20.13,84,nublado
20260613_172405,819A-10,803,1,16078,2026-06-13T20:24:02Z,-23.43388925,-46.720137875,20.13,84,nublado
20260613_172405,819A-10,803,1,16058,2026-06-13T20:23:21Z,-23.488441875,-46.675133875,20.13,84,nublado
20260613_172405,819A-10,803,1,16969,2026-06-13T20:23:25Z,-23.44199575,-46.73411675,20.13,84,nublado
20260613_172405,3064-41,1933,1,36605,2026-06-13T20:23:22Z,-23.583113,-46.4080205,20.13,84,nublado
20260613_172405,2712-10,33694,2,45150,2026-06-13T20:23:39Z,-23.522883,-46.479981,20.13,84,nublado
20260613_172405,354M-10,34387,2,31199,2026-06-13T20:23:38Z,-23.491775,-46.434236999999996,20.13,84,nublado
20260613_172405,354M-10,34387,2,31357,2026-06-13T20:23:32Z,-23.4917705,-46.4343875,20.13,84,nublado
20260613_172405,354M-10,34387,2,31090,2026-06-13T20:23:52Z,-23.506239,-46.4564955,20.13,84,nublado
20260613_172405,354M-10,34387,2,31562,2026-06-13T20:23:46Z,-23.491775,-46.434236999999996,20.13,84,nublado
20260613_172405,354M-10,34387,2,31696,2026-06-13T20:23:57Z,-23.606684,-46.4717975,20.13,84,nublado
20260613_172405,354M-10,34387,2,31699,2026-06-13T20:23:22Z,-23.580659500000003,-46.44244225,20.13,84,nublado
20260613_172405,2435-10,210,1,32404,2026-06-13T20:23:59Z,-23.529316,-46.553309,20.13,84,nublado
20260613_172405,8548-10,578,1,10603,2026-06-13T20:23:45Z,-23.43645,-46.71763787500001,20.13,84,nublado
20260613_172405,8548-10,578,1,10605,2026-06-13T20:23:31Z,-23.5193815,-46.7004685,20.13,84,nublado
20260613_172405,273D-10,32990,2,32243,2026-06-13T20:23:27Z,-23.5314475,-46.473628500000004,20.13,84,nublado
20260613_172405,273D-10,32990,2,32615,2026-06-13T20:23:37Z,-23.521566999999997,-46.410721499999994,20.13,84,nublado
20260613_172405,273D-10,32990,2,32061,2026-06-13T20:24:02Z,-23.494115999999998,-46.420691375000004,20.13,84,nublado
20260613_172405,5015-10,33887,2,68859,2026-06-13T20:23:24Z,-23.648086499999998,-46.6402415,20.13,84,nublado
20260613_172405,5015-10,33887,2,68055,2026-06-13T20:23:39Z,-23.675799499999997,-46.642252,20.13,84,nublado
20260613_172405,5015-10,33887,2,68416,2026-06-13T20:23:41Z,-23.670735999999998,-46.643207000000004,20.13,84,nublado
20260613_172405,5015-10,33887,2,68225,2026-06-13T20:23:42Z,-23.669815,-46.64017,20.13,84,nublado
20260613_172405,574C-10,34407,2,56204,2026-06-13T20:24:02Z,-23.6115,-46.4733145,20.13,84,nublado
20260613_172405,574C-10,34407,2,56372,2026-06-13T20:23:58Z,-23.5988745,-46.517365,20.13,84,nublado
20260613_172405,574C-10,34407,2,56357,2026-06-13T20:23:38Z,-23.6111205,-46.4731355,20.13,84,nublado
20260613_172405,574C-10,34407,2,56270,2026-06-13T20:23:21Z,-23.590967499999998,-46.5451555,20.13,84,nublado
20260613_172405,148L-10,531,1,22896,2026-06-13T20:23:42Z,-23.47501225,-46.665508,20.13,84,nublado
20260613_172405,148L-10,531,1,22867,2026-06-13T20:23:35Z,-23.46911675,-46.6476765,20.13,84,nublado
20260613_172405,148L-10,531,1,22864,2026-06-13T20:23:52Z,-23.5038445,-46.6804015,20.13,84,nublado
20260613_172405,148L-10,531,1,22873,2026-06-13T20:23:49Z,-23.50318,-46.6723615,20.13,84,nublado
20260613_172405,148L-10,531,1,22866,2026-06-13T20:23:46Z,-23.483009250000002,-46.673553,20.13,84,nublado
20260613_172405,148L-10,531,1,22893,2026-06-13T20:23:49Z,-23.46025825,-46.656938749999995,20.13,84,nublado
20260613_172405,701A-10,689,1,21012,2026-06-13T20:23:57Z,-23.4738595,-46.566243,20.13,84,nublado
20260613_172405,701A-10,689,1,21388,2026-06-13T20:23:51Z,-23.514157124999997,-46.586495375000005,20.13,84,nublado
20260613_172405,701A-10,689,1,21945,2026-06-13T20:24:03Z,-23.532641249999998,-46.63189175000001,20.13,84,nublado
20260613_172405,701A-10,689,1,21011,2026-06-13T20:23:22Z,-23.547320499999998,-46.691863,20.13,84,nublado
20260613_172405,701A-10,689,1,21967,2026-06-13T20:23:40Z,-23.5407286875,-46.6146153125,20.13,84,nublado
20260613_172405,701A-10,689,1,21400,2026-06-13T20:23:50Z,-23.559092,-46.69069325,20.13,84,nublado
20260613_172405,8078-10,34848,2,85818,2026-06-13T20:23:45Z,-23.6231025,-46.7450495,20.13,84,nublado
20260613_172405,8078-10,34848,2,85850,2026-06-13T20:23:49Z,-23.624555,-46.763753,20.13,84,nublado
20260613_172405,3738-10,33806,2,47281,2026-06-13T20:23:21Z,-23.5635865,-46.417832000000004,20.13,84,nublado
20260613_172405,3738-10,33806,2,47402,2026-06-13T20:23:25Z,-23.5435215,-46.4633725,20.13,84,nublado
20260613_172405,3738-10,33806,2,47351,2026-06-13T20:23:31Z,-23.55228,-46.441908,20.13,84,nublado
20260613_172405,3738-10,33806,2,47046,2026-06-13T20:23:42Z,-23.5422585,-46.470022,20.13,84,nublado
20260613_172405,3738-10,33806,2,47075,2026-06-13T20:23:25Z,-23.5629515,-46.3946025,20.13,84,nublado
20260613_172405,3738-10,33806,2,47765,2026-06-13T20:23:44Z,-23.5669535,-46.401615,20.13,84,nublado
20260613_172405,3738-10,33806,2,47070,2026-06-13T20:23:44Z,-23.551931500000002,-46.4251575,20.13,84,nublado
20260613_172405,2708-10,921,1,36565,2026-06-13T20:23:56Z,-23.524147,-46.431007,20.13,84,nublado
20260613_172405,2708-10,921,1,36239,2026-06-13T20:24:00Z,-23.533921499999998,-46.399558999999996,20.13,84,nublado
20260613_172405,2708-10,921,1,36583,2026-06-13T20:23:59Z,-23.534235000000002,-46.452625999999995,20.13,84,nublado
20260613_172405,2708-10,921,1,36504,2026-06-13T20:23:26Z,-23.542467000000002,-46.4712235,20.13,84,nublado
20260613_172405,2708-10,921,1,36312,2026-06-13T20:23:49Z,-23.527517,-46.439889,20.13,84,nublado
20260613_172405,6076-41,34754,2,66177,2026-06-13T20:23:59Z,-23.71152,-46.703441999999995,20.13,84,nublado
20260613_172405,9032-10,880,1,16057,2026-06-13T20:23:46Z,-23.44625,-46.69209549999999,20.13,84,nublado
20260613_172405,9032-10,880,1,16601,2026-06-13T20:24:01Z,-23.449341500000003,-46.69552925000001,20.13,84,nublado
20260613_172405,9032-10,880,1,16703,2026-06-13T20:23:46Z,-23.454912,-46.6956555,20.13,84,nublado
20260613_172405,9032-10,880,1,16342,2026-06-13T20:23:33Z,-23.459349,-46.686189999999996,20.13,84,nublado
20260613_172405,177H-21,631,1,21274,2026-06-13T20:23:51Z,-23.502436,-46.624016499999996,20.13,84,nublado
20260613_172405,177H-21,631,1,21299,2026-06-13T20:23:36Z,-23.540916000000003,-46.655556499999996,20.13,84,nublado
20260613_172405,177H-21,631,1,21303,2026-06-13T20:23:52Z,-23.5659435,-46.701088999999996,20.13,84,nublado
20260613_172405,177H-21,631,1,21293,2026-06-13T20:24:03Z,-23.56533275,-46.698793,20.13,84,nublado
20260613_172405,6073-10,33928,2,66232,2026-06-13T20:24:03Z,-23.801012999999998,-46.7339515,20.13,84,nublado
20260613_172405,6073-10,33928,2,66693,2026-06-13T20:23:34Z,-23.853313,-46.6956225,20.13,84,nublado
20260613_172405,6073-10,33928,2,66702,2026-06-13T20:23:45Z,-23.853313,-46.6956225,20.13,84,nublado
20260613_172405,6073-10,33928,2,66292,2026-06-13T20:22:15Z,-23.852940500000003,-46.695395000000005,20.13,84,nublado
20260613_172405,6073-10,33928,2,66776,2026-06-13T20:23:30Z,-23.853313,-46.6956225,20.13,84,nublado
20260613_172405,6073-10,33928,2,66719,2026-06-13T20:23:29Z,-23.853313,-46.6956225,20.13,84,nublado
20260613_172405,179X-10,33448,2,25069,2026-06-13T20:23:25Z,-23.464659,-46.5833935,20.13,84,nublado
20260613_172405,179X-10,33448,2,25143,2026-06-13T20:23:56Z,-23.44310575,-46.5899405,20.13,84,nublado
20260613_172405,179X-10,33448,2,25145,2026-06-13T20:24:03Z,-23.5266425,-46.66785350000001,20.13,84,nublado
20260613_172405,179X-10,33448,2,25188,2026-06-13T20:23:46Z,-23.4508015,-46.588624499999995,20.13,84,nublado
20260613_172405,179X-10,33448,2,25142,2026-06-13T20:23:51Z,-23.49374775,-46.6115955,20.13,84,nublado
20260613_172405,179X-10,33448,2,25127,2026-06-13T20:24:00Z,-23.432761749999997,-46.57149675,20.13,84,nublado
20260613_172405,179X-10,33448,2,25151,2026-06-13T20:23:39Z,-23.523167625,-46.653296375000004,20.13,84,nublado
20260613_172405,975A-10,33357,2,11532,2026-06-13T20:23:33Z,-23.54392925,-46.67306125,20.13,84,nublado
20260613_172405,975A-10,33357,2,11531,2026-06-13T20:24:03Z,-23.4744605,-46.690138000000005,20.13,84,nublado
20260613_172405,8544-10,430,1,11567,2026-06-13T20:23:32Z,-23.451563,-46.7350485,20.13,84,nublado
20260613_172405,8544-10,430,1,11566,2026-06-13T20:23:27Z,-23.5179345,-46.680298,20.13,84,nublado
20260613_172405,627J-10,34824,2,68328,2026-06-13T20:23:45Z,-23.676381499999998,-46.6345655,20.13,84,nublado
20260613_172405,627J-10,34824,2,68326,2026-06-13T20:23:49Z,-23.6815315,-46.6338755,20.13,84,nublado
20260613_172405,5164-21,34384,2,64486,2026-06-13T20:23:50Z,-23.59716,-46.64210875,20.13,84,nublado
20260613_172405,5164-21,34384,2,64752,2026-06-13T20:23:54Z,-23.630334,-46.641518000000005,20.13,84,nublado
20260613_172405,6826-10,32784,2,72940,2026-06-13T20:23:58Z,-23.673772,-46.797123,20.13,84,nublado
20260613_172405,6826-10,32784,2,72473,2026-06-13T20:23:29Z,-23.654369000000003,-46.762426500000004,20.13,84,nublado
20260613_172405,1756-10,33315,2,22666,2026-06-13T20:23:52Z,-23.4834075,-46.632675500000005,20.13,84,nublado
20260613_172405,1756-10,33315,2,22514,2026-06-13T20:23:58Z,-23.4572635,-46.6429485,20.13,84,nublado
20260613_172405,1756-10,33315,2,22918,2026-06-13T20:23:34Z,-23.465025999999998,-46.65187775,20.13,84,nublado
20260613_172405,719P-10,1372,1,82714,2026-06-13T20:23:59Z,-23.5623425,-46.685475,20.13,84,nublado
20260613_172405,719P-10,1372,1,82621,2026-06-13T20:23:59Z,-23.5484335,-46.659047625,20.13,84,nublado
20260613_172405,4027-10,1097,1,55446,2026-06-13T20:23:38Z,-23.6129255,-46.4725275,20.13,84,nublado
20260613_172405,4027-10,1097,1,55380,2026-06-13T20:23:47Z,-23.622563,-46.44712725,20.13,84,nublado
20260613_172405,4027-10,1097,1,55453,2026-06-13T20:23:26Z,-23.60428225,-46.48109225,20.13,84,nublado
20260613_172405,4027-10,1097,1,55270,2026-06-13T20:23:19Z,-23.624145,-46.446732,20.13,84,nublado
20260613_172405,7009-10,34719,2,78854,2026-06-13T20:23:29Z,-23.7021595,-46.782621,20.13,84,nublado
20260613_172405,2733-10,33716,2,45238,2026-06-13T20:23:48Z,-23.529466,-46.4543755,20.13,84,nublado
20260613_172405,2733-10,33716,2,45102,2026-06-13T20:19:32Z,-23.520919,-46.462695,20.13,84,nublado
20260613_172405,2733-10,33716,2,45449,2026-06-13T20:24:03Z,-23.542454999999997,-46.470183000000006,20.13,84,nublado
20260613_172405,2733-10,33716,2,45440,2026-06-13T20:23:41Z,-23.520377500000002,-46.4623395,20.13,84,nublado
20260613_172405,2733-10,33716,2,45709,2026-06-13T20:23:44Z,-23.5400245,-46.459028,20.13,84,nublado
20260613_172405,847P-10,423,1,11861,2026-06-13T20:23:44Z,-23.4861505,-46.7258785,20.13,84,nublado
20260613_172405,847P-10,423,1,11871,2026-06-13T20:23:31Z,-23.540671500000002,-46.70205575,20.13,84,nublado
20260613_172405,847P-10,423,1,11866,2026-06-13T20:23:55Z,-23.5720645,-46.690287999999995,20.13,84,nublado
20260613_172405,847P-10,423,1,11998,2026-06-13T20:23:40Z,-23.494314,-46.7092325,20.13,84,nublado
20260613_172405,847P-10,423,1,11870,2026-06-13T20:23:28Z,-23.555175687499997,-46.692104937500005,20.13,84,nublado
20260613_172405,5031-10,1746,1,55167,2026-06-13T20:23:49Z,-23.6189825,-46.59252075,20.13,84,nublado
20260613_172405,5031-10,1746,1,55497,2026-06-13T20:23:31Z,-23.612983999999997,-46.594395500000005,20.13,84,nublado
20260613_172405,5031-10,1746,1,55342,2026-06-13T20:23:29Z,-23.6283925,-46.590581,20.13,84,nublado
20260613_172405,5031-10,1746,1,55153,2026-06-13T20:23:40Z,-23.620193999999998,-46.592152,20.13,84,nublado
20260613_172405,2552-10,32910,2,31920,2026-06-13T20:24:02Z,-23.489174499999997,-46.420949500000006,20.13,84,nublado
20260613_172405,2552-10,32910,2,31811,2026-06-13T20:23:52Z,-23.489174499999997,-46.420949500000006,20.13,84,nublado
20260613_172405,2552-10,32910,2,31946,2026-06-13T20:24:01Z,-23.5473415,-46.629296499999995,20.13,84,nublado
20260613_172405,2552-10,32910,2,31924,2026-06-13T20:23:59Z,-23.52422,-46.548732,20.13,84,nublado
20260613_172405,2552-10,32910,2,31814,2026-06-13T20:23:43Z,-23.502336,-46.471188,20.13,84,nublado
20260613_172405,2552-10,32910,2,31802,2026-06-13T20:23:47Z,-23.488757999999997,-46.420981,20.13,84,nublado
20260613_172405,2552-10,32910,2,31195,2026-06-13T20:23:45Z,-23.4889485,-46.420966500000006,20.13,84,nublado
20260613_172405,2552-10,32910,2,31926,2026-06-13T20:23:54Z,-23.52672875,-46.55175,20.13,84,nublado
20260613_172405,3712-10,1009,1,47278,2026-06-13T20:23:58Z,-23.5525595,-46.4257145,20.13,84,nublado
20260613_172405,3712-10,1009,1,47654,2026-06-13T20:23:45Z,-23.5525595,-46.4257145,20.13,84,nublado
20260613_172405,3712-10,1009,1,47157,2026-06-13T20:23:28Z,-23.541853,-46.470214,20.13,84,nublado
20260613_172405,3712-10,1009,1,47217,2026-06-13T20:23:38Z,-23.551863,-46.434818500000006,20.13,84,nublado
20260613_172405,2708-10,33689,2,36505,2026-06-13T20:13:52Z,-23.52608,-46.43303025,20.13,84,nublado
20260613_172405,2708-10,33689,2,36148,2026-06-13T20:23:24Z,-23.5253315,-46.433628,20.13,84,nublado
20260613_172405,2708-10,33689,2,36183,2026-06-13T20:23:34Z,-23.537938999999998,-46.45276375,20.13,84,nublado
20260613_172405,2708-10,33689,2,36250,2026-06-13T20:23:44Z,-23.522997500000002,-46.420455000000004,20.13,84,nublado
20260613_172405,312N-10,990,1,48921,2026-06-13T20:23:53Z,-23.509611500000002,-46.413374499999996,20.13,84,nublado
20260613_172405,312N-10,990,1,48841,2026-06-13T20:23:57Z,-23.5390525,-46.4079415,20.13,84,nublado
20260613_172405,312N-10,990,1,48259,2026-06-13T20:23:53Z,-23.50992075,-46.41216775,20.13,84,nublado
20260613_172405,312N-10,990,1,48896,2026-06-13T20:23:41Z,-23.548219500000002,-46.4082655,20.13,84,nublado
20260613_172405,312N-10,990,1,48061,2026-06-13T20:23:50Z,-23.56411225,-46.409397500000004,20.13,84,nublado
20260613_172405,312N-10,990,1,48561,2026-06-13T20:23:47Z,-23.542768,-46.41466525,20.13,84,nublado
20260613_172405,172X-10,861,1,26484,2026-06-13T20:23:36Z,-23.5255995,-46.571642,20.13,84,nublado
20260613_172405,172X-10,861,1,26352,2026-06-13T20:23:42Z,-23.539696499999998,-46.575877500000004,20.13,84,nublado
20260613_172405,172X-10,861,1,26125,2026-06-13T20:23:20Z,-23.512125,-46.567976,20.13,84,nublado
20260613_172405,128Y-10,843,1,26131,2026-06-13T20:23:22Z,-23.5204915,-46.704470875,20.13,84,nublado
20260613_172405,128Y-10,843,1,26156,2026-06-13T20:23:33Z,-23.4688205,-46.6674365,20.13,84,nublado
20260613_172405,128Y-10,843,1,26336,2026-06-13T20:23:44Z,-23.4535045,-46.670344,20.13,84,nublado
20260613_172405,128Y-10,843,1,26348,2026-06-13T20:23:22Z,-23.50375825,-46.675058,20.13,84,nublado
20260613_172405,5025-10,1564,1,55336,2026-06-13T20:23:42Z,-23.599026000000002,-46.5523355,20.13,84,nublado
20260613_172405,177H-21,33399,2,21259,2026-06-13T20:23:19Z,-23.5002,-46.630133,20.13,84,nublado
20260613_172405,177H-21,33399,2,21272,2026-06-13T20:23:51Z,-23.555556000000003,-46.66086625,20.13,84,nublado
20260613_172405,709P-10,34761,2,76065,2026-06-13T20:23:58Z,-23.623337,-46.70871575,20.13,84,nublado
20260613_172405,709P-10,34761,2,76961,2026-06-13T20:23:52Z,-23.578369,-46.6863195,20.13,84,nublado
20260613_172405,709P-10,34761,2,76078,2026-06-13T20:23:51Z,-23.567318,-46.7012125,20.13,84,nublado
20260613_172405,3002-10,34576,2,36227,2026-06-13T20:23:58Z,-23.4952525,-46.43242,20.13,84,nublado
20260613_172405,3002-10,34576,2,36070,2026-06-13T20:23:22Z,-23.496523,-46.437790500000006,20.13,84,nublado
20260613_172405,3002-10,34576,2,36080,2026-06-13T20:23:53Z,-23.511333999999998,-46.379008999999996,20.13,84,nublado
20260613_172405,3002-10,34576,2,36139,2026-06-13T20:23:49Z,-23.5127545,-46.3763175,20.13,84,nublado
20260613_172405,3002-10,34576,2,36067,2026-06-13T20:23:49Z,-23.4943805,-46.438734499999995,20.13,84,nublado
20260613_172405,3002-10,34576,2,36242,2026-06-13T20:20:58Z,-23.5127545,-46.3763175,20.13,84,nublado
20260613_172405,3002-10,34576,2,36307,2026-06-13T20:23:41Z,-23.497077500000003,-46.4404645,20.13,84,nublado
20260613_172405,4011-10,2184,1,48212,2026-06-13T20:23:23Z,-23.5958,-46.45216550000001,20.13,84,nublado
20260613_172405,4011-10,2184,1,48981,2026-06-13T20:23:30Z,-23.5973705,-46.434762500000005,20.13,84,nublado
20260613_172405,4011-10,2184,1,48475,2026-06-13T20:23:27Z,-23.6123545,-46.476175999999995,20.13,84,nublado
20260613_172405,4030-10,1100,1,55056,2026-06-13T20:23:50Z,-23.603975,-46.4813555,20.13,84,nublado
20260613_172405,4030-10,1100,1,55121,2026-06-13T20:23:59Z,-23.617849,-46.4857385,20.13,84,nublado
20260613_172405,4030-10,1100,1,55129,2026-06-13T20:23:42Z,-23.619634749999996,-46.48650000000001,20.13,84,nublado
20260613_172405,8050-10,412,1,11034,2026-06-13T20:23:21Z,-23.517276,-46.7257775,20.13,84,nublado
20260613_172405,8050-10,412,1,11035,2026-06-13T20:23:28Z,-23.4332985,-46.792895,20.13,84,nublado
20260613_172405,1787-10,650,1,26494,2026-06-13T20:23:55Z,-23.45931875,-46.62375875,20.13,84,nublado
20260613_172405,1787-10,650,1,26031,2026-06-13T20:23:40Z,-23.49846025,-46.62337075000001,20.13,84,nublado
20260613_172405,8060-10,33186,2,10595,2026-06-13T20:24:04Z,-23.5250945,-46.7134585,20.13,84,nublado
20260613_172405,8060-10,33186,2,10597,2026-06-13T20:23:55Z,-23.503231125,-46.759893375,20.13,84,nublado
20260613_172405,809T-10,35014,2,80049,2026-06-13T20:23:25Z,-23.521128,-46.7281965,20.13,84,nublado
20260613_172405,809T-10,35014,2,80135,2026-06-13T20:23:32Z,-23.585884999999998,-46.805149,20.13,84,nublado
20260613_172405,809T-10,35014,2,80107,2026-06-13T20:23:48Z,-23.5833585,-46.77760275,20.13,84,nublado
20260613_172405,809L-10,1949,1,85827,2026-06-13T20:23:41Z,-23.578773499999997,-46.7180265,20.13,84,nublado
20260613_172405,809L-10,1949,1,85808,2026-06-13T20:24:02Z,-23.5398615,-46.7056255,20.13,84,nublado
20260613_172405,809L-10,1949,1,85810,2026-06-13T20:23:45Z,-23.5805475,-46.72141475,20.13,84,nublado
20260613_172405,809L-10,1949,1,85865,2026-06-13T20:23:32Z,-23.6068815,-46.750004000000004,20.13,84,nublado
20260613_172405,9501-10,33230,2,11096,2026-06-13T20:23:18Z,-23.523054000000002,-46.654007,20.13,84,nublado
20260613_172405,9501-10,33230,2,11099,2026-06-13T20:23:46Z,-23.481600999999998,-46.674812,20.13,84,nublado
20260613_172405,9501-10,33230,2,11100,2026-06-13T20:23:33Z,-23.518670375,-46.676867875000006,20.13,84,nublado
20260613_172405,575C-10,1686,1,51108,2026-06-13T20:24:00Z,-23.570977499999998,-46.5500645,20.13,84,nublado
20260613_172405,5164-41,1617,1,64616,2026-06-13T20:23:30Z,-23.6435505,-46.643927500000004,20.13,84,nublado
20260613_172405,5164-41,1617,1,64227,2026-06-13T20:23:22Z,-23.646229499999997,-46.646701500000006,20.13,84,nublado
20260613_172405,675I-10,68,1,71135,2026-06-13T20:23:23Z,-23.61986625,-46.674638125,20.13,84,nublado
20260613_172405,675I-10,68,1,71542,2026-06-13T20:23:42Z,-23.643719,-46.733278999999996,20.13,84,nublado
20260613_172405,776M-10,2680,1,76962,2026-06-13T20:23:52Z,-23.6280175,-46.661975,20.13,84,nublado
20260613_172405,776M-10,2680,1,76057,2026-06-13T20:23:35Z,-23.6136795,-46.695497,20.13,84,nublado
20260613_172405,174M-10,673,1,22750,2026-06-13T20:23:53Z,-23.478924,-46.61125,20.13,84,nublado
20260613_172405,174M-10,673,1,22707,2026-06-13T20:23:57Z,-23.5348365,-46.627156375,20.13,84,nublado
20260613_172405,174M-10,673,1,22645,2026-06-13T20:23:41Z,-23.54385625,-46.62111325,20.13,84,nublado
20260613_172405,174M-10,673,1,22524,2026-06-13T20:23:55Z,-23.553669624999998,-46.62018275,20.13,84,nublado
20260613_172405,174M-10,673,1,22712,2026-06-13T20:23:58Z,-23.4998845,-46.623764249999994,20.13,84,nublado
20260613_172405,6022-10,33975,2,78924,2026-06-13T20:23:45Z,-23.7065485,-46.7843755,20.13,84,nublado
20260613_172405,6022-10,33975,2,78920,2026-06-13T20:23:28Z,-23.728424,-46.7823315,20.13,84,nublado
20260613_172405,605A-10,2522,1,64339,2026-06-13T20:24:00Z,-23.647787,-46.6380625,20.13,84,nublado
20260613_172405,6L04-10,33948,2,66538,2026-06-13T20:23:39Z,-23.8389125,-46.734418500000004,20.13,84,nublado
20260613_172405,6L04-10,33948,2,66802,2026-06-13T20:23:46Z,-23.86681,-46.752487,20.13,84,nublado
20260613_172405,6L04-10,33948,2,66661,2026-06-13T20:23:32Z,-23.8281815,-46.7272275,20.13,84,nublado
20260613_172405,6L04-10,33948,2,66619,2026-06-13T20:23:19Z,-23.871871499999997,-46.7694785,20.13,84,nublado
20260613_172405,2104-10,35023,2,21273,2026-06-13T20:23:50Z,-23.5468005,-46.626651499999994,20.13,84,nublado
20260613_172405,2104-10,35023,2,21236,2026-06-13T20:23:36Z,-23.502574,-46.624022999999994,20.13,84,nublado
20260613_172405,4030-10,33868,2,55427,2026-06-13T20:23:59Z,-23.615775499999998,-46.488022,20.13,84,nublado
20260613_172405,4030-10,33868,2,55244,2026-06-13T20:23:56Z,-23.615775499999998,-46.488022,20.13,84,nublado
20260613_172405,4030-10,33868,2,55371,2026-06-13T20:23:59Z,-23.571445,-46.506398000000004,20.13,84,nublado
20260613_172405,4030-10,33868,2,55164,2026-06-13T20:23:36Z,-23.608943,-46.477615,20.13,84,nublado
20260613_172405,7054-10,32809,2,78509,2026-06-13T20:23:55Z,-23.651447,-46.790718,20.13,84,nublado
20260613_172405,477P-10,348,1,51405,2026-06-13T20:23:58Z,-23.599981999999997,-46.678708125,20.13,84,nublado
20260613_172405,477P-10,348,1,51151,2026-06-13T20:23:55Z,-23.61787825,-46.63914925,20.13,84,nublado
20260613_172405,477P-10,348,1,51149,2026-06-13T20:23:34Z,-23.586021249999998,-46.75830125,20.13,84,nublado
20260613_172405,477P-10,348,1,51144,2026-06-13T20:23:28Z,-23.614795,-46.6093215,20.13,84,nublado
20260613_172405,6082-10,35446,2,61682,2026-06-13T20:23:50Z,-23.767299,-46.716265,20.13,84,nublado
20260613_172405,6082-10,35446,2,61330,2026-06-13T20:23:36Z,-23.767299,-46.716265,20.13,84,nublado
20260613_172405,6082-10,35446,2,61813,2026-06-13T20:23:35Z,-23.768832500000002,-46.7154375,20.13,84,nublado
20260613_172405,1024-10,35070,2,15239,2026-06-13T20:23:21Z,-23.4685335,-46.6974245,20.13,84,nublado
20260613_172405,1024-10,35070,2,15254,2026-06-13T20:23:52Z,-23.4611935,-46.70918,20.13,84,nublado
20260613_172405,1024-10,35070,2,15240,2026-06-13T20:23:38Z,-23.459813750000002,-46.698836,20.13,84,nublado
20260613_172405,1024-10,35070,2,15224,2026-06-13T20:23:43Z,-23.461024000000002,-46.708865,20.13,84,nublado
20260613_172405,6075-10,33930,2,66520,2026-06-13T20:23:47Z,-23.797689499999997,-46.7382825,20.13,84,nublado
20260613_172405,6075-10,33930,2,66296,2026-06-13T20:23:34Z,-23.792149000000002,-46.7331635,20.13,84,nublado
20260613_172405,6075-10,33930,2,66139,2026-06-13T20:23:20Z,-23.769605,-46.7179785,20.13,84,nublado
20260613_172405,6075-10,33930,2,66020,2026-06-13T20:23:39Z,-23.797689499999997,-46.7382825,20.13,84,nublado
20260613_172405,6075-10,33930,2,66246,2026-06-13T20:23:21Z,-23.797689499999997,-46.7382825,20.13,84,nublado
20260613_172405,5108-10,1675,1,51584,2026-06-13T20:23:50Z,-23.586738500000003,-46.607422,20.13,84,nublado
20260613_172405,5108-10,1675,1,51598,2026-06-13T20:23:39Z,-23.6627855,-46.619236,20.13,84,nublado
20260613_172405,5108-10,1675,1,51582,2026-06-13T20:23:21Z,-23.6627855,-46.619236,20.13,84,nublado
20260613_172405,5108-10,1675,1,51586,2026-06-13T20:23:20Z,-23.553599,-46.63323275,20.13,84,nublado
20260613_172405,5757-51,1976,1,68398,2026-06-13T20:23:34Z,-23.683317000000002,-46.634547749999996,20.13,84,nublado
20260613_172405,5757-51,1976,1,68212,2026-06-13T20:23:38Z,-23.661699,-46.6520905,20.13,84,nublado
20260613_172405,5757-51,1976,1,68674,2026-06-13T20:23:18Z,-23.69389425,-46.64531675,20.13,84,nublado
20260613_172405,627M-10,2597,1,64758,2026-06-13T20:23:35Z,-23.6547965,-46.714842,20.13,84,nublado
20260613_172405,627M-10,2597,1,64264,2026-06-13T20:23:45Z,-23.697235499999998,-46.667523,20.13,84,nublado
20260613_172405,627M-10,2597,1,64759,2026-06-13T20:23:45Z,-23.679851624999998,-46.6953125,20.13,84,nublado
20260613_172405,374V-10,1647,1,45088,2026-06-13T20:24:00Z,-23.5332995,-46.4546495,20.13,84,nublado
20260613_172405,374V-10,1647,1,45361,2026-06-13T20:23:59Z,-23.5263255,-46.452581,20.13,84,nublado
20260613_172405,374V-10,1647,1,45147,2026-06-13T20:23:23Z,-23.526107250000003,-46.4522605,20.13,84,nublado
20260613_172405,374V-10,1647,1,45082,2026-06-13T20:23:38Z,-23.515903,-46.4538425,20.13,84,nublado
20260613_172405,3006-10,1865,1,36058,2026-06-13T20:23:44Z,-23.548099999999998,-46.389815,20.13,84,nublado
20260613_172405,3006-10,1865,1,36306,2026-06-13T20:23:51Z,-23.548099999999998,-46.389815,20.13,84,nublado
20260613_172405,3006-10,1865,1,36216,2026-06-13T20:23:37Z,-23.543503625,-46.4090985,20.13,84,nublado
20260613_172405,917M-10,34134,2,12691,2026-06-13T20:23:32Z,-23.473125500000002,-46.70469625,20.13,84,nublado
20260613_172405,917M-10,34134,2,12612,2026-06-13T20:23:47Z,-23.471669,-46.705783,20.13,84,nublado
20260613_172405,917M-10,34134,2,12607,2026-06-13T20:24:00Z,-23.559489125,-46.658570499999996,20.13,84,nublado
20260613_172405,917M-10,34134,2,12687,2026-06-13T20:23:32Z,-23.5435255,-46.6653315,20.13,84,nublado
20260613_172405,502J-10,1275,1,64467,2026-06-13T20:23:50Z,-23.65493875,-46.668006000000005,20.13,84,nublado
20260613_172405,502J-10,1275,1,64383,2026-06-13T20:23:45Z,-23.68819175,-46.66481025,20.13,84,nublado
20260613_172405,502J-10,1275,1,64627,2026-06-13T20:23:53Z,-23.7050955,-46.6883695,20.13,84,nublado
20260613_172405,502J-10,1275,1,64464,2026-06-13T20:24:00Z,-23.59849075,-46.63781375,20.13,84,nublado
20260613_172405,502J-10,1275,1,64455,2026-06-13T20:23:28Z,-23.655233000000003,-46.668558000000004,20.13,84,nublado
20260613_172405,502J-10,1275,1,64620,2026-06-13T20:23:41Z,-23.6326295,-46.6470665,20.13,84,nublado
20260613_172405,2105-10,2247,1,22001,2026-06-13T20:23:40Z,-23.456681500000002,-46.6018785,20.13,84,nublado
20260613_172405,2105-10,2247,1,22311,2026-06-13T20:23:38Z,-23.501876000000003,-46.624875,20.13,84,nublado
20260613_172405,2105-10,2247,1,22418,2026-06-13T20:23:30Z,-23.4927415,-46.62547,20.13,84,nublado
20260613_172405,2523-10,33018,2,31792,2026-06-13T20:23:18Z,-23.5216,-46.4253885,20.13,84,nublado
20260613_172405,2523-10,33018,2,31391,2026-06-13T20:23:18Z,-23.5216,-46.4253885,20.13,84,nublado
20260613_172405,2523-10,33018,2,31762,2026-06-13T20:23:18Z,-23.521709,-46.4250055,20.13,84,nublado
20260613_172405,2523-10,33018,2,31335,2026-06-13T20:23:23Z,-23.5216,-46.4253885,20.13,84,nublado
20260613_172405,2523-10,33018,2,31330,2026-06-13T20:23:35Z,-23.5182095,-46.475659,20.13,84,nublado
20260613_172405,2523-10,33018,2,31515,2026-06-13T20:23:38Z,-23.5143665,-46.4523265,20.13,84,nublado
20260613_172405,607A-10,34907,2,68096,2026-06-13T20:23:40Z,-23.676409,-46.69882775000001,20.13,84,nublado
20260613_172405,607A-10,34907,2,68373,2026-06-13T20:23:46Z,-23.661365,-46.717587,20.13,84,nublado
20260613_172405,607A-10,34907,2,68876,2026-06-13T20:23:53Z,-23.695814499999997,-46.667714000000004,20.13,84,nublado
20260613_172405,607A-10,34907,2,68174,2026-06-13T20:23:23Z,-23.709434,-46.655444,20.13,84,nublado
20260613_172405,607A-10,34907,2,68087,2026-06-13T20:23:48Z,-23.665266499999998,-46.715132374999996,20.13,84,nublado
20260613_172405,476G-21,2671,1,56354,2026-06-13T20:23:29Z,-23.60923725,-46.534052375,20.13,84,nublado
20260613_172405,476G-21,2671,1,56349,2026-06-13T20:23:57Z,-23.575168749999996,-46.602650499999996,20.13,84,nublado
20260613_172405,476G-21,2671,1,56294,2026-06-13T20:23:43Z,-23.6143955,-46.504852,20.13,84,nublado
20260613_172405,476G-21,2671,1,56352,2026-06-13T20:23:29Z,-23.60819,-46.510558,20.13,84,nublado
20260613_172405,476G-21,2671,1,56345,2026-06-13T20:23:44Z,-23.584697249999998,-46.58238125,20.13,84,nublado
20260613_172405,6801-10,5,1,72003,2026-06-13T20:23:36Z,-23.661007,-46.733496,20.13,84,nublado
20260613_172405,5164-21,1616,1,64469,2026-06-13T20:23:30Z,-23.6461105,-46.6469465,20.13,84,nublado
20260613_172405,5164-21,1616,1,64474,2026-06-13T20:23:47Z,-23.646586749999997,-46.645936000000006,20.13,84,nublado
20260613_172405,5164-21,1616,1,64472,2026-06-13T20:23:58Z,-23.646586749999997,-46.645936000000006,20.13,84,nublado
20260613_172405,5164-21,1616,1,64615,2026-06-13T20:24:00Z,-23.6507195,-46.650403,20.13,84,nublado
20260613_172405,5164-21,1616,1,64624,2026-06-13T20:23:36Z,-23.646406,-46.644999,20.13,84,nublado
20260613_172405,5164-21,1616,1,64475,2026-06-13T20:23:52Z,-23.604057375,-46.63607825,20.13,84,nublado
20260613_172405,6069-10,1154,1,66768,2026-06-13T20:23:19Z,-23.753642250000002,-46.698806250000004,20.13,84,nublado
20260613_172405,6069-10,1154,1,66437,2026-06-13T20:23:20Z,-23.739424,-46.701571,20.13,84,nublado
20260613_172405,6069-10,1154,1,66243,2026-06-13T20:23:28Z,-23.7451125,-46.707049999999995,20.13,84,nublado
20260613_172405,4007-10,34949,2,48298,2026-06-13T20:23:46Z,-23.55688725,-46.471277,20.13,84,nublado
20260613_172405,4007-10,34949,2,48036,2026-06-13T20:24:01Z,-23.56017775,-46.42042875,20.13,84,nublado
20260613_172405,4007-10,34949,2,48356,2026-06-13T20:23:48Z,-23.5528905,-46.457451125000006,20.13,84,nublado
20260613_172405,4007-10,34949,2,48186,2026-06-13T20:24:02Z,-23.558581500000003,-46.522422,20.13,84,nublado
20260613_172405,5038-10,34429,2,51412,2026-06-13T20:23:47Z,-23.6545755,-46.602362,20.13,84,nublado
20260613_172405,5038-10,34429,2,51411,2026-06-13T20:23:32Z,-23.653293500000004,-46.602455000000006,20.13,84,nublado
20260613_172405,5038-10,34429,2,51439,2026-06-13T20:23:25Z,-23.6490035,-46.610611250000005,20.13,84,nublado
20260613_172405,5038-10,34429,2,51426,2026-06-13T20:23:19Z,-23.652755499999998,-46.602143,20.13,84,nublado
20260613_172405,4003-10,34927,2,48268,2026-06-13T20:23:54Z,-23.5638605,-46.4166465,20.13,84,nublado
20260613_172405,4003-10,34927,2,48060,2026-06-13T20:23:31Z,-23.574154999999998,-46.398071,20.13,84,nublado
20260613_172405,4003-10,34927,2,48889,2026-06-13T20:23:54Z,-23.53188,-46.446804,20.13,84,nublado
20260613_172405,351F-10,33455,2,22496,2026-06-13T20:23:35Z,-23.56734275,-46.542404499999996,20.13,84,nublado
20260613_172405,351F-10,33455,2,22835,2026-06-13T20:23:36Z,-23.4607885,-46.5831555,20.13,84,nublado
20260613_172405,351F-10,33455,2,22532,2026-06-13T20:24:01Z,-23.4780265,-46.573278,20.13,84,nublado
20260613_172405,351F-10,33455,2,22855,2026-06-13T20:23:24Z,-23.538322625,-46.59894625,20.13,84,nublado
20260613_172405,351F-10,33455,2,22839,2026-06-13T20:23:49Z,-23.4687825,-46.578545500000004,20.13,84,nublado
20260613_172405,351F-10,33455,2,22710,2026-06-13T20:23:55Z,-23.545092,-46.573637500000004,20.13,84,nublado
20260613_172405,351F-10,33455,2,22840,2026-06-13T20:23:42Z,-23.468061,-46.582262,20.13,84,nublado
20260613_172405,847P-42,34192,2,11856,2026-06-13T20:23:28Z,-23.469106500000002,-46.695824,20.13,84,nublado
20260613_172405,847P-42,34192,2,11857,2026-06-13T20:23:40Z,-23.587288375,-46.68221787499999,20.13,84,nublado
20260613_172405,372U-10,1016,1,45478,2026-06-13T20:24:03Z,-23.556708,-46.559739500000006,20.13,84,nublado
20260613_172405,372U-10,1016,1,45426,2026-06-13T20:23:24Z,-23.553058,-46.564013,20.13,84,nublado
20260613_172405,372U-10,1016,1,45372,2026-06-13T20:23:38Z,-23.5528495,-46.566156,20.13,84,nublado
20260613_172405,372U-10,1016,1,45338,2026-06-13T20:23:43Z,-23.55289,-46.565714,20.13,84,nublado
20260613_172405,609F-10,37,1,71839,2026-06-13T20:23:32Z,-23.5806045,-46.6807885,20.13,84,nublado
20260613_172405,609F-10,37,1,71180,2026-06-13T20:23:21Z,-23.653139250000002,-46.73891825,20.13,84,nublado
20260613_172405,609F-10,37,1,71858,2026-06-13T20:23:24Z,-23.644758000000003,-46.72609,20.13,84,nublado
20260613_172405,273G-10,32991,2,32628,2026-06-13T20:23:29Z,-23.4815445,-46.41688925,20.13,84,nublado
20260613_172405,273G-10,32991,2,32612,2026-06-13T20:23:25Z,-23.478406,-46.428377999999995,20.13,84,nublado
20260613_172405,273G-10,32991,2,32047,2026-06-13T20:23:27Z,-23.48150775,-46.41633925,20.13,84,nublado
20260613_172405,273G-10,32991,2,32629,2026-06-13T20:23:29Z,-23.5260655,-46.47463125,20.13,84,nublado
20260613_172405,273G-10,32991,2,32634,2026-06-13T20:23:44Z,-23.501221,-46.4703735,20.13,84,nublado
20260613_172405,273G-10,32991,2,32645,2026-06-13T20:23:48Z,-23.481525249999997,-46.41659775,20.13,84,nublado
20260613_172405,719R-10,33237,2,80021,2026-06-13T20:24:02Z,-23.562170000000002,-46.764854125,20.13,84,nublado
20260613_172405,719R-10,33237,2,80182,2026-06-13T20:23:43Z,-23.5671245,-46.755015,20.13,84,nublado
20260613_172405,719R-10,33237,2,80059,2026-06-13T20:23:45Z,-23.55293175,-46.673462,20.13,84,nublado
20260613_172405,719R-10,33237,2,80053,2026-06-13T20:23:40Z,-23.5275045,-46.6628265,20.13,84,nublado
20260613_172405,4288-10,290,1,51143,2026-06-13T20:23:40Z,-23.551538,-46.625531,20.13,84,nublado
20260613_172405,4288-10,290,1,51134,2026-06-13T20:23:56Z,-23.590294999999998,-46.575070499999995,20.13,84,nublado
20260613_172405,4111-10,33088,2,51036,2026-06-13T20:23:28Z,-23.575937,-46.61345,20.13,84,nublado
20260613_172405,4111-10,33088,2,51105,2026-06-13T20:23:24Z,-23.5523195,-46.63850325,20.13,84,nublado
20260613_172405,4111-10,33088,2,51034,2026-06-13T20:23:47Z,-23.575848,-46.613550000000004,20.13,84,nublado
20260613_172405,1018-10,33600,2,26099,2026-06-13T20:23:45Z,-23.4469405,-46.627235999999996,20.13,84,nublado
20260613_172405,1018-10,33600,2,26033,2026-06-13T20:23:23Z,-23.4587955,-46.615185499999995,20.13,84,nublado
20260613_172405,1018-10,33600,2,26046,2026-06-13T20:23:51Z,-23.4468225,-46.627283,20.13,84,nublado
20260613_172405,1018-10,33600,2,26025,2026-06-13T20:23:54Z,-23.4753075,-46.612851,20.13,84,nublado
20260613_172405,874C-10,33245,2,82767,2026-06-13T20:23:42Z,-23.548161,-46.759437750000004,20.13,84,nublado
20260613_172405,874C-10,33245,2,82777,2026-06-13T20:23:17Z,-23.5439475,-46.6941375,20.13,84,nublado
20260613_172405,874C-10,33245,2,82550,2026-06-13T20:23:50Z,-23.5478265,-46.6864085,20.13,84,nublado
20260613_172405,807J-10,34826,2,85816,2026-06-13T20:24:01Z,-23.629269,-46.769253500000005,20.13,84,nublado
20260613_172405,807J-10,34826,2,85825,2026-06-13T20:23:58Z,-23.6239395,-46.695822,20.13,84,nublado
20260613_172405,807J-10,34826,2,85862,2026-06-13T20:23:52Z,-23.609321,-46.749241749999996,20.13,84,nublado
20260613_172405,807J-10,34826,2,85826,2026-06-13T20:23:58Z,-23.631797499999998,-46.7719915,20.13,84,nublado
20260613_172405,807J-10,34826,2,85819,2026-06-13T20:23:55Z,-23.6173285,-46.707054,20.13,84,nublado
20260613_172405,6835-31,34175,2,72768,2026-06-13T20:23:43Z,-23.668696,-46.7730905,20.13,84,nublado
20260613_172405,6835-31,34175,2,72495,2026-06-13T20:23:58Z,-23.6884105,-46.800267500000004,20.13,84,nublado
20260613_172405,8029-10,35308,2,85849,2026-06-13T20:24:01Z,-23.60563775,-46.7252335,20.13,84,nublado
20260613_172405,8029-10,35308,2,85834,2026-06-13T20:24:01Z,-23.605363249999996,-46.725202499999995,20.13,84,nublado
20260613_172405,8029-10,35308,2,85835,2026-06-13T20:24:03Z,-23.6169695,-46.748783,20.13,84,nublado
20260613_172405,4734-10,33877,2,55128,2026-06-13T20:23:53Z,-23.6462125,-46.60902,20.13,84,nublado
20260613_172405,4734-10,33877,2,55440,2026-06-13T20:24:02Z,-23.642179499999997,-46.6067185,20.13,84,nublado
20260613_172405,4734-10,33877,2,55479,2026-06-13T20:24:00Z,-23.6183335,-46.6389475,20.13,84,nublado
20260613_172405,4734-10,33877,2,55383,2026-06-13T20:23:43Z,-23.6224795,-46.6353635,20.13,84,nublado
20260613_172405,809N-10,2244,1,80154,2026-06-13T20:23:21Z,-23.550664437500004,-46.739648312499995,20.13,84,nublado
20260613_172405,809N-10,2244,1,80623,2026-06-13T20:23:37Z,-23.56569375,-46.7634705,20.13,84,nublado
20260613_172405,7051-10,1885,1,78600,2026-06-13T20:23:37Z,-23.6424575,-46.779784500000005,20.13,84,nublado
20260613_172405,3020-10,33726,2,47087,2026-06-13T20:23:47Z,-23.552411999999997,-46.43223475,20.13,84,nublado
20260613_172405,675P-10,275,1,64387,2026-06-13T20:24:02Z,-23.6466305,-46.6450555,20.13,84,nublado
20260613_172405,675P-10,275,1,64129,2026-06-13T20:23:24Z,-23.646406,-46.644999,20.13,84,nublado
20260613_172405,675P-10,275,1,64470,2026-06-13T20:23:47Z,-23.666010749999998,-46.70610375,20.13,84,nublado
20260613_172405,675P-10,275,1,64400,2026-06-13T20:23:38Z,-23.657638499999997,-46.6549165,20.13,84,nublado
20260613_172405,675P-10,275,1,64294,2026-06-13T20:23:52Z,-23.646406,-46.644999,20.13,84,nublado
20260613_172405,6052-31,1832,1,66750,2026-06-13T20:23:45Z,-23.770297999999997,-46.7103535,20.13,84,nublado
20260613_172405,6052-31,1832,1,66350,2026-06-13T20:23:53Z,-23.770297999999997,-46.7103535,20.13,84,nublado
20260613_172405,5702-10,1137,1,68410,2026-06-13T20:23:33Z,-23.6890775,-46.637954,20.13,84,nublado
20260613_172405,5702-10,1137,1,68252,2026-06-13T20:24:02Z,-23.692560999999998,-46.643833,20.13,84,nublado
20260613_172405,5702-10,1137,1,68394,2026-06-13T20:23:56Z,-23.698729999999998,-46.6457525,20.13,84,nublado
20260613_172405,3301-10,34386,2,31941,2026-06-13T20:23:56Z,-23.495239249999997,-46.43271375,20.13,84,nublado
20260613_172405,3301-10,34386,2,31827,2026-06-13T20:23:53Z,-23.521622,-46.5468105,20.13,84,nublado
20260613_172405,3301-10,34386,2,31838,2026-06-13T20:23:19Z,-23.491539500000002,-46.4344585,20.13,84,nublado
20260613_172405,3301-10,34386,2,31832,2026-06-13T20:23:30Z,-23.491528000000002,-46.434711500000006,20.13,84,nublado
20260613_172405,129F-10,35072,2,11083,2026-06-13T20:23:28Z,-23.496266499999997,-46.702754,20.13,84,nublado
20260613_172405,129F-10,35072,2,11082,2026-06-13T20:23:33Z,-23.525425,-46.6819085,20.13,84,nublado
20260613_172405,8055-10,414,1,11687,2026-06-13T20:23:45Z,-23.525544500000002,-46.712109500000004,20.13,84,nublado
20260613_172405,8055-10,414,1,11688,2026-06-13T20:23:19Z,-23.4557675,-46.785403,20.13,84,nublado
20260613_172405,8055-10,414,1,11696,2026-06-13T20:23:50Z,-23.404643999999998,-46.747640000000004,20.13,84,nublado
20260613_172405,342N-10,33771,2,47186,2026-06-13T20:23:51Z,-23.5629515,-46.3946025,20.13,84,nublado
20260613_172405,342N-10,33771,2,47791,2026-06-13T20:23:50Z,-23.564264625,-46.412696624999995,20.13,84,nublado
20260613_172405,342N-10,33771,2,47311,2026-06-13T20:23:34Z,-23.561832,-46.4168725,20.13,84,nublado
20260613_172405,342N-10,33771,2,47615,2026-06-13T20:23:35Z,-23.5629515,-46.3946025,20.13,84,nublado
20260613_172405,3761-10,1051,1,47378,2026-06-13T20:23:47Z,-23.594137,-46.479451499999996,20.13,84,nublado
20260613_172405,3761-10,1051,1,47574,2026-06-13T20:23:46Z,-23.595830375,-46.436915625,20.13,84,nublado
20260613_172405,3761-10,1051,1,47207,2026-06-13T20:23:56Z,-23.555632125000002,-46.516557375,20.13,84,nublado
20260613_172405,3761-10,1051,1,47850,2026-06-13T20:23:39Z,-23.598340999999998,-46.434068499999995,20.13,84,nublado
20260613_172405,3761-10,1051,1,47145,2026-06-13T20:23:58Z,-23.618599,-46.4234555,20.13,84,nublado
20260613_172405,9717-10,33585,2,16202,2026-06-13T20:23:35Z,-23.514259,-46.636885500000005,20.13,84,nublado
20260613_172405,9717-10,33585,2,16286,2026-06-13T20:23:42Z,-23.50850175,-46.625044375,20.13,84,nublado
20260613_172405,9717-10,33585,2,16779,2026-06-13T20:23:47Z,-23.50244,-46.686074500000004,20.13,84,nublado
20260613_172405,9717-10,33585,2,16087,2026-06-13T20:23:25Z,-23.501673,-46.689942,20.13,84,nublado
20260613_172405,273L-10,32992,2,32085,2026-06-13T20:24:01Z,-23.533779000000003,-46.4232865,20.13,84,nublado
20260613_172405,273L-10,32992,2,32027,2026-06-13T20:24:00Z,-23.536119499999998,-46.465230500000004,20.13,84,nublado
20260613_172405,6816-10,26,1,72827,2026-06-13T20:23:45Z,-23.655684,-46.772633,20.13,84,nublado
20260613_172405,6816-10,26,1,72826,2026-06-13T20:24:04Z,-23.6596955,-46.768811,20.13,84,nublado
20260613_172405,6057-10,1148,1,66231,2026-06-13T20:24:00Z,-23.7539005,-46.708663125,20.13,84,nublado
20260613_172405,6057-10,1148,1,66012,2026-06-13T20:23:41Z,-23.766551999999997,-46.7091615,20.13,84,nublado
20260613_172405,6057-10,1148,1,66923,2026-06-13T20:23:29Z,-23.7666735,-46.705984,20.13,84,nublado
20260613_172405,957T-10,33232,2,11662,2026-06-13T20:23:55Z,-23.52576,-46.714065500000004,20.13,84,nublado
20260613_172405,957T-10,33232,2,11663,2026-06-13T20:23:27Z,-23.5834015,-46.683516499999996,20.13,84,nublado
20260613_172405,957T-10,33232,2,11661,2026-06-13T20:23:21Z,-23.446714749999998,-46.71473375,20.13,84,nublado
20260613_172405,546A-31,33900,2,68533,2026-06-13T20:23:00Z,-23.712774500000002,-46.652767,20.13,84,nublado
20260613_172405,546A-31,33900,2,68473,2026-06-13T20:23:38Z,-23.69221,-46.66165,20.13,84,nublado
20260613_172405,875A-10,609,1,64702,2026-06-13T20:23:31Z,-23.575709,-46.641225000000006,20.13,84,nublado
20260613_172405,875A-10,609,1,64750,2026-06-13T20:23:58Z,-23.607231,-46.637569,20.13,84,nublado
20260613_172405,875A-10,609,1,64687,2026-06-13T20:23:40Z,-23.5318675,-46.660607,20.13,84,nublado
20260613_172405,875A-10,609,1,64422,2026-06-13T20:23:34Z,-23.634791999999997,-46.659898999999996,20.13,84,nublado
20260613_172405,6001-10,32820,2,71755,2026-06-13T20:23:29Z,-23.6546575,-46.761719,20.13,84,nublado
20260613_172405,6001-10,32820,2,71052,2026-06-13T20:23:32Z,-23.649475000000002,-46.70701,20.13,84,nublado
20260613_172405,6001-10,32820,2,71399,2026-06-13T20:23:34Z,-23.654408500000002,-46.762060999999996,20.13,84,nublado
20260613_172405,6001-10,32820,2,71539,2026-06-13T20:23:48Z,-23.654714,-46.760605,20.13,84,nublado
20260613_172405,6001-10,32820,2,71129,2026-06-13T20:23:55Z,-23.6523521875,-46.709447999999995,20.13,84,nublado
20260613_172405,2011-10,34904,2,22293,2026-06-13T20:23:22Z,-23.483571249999997,-46.61388875,20.13,84,nublado
20260613_172405,2011-10,34904,2,22834,2026-06-13T20:23:42Z,-23.48920375,-46.57026875,20.13,84,nublado
20260613_172405,2011-10,34904,2,22716,2026-06-13T20:23:36Z,-23.4802815,-46.6000715,20.13,84,nublado
20260613_172405,6L10-41,34773,2,66180,2026-06-13T20:23:42Z,-23.758888499999998,-46.749838,20.13,84,nublado
20260613_172405,2012-10,2281,1,22498,2026-06-13T20:23:21Z,-23.489909,-46.5852005,20.13,84,nublado
20260613_172405,6045-10,1222,1,78984,2026-06-13T20:23:54Z,-23.685891249999997,-46.80004425,20.13,84,nublado
20260613_172405,6045-10,1222,1,78146,2026-06-13T20:23:40Z,-23.6990275,-46.7964265,20.13,84,nublado
20260613_172405,6045-10,1222,1,78950,2026-06-13T20:23:29Z,-23.648463,-46.7491555,20.13,84,nublado
20260613_172405,6045-10,1222,1,78871,2026-06-13T20:23:35Z,-23.673530999999997,-46.773515,20.13,84,nublado
20260613_172405,6045-10,1222,1,78521,2026-06-13T20:23:45Z,-23.64951875,-46.70788325,20.13,84,nublado
20260613_172405,9014-10,34193,2,13674,2026-06-13T20:23:20Z,-23.5010765,-46.6954725,20.13,84,nublado
20260613_172405,9014-10,34193,2,13781,2026-06-13T20:23:57Z,-23.50592075,-46.68885625,20.13,84,nublado
20260613_172405,9014-10,34193,2,13671,2026-06-13T20:23:38Z,-23.520236,-46.6997165,20.13,84,nublado
20260613_172405,1709-10,33619,2,26222,2026-06-13T20:24:00Z,-23.440907,-46.5816925,20.13,84,nublado
20260613_172405,1709-10,33619,2,26005,2026-06-13T20:23:43Z,-23.449476500000003,-46.593015,20.13,84,nublado
20260613_172405,1709-10,33619,2,26022,2026-06-13T20:23:23Z,-23.440907,-46.5816925,20.13,84,nublado
20260613_172405,1709-10,33619,2,26488,2026-06-13T20:23:33Z,-23.4579565,-46.602463,20.13,84,nublado
20260613_172405,1709-10,33619,2,26303,2026-06-13T20:23:33Z,-23.440907,-46.5816925,20.13,84,nublado
20260613_172405,8047-10,33176,2,10403,2026-06-13T20:23:58Z,-23.49072825,-46.766381625,20.13,84,nublado
20260613_172405,8047-10,33176,2,10412,2026-06-13T20:23:37Z,-23.4546065,-46.744525499999995,20.13,84,nublado
20260613_172405,8047-10,33176,2,10436,2026-06-13T20:23:33Z,-23.519648500000002,-46.701916,20.13,84,nublado
20260613_172405,8020-10,34494,2,80995,2026-06-13T20:23:21Z,-23.584768500000003,-46.739224,20.13,84,nublado
20260613_172405,2722-10,935,1,45149,2026-06-13T20:23:37Z,-23.518715999999998,-46.512034,20.13,84,nublado
20260613_172405,2722-10,935,1,45160,2026-06-13T20:23:57Z,-23.490014000000002,-46.490151,20.13,84,nublado
20260613_172405,2722-10,935,1,45198,2026-06-13T20:23:41Z,-23.4878095,-46.5021815,20.13,84,nublado
20260613_172405,2722-10,935,1,45164,2026-06-13T20:23:30Z,-23.50824975,-46.493807000000004,20.13,84,nublado
20260613_172405,3063-10,33021,2,31622,2026-06-13T20:23:13Z,-23.546488,-46.411582,20.13,84,nublado
20260613_172405,3063-10,33021,2,31956,2026-06-13T20:23:42Z,-23.599062,-46.468776000000005,20.13,84,nublado
20260613_172405,3063-10,33021,2,31948,2026-06-13T20:23:25Z,-23.558008,-46.3996015,20.13,84,nublado
20260613_172405,3063-10,33021,2,31959,2026-06-13T20:24:03Z,-23.6130195,-46.476082,20.13,84,nublado
20260613_172405,3032-10,33488,2,41140,2026-06-13T20:23:27Z,-23.554933,-46.493125,20.13,84,nublado
20260613_172405,3032-10,33488,2,41112,2026-06-13T20:23:39Z,-23.566796,-46.507122499999994,20.13,84,nublado
20260613_172405,4709-10,33101,2,51225,2026-06-13T20:23:57Z,-23.653473499999997,-46.608090000000004,20.13,84,nublado
20260613_172405,4709-10,33101,2,51231,2026-06-13T20:24:00Z,-23.653453,-46.613524999999996,20.13,84,nublado
20260613_172405,4709-10,33101,2,51205,2026-06-13T20:23:33Z,-23.625270750000002,-46.60163675,20.13,84,nublado
20260613_172405,4709-10,33101,2,51224,2026-06-13T20:23:23Z,-23.653319500000002,-46.607946999999996,20.13,84,nublado
20260613_172405,930P-10,34883,2,32660,2026-06-13T20:23:26Z,-23.581709,-46.684529999999995,20.13,84,nublado
20260613_172405,930P-10,34883,2,32666,2026-06-13T20:24:04Z,-23.5654375,-46.6678575,20.13,84,nublado
20260613_172405,930P-10,34883,2,32437,2026-06-13T20:23:29Z,-23.546217,-46.6305745,20.13,84,nublado
20260613_172405,930P-10,34883,2,32672,2026-06-13T20:24:00Z,-23.548916,-46.642377999999994,20.13,84,nublado
20260613_172405,8319-10,476,1,82729,2026-06-13T20:23:47Z,-23.5283135,-46.702817499999995,20.13,84,nublado
20260613_172405,9002-10,870,1,26063,2026-06-13T20:23:45Z,-23.455412000000003,-46.667728499999996,20.13,84,nublado
20260613_172405,9002-10,870,1,26544,2026-06-13T20:23:44Z,-23.46100075,-46.66574475,20.13,84,nublado
20260613_172405,6017-10,1206,1,78237,2026-06-13T20:23:50Z,-23.699016999999998,-46.77293,20.13,84,nublado
20260613_172405,6017-10,1206,1,78183,2026-06-13T20:23:54Z,-23.696498499999997,-46.76089,20.13,84,nublado
20260613_172405,6017-10,1206,1,78484,2026-06-13T20:24:04Z,-23.694584,-46.7792935,20.13,84,nublado
20260613_172405,4718-10,33104,2,51043,2026-06-13T20:23:23Z,-23.6100915,-46.626037499999995,20.13,84,nublado
20260613_172405,408A-10,33534,2,41144,2026-06-13T20:24:01Z,-23.580018125000002,-46.634386375000005,20.13,84,nublado
20260613_172405,408A-10,33534,2,41142,2026-06-13T20:23:36Z,-23.545487,-46.6449525,20.13,84,nublado
20260613_172405,408A-10,33534,2,41130,2026-06-13T20:23:52Z,-23.543692999999998,-46.672401,20.13,84,nublado
20260613_172405,6L08-10,1182,1,66971,2026-06-13T20:23:49Z,-23.831560625,-46.712979125,20.13,84,nublado
20260613_172405,6L08-10,1182,1,66325,2026-06-13T20:23:24Z,-23.827404,-46.697334,20.13,84,nublado
20260613_172405,273X-10,392,1,32938,2026-06-13T20:23:00Z,-23.4986635,-46.376688,20.13,84,nublado
20260613_172405,273X-10,392,1,32295,2026-06-13T20:23:25Z,-23.498495,-46.376676,20.13,84,nublado
20260613_172405,273X-10,392,1,32293,2026-06-13T20:23:38Z,-23.4950305,-46.410520500000004,20.13,84,nublado
20260613_172405,273X-10,392,1,32515,2026-06-13T20:23:24Z,-23.522900874999998,-46.47532375,20.13,84,nublado
20260613_172405,273X-10,392,1,32969,2026-06-13T20:23:25Z,-23.498495,-46.376676,20.13,84,nublado
20260613_172405,175P-10,675,1,21788,2026-06-13T20:23:30Z,-23.53321175,-46.66163025,20.13,84,nublado
20260613_172405,175P-10,675,1,21620,2026-06-13T20:23:55Z,-23.53296925,-46.66436275,20.13,84,nublado
20260613_172405,175P-10,675,1,21581,2026-06-13T20:23:56Z,-23.500283875,-46.627802,20.13,84,nublado
20260613_172405,175P-10,675,1,21796,2026-06-13T20:23:59Z,-23.5863984375,-46.6361194375,20.13,84,nublado
20260613_172405,5185-10,34076,2,75442,2026-06-13T20:23:26Z,-23.66813,-46.735502499999996,20.13,84,nublado
20260613_172405,5185-10,34076,2,75503,2026-06-13T20:23:58Z,-23.667917,-46.7355005,20.13,84,nublado
20260613_172405,5185-10,34076,2,75456,2026-06-13T20:23:39Z,-23.5503985,-46.63575725,20.13,84,nublado
20260613_172405,5185-10,34076,2,75434,2026-06-13T20:23:43Z,-23.6683575,-46.7355065,20.13,84,nublado
20260613_172405,5185-10,34076,2,75443,2026-06-13T20:23:28Z,-23.606778,-46.652194,20.13,84,nublado
20260613_172405,5185-10,34076,2,75435,2026-06-13T20:23:40Z,-23.6571954375,-46.6958015,20.13,84,nublado
20260613_172405,2718-10,33699,2,45045,2026-06-13T20:23:35Z,-23.533648499999998,-46.5455135,20.13,84,nublado
20260613_172405,2718-10,33699,2,45157,2026-06-13T20:23:28Z,-23.511339999999997,-46.5509755,20.13,84,nublado
20260613_172405,2718-10,33699,2,45612,2026-06-13T20:23:42Z,-23.505453,-46.539921250000006,20.13,84,nublado
20260613_172405,2718-10,33699,2,45298,2026-06-13T20:23:37Z,-23.493536749999997,-46.500674,20.13,84,nublado
20260613_172405,2718-10,33699,2,45764,2026-06-13T20:23:32Z,-23.521649500000002,-46.54576,20.13,84,nublado
20260613_172405,6118-10,1188,1,66940,2026-06-13T20:23:49Z,-23.653856875,-46.71128025,20.13,84,nublado
20260613_172405,6118-10,1188,1,66795,2026-06-13T20:23:48Z,-23.752625000000002,-46.7028335,20.13,84,nublado
20260613_172405,6118-10,1188,1,66546,2026-06-13T20:24:00Z,-23.728912,-46.715287,20.13,84,nublado
20260613_172405,6118-10,1188,1,66865,2026-06-13T20:24:02Z,-23.672251,-46.7101245,20.13,84,nublado
20260613_172405,407H-10,2197,1,48364,2026-06-13T20:23:49Z,-23.57443175,-46.457264499999994,20.13,84,nublado
20260613_172405,407H-10,2197,1,48844,2026-06-13T20:23:39Z,-23.5655585,-46.4677395,20.13,84,nublado
20260613_172405,407H-10,2197,1,48305,2026-06-13T20:23:28Z,-23.54344725,-46.4692095,20.13,84,nublado
20260613_172405,407H-10,2197,1,48831,2026-06-13T20:23:20Z,-23.59687,-46.453597,20.13,84,nublado
20260613_172405,809D-10,34836,2,80402,2026-06-13T20:23:23Z,-23.602332750000002,-46.78700725,20.13,84,nublado
20260613_172405,809D-10,34836,2,80399,2026-06-13T20:23:22Z,-23.5690175,-46.7003135,20.13,84,nublado
20260613_172405,809D-10,34836,2,80050,2026-06-13T20:19:54Z,-23.586105500000002,-46.760078500000006,20.13,84,nublado
20260613_172405,6825-10,32782,2,72578,2026-06-13T20:23:46Z,-23.6738115,-46.7878465,20.13,84,nublado
20260613_172405,6813-10,32801,2,72776,2026-06-13T20:23:35Z,-23.658908500000003,-46.7658775,20.13,84,nublado
20260613_172405,6072-23,2004,1,66425,2026-06-13T20:23:46Z,-23.767591,-46.7163045,20.13,84,nublado
20260613_172405,6072-23,2004,1,66948,2026-06-13T20:23:25Z,-23.767591,-46.7163045,20.13,84,nublado
20260613_172405,3721-41,1693,1,47335,2026-06-13T20:24:04Z,-23.5636785,-46.5006755,20.13,84,nublado
20260613_172405,3721-41,1693,1,47076,2026-06-13T20:23:35Z,-23.551472875,-46.490797125,20.13,84,nublado
20260613_172405,3721-41,1693,1,47176,2026-06-13T20:24:04Z,-23.542051999999998,-46.482425,20.13,84,nublado
20260613_172405,3721-41,1693,1,47858,2026-06-13T20:23:53Z,-23.559476,-46.498516,20.13,84,nublado
20260613_172405,3721-41,1693,1,47095,2026-06-13T20:23:40Z,-23.542454999999997,-46.470183000000006,20.13,84,nublado
20260613_172405,576M-10,604,1,63367,2026-06-13T20:23:43Z,-23.5730925,-46.689340875,20.13,84,nublado
20260613_172405,576M-10,604,1,63365,2026-06-13T20:23:59Z,-23.598183249999998,-46.670643999999996,20.13,84,nublado
20260613_172405,775V-10,33243,2,80022,2026-06-13T20:23:21Z,-23.5755445,-46.765699999999995,20.13,84,nublado
20260613_172405,775V-10,33243,2,80077,2026-06-13T20:23:21Z,-23.57638,-46.7660295,20.13,84,nublado
20260613_172405,775V-10,33243,2,80286,2026-06-13T20:23:39Z,-23.570704875,-46.710043375,20.13,84,nublado
20260613_172405,775V-10,33243,2,80081,2026-06-13T20:23:39Z,-23.58491275,-46.67580649999999,20.13,84,nublado
20260613_172405,775V-10,33243,2,80397,2026-06-13T20:23:43Z,-23.57372,-46.733022500000004,20.13,84,nublado
20260613_172405,8030-10,35330,2,85764,2026-06-13T20:24:03Z,-23.61676025,-46.720957,20.13,84,nublado
20260613_172405,8030-10,35330,2,85752,2026-06-13T20:23:38Z,-23.6115353125,-46.727591,20.13,84,nublado
20260613_172405,8030-10,35330,2,85731,2026-06-13T20:23:34Z,-23.59371775,-46.73319225,20.13,84,nublado
20260613_172405,8030-10,35330,2,85732,2026-06-13T20:23:52Z,-23.5976815,-46.734302,20.13,84,nublado
20260613_172405,1702-10,846,1,25598,2026-06-13T20:23:40Z,-23.527362500000002,-46.6269225,20.13,84,nublado
20260613_172405,1702-10,846,1,25197,2026-06-13T20:23:41Z,-23.448546,-46.574882,20.13,84,nublado
20260613_172405,3098-31,1839,1,55239,2026-06-13T20:23:43Z,-23.6099975,-46.480098,20.13,84,nublado
20260613_172405,3054-10,975,1,47800,2026-06-13T20:23:32Z,-23.5965835,-46.495335,20.13,84,nublado
20260613_172405,3054-10,975,1,47561,2026-06-13T20:23:59Z,-23.596768500000003,-46.4565665,20.13,84,nublado
20260613_172405,3054-10,975,1,47566,2026-06-13T20:23:33Z,-23.610071749999996,-46.407892,20.13,84,nublado
20260613_172405,3054-10,975,1,47239,2026-06-13T20:24:00Z,-23.610071749999996,-46.407892,20.13,84,nublado
20260613_172405,139A-10,2451,1,16403,2026-06-13T20:23:33Z,-23.484487,-46.710192500000005,20.13,84,nublado
20260613_172405,139A-10,2451,1,16561,2026-06-13T20:23:19Z,-23.5065825,-46.7060185,20.13,84,nublado
20260613_172405,8006-10,1256,1,10481,2026-06-13T20:23:22Z,-23.44100675,-46.73360375,20.13,84,nublado
20260613_172405,8006-10,1256,1,10482,2026-06-13T20:23:23Z,-23.447023,-46.725087,20.13,84,nublado
20260613_172405,3902-10,34238,2,32298,2026-06-13T20:23:32Z,-23.541865,-46.4163455,20.13,84,nublado
20260613_172405,3902-10,34238,2,32136,2026-06-13T20:23:26Z,-23.485104,-46.384288999999995,20.13,84,nublado
20260613_172405,3902-10,34238,2,32215,2026-06-13T20:23:33Z,-23.506345000000003,-46.4041705,20.13,84,nublado
20260613_172405,3902-10,34238,2,32092,2026-06-13T20:23:31Z,-23.486299250000002,-46.377348999999995,20.13,84,nublado
20260613_172405,6022-10,1207,1,78888,2026-06-13T20:23:25Z,-23.686014,-46.770376,20.13,84,nublado
20260613_172405,6022-10,1207,1,78941,2026-06-13T20:23:23Z,-23.7005065,-46.781556,20.13,84,nublado
20260613_172405,6L04-10,1180,1,66848,2026-06-13T20:23:25Z,-23.865421,-46.760352499999996,20.13,84,nublado
20260613_172405,6L04-10,1180,1,66958,2026-06-13T20:23:49Z,-23.8275535,-46.729018499999995,20.13,84,nublado
20260613_172405,5034-10,1663,1,51447,2026-06-13T20:22:43Z,-23.612614,-46.600522749999996,20.13,84,nublado
20260613_172405,476A-10,33072,2,52117,2026-06-13T20:23:54Z,-23.579793000000002,-46.60527275,20.13,84,nublado
20260613_172405,476A-10,33072,2,52914,2026-06-13T20:23:54Z,-23.620487375000003,-46.681062125,20.13,84,nublado
20260613_172405,476A-10,33072,2,52935,2026-06-13T20:23:42Z,-23.62491625,-46.661489,20.13,84,nublado
20260613_172405,407T-10,2202,1,36153,2026-06-13T20:23:26Z,-23.542544499999998,-46.4716805,20.13,84,nublado
20260613_172405,407T-10,2202,1,36630,2026-06-13T20:23:37Z,-23.538669499999997,-46.4415705,20.13,84,nublado
20260613_172405,407T-10,2202,1,36508,2026-06-13T20:23:27Z,-23.538669499999997,-46.4415705,20.13,84,nublado
20260613_172405,517J-10,33897,2,68567,2026-06-13T20:23:31Z,-23.621601,-46.6980435,20.13,84,nublado
20260613_172405,517J-10,33897,2,68578,2026-06-13T20:23:36Z,-23.691917500000002,-46.658305999999996,20.13,84,nublado
20260613_172405,517J-10,33897,2,68570,2026-06-13T20:24:02Z,-23.6709055,-46.6690605,20.13,84,nublado
20260613_172405,517J-10,33897,2,68557,2026-06-13T20:23:25Z,-23.662989,-46.681357,20.13,84,nublado
20260613_172405,271M-10,684,1,22779,2026-06-13T20:23:35Z,-23.500974499999998,-46.587644,20.13,84,nublado
20260613_172405,271M-10,684,1,22856,2026-06-13T20:23:33Z,-23.511869,-46.567964,20.13,84,nublado
20260613_172405,271M-10,684,1,22850,2026-06-13T20:23:44Z,-23.5123275,-46.5656685,20.13,84,nublado
20260613_172405,2201-10,33677,2,36522,2026-06-13T20:23:51Z,-23.532569000000002,-46.394673,20.13,84,nublado
20260613_172405,2201-10,33677,2,36330,2026-06-13T20:23:48Z,-23.5344805,-46.4000855,20.13,84,nublado
20260613_172405,2201-10,33677,2,36333,2026-06-13T20:23:50Z,-23.533054999999997,-46.39453999999999,20.13,84,nublado
20260613_172405,1034-10,2452,1,16149,2026-06-13T20:23:31Z,-23.4831895,-46.708561,20.13,84,nublado
20260613_172405,879A-10,34365,2,22571,2026-06-13T20:23:45Z,-23.526818,-46.6660665,20.13,84,nublado
20260613_172405,4732-10,33070,2,51157,2026-06-13T20:23:12Z,-23.645327,-46.606733000000006,20.13,84,nublado
20260613_172405,4732-10,33070,2,51449,2026-06-13T20:23:32Z,-23.622114,-46.620519,20.13,84,nublado
20260613_172405,1025-10,2303,1,15052,2026-06-13T20:23:25Z,-23.457783999999997,-46.705163,20.13,84,nublado
20260613_172405,1025-10,2303,1,15011,2026-06-13T20:23:30Z,-23.47855175,-46.6953225,20.13,84,nublado
20260613_172405,1016-10,831,1,26239,2026-06-13T20:23:47Z,-23.455194499999998,-46.602939500000005,20.13,84,nublado
20260613_172405,1016-10,831,1,26293,2026-06-13T20:23:31Z,-23.4467025,-46.612065,20.13,84,nublado
20260613_172405,1016-10,831,1,26313,2026-06-13T20:23:48Z,-23.50478475,-46.61519475,20.13,84,nublado
20260613_172405,1016-10,831,1,26097,2026-06-13T20:23:19Z,-23.499868499999998,-46.61434775,20.13,84,nublado
20260613_172405,1016-10,831,1,26137,2026-06-13T20:23:24Z,-23.446737,-46.611729,20.13,84,nublado
20260613_172405,3732-10,33797,2,47100,2026-06-13T20:23:51Z,-23.543668000000004,-46.43458,20.13,84,nublado
20260613_172405,3732-10,33797,2,47691,2026-06-13T20:24:03Z,-23.540044,-46.4317305,20.13,84,nublado
20260613_172405,3732-10,33797,2,47053,2026-06-13T20:23:20Z,-23.553216,-46.4367655,20.13,84,nublado
20260613_172405,3732-10,33797,2,47605,2026-06-13T20:23:25Z,-23.551608,-46.4464465,20.13,84,nublado
20260613_172405,3732-10,33797,2,47663,2026-06-13T20:23:41Z,-23.5429995,-46.470884999999996,20.13,84,nublado
20260613_172405,6015-10,33973,2,78531,2026-06-13T20:24:01Z,-23.733976,-46.792629000000005,20.13,84,nublado
20260613_172405,6015-10,33973,2,78719,2026-06-13T20:21:03Z,-23.684307500000003,-46.770112749999996,20.13,84,nublado
20260613_172405,6015-10,33973,2,78572,2026-06-13T20:23:59Z,-23.678326,-46.762874,20.13,84,nublado
20260613_172405,6015-10,33973,2,78294,2026-06-13T20:23:58Z,-23.7013485,-46.7818795,20.13,84,nublado
20260613_172405,1896-10,35288,2,11795,2026-06-13T20:23:58Z,-23.516042,-46.698260000000005,20.13,84,nublado
20260613_172405,1896-10,35288,2,11793,2026-06-13T20:23:57Z,-23.483465000000002,-46.74076,20.13,84,nublado
20260613_172405,1896-10,35288,2,11811,2026-06-13T20:23:56Z,-23.5477505,-46.641476,20.13,84,nublado
20260613_172405,1896-10,35288,2,11794,2026-06-13T20:23:26Z,-23.44382975,-46.754130375,20.13,84,nublado
20260613_172405,6027-10,90,1,66133,2026-06-13T20:23:19Z,-23.7255765,-46.682815500000004,20.13,84,nublado
20260613_172405,6027-10,90,1,66129,2026-06-13T20:23:41Z,-23.70004375,-46.701075625,20.13,84,nublado
20260613_172405,6027-10,90,1,66599,2026-06-13T20:23:49Z,-23.654246999999998,-46.712731500000004,20.13,84,nublado
20260613_172405,7012-10,2043,1,78938,2026-06-13T20:23:21Z,-23.692511000000003,-46.7778525,20.13,84,nublado
20260613_172405,7012-10,2043,1,78903,2026-06-13T20:23:25Z,-23.673352,-46.745062000000004,20.13,84,nublado
20260613_172405,7012-10,2043,1,78913,2026-06-13T20:23:33Z,-23.7025615,-46.7741975,20.13,84,nublado
20260613_172405,6061-10,1150,1,66807,2026-06-13T20:23:39Z,-23.7817615,-46.681180499999996,20.13,84,nublado
20260613_172405,6061-10,1150,1,66760,2026-06-13T20:23:53Z,-23.763891,-46.68763075,20.13,84,nublado
20260613_172405,9023-10,34205,2,16428,2026-06-13T20:23:47Z,-23.4197105,-46.7166475,20.13,84,nublado
20260613_172405,9023-10,34205,2,16266,2026-06-13T20:23:26Z,-23.439149625000002,-46.708996125,20.13,84,nublado
20260613_172405,9023-10,34205,2,16565,2026-06-13T20:23:39Z,-23.44998,-46.7166715,20.13,84,nublado
20260613_172405,9023-10,34205,2,16093,2026-06-13T20:23:56Z,-23.487215,-46.726875,20.13,84,nublado
20260613_172405,9023-10,34205,2,16500,2026-06-13T20:23:19Z,-23.440936,-46.7117175,20.13,84,nublado
20260613_172405,9023-10,34205,2,16473,2026-06-13T20:23:20Z,-23.419693000000002,-46.716714,20.13,84,nublado
20260613_172405,9023-10,34205,2,16158,2026-06-13T20:22:38Z,-23.464154,-46.720971500000005,20.13,84,nublado
20260613_172405,8605-10,34685,2,75826,2026-06-13T20:23:32Z,-23.583625124999998,-46.7015405,20.13,84,nublado
20260613_172405,8605-10,34685,2,75822,2026-06-13T20:23:57Z,-23.604568,-46.745587,20.13,84,nublado
20260613_172405,8605-10,34685,2,75811,2026-06-13T20:23:34Z,-23.624658,-46.7646215,20.13,84,nublado
20260613_172405,2019-10,905,1,35753,2026-06-13T20:23:39Z,-23.52320125,-46.519215,20.13,84,nublado
20260613_172405,2019-10,905,1,35811,2026-06-13T20:23:32Z,-23.524735999999997,-46.545161,20.13,84,nublado
20260613_172405,2019-10,905,1,35104,2026-06-13T20:23:58Z,-23.530868124999998,-46.478264499999995,20.13,84,nublado
20260613_172405,2019-10,905,1,35771,2026-06-13T20:23:35Z,-23.524758499999997,-46.5450925,20.13,84,nublado
20260613_172405,1745-10,546,1,22935,2026-06-13T20:23:46Z,-23.502999,-46.624904,20.13,84,nublado
20260613_172405,1745-10,546,1,22506,2026-06-13T20:23:51Z,-23.4868825,-46.652715,20.13,84,nublado
20260613_172405,4706-10,299,1,51062,2026-06-13T20:23:57Z,-23.590986,-46.63185300000001,20.13,84,nublado
20260613_172405,4706-10,299,1,51445,2026-06-13T20:23:54Z,-23.636477,-46.599903,20.13,84,nublado
20260613_172405,4706-10,299,1,51424,2026-06-13T20:23:52Z,-23.6194045,-46.6087025,20.13,84,nublado
20260613_172405,4706-10,299,1,51452,2026-06-13T20:23:42Z,-23.653887,-46.602795,20.13,84,nublado
20260613_172405,6455-10,63,1,71232,2026-06-13T20:23:32Z,-23.63518,-46.691961500000005,20.13,84,nublado
20260613_172405,6455-10,63,1,71165,2026-06-13T20:24:04Z,-23.642553499999998,-46.739124000000004,20.13,84,nublado
20260613_172405,6455-10,63,1,71270,2026-06-13T20:23:29Z,-23.587708250000002,-46.65224925,20.13,84,nublado
20260613_172405,3741-10,33809,2,47570,2026-06-13T20:23:23Z,-23.5425125,-46.4488915,20.13,84,nublado
20260613_172405,3741-10,33809,2,47159,2026-06-13T20:23:37Z,-23.5424215,-46.470960500000004,20.13,84,nublado
20260613_172405,3741-10,33809,2,47832,2026-06-13T20:23:41Z,-23.54970575,-46.449575875,20.13,84,nublado
20260613_172405,3741-10,33809,2,47139,2026-06-13T20:23:58Z,-23.551655500000003,-46.46268225,20.13,84,nublado
20260613_172405,8043-10,33175,2,10433,2026-06-13T20:23:54Z,-23.475496999999997,-46.7565585,20.13,84,nublado
20260613_172405,8043-10,33175,2,10437,2026-06-13T20:23:37Z,-23.507207,-46.7441735,20.13,84,nublado
20260613_172405,475M-10,343,1,52208,2026-06-13T20:23:36Z,-23.5625135,-46.6451265,20.13,84,nublado
20260613_172405,475M-10,343,1,52005,2026-06-13T20:23:56Z,-23.60332975,-46.61474825,20.13,84,nublado
20260613_172405,748A-41,499,1,80087,2026-06-13T20:23:21Z,-23.5975835,-46.7639055,20.13,84,nublado
20260613_172405,748A-41,499,1,80143,2026-06-13T20:23:29Z,-23.5502831875,-46.7392525625,20.13,84,nublado
20260613_172405,748A-41,499,1,80363,2026-06-13T20:23:57Z,-23.5241465,-46.705615,20.13,84,nublado
20260613_172405,8075-21,35305,2,81270,2026-06-13T20:23:46Z,-23.631173750000002,-46.77117525,20.13,84,nublado
20260613_172405,8075-21,35305,2,81280,2026-06-13T20:23:35Z,-23.6313825,-46.77286,20.13,84,nublado
20260613_172405,8075-21,35305,2,81320,2026-06-13T20:23:43Z,-23.628853499999998,-46.7685075,20.13,84,nublado
20260613_172405,6062-10,33919,2,66173,2026-06-13T20:23:27Z,-23.7350135,-46.6888365,20.13,84,nublado
20260613_172405,6062-10,33919,2,66330,2026-06-13T20:23:39Z,-23.737220375,-46.69698375,20.13,84,nublado
20260613_172405,407R-10,34969,2,48221,2026-06-13T20:23:29Z,-23.558814499999997,-46.567691499999995,20.13,84,nublado
20260613_172405,407R-10,34969,2,48875,2026-06-13T20:23:51Z,-23.564342500000002,-46.547903000000005,20.13,84,nublado
20260613_172405,9008-10,875,1,16201,2026-06-13T20:23:17Z,-23.442132625,-46.706932125,20.13,84,nublado
20260613_172405,9008-10,875,1,16072,2026-06-13T20:23:54Z,-23.4672795,-46.6785435,20.13,84,nublado
20260613_172405,9008-10,875,1,16348,2026-06-13T20:23:48Z,-23.433643500000002,-46.71458,20.13,84,nublado
20260613_172405,9008-10,875,1,16684,2026-06-13T20:24:02Z,-23.427475,-46.7146125,20.13,84,nublado
20260613_172405,9008-10,875,1,16443,2026-06-13T20:23:18Z,-23.45903275,-46.689771875,20.13,84,nublado
20260613_172405,2772-10,33166,2,32236,2026-06-13T20:23:57Z,-23.530029499999998,-46.528456000000006,20.13,84,nublado
20260613_172405,2772-10,33166,2,32070,2026-06-13T20:23:58Z,-23.510364000000003,-46.498186000000004,20.13,84,nublado
20260613_172405,2772-10,33166,2,32059,2026-06-13T20:23:29Z,-23.49173,-46.44601225,20.13,84,nublado
20260613_172405,948A-10,1423,1,10208,2026-06-13T20:23:49Z,-23.525734,-46.6719775,20.13,84,nublado
20260613_172405,948A-10,1423,1,10207,2026-06-13T20:23:22Z,-23.4961375,-46.7288515,20.13,84,nublado
20260613_172405,607M-10,34804,2,61413,2026-06-13T20:23:53Z,-23.65045875,-46.704966999999996,20.13,84,nublado
20260613_172405,607M-10,34804,2,61448,2026-06-13T20:23:47Z,-23.697293000000002,-46.7014595,20.13,84,nublado
20260613_172405,607M-10,34804,2,61402,2026-06-13T20:23:17Z,-23.613464999999998,-46.695501,20.13,84,nublado
20260613_172405,8007-10,1257,1,10600,2026-06-13T20:23:25Z,-23.475068,-46.7397665,20.13,84,nublado
20260613_172405,4312-10,2172,1,3211,2026-06-13T20:23:56Z,-23.54645675,-46.629903999999996,20.13,84,nublado
20260613_172405,4312-10,2172,1,31717,2026-06-13T20:23:26Z,-23.565371499999998,-46.494893,20.13,84,nublado
20260613_172405,4312-10,2172,1,31722,2026-06-13T20:23:45Z,-23.537625999999996,-46.56210568750001,20.13,84,nublado
20260613_172405,2016-10,33670,2,35736,2026-06-13T20:23:50Z,-23.49629925,-46.392557999999994,20.13,84,nublado
20260613_172405,2016-10,33670,2,35941,2026-06-13T20:23:47Z,-23.503359250000003,-46.375994750000004,20.13,84,nublado
20260613_172405,2016-10,33670,2,35712,2026-06-13T20:23:51Z,-23.503359250000003,-46.375994750000004,20.13,84,nublado
20260613_172405,2016-10,33670,2,35733,2026-06-13T20:23:32Z,-23.494436,-46.4243585,20.13,84,nublado
20260613_172405,4727-10,340,1,51317,2026-06-13T20:23:53Z,-23.6276175,-46.619161000000005,20.13,84,nublado
20260613_172405,4051-10,34912,2,36133,2026-06-13T20:23:39Z,-23.561616,-46.401831,20.13,84,nublado
20260613_172405,917M-10,1366,1,12685,2026-06-13T20:23:31Z,-23.471259500000002,-46.706211499999995,20.13,84,nublado
20260613_172405,917M-10,1366,1,12609,2026-06-13T20:24:02Z,-23.506715,-46.6690395,20.13,84,nublado
20260613_172405,5145-10,1641,1,52017,2026-06-13T20:23:35Z,-23.558390000000003,-46.636261000000005,20.13,84,nublado
20260613_172405,5145-10,1641,1,52065,2026-06-13T20:23:44Z,-23.5838235,-46.532953000000006,20.13,84,nublado
20260613_172405,2762-10,144,1,31752,2026-06-13T20:23:39Z,-23.533634749999997,-46.57560125,20.13,84,nublado
20260613_172405,2762-10,144,1,31747,2026-06-13T20:24:01Z,-23.493043,-46.480136,20.13,84,nublado
20260613_172405,2762-10,144,1,31630,2026-06-13T20:23:57Z,-23.486059500000003,-46.476583000000005,20.13,84,nublado
20260613_172405,8086-10,2621,1,82647,2026-06-13T20:23:34Z,-23.5390135,-46.753419,20.13,84,nublado
20260613_172405,8086-10,2621,1,82780,2026-06-13T20:23:38Z,-23.5390135,-46.753419,20.13,84,nublado
20260613_172405,6056-10,1147,1,66159,2026-06-13T20:23:22Z,-23.7451125,-46.707049999999995,20.13,84,nublado
20260613_172405,6056-10,1147,1,66529,2026-06-13T20:23:20Z,-23.7632635,-46.697452,20.13,84,nublado
20260613_172405,6056-10,1147,1,66756,2026-06-13T20:23:31Z,-23.75823175,-46.70957475,20.13,84,nublado
20260613_172405,3206-10,34880,2,32603,2026-06-13T20:23:21Z,-23.514894499999997,-46.544959,20.13,84,nublado
20260613_172405,6412-10,770,1,85828,2026-06-13T20:24:05Z,-23.582347249999998,-46.67043650000001,20.13,84,nublado
20260613_172405,6412-10,770,1,85851,2026-06-13T20:23:51Z,-23.6173735,-46.706605999999994,20.13,84,nublado
20260613_172405,6412-10,770,1,85842,2026-06-13T20:23:51Z,-23.569029875,-46.65027825,20.13,84,nublado
20260613_172405,6412-10,770,1,85839,2026-06-13T20:23:36Z,-23.60200975,-46.679798000000005,20.13,84,nublado
20260613_172405,6412-10,770,1,85794,2026-06-13T20:23:33Z,-23.617671,-46.7210095,20.13,84,nublado
20260613_172405,2032-10,35034,2,22525,2026-06-13T20:23:47Z,-23.498869375,-46.609831625,20.13,84,nublado
20260613_172405,2032-10,35034,2,22644,2026-06-13T20:23:34Z,-23.484455,-46.57345,20.13,84,nublado
20260613_172405,9162-10,34133,2,13527,2026-06-13T20:23:29Z,-23.4744175,-46.666683,20.13,84,nublado
20260613_172405,9162-10,34133,2,13640,2026-06-13T20:23:51Z,-23.476771499999998,-46.6636735,20.13,84,nublado
20260613_172405,6072-10,1588,1,66311,2026-06-13T20:23:57Z,-23.827404,-46.697334,20.13,84,nublado
20260613_172405,6072-10,1588,1,66810,2026-06-13T20:23:56Z,-23.813719,-46.707876999999996,20.13,84,nublado
20260613_172405,6072-10,1588,1,66029,2026-06-13T20:23:28Z,-23.77712675,-46.717968,20.13,84,nublado
20260613_172405,6072-10,1588,1,66284,2026-06-13T20:23:45Z,-23.827404,-46.697334,20.13,84,nublado
20260613_172405,6072-10,1588,1,66200,2026-06-13T20:23:40Z,-23.7665845,-46.7163125,20.13,84,nublado
20260613_172405,2767-10,241,1,31743,2026-06-13T20:23:36Z,-23.50824975,-46.493807000000004,20.13,84,nublado
20260613_172405,2767-10,241,1,31744,2026-06-13T20:23:21Z,-23.5301775,-46.55544449999999,20.13,84,nublado
20260613_172405,807P-10,34867,2,85736,2026-06-13T20:24:02Z,-23.6181975,-46.721366,20.13,84,nublado
20260613_172405,807P-10,34867,2,85773,2026-06-13T20:23:24Z,-23.6515535,-46.717978,20.13,84,nublado
20260613_172405,807P-10,34867,2,85759,2026-06-13T20:23:36Z,-23.6380955,-46.72701625,20.13,84,nublado
20260613_172405,807P-10,34867,2,85760,2026-06-13T20:23:55Z,-23.618059,-46.721254,20.13,84,nublado
20260613_172405,273N-10,390,1,32170,2026-06-13T20:23:30Z,-23.508437,-46.429308,20.13,84,nublado
20260613_172405,273N-10,390,1,32161,2026-06-13T20:23:21Z,-23.531472,-46.5291255,20.13,84,nublado
20260613_172405,273N-10,390,1,32153,2026-06-13T20:23:52Z,-23.503677624999998,-46.39044975,20.13,84,nublado
20260613_172405,2726-10,940,1,35716,2026-06-13T20:23:54Z,-23.5223105,-46.5376125,20.13,84,nublado
20260613_172405,2726-10,940,1,35975,2026-06-13T20:23:51Z,-23.510398000000002,-46.5042935,20.13,84,nublado
20260613_172405,2726-10,940,1,35765,2026-06-13T20:23:30Z,-23.5292215,-46.545204,20.13,84,nublado
20260613_172405,2726-10,940,1,35991,2026-06-13T20:23:25Z,-23.512059,-46.4871185,20.13,84,nublado
20260613_172405,2008-10,897,1,36076,2026-06-13T20:23:53Z,-23.505883,-46.3961795,20.13,84,nublado
20260613_172405,2008-10,897,1,36079,2026-06-13T20:23:41Z,-23.51992775,-46.38713175,20.13,84,nublado
20260613_172405,2008-10,897,1,36044,2026-06-13T20:23:28Z,-23.4941885,-46.400822,20.13,84,nublado
20260613_172405,3112-10,33848,2,55026,2026-06-13T20:23:45Z,-23.583319,-46.5485525,20.13,84,nublado
20260613_172405,3112-10,33848,2,55106,2026-06-13T20:24:03Z,-23.594798500000003,-46.54357,20.13,84,nublado
20260613_172405,3112-10,33848,2,55227,2026-06-13T20:23:29Z,-23.5838735,-46.584436999999994,20.13,84,nublado
20260613_172405,3112-10,33848,2,55403,2026-06-13T20:23:55Z,-23.5406325,-46.594950499999996,20.13,84,nublado
20260613_172405,3112-10,33848,2,55545,2026-06-13T20:23:35Z,-23.56362,-46.5971825,20.13,84,nublado
20260613_172405,372F-10,1015,1,47319,2026-06-13T20:24:02Z,-23.54634425,-46.60539125,20.13,84,nublado
20260613_172405,372F-10,1015,1,47141,2026-06-13T20:23:45Z,-23.546568,-46.605794,20.13,84,nublado
20260613_172405,3001-10,1650,1,32947,2026-06-13T20:23:25Z,-23.4949755,-46.42823975,20.13,84,nublado
20260613_172405,6074-10,1161,1,66803,2026-06-13T20:23:47Z,-23.75487275,-46.66714025,20.13,84,nublado
20260613_172405,6074-10,1161,1,66984,2026-06-13T20:23:55Z,-23.750163,-46.6880175,20.13,84,nublado
20260613_172405,6074-10,1161,1,66616,2026-06-13T20:24:02Z,-23.701860125000003,-46.701362125,20.13,84,nublado
20260613_172405,6074-10,1161,1,66972,2026-06-13T20:23:53Z,-23.70004375,-46.701075625,20.13,84,nublado
20260613_172405,6L03-10,34333,2,66930,2026-06-13T20:23:59Z,-23.8390445,-46.7379185,20.13,84,nublado
20260613_172405,978L-10,33234,2,11707,2026-06-13T20:23:56Z,-23.4976185,-46.6761645,20.13,84,nublado
20260613_172405,978L-10,33234,2,11708,2026-06-13T20:23:22Z,-23.531226250000003,-46.659214500000004,20.13,84,nublado
20260613_172405,978L-10,33234,2,11711,2026-06-13T20:23:22Z,-23.481932999999998,-46.673136,20.13,84,nublado
20260613_172405,1745-10,33314,2,22946,2026-06-13T20:23:33Z,-23.508278249999996,-46.6247975,20.13,84,nublado
20260613_172405,1745-10,33314,2,22901,2026-06-13T20:23:57Z,-23.472706000000002,-46.6658635,20.13,84,nublado
20260613_172405,1745-10,33314,2,22951,2026-06-13T20:23:30Z,-23.472921,-46.665794000000005,20.13,84,nublado
20260613_172405,1745-10,33314,2,22931,2026-06-13T20:23:54Z,-23.474145,-46.653328,20.13,84,nublado
20260613_172405,1745-10,33314,2,22903,2026-06-13T20:23:49Z,-23.500099374999998,-46.636344625,20.13,84,nublado
20260613_172405,5110-10,2209,1,52704,2026-06-13T20:23:48Z,-23.546896,-46.629020999999995,20.13,84,nublado
20260613_172405,5110-10,2209,1,52745,2026-06-13T20:24:01Z,-23.602283625,-46.521467125,20.13,84,nublado
20260613_172405,5110-10,2209,1,52856,2026-06-13T20:23:24Z,-23.5816535,-46.559964,20.13,84,nublado
20260613_172405,5110-10,2209,1,52716,2026-06-13T20:23:52Z,-23.5825985,-46.5662145,20.13,84,nublado
20260613_172405,5110-10,2209,1,52719,2026-06-13T20:23:42Z,-23.601111500000002,-46.526644000000005,20.13,84,nublado
20260613_172405,6803-10,29,1,72771,2026-06-13T20:23:56Z,-23.649556750000002,-46.741181625,20.13,84,nublado
20260613_172405,6803-10,29,1,72820,2026-06-13T20:23:44Z,-23.658856999999998,-46.74984275,20.13,84,nublado
20260613_172405,775A-10,33241,2,80115,2026-06-13T20:23:48Z,-23.574087499999997,-46.735716499999995,20.13,84,nublado
20260613_172405,775A-10,473,1,80274,2026-06-13T20:24:01Z,-23.570447,-46.691294,20.13,84,nublado
20260613_172405,775A-10,473,1,80276,2026-06-13T20:23:41Z,-23.5626215,-46.764761,20.13,84,nublado
20260613_172405,6414-10,360,1,76088,2026-06-13T20:23:58Z,-23.5988755,-46.6738285,20.13,84,nublado
20260613_172405,6414-10,360,1,76929,2026-06-13T20:23:35Z,-23.612699499999998,-46.695493,20.13,84,nublado
20260613_172405,6414-10,360,1,76044,2026-06-13T20:23:27Z,-23.549216,-46.640741500000004,20.13,84,nublado
20260613_172405,8009-31,34028,2,10651,2026-06-13T20:23:33Z,-23.4570655,-46.744737,20.13,84,nublado
20260613_172405,7272-10,1333,1,82703,2026-06-13T20:23:46Z,-23.549836499999998,-46.65359025000001,20.13,84,nublado
20260613_172405,5105-10,1651,1,52867,2026-06-13T20:24:00Z,-23.561717,-46.6125175,20.13,84,nublado
20260613_172405,5105-10,1651,1,52868,2026-06-13T20:23:52Z,-23.5866,-46.598372,20.13,84,nublado
20260613_172405,1767-10,33396,2,22722,2026-06-13T20:23:57Z,-23.4735285,-46.5655225,20.13,84,nublado
20260613_172405,1767-10,33396,2,22497,2026-06-13T20:23:46Z,-23.467895,-46.584211499999995,20.13,84,nublado
20260613_172405,6804-10,32798,2,72008,2026-06-13T20:23:48Z,-23.641861499999997,-46.7426555,20.13,84,nublado
20260613_172405,6804-10,32798,2,72010,2026-06-13T20:23:57Z,-23.635806000000002,-46.748086,20.13,84,nublado
20260613_172405,1021-10,33601,2,16444,2026-06-13T20:23:36Z,-23.4474865,-46.708942,20.13,84,nublado
20260613_172405,1021-10,33601,2,16461,2026-06-13T20:23:23Z,-23.486517,-46.7267185,20.13,84,nublado
20260613_172405,1021-10,33601,2,16523,2026-06-13T20:23:37Z,-23.460732999999998,-46.716093,20.13,84,nublado
20260613_172405,2026-10,35037,2,22843,2026-06-13T20:23:57Z,-23.518337000000002,-46.567297249999996,20.13,84,nublado
20260613_172405,8014-10,33569,2,16156,2026-06-13T20:23:25Z,-23.446182,-46.7890905,20.13,84,nublado
20260613_172405,8014-10,33569,2,16073,2026-06-13T20:23:42Z,-23.4406825,-46.790133,20.13,84,nublado
20260613_172405,8014-10,33569,2,16174,2026-06-13T20:23:17Z,-23.41294575,-46.777345499999996,20.13,84,nublado
20260613_172405,8014-10,33569,2,16504,2026-06-13T20:23:29Z,-23.404948,-46.746728000000004,20.13,84,nublado
20260613_172405,8014-10,33569,2,16624,2026-06-13T20:23:28Z,-23.430629500000002,-46.788539,20.13,84,nublado
20260613_172405,4221-10,33093,2,51135,2026-06-13T20:23:24Z,-23.60887425,-46.514239,20.13,84,nublado
20260613_172405,4221-10,33093,2,51140,2026-06-13T20:23:23Z,-23.5464985,-46.6302265,20.13,84,nublado
20260613_172405,4221-10,33093,2,51124,2026-06-13T20:23:52Z,-23.60887425,-46.514239,20.13,84,nublado
20260613_172405,425E-10,34404,2,51048,2026-06-13T20:23:45Z,-23.612118000000002,-46.47348,20.13,84,nublado
20260613_172405,9019-10,34201,2,16378,2026-06-13T20:23:38Z,-23.474788,-46.714447500000006,20.13,84,nublado
20260613_172405,9019-10,34201,2,16312,2026-06-13T20:23:38Z,-23.4838895,-46.722545499999995,20.13,84,nublado
20260613_172405,9019-10,34201,2,16229,2026-06-13T20:23:18Z,-23.4552975,-46.7103295,20.13,84,nublado
20260613_172405,9019-10,34201,2,16172,2026-06-13T20:23:31Z,-23.464267,-46.7140805,20.13,84,nublado
20260613_172405,9019-10,34201,2,16007,2026-06-13T20:23:32Z,-23.459227,-46.7133795,20.13,84,nublado
20260613_172405,8004-10,34022,2,10590,2026-06-13T20:23:59Z,-23.51828,-46.7033565,20.13,84,nublado
20260613_172405,8004-10,34022,2,10586,2026-06-13T20:23:22Z,-23.4795205,-46.7463895,20.13,84,nublado
20260613_172405,778R-10,33277,2,81262,2026-06-13T20:23:42Z,-23.585302249999998,-46.76430725,20.13,84,nublado
20260613_172405,778R-10,33277,2,81522,2026-06-13T20:23:39Z,-23.553131125,-46.65982025,20.13,84,nublado
20260613_172405,778R-10,33277,2,81520,2026-06-13T20:23:31Z,-23.53610075,-46.6460565,20.13,84,nublado
20260613_172405,364A-10,34014,2,55231,2026-06-13T20:23:58Z,-23.561155999999997,-46.509019499999994,20.13,84,nublado
20260613_172405,364A-10,34014,2,55385,2026-06-13T20:23:29Z,-23.5726805,-46.505136125,20.13,84,nublado
20260613_172405,364A-10,34014,2,55477,2026-06-13T20:23:51Z,-23.6115875,-46.504266,20.13,84,nublado
20260613_172405,5107-10,1659,1,52829,2026-06-13T20:23:48Z,-23.5482845,-46.6262175,20.13,84,nublado
20260613_172405,5107-10,1659,1,52151,2026-06-13T20:23:33Z,-23.602812,-46.60224,20.13,84,nublado
20260613_172405,1705-10,33617,2,26088,2026-06-13T20:23:44Z,-23.4452475,-46.5899275,20.13,84,nublado
20260613_172405,1705-10,33617,2,26324,2026-06-13T20:23:55Z,-23.434339,-46.58389525,20.13,84,nublado
20260613_172405,1705-10,33617,2,26492,2026-06-13T20:23:52Z,-23.4347015,-46.584086,20.13,84,nublado
20260613_172405,1705-10,33617,2,26399,2026-06-13T20:23:30Z,-23.4452475,-46.5899275,20.13,84,nublado
20260613_172405,1705-10,33617,2,26164,2026-06-13T20:23:59Z,-23.4347015,-46.584086,20.13,84,nublado
20260613_172405,1705-10,33617,2,26155,2026-06-13T20:23:54Z,-23.4802525,-46.602515,20.13,84,nublado
20260613_172405,1705-10,33617,2,26507,2026-06-13T20:23:39Z,-23.476693500000003,-46.6043595,20.13,84,nublado
20260613_172405,1705-10,33617,2,26153,2026-06-13T20:24:01Z,-23.456816,-46.593374499999996,20.13,84,nublado
20260613_172405,2724-10,33706,2,45176,2026-06-13T20:23:42Z,-23.522100000000002,-46.47043875,20.13,84,nublado
20260613_172405,2724-10,33706,2,45023,2026-06-13T20:23:20Z,-23.540395,-46.4831425,20.13,84,nublado
20260613_172405,2724-10,33706,2,45145,2026-06-13T20:23:51Z,-23.5405225,-46.4830415,20.13,84,nublado
20260613_172405,2724-10,33706,2,45178,2026-06-13T20:23:29Z,-23.5401805,-46.483284,20.13,84,nublado
20260613_172405,4028-10,1098,1,55548,2026-06-13T20:23:56Z,-23.5931925,-46.489129500000004,20.13,84,nublado
20260613_172405,4028-10,1098,1,55245,2026-06-13T20:24:03Z,-23.6252705,-46.463645,20.13,84,nublado
20260613_172405,776M-10,35448,2,76944,2026-06-13T20:23:21Z,-23.6135845,-46.694920499999995,20.13,84,nublado
20260613_172405,9020-10,34202,2,16099,2026-06-13T20:23:45Z,-23.468928499999997,-46.7213345,20.13,84,nublado
20260613_172405,9020-10,34202,2,16055,2026-06-13T20:23:54Z,-23.4685845,-46.721347,20.13,84,nublado
20260613_172405,9020-10,34202,2,16593,2026-06-13T20:23:33Z,-23.482669,-46.721083,20.13,84,nublado
20260613_172405,2722-31,33704,2,45496,2026-06-13T20:23:19Z,-23.5287615,-46.516549499999996,20.13,84,nublado
20260613_172405,2722-31,33704,2,45276,2026-06-13T20:23:36Z,-23.487179249999997,-46.487089999999995,20.13,84,nublado
20260613_172405,2722-31,33704,2,45260,2026-06-13T20:23:41Z,-23.518513499999997,-46.509496,20.13,84,nublado
20260613_172405,1896-10,2520,1,11796,2026-06-13T20:23:48Z,-23.524961,-46.695076875,20.13,84,nublado
20260613_172405,1896-10,2520,1,11792,2026-06-13T20:23:55Z,-23.47055625,-46.744339499999995,20.13,84,nublado
20260613_172405,6500-10,46,1,71022,2026-06-13T20:23:23Z,-23.63577325,-46.694183125,20.13,84,nublado
20260613_172405,6500-10,46,1,71035,2026-06-13T20:24:04Z,-23.6542185,-46.7095555,20.13,84,nublado
20260613_172405,6500-10,46,1,71028,2026-06-13T20:23:47Z,-23.62766125,-46.68821275,20.13,84,nublado
20260613_172405,7272-10,34101,2,82625,2026-06-13T20:23:46Z,-23.547447,-46.689037,20.13,84,nublado
20260613_172405,7272-10,34101,2,82622,2026-06-13T20:23:58Z,-23.517776,-46.707339,20.13,84,nublado
20260613_172405,4210-10,34938,2,31854,2026-06-13T20:23:33Z,-23.583026,-46.408417,20.13,84,nublado
20260613_172405,4210-10,34938,2,31240,2026-06-13T20:23:37Z,-23.5940205,-46.466418000000004,20.13,84,nublado
20260613_172405,4210-10,34938,2,31856,2026-06-13T20:23:55Z,-23.5830225,-46.4086875,20.13,84,nublado
20260613_172405,4210-10,34938,2,31860,2026-06-13T20:23:31Z,-23.55057975,-46.523681249999996,20.13,84,nublado
20260613_172405,4210-10,34938,2,31861,2026-06-13T20:24:02Z,-23.5987515,-46.4645435,20.13,84,nublado
20260613_172405,4210-10,34938,2,31238,2026-06-13T20:23:51Z,-23.5473415,-46.629296499999995,20.13,84,nublado
20260613_172405,4210-10,34938,2,31851,2026-06-13T20:23:42Z,-23.536562749999998,-46.5887755,20.13,84,nublado
20260613_172405,6913-10,1465,1,61324,2026-06-13T20:23:31Z,-23.647313687500002,-46.7021901875,20.13,84,nublado
20260613_172405,6913-10,1465,1,61664,2026-06-13T20:23:58Z,-23.60480275,-46.675094,20.13,84,nublado
20260613_172405,6913-10,1465,1,61656,2026-06-13T20:23:29Z,-23.732944250000003,-46.69802625,20.13,84,nublado
20260613_172405,6913-10,1465,1,61316,2026-06-13T20:23:50Z,-23.767560000000003,-46.7161905,20.13,84,nublado
20260613_172405,6913-10,1465,1,61067,2026-06-13T20:23:21Z,-23.767560000000003,-46.7161905,20.13,84,nublado
20260613_172405,6913-10,1465,1,61328,2026-06-13T20:24:02Z,-23.571635625,-46.663754624999996,20.13,84,nublado
20260613_172405,6913-10,1465,1,61333,2026-06-13T20:23:37Z,-23.68867025,-46.714552999999995,20.13,84,nublado
20260613_172405,6913-10,1465,1,61355,2026-06-13T20:23:42Z,-23.767560000000003,-46.7161905,20.13,84,nublado
20260613_172405,6039-10,33985,2,78668,2026-06-13T20:23:20Z,-23.685625,-46.80100575,20.13,84,nublado
20260613_172405,6039-10,33985,2,78565,2026-06-13T20:23:30Z,-23.682509500000002,-46.797295000000005,20.13,84,nublado
20260613_172405,746K-10,787,1,85748,2026-06-13T20:23:41Z,-23.6181445,-46.702068499999996,20.13,84,nublado
20260613_172405,7060-10,34657,2,72775,2026-06-13T20:23:51Z,-23.65160925,-46.7786245,20.13,84,nublado
20260613_172405,7060-10,34657,2,72582,2026-06-13T20:23:25Z,-23.685482999999998,-46.800789249999994,20.13,84,nublado
20260613_172405,6043-10,1220,1,78943,2026-06-13T20:24:02Z,-23.652874,-46.7341555,20.13,84,nublado
20260613_172405,6043-10,1220,1,78932,2026-06-13T20:23:38Z,-23.654758,-46.75472925,20.13,84,nublado
20260613_172405,1738-10,33440,2,26078,2026-06-13T20:24:03Z,-23.482003499999998,-46.6035885,20.13,84,nublado
20260613_172405,1738-10,33440,2,26139,2026-06-13T20:23:21Z,-23.493678875,-46.603083874999996,20.13,84,nublado
20260613_172405,1738-10,33440,2,26229,2026-06-13T20:23:48Z,-23.483413,-46.606587749999996,20.13,84,nublado
20260613_172405,1738-10,33440,2,26273,2026-06-13T20:23:25Z,-23.4735475,-46.581099,20.13,84,nublado
20260613_172405,2012-10,35049,2,22620,2026-06-13T20:23:43Z,-23.4884535,-46.582411,20.13,84,nublado
20260613_172405,2012-10,35049,2,22650,2026-06-13T20:23:27Z,-23.507390875,-46.601578625,20.13,84,nublado
20260613_172405,2076-10,33136,2,32691,2026-06-13T20:23:26Z,-23.4925435,-46.388335,20.13,84,nublado
20260613_172405,2076-10,33136,2,32510,2026-06-13T20:23:49Z,-23.5037935,-46.379870499999996,20.13,84,nublado
20260613_172405,2076-10,33136,2,32508,2026-06-13T20:23:25Z,-23.4977945,-46.456711,20.13,84,nublado
20260613_172405,2076-10,33136,2,32165,2026-06-13T20:23:49Z,-23.52002425,-46.52463675,20.13,84,nublado
20260613_172405,5107-10,34427,2,52147,2026-06-13T20:23:36Z,-23.579863125,-46.606150875,20.13,84,nublado
20260613_172405,5107-10,34427,2,52152,2026-06-13T20:23:38Z,-23.579624000000003,-46.603175,20.13,84,nublado
20260613_172405,5107-10,34427,2,52149,2026-06-13T20:23:54Z,-23.5526465,-46.627396000000005,20.13,84,nublado
20260613_172405,N302-11,2336,1,31628,2026-06-13T20:23:48Z,-23.518318999999998,-46.4758545,20.13,84,nublado
20260613_172405,4724-10,34828,2,45337,2026-06-13T20:24:02Z,-23.543046,-46.504272,20.13,84,nublado
20260613_172405,8038-10,797,1,86005,2026-06-13T20:23:36Z,-23.531276249999998,-46.732145875,20.13,84,nublado
20260613_172405,8038-10,797,1,86117,2026-06-13T20:23:36Z,-23.547981999999998,-46.756373499999995,20.13,84,nublado
20260613_172405,8038-10,797,1,86076,2026-06-13T20:23:48Z,-23.546023499999997,-46.7457335,20.13,84,nublado
20260613_172405,675L-10,1478,1,73964,2026-06-13T20:23:33Z,-23.6074085,-46.665693000000005,20.13,84,nublado
20260613_172405,208M-10,35246,2,21006,2026-06-13T20:23:39Z,-23.55223,-46.675166125,20.13,84,nublado
20260613_172405,208M-10,35246,2,21002,2026-06-13T20:23:58Z,-23.502432499999998,-46.6235935,20.13,84,nublado
20260613_172405,208M-10,35246,2,21007,2026-06-13T20:23:32Z,-23.526713,-46.665585,20.13,84,nublado
20260613_172405,208M-10,35246,2,21238,2026-06-13T20:23:55Z,-23.5495615,-46.67466,20.13,84,nublado
20260613_172405,847J-10,1342,1,10224,2026-06-13T20:23:28Z,-23.446703499999998,-46.7278005,20.13,84,nublado
20260613_172405,847J-10,1342,1,10226,2026-06-13T20:23:47Z,-23.541971,-46.7307395,20.13,84,nublado
20260613_172405,2031-10,33135,2,32096,2026-06-13T20:23:29Z,-23.504323,-46.37892325,20.13,84,nublado
20260613_172405,2031-10,33135,2,32104,2026-06-13T20:23:58Z,-23.5177465,-46.4752005,20.13,84,nublado
20260613_172405,5106-21,34740,2,63201,2026-06-13T20:23:21Z,-23.615295125000003,-46.64965624999999,20.13,84,nublado
20260613_172405,5106-21,34740,2,63198,2026-06-13T20:23:48Z,-23.6767575,-46.628047499999994,20.13,84,nublado
20260613_172405,5106-21,34740,2,63122,2026-06-13T20:23:46Z,-23.616033875000003,-46.649355875,20.13,84,nublado
20260613_172405,5106-21,34740,2,63112,2026-06-13T20:23:47Z,-23.692269500000002,-46.6445845,20.13,84,nublado
20260613_172405,5106-21,34740,2,63196,2026-06-13T20:23:58Z,-23.6852145,-46.653948,20.13,84,nublado
20260613_172405,5106-21,34740,2,63015,2026-06-13T20:24:03Z,-23.5949135,-46.6898645,20.13,84,nublado
20260613_172405,5036-10,1666,1,51017,2026-06-13T20:23:30Z,-23.6246865,-46.6017325,20.13,84,nublado
20260613_172405,5035-10,1668,1,55414,2026-06-13T20:23:36Z,-23.631518999999997,-46.58502,20.13,84,nublado
20260613_172405,5128-10,33896,2,68117,2026-06-13T20:23:32Z,-23.64599175,-46.64096275,20.13,84,nublado
20260613_172405,5128-10,33896,2,68097,2026-06-13T20:23:30Z,-23.694097999999997,-46.64625100000001,20.13,84,nublado
20260613_172405,2721-10,934,1,45703,2026-06-13T20:23:53Z,-23.5381165,-46.456358,20.13,84,nublado
20260613_172405,2721-10,934,1,45674,2026-06-13T20:24:02Z,-23.496727999999997,-46.411212750000004,20.13,84,nublado
20260613_172405,2721-10,934,1,45707,2026-06-13T20:23:45Z,-23.4960715,-46.411206,20.13,84,nublado
20260613_172405,2721-10,934,1,45501,2026-06-13T20:23:25Z,-23.516985249999998,-46.4022685,20.13,84,nublado
20260613_172405,407R-10,2201,1,48560,2026-06-13T20:23:53Z,-23.544050749999997,-46.586432,20.13,84,nublado
20260613_172405,407R-10,2201,1,48568,2026-06-13T20:24:01Z,-23.562327500000002,-46.555274,20.13,84,nublado
20260613_172405,407R-10,2201,1,48940,2026-06-13T20:23:35Z,-23.5585245,-46.522515999999996,20.13,84,nublado
20260613_172405,6062-51,1739,1,66484,2026-06-13T20:23:43Z,-23.723209,-46.6915475,20.13,84,nublado
20260613_172405,2020-10,35030,2,22505,2026-06-13T20:23:43Z,-23.4602765,-46.626807,20.13,84,nublado
20260613_172405,2020-10,35030,2,22503,2026-06-13T20:23:48Z,-23.462693,-46.603227000000004,20.13,84,nublado
20260613_172405,2020-10,35030,2,22504,2026-06-13T20:23:24Z,-23.4593665,-46.632753,20.13,84,nublado
20260613_172405,4008-10,34950,2,48974,2026-06-13T20:23:21Z,-23.5772245,-46.4374165,20.13,84,nublado
20260613_172405,4008-10,34950,2,48041,2026-06-13T20:23:43Z,-23.567684999999997,-46.4687795,20.13,84,nublado
20260613_172405,4008-10,34950,2,48919,2026-06-13T20:23:24Z,-23.571912500000003,-46.50616325,20.13,84,nublado
20260613_172405,4008-10,34950,2,48359,2026-06-13T20:23:55Z,-23.572620625,-46.44637362500001,20.13,84,nublado
20260613_172405,637P-10,32815,2,76084,2026-06-13T20:23:39Z,-23.567515,-46.69430799999999,20.13,84,nublado
20260613_172405,637P-10,32815,2,76080,2026-06-13T20:22:02Z,-23.633966,-46.693563,20.13,84,nublado
20260613_172405,637P-10,32815,2,76073,2026-06-13T20:23:38Z,-23.5836325,-46.673742,20.13,84,nublado
20260613_172405,637P-10,32815,2,76955,2026-06-13T20:24:03Z,-23.6143905,-46.6791235,20.13,84,nublado
20260613_172405,637P-10,32815,2,76956,2026-06-13T20:23:24Z,-23.566628,-46.701685499999996,20.13,84,nublado
20260613_172405,637P-10,32815,2,76959,2026-06-13T20:24:02Z,-23.566628,-46.701685499999996,20.13,84,nublado
20260613_172405,637P-10,32815,2,76940,2026-06-13T20:23:37Z,-23.650370000000002,-46.7069175,20.13,84,nublado
20260613_172405,637P-10,32815,2,76943,2026-06-13T20:24:04Z,-23.59240175,-46.6728285,20.13,84,nublado
20260613_172405,178A-10,558,1,21968,2026-06-13T20:23:24Z,-23.526423,-46.631283499999995,20.13,84,nublado
20260613_172405,178A-10,558,1,21354,2026-06-13T20:23:38Z,-23.525676875,-46.679121125,20.13,84,nublado
20260613_172405,178A-10,558,1,21732,2026-06-13T20:23:57Z,-23.5180395,-46.7043665,20.13,84,nublado
20260613_172405,4742-10,342,1,51209,2026-06-13T20:23:50Z,-23.649374,-46.6223455,20.13,84,nublado
20260613_172405,677A-10,1239,1,73909,2026-06-13T20:23:54Z,-23.6039285,-46.692307,20.13,84,nublado
20260613_172405,677A-10,1239,1,73896,2026-06-13T20:23:48Z,-23.677301,-46.7595535,20.13,84,nublado
20260613_172405,677A-10,1239,1,73867,2026-06-13T20:24:04Z,-23.642786,-46.724813,20.13,84,nublado
20260613_172405,573A-10,34405,2,56529,2026-06-13T20:23:54Z,-23.562786875,-46.597632375,20.13,84,nublado
20260613_172405,573A-10,34405,2,56535,2026-06-13T20:23:42Z,-23.5470055,-46.606573499999996,20.13,84,nublado
20260613_172405,573A-10,34405,2,56539,2026-06-13T20:23:46Z,-23.5857745,-46.580647,20.13,84,nublado
20260613_172405,573A-10,34405,2,56348,2026-06-13T20:23:46Z,-23.583503,-46.5846735,20.13,84,nublado
20260613_172405,6050-10,33993,2,66614,2026-06-13T20:23:53Z,-23.748095499999998,-46.68762275,20.13,84,nublado
20260613_172405,1786-10,649,1,26074,2026-06-13T20:23:21Z,-23.45376775,-46.607023,20.13,84,nublado
20260613_172405,1786-10,649,1,26351,2026-06-13T20:24:00Z,-23.447374250000003,-46.611613,20.13,84,nublado
20260613_172405,1786-10,649,1,26287,2026-06-13T20:23:38Z,-23.49846025,-46.62337075000001,20.13,84,nublado
20260613_172405,1786-10,649,1,26481,2026-06-13T20:23:59Z,-23.47106275,-46.617489,20.13,84,nublado
20260613_172405,2704-10,33684,2,36278,2026-06-13T20:23:48Z,-23.5132175,-46.426531999999995,20.13,84,nublado
20260613_172405,2704-10,33684,2,36007,2026-06-13T20:23:48Z,-23.5174115,-46.438945000000004,20.13,84,nublado
20260613_172405,2704-10,33684,2,36021,2026-06-13T20:23:52Z,-23.5271675,-46.446357,20.13,84,nublado
20260613_172405,695D-10,114,1,64346,2026-06-13T20:23:22Z,-23.7157445,-46.68873225,20.13,84,nublado
20260613_172405,695D-10,114,1,64425,2026-06-13T20:23:57Z,-23.649324,-46.661827,20.13,84,nublado
20260613_172405,695D-10,114,1,64477,2026-06-13T20:23:40Z,-23.6464495,-46.646234750000005,20.13,84,nublado
20260613_172405,695D-10,114,1,64683,2026-06-13T20:23:44Z,-23.7352535,-46.688766,20.13,84,nublado
20260613_172405,695D-10,114,1,64385,2026-06-13T20:23:48Z,-23.6461105,-46.6469465,20.13,84,nublado
20260613_172405,695D-10,114,1,64132,2026-06-13T20:23:23Z,-23.646229499999997,-46.646701500000006,20.13,84,nublado
20260613_172405,675R-10,32877,2,61440,2026-06-13T20:23:54Z,-23.646555749999997,-46.6598025,20.13,84,nublado
20260613_172405,675R-10,32877,2,61424,2026-06-13T20:23:34Z,-23.714287749999997,-46.68979575,20.13,84,nublado
20260613_172405,675R-10,32877,2,61293,2026-06-13T20:24:03Z,-23.753734,-46.680966,20.13,84,nublado
20260613_172405,675R-10,32877,2,61452,2026-06-13T20:24:02Z,-23.738688000000003,-46.689594,20.13,84,nublado
20260613_172405,6116-10,33954,2,66506,2026-06-13T20:23:28Z,-23.7379235,-46.6925615,20.13,84,nublado
20260613_172405,6116-10,33954,2,66445,2026-06-13T20:24:04Z,-23.752884,-46.6886865,20.13,84,nublado
20260613_172405,6820-10,19,1,72825,2026-06-13T20:23:28Z,-23.6618265,-46.779135999999994,20.13,84,nublado
20260613_172405,6820-10,19,1,72577,2026-06-13T20:23:46Z,-23.654101,-46.763310000000004,20.13,84,nublado
20260613_172405,6820-10,19,1,72559,2026-06-13T20:23:25Z,-23.66162,-46.7787955,20.13,84,nublado
20260613_172405,6820-10,19,1,72773,2026-06-13T20:24:02Z,-23.66464475,-46.79163275,20.13,84,nublado
20260613_172405,778J-41,1486,1,80505,2026-06-13T20:24:02Z,-23.587562374999997,-46.792089625,20.13,84,nublado
20260613_172405,778J-41,1486,1,80509,2026-06-13T20:23:36Z,-23.5854805,-46.805601499999995,20.13,84,nublado
20260613_172405,778J-41,1486,1,80427,2026-06-13T20:23:47Z,-23.5856915,-46.805692500000006,20.13,84,nublado
20260613_172405,778J-41,1486,1,80136,2026-06-13T20:23:19Z,-23.5856015,-46.80595925,20.13,84,nublado
20260613_172405,778J-41,1486,1,80020,2026-06-13T20:23:36Z,-23.548921,-46.6769415,20.13,84,nublado
20260613_172405,778J-41,1486,1,80426,2026-06-13T20:23:45Z,-23.585805999999998,-46.805364499999996,20.13,84,nublado
20260613_172405,2709-10,922,1,45029,2026-06-13T20:23:23Z,-23.530656,-46.4955115,20.13,84,nublado
20260613_172405,2709-10,922,1,45032,2026-06-13T20:24:04Z,-23.525203249999997,-46.4791325,20.13,84,nublado
20260613_172405,748R-10,33269,2,80023,2026-06-13T20:23:57Z,-23.600459999999998,-46.784138999999996,20.13,84,nublado
20260613_172405,748R-10,33269,2,80066,2026-06-13T20:23:55Z,-23.588085624999998,-46.764957125,20.13,84,nublado
20260613_172405,748R-10,33269,2,80057,2026-06-13T20:23:54Z,-23.525425,-46.6819085,20.13,84,nublado
20260613_172405,748R-10,33269,2,80058,2026-06-13T20:23:25Z,-23.566681000000003,-46.7537455,20.13,84,nublado
20260613_172405,748R-10,33269,2,80061,2026-06-13T20:23:33Z,-23.5999665,-46.7844135,20.13,84,nublado
20260613_172405,2716-10,929,1,45133,2026-06-13T20:23:58Z,-23.523118,-46.5352915,20.13,84,nublado
20260613_172405,2716-10,929,1,45277,2026-06-13T20:23:19Z,-23.533088,-46.544171500000004,20.13,84,nublado
20260613_172405,2716-10,929,1,45062,2026-06-13T20:23:34Z,-23.508819,-46.53255,20.13,84,nublado
20260613_172405,7458-10,33264,2,81516,2026-06-13T20:24:02Z,-23.580074500000002,-46.79327524999999,20.13,84,nublado
20260613_172405,809R-10,2067,1,80126,2026-06-13T20:23:39Z,-23.571385,-46.7203395,20.13,84,nublado
20260613_172405,809R-10,2067,1,80354,2026-06-13T20:23:41Z,-23.5725245,-46.760713499999994,20.13,84,nublado
20260613_172405,8019-31,35342,2,80056,2026-06-13T20:23:22Z,-23.545446,-46.760059,20.13,84,nublado
20260613_172405,8019-31,35342,2,80355,2026-06-13T20:23:34Z,-23.5785585,-46.745135,20.13,84,nublado
20260613_172405,7006-10,1995,1,78501,2026-06-13T20:23:46Z,-23.731922750000003,-46.78523975,20.13,84,nublado
20260613_172405,7006-10,1995,1,78471,2026-06-13T20:23:55Z,-23.695515,-46.779732499999994,20.13,84,nublado
20260613_172405,4092-10,34644,2,47599,2026-06-13T20:23:46Z,-23.5829765,-46.40796,20.13,84,nublado
20260613_172405,475M-10,33111,2,52052,2026-06-13T20:23:49Z,-23.604081,-46.6156,20.13,84,nublado
20260613_172405,475M-10,33111,2,52211,2026-06-13T20:23:38Z,-23.572080999999997,-46.643414750000005,20.13,84,nublado
20260613_172405,1020-10,2497,1,15230,2026-06-13T20:23:34Z,-23.4316035,-46.720445,20.13,84,nublado
20260613_172405,1020-10,2497,1,15183,2026-06-13T20:23:30Z,-23.4057845,-46.7533275,20.13,84,nublado
20260613_172405,1020-10,2497,1,15229,2026-06-13T20:24:03Z,-23.470966750000002,-46.72480525,20.13,84,nublado
20260613_172405,6726-10,33961,2,66176,2026-06-13T20:23:45Z,-23.74464175,-46.66963762500001,20.13,84,nublado
20260613_172405,6726-10,33961,2,66933,2026-06-13T20:23:24Z,-23.754600250000003,-46.667077250000006,20.13,84,nublado
20260613_172405,6L11-10,1167,1,66053,2026-06-13T20:24:02Z,-23.7539315,-46.6804505,20.13,84,nublado
20260613_172405,6L11-10,1167,1,66408,2026-06-13T20:23:51Z,-23.7668425,-46.650896625,20.13,84,nublado
20260613_172405,879A-10,1597,1,22597,2026-06-13T20:23:40Z,-23.5265035,-46.6664115,20.13,84,nublado
20260613_172405,879A-10,1597,1,22588,2026-06-13T20:23:22Z,-23.5265035,-46.6664115,20.13,84,nublado
20260613_172405,879A-10,1597,1,22652,2026-06-13T20:23:49Z,-23.5106885,-46.678962999999996,20.13,84,nublado
20260613_172405,5109-10,1851,1,52813,2026-06-13T20:23:38Z,-23.559029,-46.6146445,20.13,84,nublado
20260613_172405,199D-10,2135,1,11844,2026-06-13T20:23:45Z,-23.566103499999997,-46.7018865,20.13,84,nublado
20260613_172405,199D-10,2135,1,11847,2026-06-13T20:24:00Z,-23.536431625000002,-46.686132,20.13,84,nublado
20260613_172405,199D-10,2135,1,11946,2026-06-13T20:23:40Z,-23.5279095,-46.7034415,20.13,84,nublado
20260613_172405,8545-10,1364,1,13672,2026-06-13T20:23:41Z,-23.4843325,-46.688049,20.13,84,nublado
20260613_172405,8545-10,1364,1,13530,2026-06-13T20:23:35Z,-23.5259505,-46.6781165,20.13,84,nublado
20260613_172405,6016-10,84,1,66754,2026-06-13T20:23:32Z,-23.7716985,-46.6731285,20.13,84,nublado
20260613_172405,6016-10,84,1,66826,2026-06-13T20:23:36Z,-23.745821,-46.6888335,20.13,84,nublado
20260613_172405,6016-10,84,1,66114,2026-06-13T20:23:40Z,-23.749999000000003,-46.6879225,20.13,84,nublado
20260613_172405,4018-10,2191,1,48335,2026-06-13T20:23:43Z,-23.612038499999997,-46.4762595,20.13,84,nublado
20260613_172405,4018-10,2191,1,48702,2026-06-13T20:23:32Z,-23.581097,-46.414367500000004,20.13,84,nublado
20260613_172405,4018-10,2191,1,48795,2026-06-13T20:23:52Z,-23.6011475,-46.399366,20.13,84,nublado
20260613_172405,4018-10,2191,1,48228,2026-06-13T20:23:49Z,-23.5960245,-46.4362195,20.13,84,nublado
20260613_172405,2435-10,32978,2,32626,2026-06-13T20:23:55Z,-23.5325045,-46.494698,20.13,84,nublado
20260613_172405,2435-10,32978,2,32654,2026-06-13T20:24:03Z,-23.528665500000002,-46.554443500000005,20.13,84,nublado
20260613_172405,6L08-10,33950,2,66255,2026-06-13T20:23:38Z,-23.8299965,-46.7203395,20.13,84,nublado
20260613_172405,178T-10,33333,2,21024,2026-06-13T20:23:57Z,-23.5049105,-46.689612999999994,20.13,84,nublado
20260613_172405,178T-10,33333,2,21966,2026-06-13T20:23:29Z,-23.504904,-46.6898445,20.13,84,nublado
20260613_172405,178T-10,33333,2,21946,2026-06-13T20:23:41Z,-23.525571,-46.738222500000006,20.13,84,nublado
20260613_172405,175T-10,33391,2,21600,2026-06-13T20:24:01Z,-23.5820685,-46.65085575,20.13,84,nublado
20260613_172405,175T-10,33391,2,21633,2026-06-13T20:23:50Z,-23.648361,-46.640132,20.13,84,nublado
20260613_172405,175T-10,33391,2,21573,2026-06-13T20:23:30Z,-23.5278385,-46.63109625,20.13,84,nublado
20260613_172405,175T-10,33391,2,21583,2026-06-13T20:23:56Z,-23.5031265,-46.624462,20.13,84,nublado
20260613_172405,175T-10,33391,2,21622,2026-06-13T20:24:03Z,-23.543414249999998,-46.63535025,20.13,84,nublado
20260613_172405,3763-10,1054,1,45437,2026-06-13T20:23:54Z,-23.55470375,-46.52677224999999,20.13,84,nublado
20260613_172405,3763-10,1054,1,45780,2026-06-13T20:23:36Z,-23.565737,-46.550605000000004,20.13,84,nublado
20260613_172405,3763-10,1054,1,45060,2026-06-13T20:23:36Z,-23.5450245,-46.57328525,20.13,84,nublado
20260613_172405,8008-10,1258,1,10201,2026-06-13T20:23:39Z,-23.4841385,-46.74288,20.13,84,nublado
20260613_172405,8008-10,1258,1,10204,2026-06-13T20:23:57Z,-23.46916875,-46.751363,20.13,84,nublado
20260613_172405,6116-10,1186,1,66737,2026-06-13T20:23:26Z,-23.7381205,-46.692345,20.13,84,nublado
20260613_172405,6116-10,1186,1,66838,2026-06-13T20:23:36Z,-23.754975,-46.658564,20.13,84,nublado
20260613_172405,6084-10,33937,2,66576,2026-06-13T20:23:58Z,-23.771983249999998,-46.68061325000001,20.13,84,nublado
20260613_172405,6084-10,33937,2,66877,2026-06-13T20:24:02Z,-23.7812805,-46.67209375,20.13,84,nublado
20260613_172405,6084-10,33937,2,66023,2026-06-13T20:23:50Z,-23.7812805,-46.67209375,20.13,84,nublado
20260613_172405,6084-10,33937,2,66761,2026-06-13T20:23:20Z,-23.7804005,-46.6732885,20.13,84,nublado
20260613_172405,6084-10,33937,2,66074,2026-06-13T20:23:21Z,-23.7812805,-46.67209375,20.13,84,nublado
20260613_172405,1206-10,842,1,25193,2026-06-13T20:23:41Z,-23.514398,-46.5854185,20.13,84,nublado
20260613_172405,1206-10,842,1,25178,2026-06-13T20:23:55Z,-23.539707000000003,-46.631569375,20.13,84,nublado
20260613_172405,1206-10,842,1,25077,2026-06-13T20:24:02Z,-23.525689,-46.5826575,20.13,84,nublado
20260613_172405,809H-10,2245,1,80018,2026-06-13T20:23:31Z,-23.567501,-46.7546545,20.13,84,nublado
20260613_172405,809H-10,2245,1,80008,2026-06-13T20:24:04Z,-23.5581265,-46.746140499999996,20.13,84,nublado
20260613_172405,809H-10,2245,1,80014,2026-06-13T20:23:50Z,-23.580074500000002,-46.79327524999999,20.13,84,nublado
20260613_172405,809H-10,2245,1,80004,2026-06-13T20:23:43Z,-23.580671000000002,-46.794031000000004,20.13,84,nublado
20260613_172405,809H-10,2245,1,80003,2026-06-13T20:24:02Z,-23.550664437500004,-46.739648312499995,20.13,84,nublado
20260613_172405,6017-10,33974,2,78108,2026-06-13T20:23:55Z,-23.684060000000002,-46.770033,20.13,84,nublado
20260613_172405,6017-10,33974,2,78486,2026-06-13T20:23:18Z,-23.699884,-46.7673035,20.13,84,nublado
20260613_172405,6017-10,33974,2,78281,2026-06-13T20:23:50Z,-23.6772845,-46.759229000000005,20.13,84,nublado
20260613_172405,1760-10,33325,2,22604,2026-06-13T20:23:35Z,-23.480969,-46.6488645,20.13,84,nublado
20260613_172405,1760-10,33325,2,22672,2026-06-13T20:24:00Z,-23.4569915,-46.6589155,20.13,84,nublado
20260613_172405,6291-10,358,1,76370,2026-06-13T20:23:25Z,-23.6345455,-46.7263605,20.13,84,nublado
20260613_172405,6291-10,358,1,76375,2026-06-13T20:23:54Z,-23.5812105,-46.68422325,20.13,84,nublado
20260613_172405,6291-10,358,1,76374,2026-06-13T20:23:38Z,-23.643863500000002,-46.766849,20.13,84,nublado
20260613_172405,6232-10,483,1,80346,2026-06-13T20:24:01Z,-23.558722500000002,-46.698645,20.13,84,nublado
20260613_172405,2008-10,33665,2,36018,2026-06-13T20:23:50Z,-23.5164305,-46.389429,20.13,84,nublado
20260613_172405,2008-10,33665,2,36337,2026-06-13T20:23:27Z,-23.49986375,-46.399138,20.13,84,nublado
20260613_172405,2008-10,33665,2,36019,2026-06-13T20:23:28Z,-23.5152705,-46.3898065,20.13,84,nublado
20260613_172405,7281-10,34102,2,82750,2026-06-13T20:23:33Z,-23.5554455,-46.667283999999995,20.13,84,nublado
20260613_172405,7281-10,34102,2,82558,2026-06-13T20:23:34Z,-23.547974500000002,-46.649455875,20.13,84,nublado
20260613_172405,1758-10,552,1,22688,2026-06-13T20:23:25Z,-23.460422,-46.648742,20.13,84,nublado
20260613_172405,1758-10,552,1,22695,2026-06-13T20:23:37Z,-23.4822145,-46.6319685,20.13,84,nublado
20260613_172405,4037-10,35356,2,41121,2026-06-13T20:23:34Z,-23.568113625000002,-46.509822875000005,20.13,84,nublado
20260613_172405,4037-10,35356,2,41129,2026-06-13T20:23:24Z,-23.565102500000002,-46.494727999999995,20.13,84,nublado
20260613_172405,6026-10,32855,2,61217,2026-06-13T20:23:37Z,-23.69019775,-46.686975625,20.13,84,nublado
20260613_172405,6026-10,32855,2,61218,2026-06-13T20:23:49Z,-23.748841,-46.703187,20.13,84,nublado
20260613_172405,6026-10,32855,2,61221,2026-06-13T20:24:03Z,-23.7037525,-46.6880615,20.13,84,nublado
20260613_172405,6026-10,32855,2,61276,2026-06-13T20:23:52Z,-23.656916250000002,-46.701055499999995,20.13,84,nublado
20260613_172405,4726-10,34448,2,55393,2026-06-13T20:23:48Z,-23.56248875,-46.59334525,20.13,84,nublado
20260613_172405,4726-10,34448,2,55054,2026-06-13T20:23:38Z,-23.560441,-46.58593225,20.13,84,nublado
20260613_172405,271A-51,33471,2,21361,2026-06-13T20:23:25Z,-23.491212500000003,-46.585395000000005,20.13,84,nublado
20260613_172405,271A-51,33471,2,21444,2026-06-13T20:23:21Z,-23.500337000000002,-46.605571999999995,20.13,84,nublado
20260613_172405,271A-51,33471,2,21327,2026-06-13T20:23:45Z,-23.522317625,-46.549311375,20.13,84,nublado
20260613_172405,7053-10,1887,1,78687,2026-06-13T20:24:00Z,-23.654132500000003,-46.788232,20.13,84,nublado
20260613_172405,7053-10,1887,1,78378,2026-06-13T20:23:43Z,-23.6401465,-46.78067,20.13,84,nublado
20260613_172405,1742-10,542,1,22905,2026-06-13T20:23:28Z,-23.485498500000002,-46.628843125,20.13,84,nublado
20260613_172405,1742-10,542,1,22920,2026-06-13T20:23:22Z,-23.46911675,-46.6476765,20.13,84,nublado
20260613_172405,3734-10,33802,2,45380,2026-06-13T20:23:28Z,-23.553923,-46.482351,20.13,84,nublado
20260613_172405,3734-10,33802,2,45359,2026-06-13T20:24:02Z,-23.552827,-46.472971,20.13,84,nublado
20260613_172405,3734-10,33802,2,45038,2026-06-13T20:23:56Z,-23.552729,-46.473189500000004,20.13,84,nublado
20260613_172405,4093-10,35216,2,35709,2026-06-13T20:23:37Z,-23.5835045,-46.409155999999996,20.13,84,nublado
20260613_172405,4093-10,35216,2,35971,2026-06-13T20:23:31Z,-23.596978999999997,-46.3991075,20.13,84,nublado
20260613_172405,6071-10,1156,1,66635,2026-06-13T20:23:28Z,-23.654559999999996,-46.7073605,20.13,84,nublado
20260613_172405,6071-10,1156,1,66471,2026-06-13T20:23:19Z,-23.725233,-46.682785,20.13,84,nublado
20260613_172405,6071-10,1156,1,66829,2026-06-13T20:23:51Z,-23.705859,-46.686331499999994,20.13,84,nublado
20260613_172405,6043-10,33988,2,78933,2026-06-13T20:23:38Z,-23.659883,-46.754183999999995,20.13,84,nublado
20260613_172405,6043-10,33988,2,78937,2026-06-13T20:23:22Z,-23.655057,-46.7478155,20.13,84,nublado
20260613_172405,6043-10,33988,2,78915,2026-06-13T20:23:29Z,-23.655429375,-46.747268250000005,20.13,84,nublado
20260613_172405,737A-10,34498,2,73921,2026-06-13T20:23:57Z,-23.6873035,-46.7716925,20.13,84,nublado
20260613_172405,737A-10,34498,2,73903,2026-06-13T20:23:31Z,-23.655545,-46.707713999999996,20.13,84,nublado
20260613_172405,737A-10,34498,2,73894,2026-06-13T20:23:50Z,-23.669655,-46.7366765,20.13,84,nublado
20260613_172405,737A-10,34498,2,73858,2026-06-13T20:23:44Z,-23.684307500000003,-46.770112749999996,20.13,84,nublado
20260613_172405,737A-10,34498,2,73815,2026-06-13T20:23:55Z,-23.6605365,-46.707756,20.13,84,nublado
20260613_172405,737A-10,34498,2,73911,2026-06-13T20:23:54Z,-23.666269874999998,-46.718269250000006,20.13,84,nublado
20260613_172405,737A-10,34498,2,73854,2026-06-13T20:23:32Z,-23.690655,-46.774251500000005,20.13,84,nublado
20260613_172405,5024-31,33891,2,68714,2026-06-13T20:23:32Z,-23.6915875,-46.660651,20.13,84,nublado
20260613_172405,5024-31,33891,2,68248,2026-06-13T20:23:58Z,-23.675898500000002,-46.6857565,20.13,84,nublado
20260613_172405,178Y-10,868,1,26242,2026-06-13T20:23:39Z,-23.4633435,-46.6419585,20.13,84,nublado
20260613_172405,178Y-10,868,1,26106,2026-06-13T20:23:54Z,-23.4633435,-46.6419585,20.13,84,nublado
20260613_172405,178Y-10,868,1,26098,2026-06-13T20:23:08Z,-23.4633435,-46.6419585,20.13,84,nublado
20260613_172405,178Y-10,868,1,26210,2026-06-13T20:23:49Z,-23.475526000000002,-46.634660000000004,20.13,84,nublado
20260613_172405,2756-10,238,1,32208,2026-06-13T20:23:53Z,-23.505128499999998,-46.43564,20.13,84,nublado
20260613_172405,2756-10,238,1,32053,2026-06-13T20:23:27Z,-23.544459500000002,-46.390429999999995,20.13,84,nublado
20260613_172405,702U-22,2581,1,82712,2026-06-13T20:23:33Z,-23.563195,-46.67596825,20.13,84,nublado
20260613_172405,702U-22,2581,1,82653,2026-06-13T20:23:33Z,-23.571887,-46.7083135,20.13,84,nublado
20260613_172405,702U-22,2581,1,82637,2026-06-13T20:23:49Z,-23.5499795,-46.634563,20.13,84,nublado
20260613_172405,178L-10,560,1,22942,2026-06-13T20:23:39Z,-23.523899,-46.650216,20.13,84,nublado
20260613_172405,178L-10,560,1,22934,2026-06-13T20:23:29Z,-23.55165475,-46.657360749999995,20.13,84,nublado
20260613_172405,178L-10,560,1,22602,2026-06-13T20:24:03Z,-23.553131125,-46.65982025,20.13,84,nublado
20260613_172405,775P-10,33275,2,81566,2026-06-13T20:23:59Z,-23.597096,-46.7681435,20.13,84,nublado
20260613_172405,775P-10,33275,2,81560,2026-06-13T20:23:26Z,-23.600963999999998,-46.754383000000004,20.13,84,nublado
20260613_172405,775P-10,33275,2,81576,2026-06-13T20:23:41Z,-23.59726425,-46.76796337500001,20.13,84,nublado
20260613_172405,3725-41,34299,2,45324,2026-06-13T20:23:44Z,-23.538275499999997,-46.528315,20.13,84,nublado
20260613_172405,8065-10,421,1,10486,2026-06-13T20:23:19Z,-23.490343,-46.730349,20.13,84,nublado
20260613_172405,524L-10,1715,1,55065,2026-06-13T20:23:54Z,-23.5512105,-46.564979,20.13,84,nublado
20260613_172405,524L-10,1715,1,55433,2026-06-13T20:23:32Z,-23.566163500000002,-46.558499,20.13,84,nublado
20260613_172405,4286-10,326,1,51044,2026-06-13T20:23:58Z,-23.60002725,-46.547376,20.13,84,nublado
20260613_172405,4031-10,1101,1,55037,2026-06-13T20:23:22Z,-23.6027175,-46.5299135,20.13,84,nublado
20260613_172405,4031-10,1101,1,55493,2026-06-13T20:23:47Z,-23.602004,-46.535425000000004,20.13,84,nublado
20260613_172405,4031-10,1101,1,55447,2026-06-13T20:23:52Z,-23.61408,-46.517419000000004,20.13,84,nublado
20260613_172405,4031-10,1101,1,55554,2026-06-13T20:23:21Z,-23.586956,-46.58296275,20.13,84,nublado
20260613_172405,4029-10,1099,1,55098,2026-06-13T20:23:37Z,-23.612731249999996,-46.490764999999996,20.13,84,nublado
20260613_172405,4029-10,1099,1,55295,2026-06-13T20:23:27Z,-23.610222,-46.4802265,20.13,84,nublado
20260613_172405,4029-10,1099,1,55499,2026-06-13T20:24:00Z,-23.592920499999998,-46.539392,20.13,84,nublado
20260613_172405,4029-10,1099,1,55395,2026-06-13T20:24:03Z,-23.598543,-46.5201735,20.13,84,nublado
20260613_172405,675N-10,362,1,76052,2026-06-13T20:23:51Z,-23.654573,-46.7154675,20.13,84,nublado
20260613_172405,7022-10,34852,2,73403,2026-06-13T20:23:53Z,-23.6756605,-46.75806250000001,20.13,84,nublado
20260613_172405,7022-10,34852,2,73435,2026-06-13T20:23:58Z,-23.669746,-46.73697725,20.13,84,nublado
20260613_172405,7022-10,34852,2,73479,2026-06-13T20:23:59Z,-23.670586,-46.772875,20.13,84,nublado
20260613_172405,9090-10,33652,2,16123,2026-06-13T20:24:00Z,-23.459636500000002,-46.674288000000004,20.13,84,nublado
20260613_172405,9090-10,33652,2,16032,2026-06-13T20:23:45Z,-23.462843874999997,-46.676674625000004,20.13,84,nublado
20260613_172405,9090-10,33652,2,16678,2026-06-13T20:23:48Z,-23.4953655,-46.6609615,20.13,84,nublado
20260613_172405,3098-10,1078,1,55507,2026-06-13T20:24:02Z,-23.62364325,-46.464695375000005,20.13,84,nublado
20260613_172405,3098-10,1078,1,55135,2026-06-13T20:23:56Z,-23.563410499999996,-46.50840425,20.13,84,nublado
20260613_172405,3098-10,1078,1,55181,2026-06-13T20:23:28Z,-23.6119035,-46.474137,20.13,84,nublado
20260613_172405,352A-10,164,1,31837,2026-06-13T20:23:23Z,-23.613432500000002,-46.476448,20.13,84,nublado
20260613_172405,352A-10,164,1,31848,2026-06-13T20:23:28Z,-23.5831245,-46.492179500000006,20.13,84,nublado
20260613_172405,352A-10,164,1,31821,2026-06-13T20:23:49Z,-23.479454,-46.421091000000004,20.13,84,nublado
20260613_172405,8016-10,1346,1,15242,2026-06-13T20:23:58Z,-23.485637500000003,-46.7260535,20.13,84,nublado
20260613_172405,8016-10,1346,1,15196,2026-06-13T20:23:37Z,-23.4441175,-46.735325,20.13,84,nublado
20260613_172405,8016-10,1346,1,15191,2026-06-13T20:24:03Z,-23.445864625,-46.717133375,20.13,84,nublado
20260613_172405,8016-10,1346,1,15262,2026-06-13T20:24:01Z,-23.4441175,-46.735325,20.13,84,nublado
20260613_172405,8016-10,1346,1,15194,2026-06-13T20:23:26Z,-23.43384825,-46.720632375,20.13,84,nublado
20260613_172405,8016-10,1346,1,15243,2026-06-13T20:23:40Z,-23.4441175,-46.735325,20.13,84,nublado
20260613_172405,8100-10,1262,1,11447,2026-06-13T20:24:00Z,-23.4868015,-46.726492,20.13,84,nublado
20260613_172405,8100-10,1262,1,11439,2026-06-13T20:23:34Z,-23.519666,-46.700277,20.13,84,nublado
20260613_172405,8100-10,1262,1,11449,2026-06-13T20:23:55Z,-23.4859945,-46.7259765,20.13,84,nublado
20260613_172405,8100-10,1262,1,11444,2026-06-13T20:23:46Z,-23.4859945,-46.7259765,20.13,84,nublado
20260613_172405,1177-10,32897,2,31510,2026-06-13T20:23:55Z,-23.5361185,-46.632417000000004,20.13,84,nublado
20260613_172405,1177-10,32897,2,31784,2026-06-13T20:23:34Z,-23.523373499999998,-46.612446500000004,20.13,84,nublado
20260613_172405,1177-10,32897,2,31728,2026-06-13T20:23:37Z,-23.5361185,-46.632417000000004,20.13,84,nublado
20260613_172405,1177-10,32897,2,31763,2026-06-13T20:23:41Z,-23.5232725,-46.5344575,20.13,84,nublado
20260613_172405,1177-10,32897,2,31795,2026-06-13T20:23:41Z,-23.5361185,-46.632417000000004,20.13,84,nublado
20260613_172405,1177-10,32897,2,31767,2026-06-13T20:23:09Z,-23.517678,-46.475762,20.13,84,nublado
20260613_172405,519M-10,2211,1,52061,2026-06-13T20:23:51Z,-23.603186125,-46.51335075,20.13,84,nublado
20260613_172405,519M-10,2211,1,52042,2026-06-13T20:23:57Z,-23.6125525,-46.483047,20.13,84,nublado
20260613_172405,519M-10,2211,1,52069,2026-06-13T20:23:47Z,-23.599205249999997,-46.53805525,20.13,84,nublado
20260613_172405,4314-10,2174,1,31656,2026-06-13T20:23:46Z,-23.5515695,-46.624459,20.13,84,nublado
20260613_172405,4314-10,2174,1,31761,2026-06-13T20:23:46Z,-23.564294500000003,-46.414345,20.13,84,nublado
20260613_172405,4314-10,2174,1,31443,2026-06-13T20:23:59Z,-23.555764,-46.478509,20.13,84,nublado
20260613_172405,4314-10,2174,1,31772,2026-06-13T20:23:42Z,-23.537675999999998,-46.562360562500004,20.13,84,nublado
20260613_172405,373M-10,33049,2,51119,2026-06-13T20:23:27Z,-23.592959999999998,-46.546298,20.13,84,nublado
20260613_172405,373M-10,33049,2,51122,2026-06-13T20:23:29Z,-23.58173075,-46.58667925,20.13,84,nublado
20260613_172405,4032-10,1102,1,55464,2026-06-13T20:23:31Z,-23.60099575,-46.644332750000004,20.13,84,nublado
20260613_172405,4032-10,1102,1,55372,2026-06-13T20:23:40Z,-23.62562425,-46.623206624999995,20.13,84,nublado
20260613_172405,609J-10,2242,1,64439,2026-06-13T20:23:42Z,-23.621764499999998,-46.6526935,20.13,84,nublado
20260613_172405,1024-10,2302,1,15219,2026-06-13T20:23:30Z,-23.4764935,-46.695492,20.13,84,nublado
20260613_172405,1024-10,2302,1,15067,2026-06-13T20:23:51Z,-23.48888,-46.698154,20.13,84,nublado
20260613_172405,1024-10,2302,1,15138,2026-06-13T20:23:33Z,-23.473766,-46.698111499999996,20.13,84,nublado
20260613_172405,1024-10,2302,1,15091,2026-06-13T20:23:29Z,-23.461427,-46.709677,20.13,84,nublado
20260613_172405,6835-10,12,1,72554,2026-06-13T20:23:51Z,-23.6815955,-46.78469,20.13,84,nublado
20260613_172405,6835-10,12,1,72831,2026-06-13T20:23:43Z,-23.654274,-46.7625595,20.13,84,nublado
20260613_172405,8015-10,1345,1,15222,2026-06-13T20:23:42Z,-23.423322,-46.7264615,20.13,84,nublado
20260613_172405,8015-10,1345,1,15231,2026-06-13T20:23:47Z,-23.440518499999996,-46.716839750000005,20.13,84,nublado
20260613_172405,8015-10,1345,1,15078,2026-06-13T20:23:53Z,-23.4003625,-46.746545,20.13,84,nublado
20260613_172405,8015-10,1345,1,15244,2026-06-13T20:23:31Z,-23.463894875,-46.7139205,20.13,84,nublado
20260613_172405,4491-10,327,1,51202,2026-06-13T20:23:34Z,-23.58029475,-46.612956,20.13,84,nublado
20260613_172405,4491-10,327,1,51230,2026-06-13T20:23:26Z,-23.648156999999998,-46.600237,20.13,84,nublado
20260613_172405,4028-10,33866,2,55090,2026-06-13T20:23:31Z,-23.641898,-46.438882500000005,20.13,84,nublado
20260613_172405,4028-10,33866,2,55014,2026-06-13T20:23:31Z,-23.611989,-46.473779,20.13,84,nublado
20260613_172405,4028-10,33866,2,55321,2026-06-13T20:23:35Z,-23.641942999999998,-46.438282,20.13,84,nublado
20260613_172405,4028-10,33866,2,55265,2026-06-13T20:23:26Z,-23.631496499999997,-46.447165,20.13,84,nublado
20260613_172405,414P-10,1105,1,55306,2026-06-13T20:23:36Z,-23.5884785,-46.532263,20.13,84,nublado
20260613_172405,414P-10,1105,1,55284,2026-06-13T20:23:22Z,-23.55384475,-46.56102975,20.13,84,nublado
20260613_172405,414P-10,1105,1,55133,2026-06-13T20:23:46Z,-23.5535665,-46.561431999999996,20.13,84,nublado
20260613_172405,414P-10,1105,1,55506,2026-06-13T20:23:36Z,-23.5853735,-46.5336215,20.13,84,nublado
20260613_172405,6804-10,30,1,72004,2026-06-13T20:24:01Z,-23.638071,-46.7502615,20.13,84,nublado
20260613_172405,6804-10,30,1,72006,2026-06-13T20:23:39Z,-23.6409825,-46.745748500000005,20.13,84,nublado
20260613_172405,351F-10,687,1,22639,2026-06-13T20:23:49Z,-23.491689,-46.5744715,20.13,84,nublado
20260613_172405,351F-10,687,1,22638,2026-06-13T20:23:19Z,-23.468183749999998,-46.581630875,20.13,84,nublado
20260613_172405,351F-10,687,1,22541,2026-06-13T20:23:30Z,-23.55798275,-46.55315924999999,20.13,84,nublado
20260613_172405,351F-10,687,1,22816,2026-06-13T20:23:24Z,-23.570513249999998,-46.52476025,20.13,84,nublado
20260613_172405,314V-10,311,1,52036,2026-06-13T20:23:23Z,-23.581855249999997,-46.5914535,20.13,84,nublado
20260613_172405,314V-10,311,1,52055,2026-06-13T20:23:40Z,-23.5563125,-46.636173,20.13,84,nublado
20260613_172405,8013-41,34779,2,16345,2026-06-13T20:23:26Z,-23.429533999999997,-46.800283500000006,20.13,84,nublado
20260613_172405,2720-31,34610,2,45190,2026-06-13T20:23:39Z,-23.490448,-46.475278,20.13,84,nublado
20260613_172405,3001-10,34418,2,32178,2026-06-13T20:23:54Z,-23.494272,-46.422543875,20.13,84,nublado
20260613_172405,3001-10,34418,2,32095,2026-06-13T20:23:28Z,-23.5124405,-46.3761325,20.13,84,nublado
20260613_172405,3001-10,34418,2,32162,2026-06-13T20:23:51Z,-23.5127545,-46.3763175,20.13,84,nublado
20260613_172405,4721-10,33105,2,51008,2026-06-13T20:23:52Z,-23.611796124999998,-46.633483125,20.13,84,nublado
20260613_172405,5106-10,1280,1,63322,2026-06-13T20:23:34Z,-23.681486,-46.63249275,20.13,84,nublado
20260613_172405,5106-10,1280,1,63652,2026-06-13T20:23:52Z,-23.682443,-46.6377135,20.13,84,nublado
20260613_172405,5106-10,1280,1,63380,2026-06-13T20:24:02Z,-23.596978999999997,-46.635510000000004,20.13,84,nublado
20260613_172405,6232-10,33251,2,80339,2026-06-13T20:23:42Z,-23.542122999999997,-46.665103125,20.13,84,nublado
20260613_172405,6083-10,34501,2,66416,2026-06-13T20:23:29Z,-23.7533675,-46.669934,20.13,84,nublado
20260613_172405,6083-10,34501,2,66090,2026-06-13T20:24:03Z,-23.753087999999998,-46.6704845,20.13,84,nublado
20260613_172405,4015-10,34956,2,48555,2026-06-13T20:23:22Z,-23.63298,-46.472462,20.13,84,nublado
20260613_172405,4015-10,34956,2,48564,2026-06-13T20:23:58Z,-23.614264,-46.4765895,20.13,84,nublado
20260613_172405,4706-10,33067,2,51102,2026-06-13T20:24:00Z,-23.637105499999997,-46.595567,20.13,84,nublado
20260613_172405,6013-10,32954,2,73485,2026-06-13T20:23:37Z,-23.683030000000002,-46.7687525,20.13,84,nublado
20260613_172405,2720-31,1842,1,45740,2026-06-13T20:23:38Z,-23.510012500000002,-46.497662500000004,20.13,84,nublado
20260613_172405,675M-10,108,1,64621,2026-06-13T20:23:58Z,-23.6464495,-46.646234750000005,20.13,84,nublado
20260613_172405,675M-10,108,1,64488,2026-06-13T20:23:38Z,-23.723374999999997,-46.68084,20.13,84,nublado
20260613_172405,675M-10,108,1,64417,2026-06-13T20:23:19Z,-23.646586749999997,-46.645936000000006,20.13,84,nublado
20260613_172405,5020-10,1670,1,55233,2026-06-13T20:23:47Z,-23.605959499999997,-46.5937775,20.13,84,nublado
20260613_172405,2715-10,33696,2,45299,2026-06-13T20:24:02Z,-23.4980505,-46.503099,20.13,84,nublado
20260613_172405,2715-10,33696,2,45712,2026-06-13T20:23:31Z,-23.5175785,-46.500637,20.13,84,nublado
20260613_172405,2715-10,33696,2,45050,2026-06-13T20:23:40Z,-23.498827,-46.499726,20.13,84,nublado
20260613_172405,702U-22,35349,2,82632,2026-06-13T20:23:50Z,-23.5695475,-46.688102,20.13,84,nublado
20260613_172405,702U-22,35349,2,82576,2026-06-13T20:23:48Z,-23.54862,-46.65147,20.13,84,nublado
20260613_172405,702U-22,35349,2,82561,2026-06-13T20:23:28Z,-23.545374,-46.6265185,20.13,84,nublado
20260613_172405,3746-10,33051,2,51201,2026-06-13T20:23:31Z,-23.586772500000002,-46.517243,20.13,84,nublado
20260613_172405,3746-10,33051,2,51219,2026-06-13T20:23:43Z,-23.561893500000004,-46.56246725,20.13,84,nublado
20260613_172405,3746-10,33051,2,51046,2026-06-13T20:23:22Z,-23.542912,-46.588283000000004,20.13,84,nublado
20260613_172405,3746-10,33051,2,51223,2026-06-13T20:23:35Z,-23.594203999999998,-46.502838,20.13,84,nublado
20260613_172405,3746-10,33051,2,51571,2026-06-13T20:24:02Z,-23.542912,-46.588283000000004,20.13,84,nublado
20260613_172405,5705-10,1657,1,51028,2026-06-13T20:23:53Z,-23.577326,-46.6407295,20.13,84,nublado
20260613_172405,5705-10,1657,1,51302,2026-06-13T20:23:32Z,-23.597175,-46.60581775,20.13,84,nublado
20260613_172405,6076-41,1986,1,66767,2026-06-13T20:23:21Z,-23.6884575,-46.70768100000001,20.13,84,nublado
20260613_172405,2720-10,933,1,45297,2026-06-13T20:23:58Z,-23.493471,-46.470558,20.13,84,nublado
20260613_172405,2720-10,933,1,45128,2026-06-13T20:23:39Z,-23.490047500000003,-46.479192499999996,20.13,84,nublado
20260613_172405,2720-10,933,1,45117,2026-06-13T20:23:37Z,-23.52137475,-46.51627125,20.13,84,nublado
20260613_172405,2720-10,933,1,45052,2026-06-13T20:23:44Z,-23.489116,-46.478812000000005,20.13,84,nublado
20260613_172405,2720-10,933,1,45144,2026-06-13T20:23:49Z,-23.528368999999998,-46.517984999999996,20.13,84,nublado
20260613_172405,1156-10,33427,2,21740,2026-06-13T20:23:33Z,-23.4901925,-46.5744335,20.13,84,nublado
20260613_172405,1156-10,33427,2,21763,2026-06-13T20:23:45Z,-23.515047,-46.58701725,20.13,84,nublado
20260613_172405,1156-10,33427,2,21363,2026-06-13T20:23:32Z,-23.487218,-46.568332,20.13,84,nublado
20260613_172405,1156-10,33427,2,21480,2026-06-13T20:23:20Z,-23.486996,-46.568324000000004,20.13,84,nublado
20260613_172405,1156-10,33427,2,21764,2026-06-13T20:23:22Z,-23.4874285,-46.568459749999995,20.13,84,nublado
20260613_172405,1156-10,33427,2,21761,2026-06-13T20:23:38Z,-23.520855250000004,-46.61583075,20.13,84,nublado
20260613_172405,5030-10,34437,2,51078,2026-06-13T20:23:33Z,-23.6157595,-46.6014405,20.13,84,nublado
20260613_172405,5030-10,34437,2,51074,2026-06-13T20:23:48Z,-23.61284725,-46.604111625,20.13,84,nublado
20260613_172405,263C-10,252,1,32082,2026-06-13T20:23:39Z,-23.4951845,-46.43398075,20.13,84,nublado
20260613_172405,263C-10,252,1,32066,2026-06-13T20:23:21Z,-23.53899325,-46.41107375,20.13,84,nublado
20260613_172405,2060-10,32902,2,32744,2026-06-13T20:23:29Z,-23.523636250000003,-46.47435425,20.13,84,nublado
20260613_172405,4114-10,33089,2,51094,2026-06-13T20:23:58Z,-23.617908999999997,-46.618153500000005,20.13,84,nublado
20260613_172405,4114-10,33089,2,51106,2026-06-13T20:23:32Z,-23.5669625,-46.636167,20.13,84,nublado
20260613_172405,4724-10,2060,1,45305,2026-06-13T20:23:55Z,-23.5312595,-46.502293,20.13,84,nublado
20260613_172405,4222-10,33056,2,52022,2026-06-13T20:24:00Z,-23.605290500000002,-46.5227025,20.13,84,nublado
20260613_172405,4222-10,33056,2,52041,2026-06-13T20:23:26Z,-23.581541,-46.5641285,20.13,84,nublado
20260613_172405,8020-10,1726,1,80017,2026-06-13T20:23:45Z,-23.586551999999998,-46.724090000000004,20.13,84,nublado
20260613_172405,8020-10,1726,1,80350,2026-06-13T20:23:27Z,-23.61527,-46.713443,20.13,84,nublado
20260613_172405,6035-21,1795,1,78496,2026-06-13T20:23:44Z,-23.720598000000003,-46.75235075,20.13,84,nublado
20260613_172405,6035-21,1795,1,78990,2026-06-13T20:23:58Z,-23.667917,-46.7355005,20.13,84,nublado
20260613_172405,6035-21,1795,1,78396,2026-06-13T20:23:38Z,-23.702483,-46.7722305,20.13,84,nublado
20260613_172405,8022-10,2085,1,82717,2026-06-13T20:23:29Z,-23.5681205,-46.740106999999995,20.13,84,nublado
20260613_172405,8022-10,2085,1,82628,2026-06-13T20:23:51Z,-23.567367625,-46.72858325,20.13,84,nublado
20260613_172405,8022-10,2085,1,82716,2026-06-13T20:23:51Z,-23.571838,-46.709005,20.13,84,nublado
20260613_172405,6338-10,1293,1,63729,2026-06-13T20:23:23Z,-23.6723935,-46.644699,20.13,84,nublado
20260613_172405,6338-10,1293,1,63212,2026-06-13T20:23:48Z,-23.603278500000002,-46.63503725,20.13,84,nublado
20260613_172405,6338-10,1293,1,63740,2026-06-13T20:23:20Z,-23.655224,-46.64815175,20.13,84,nublado
20260613_172405,6338-10,1293,1,63725,2026-06-13T20:23:20Z,-23.680045,-46.636998000000006,20.13,84,nublado
20260613_172405,778J-10,33276,2,80383,2026-06-13T20:23:29Z,-23.5872235,-46.7896705,20.13,84,nublado
20260613_172405,4288-10,33058,2,51142,2026-06-13T20:23:39Z,-23.5524715,-46.6204865,20.13,84,nublado
20260613_172405,4288-10,33058,2,51141,2026-06-13T20:23:43Z,-23.611155,-46.519178499999995,20.13,84,nublado
20260613_172405,273V-10,231,1,32089,2026-06-13T20:23:36Z,-23.52311625,-46.52112375,20.13,84,nublado
20260613_172405,8024-10,2075,1,80009,2026-06-13T20:23:51Z,-23.5923285,-46.7593205,20.13,84,nublado
20260613_172405,8024-10,2075,1,80065,2026-06-13T20:23:36Z,-23.574436499999997,-46.7107735,20.13,84,nublado
20260613_172405,2016-10,902,1,35985,2026-06-13T20:23:39Z,-23.4969865,-46.4375625,20.13,84,nublado
20260613_172405,2016-10,902,1,35947,2026-06-13T20:23:33Z,-23.496955,-46.437329,20.13,84,nublado
20260613_172405,2016-10,902,1,35952,2026-06-13T20:23:42Z,-23.495415,-46.404151,20.13,84,nublado
20260613_172405,2016-10,902,1,35705,2026-06-13T20:23:30Z,-23.490980999999998,-46.3865,20.13,84,nublado
20260613_172405,3027-10,963,1,47010,2026-06-13T20:23:57Z,-23.5431935,-46.4152505,20.13,84,nublado
20260613_172405,3027-10,963,1,47233,2026-06-13T20:23:50Z,-23.57687,-46.501094499999994,20.13,84,nublado
20260613_172405,3027-10,963,1,47606,2026-06-13T20:23:28Z,-23.55107375,-46.4624665,20.13,84,nublado
20260613_172405,3027-10,963,1,47725,2026-06-13T20:23:57Z,-23.543717,-46.43263175,20.13,84,nublado
20260613_172405,2711-10,33693,2,45053,2026-06-13T20:23:48Z,-23.52032975,-46.4970705,20.13,84,nublado
20260613_172405,2711-10,33693,2,45673,2026-06-13T20:23:47Z,-23.512059,-46.4871185,20.13,84,nublado
20260613_172405,3743-10,1043,1,47554,2026-06-13T20:23:59Z,-23.575861,-46.47882,20.13,84,nublado
20260613_172405,3743-10,1043,1,47214,2026-06-13T20:23:25Z,-23.546198500000003,-46.461079999999995,20.13,84,nublado
20260613_172405,3743-10,1043,1,47546,2026-06-13T20:23:38Z,-23.603975,-46.4813555,20.13,84,nublado
20260613_172405,2080-10,33139,2,32908,2026-06-13T20:23:57Z,-23.51448025,-46.5459655,20.13,84,nublado
20260613_172405,2080-10,33139,2,32251,2026-06-13T20:23:21Z,-23.5025835,-46.4712955,20.13,84,nublado
20260613_172405,2080-10,33139,2,32158,2026-06-13T20:23:36Z,-23.4976665,-46.454432999999995,20.13,84,nublado
20260613_172405,2080-10,33139,2,32197,2026-06-13T20:23:48Z,-23.489892250000004,-46.3859015,20.13,84,nublado
20260613_172405,6L01-10,1171,1,66821,2026-06-13T20:23:37Z,-23.875906999999998,-46.738714,20.13,84,nublado
20260613_172405,6L01-10,1171,1,66847,2026-06-13T20:18:12Z,-23.817985,-46.734176500000004,20.13,84,nublado
20260613_172405,1788-10,653,1,22115,2026-06-13T20:23:28Z,-23.4865485,-46.61850575,20.13,84,nublado
20260613_172405,1720-21,34705,2,26101,2026-06-13T20:23:59Z,-23.480107000000004,-46.57558475,20.13,84,nublado
20260613_172405,1720-21,34705,2,26288,2026-06-13T20:23:34Z,-23.487143500000002,-46.57385,20.13,84,nublado
20260613_172405,1720-21,34705,2,26038,2026-06-13T20:23:27Z,-23.47914875,-46.58227025000001,20.13,84,nublado
20260613_172405,5194-21,34863,2,63366,2026-06-13T20:23:49Z,-23.696514999999998,-46.649711499999995,20.13,84,nublado
20260613_172405,5194-21,34863,2,63285,2026-06-13T20:23:41Z,-23.703625,-46.6492525,20.13,84,nublado
20260613_172405,178Y-10,33636,2,26076,2026-06-13T20:23:45Z,-23.4632465,-46.6413395,20.13,84,nublado
20260613_172405,178Y-10,33636,2,26378,2026-06-13T20:23:59Z,-23.4770365,-46.633633,20.13,84,nublado
20260613_172405,178Y-10,33636,2,26039,2026-06-13T20:23:40Z,-23.489822750000002,-46.6199805,20.13,84,nublado
20260613_172405,178Y-10,33636,2,26335,2026-06-13T20:19:00Z,-23.4632465,-46.6413395,20.13,84,nublado
20260613_172405,2723-10,937,1,45098,2026-06-13T20:23:41Z,-23.49173,-46.44601225,20.13,84,nublado
20260613_172405,2723-10,937,1,45171,2026-06-13T20:23:51Z,-23.54223,-46.4724785,20.13,84,nublado
20260613_172405,2723-10,937,1,45708,2026-06-13T20:24:02Z,-23.508602500000002,-46.4433135,20.13,84,nublado
20260613_172405,2723-10,937,1,45273,2026-06-13T20:23:50Z,-23.487495,-46.463618999999994,20.13,84,nublado
20260613_172405,3737-31,1354,1,45655,2026-06-13T20:23:41Z,-23.530606499999998,-46.51745699999999,20.13,84,nublado
20260613_172405,3737-31,1354,1,45319,2026-06-13T20:23:34Z,-23.5345535,-46.51405475,20.13,84,nublado
20260613_172405,6034-10,95,1,66442,2026-06-13T20:24:02Z,-23.75433075,-46.667013749999995,20.13,84,nublado
20260613_172405,6034-10,95,1,66153,2026-06-13T20:23:56Z,-23.74858225,-46.665585,20.13,84,nublado
20260613_172405,4004-10,2178,1,48337,2026-06-13T20:24:02Z,-23.597091499999998,-46.3988365,20.13,84,nublado
20260613_172405,4004-10,2178,1,48380,2026-06-13T20:23:47Z,-23.582877500000002,-46.40746899999999,20.13,84,nublado
20260613_172405,8500-10,1267,1,11729,2026-06-13T20:23:57Z,-23.485281750000002,-46.72390299999999,20.13,84,nublado
20260613_172405,8500-10,1267,1,11705,2026-06-13T20:23:43Z,-23.487195,-46.7152365,20.13,84,nublado
20260613_172405,8500-10,1267,1,11733,2026-06-13T20:23:20Z,-23.523919999999997,-46.67116975,20.13,84,nublado
20260613_172405,1757-10,33316,2,22923,2026-06-13T20:23:40Z,-23.471118,-46.636767,20.13,84,nublado
20260613_172405,1757-10,33316,2,22908,2026-06-13T20:23:40Z,-23.499039500000002,-46.624944,20.13,84,nublado
20260613_172405,1757-10,33316,2,22933,2026-06-13T20:23:46Z,-23.471317499999998,-46.6368435,20.13,84,nublado
20260613_172405,848L-10,808,1,15162,2026-06-13T20:23:26Z,-23.4299385,-46.726771,20.13,84,nublado
20260613_172405,848L-10,808,1,15179,2026-06-13T20:23:35Z,-23.433868750000002,-46.720385125,20.13,84,nublado
20260613_172405,848L-10,808,1,15251,2026-06-13T20:23:53Z,-23.413953499999998,-46.750866,20.13,84,nublado
20260613_172405,848L-10,808,1,15201,2026-06-13T20:23:31Z,-23.404736,-46.750384,20.13,84,nublado
20260613_172405,4014-10,2187,1,48977,2026-06-13T20:23:31Z,-23.561977875,-46.5172335,20.13,84,nublado
20260613_172405,7005-10,1998,1,78418,2026-06-13T20:23:57Z,-23.684534,-46.7699765,20.13,84,nublado
20260613_172405,7059-10,1924,1,72832,2026-06-13T20:23:53Z,-23.663433,-46.793841,20.13,84,nublado
20260613_172405,7059-10,1924,1,72566,2026-06-13T20:23:22Z,-23.631153500000003,-46.7733425,20.13,84,nublado
20260613_172405,407M-10,33086,2,51009,2026-06-13T20:23:36Z,-23.57577075,-46.62011875,20.13,84,nublado
20260613_172405,407M-10,33086,2,51012,2026-06-13T20:23:55Z,-23.589543,-46.6346735,20.13,84,nublado
20260613_172405,771P-10,33274,2,81150,2026-06-13T20:23:21Z,-23.586356000000002,-46.7490075,20.13,84,nublado
20260613_172405,771P-10,33274,2,81602,2026-06-13T20:23:50Z,-23.602404,-46.795141,20.13,84,nublado
20260613_172405,9018-10,1271,1,16528,2026-06-13T20:23:37Z,-23.47757975,-46.71905125,20.13,84,nublado
20260613_172405,7002-10,33540,2,86347,2026-06-13T20:23:50Z,-23.584860374999998,-46.743368375,20.13,84,nublado
20260613_172405,7002-10,33540,2,86474,2026-06-13T20:23:42Z,-23.56496575,-46.6939835,20.13,84,nublado
20260613_172405,7002-10,33540,2,86183,2026-06-13T20:24:02Z,-23.575832,-46.718787000000006,20.13,84,nublado
20260613_172405,7002-10,33540,2,86162,2026-06-13T20:23:24Z,-23.590518,-46.76971475,20.13,84,nublado
20260613_172405,7002-10,33540,2,86506,2026-06-13T20:24:02Z,-23.590518,-46.76971475,20.13,84,nublado
20260613_172405,702C-10,33253,2,81506,2026-06-13T20:23:26Z,-23.559941,-46.67114024999999,20.13,84,nublado
20260613_172405,702C-10,33253,2,81170,2026-06-13T20:23:21Z,-23.571233,-46.74876825,20.13,84,nublado
20260613_172405,702C-10,33253,2,81329,2026-06-13T20:21:54Z,-23.543779999999998,-46.642054,20.13,84,nublado
20260613_172405,702C-10,33253,2,81510,2026-06-13T20:24:00Z,-23.542599000000003,-46.590571249999996,20.13,84,nublado
20260613_172405,702C-10,33253,2,81328,2026-06-13T20:23:25Z,-23.5716855,-46.748519,20.13,84,nublado
20260613_172405,6072-23,34772,2,66667,2026-06-13T20:23:43Z,-23.76959175,-46.72372675,20.13,84,nublado
20260613_172405,3020-10,958,1,47247,2026-06-13T20:23:57Z,-23.5631475,-46.501079000000004,20.13,84,nublado
20260613_172405,3020-10,958,1,47805,2026-06-13T20:23:48Z,-23.553988500000003,-46.4372575,20.13,84,nublado
20260613_172405,3020-10,958,1,47225,2026-06-13T20:23:35Z,-23.56392425,-46.4751035,20.13,84,nublado
20260613_172405,273D-10,222,1,32613,2026-06-13T20:24:02Z,-23.527494249999997,-46.40875525,20.13,84,nublado
20260613_172405,273D-10,222,1,32073,2026-06-13T20:23:52Z,-23.50280425,-46.4289905,20.13,84,nublado
20260613_172405,9162-10,1365,1,13545,2026-06-13T20:23:21Z,-23.474218,-46.669056,20.13,84,nublado
20260613_172405,425E-10,1636,1,51131,2026-06-13T20:23:57Z,-23.612666,-46.480691,20.13,84,nublado
20260613_172405,4708-10,332,1,51148,2026-06-13T20:23:56Z,-23.63982,-46.607300499999994,20.13,84,nublado
20260613_172405,4708-10,332,1,51433,2026-06-13T20:23:48Z,-23.595122500000002,-46.626512,20.13,84,nublado
20260613_172405,6030-10,33910,2,66813,2026-06-13T20:23:29Z,-23.682050250000003,-46.694036,20.13,84,nublado
20260613_172405,6030-10,33910,2,66511,2026-06-13T20:24:01Z,-23.653945999999998,-46.711372,20.13,84,nublado
20260613_172405,6030-10,33910,2,66779,2026-06-13T20:23:28Z,-23.738986750000002,-46.70890475,20.13,84,nublado
20260613_172405,6030-10,33910,2,66909,2026-06-13T20:23:39Z,-23.661725,-46.7062455,20.13,84,nublado
20260613_172405,6030-10,33910,2,66897,2026-06-13T20:23:31Z,-23.7049335,-46.702473499999996,20.13,84,nublado
20260613_172405,3051-10,35214,2,35101,2026-06-13T20:23:54Z,-23.4866635,-46.482709,20.13,84,nublado
20260613_172405,3051-10,35214,2,35739,2026-06-13T20:23:24Z,-23.502336,-46.471188,20.13,84,nublado
20260613_172405,3051-10,35214,2,35837,2026-06-13T20:23:43Z,-23.5176275,-46.475961,20.13,84,nublado
20260613_172405,5022-10,1120,1,68270,2026-06-13T20:23:27Z,-23.672228,-46.638205,20.13,84,nublado
20260613_172405,5022-10,1120,1,68079,2026-06-13T20:23:26Z,-23.653949,-46.645151999999996,20.13,84,nublado
20260613_172405,5022-10,1120,1,68236,2026-06-13T20:23:47Z,-23.6710285,-46.643575999999996,20.13,84,nublado
20260613_172405,677Y-10,34008,2,78026,2026-06-13T20:23:21Z,-23.6551175,-46.762319500000004,20.13,84,nublado
20260613_172405,4055-10,2447,1,36693,2026-06-13T20:23:40Z,-23.5504445,-46.4191385,20.13,84,nublado
20260613_172405,2702-10,33682,2,36229,2026-06-13T20:23:22Z,-23.540101,-46.483252,20.13,84,nublado
20260613_172405,2702-10,33682,2,36082,2026-06-13T20:23:36Z,-23.506605375,-46.47728225,20.13,84,nublado
20260613_172405,2702-10,33682,2,36275,2026-06-13T20:23:30Z,-23.498993,-46.465942,20.13,84,nublado
20260613_172405,2029-10,2270,1,22607,2026-06-13T20:23:35Z,-23.4308155,-46.574727499999995,20.13,84,nublado
20260613_172405,809J-10,34834,2,80131,2026-06-13T20:23:51Z,-23.6045565,-46.7251225,20.13,84,nublado
20260613_172405,809J-10,34834,2,80362,2026-06-13T20:23:19Z,-23.586388749999998,-46.718734749999996,20.13,84,nublado
20260613_172405,4087-10,2602,1,47155,2026-06-13T20:23:39Z,-23.536912375,-46.427527624999996,20.13,84,nublado
20260613_172405,6049-10,34077,2,75430,2026-06-13T20:23:58Z,-23.6542075,-46.7410045,20.13,84,nublado
20260613_172405,6049-10,34077,2,75427,2026-06-13T20:23:35Z,-23.673364,-46.787792499999995,20.13,84,nublado
20260613_172405,6049-10,34077,2,75428,2026-06-13T20:23:22Z,-23.651966,-46.7166565,20.13,84,nublado
20260613_172405,6049-10,34077,2,75426,2026-06-13T20:23:51Z,-23.685482999999998,-46.800789249999994,20.13,84,nublado
20260613_172405,6049-10,34077,2,75432,2026-06-13T20:23:25Z,-23.650174999999997,-46.711493000000004,20.13,84,nublado
20260613_172405,390E-10,34650,2,31989,2026-06-13T20:23:37Z,-23.5388835,-46.605918,20.13,84,nublado
20260613_172405,390E-10,34650,2,31602,2026-06-13T20:23:21Z,-23.5191765,-46.547126,20.13,84,nublado
20260613_172405,2023-10,2260,1,22845,2026-06-13T20:23:26Z,-23.457352999999998,-46.602538499999994,20.13,84,nublado
20260613_172405,5129-10,34049,2,63326,2026-06-13T20:23:21Z,-23.680414374999998,-46.695434250000005,20.13,84,nublado
20260613_172405,5129-10,34049,2,63592,2026-06-13T20:24:00Z,-23.6739695,-46.677918,20.13,84,nublado
20260613_172405,5129-10,34049,2,63333,2026-06-13T20:23:26Z,-23.666238375,-46.656311875,20.13,84,nublado
20260613_172405,1022-10,2610,1,16141,2026-06-13T20:23:25Z,-23.4021705,-46.7270095,20.13,84,nublado
20260613_172405,5021-10,34435,2,51415,2026-06-13T20:24:01Z,-23.617160249999998,-46.617979500000004,20.13,84,nublado
20260613_172405,5024-10,1122,1,68339,2026-06-13T20:23:41Z,-23.688775749999998,-46.66371425,20.13,84,nublado
20260613_172405,5024-10,1122,1,68136,2026-06-13T20:23:53Z,-23.665187000000003,-46.69069275,20.13,84,nublado
20260613_172405,6012-10,1204,1,78810,2026-06-13T20:23:50Z,-23.685298500000002,-46.770142500000006,20.13,84,nublado
20260613_172405,6012-10,1204,1,78837,2026-06-13T20:23:44Z,-23.686561,-46.7870745,20.13,84,nublado
20260613_172405,5020-10,34438,2,55022,2026-06-13T20:23:20Z,-23.5989925,-46.60508725,20.13,84,nublado
20260613_172405,3069-10,984,1,45285,2026-06-13T20:23:32Z,-23.6187215,-46.414438000000004,20.13,84,nublado
20260613_172405,3069-10,984,1,45235,2026-06-13T20:23:31Z,-23.61689175,-46.46875824999999,20.13,84,nublado
20260613_172405,3069-10,984,1,45223,2026-06-13T20:23:55Z,-23.612406,-46.476185,20.13,84,nublado
20260613_172405,3069-10,984,1,45725,2026-06-13T20:23:43Z,-23.623323,-46.432497,20.13,84,nublado
20260613_172405,809J-10,2066,1,80109,2026-06-13T20:23:25Z,-23.6039365,-46.731567,20.13,84,nublado
20260613_172405,1701-10,33613,2,26233,2026-06-13T20:23:55Z,-23.468333,-46.5938795,20.13,84,nublado
20260613_172405,1701-10,33613,2,26412,2026-06-13T20:24:02Z,-23.4486515,-46.574572,20.13,84,nublado
20260613_172405,1701-10,33613,2,26490,2026-06-13T20:23:20Z,-23.493481000000003,-46.611540500000004,20.13,84,nublado
20260613_172405,1701-10,33613,2,26047,2026-06-13T20:23:51Z,-23.4553385,-46.5832765,20.13,84,nublado
20260613_172405,6823-10,32802,2,72945,2026-06-13T20:23:38Z,-23.692131,-46.78990950000001,20.13,84,nublado
20260613_172405,6823-10,32802,2,72565,2026-06-13T20:23:51Z,-23.66162,-46.7787955,20.13,84,nublado
20260613_172405,7063-10,1899,1,78874,2026-06-13T20:24:01Z,-23.6512955,-46.780013,20.13,84,nublado
20260613_172405,5035-10,34436,2,55326,2026-06-13T20:23:56Z,-23.6365035,-46.5901265,20.13,84,nublado
20260613_172405,5035-10,34436,2,55108,2026-06-13T20:23:37Z,-23.602662000000002,-46.602517500000005,20.13,84,nublado
20260613_172405,5035-10,34436,2,55511,2026-06-13T20:23:24Z,-23.61819375,-46.596407,20.13,84,nublado
20260613_172405,7062-31,34682,2,78126,2026-06-13T20:23:32Z,-23.6463475,-46.7730035,20.13,84,nublado
20260613_172405,7062-31,34682,2,78231,2026-06-13T20:23:41Z,-23.635054500000003,-46.775732500000004,20.13,84,nublado
20260613_172405,352A-10,32932,2,31942,2026-06-13T20:23:37Z,-23.479262499999997,-46.421414999999996,20.13,84,nublado
20260613_172405,2451-10,213,1,32238,2026-06-13T20:23:30Z,-23.521398250000004,-46.524276,20.13,84,nublado
20260613_172405,2451-10,213,1,32631,2026-06-13T20:23:32Z,-23.525548,-46.5045945,20.13,84,nublado
20260613_172405,3725-41,1531,1,45498,2026-06-13T20:23:50Z,-23.535469,-46.536559999999994,20.13,84,nublado
20260613_172405,3725-41,1531,1,45479,2026-06-13T20:24:01Z,-23.541213,-46.5312345,20.13,84,nublado
20260613_172405,6816-10,32794,2,72463,2026-06-13T20:23:50Z,-23.650152,-46.78497350000001,20.13,84,nublado
20260613_172405,6816-10,32794,2,72485,2026-06-13T20:23:39Z,-23.653212,-46.7764515,20.13,84,nublado
20260613_172405,6816-10,32794,2,72834,2026-06-13T20:23:51Z,-23.653286,-46.7719015,20.13,84,nublado
20260613_172405,702C-10,485,1,81279,2026-06-13T20:24:03Z,-23.549836499999998,-46.65359025000001,20.13,84,nublado
20260613_172405,702C-10,485,1,81229,2026-06-13T20:23:50Z,-23.5679185,-46.684665249999995,20.13,84,nublado
20260613_172405,702C-10,485,1,81502,2026-06-13T20:23:47Z,-23.571778000000002,-46.7484685,20.13,84,nublado
20260613_172405,8078-10,2080,1,85820,2026-06-13T20:24:00Z,-23.648551249999997,-46.755439499999994,20.13,84,nublado
20260613_172405,6812-10,34010,2,78926,2026-06-13T20:23:25Z,-23.680448249999998,-46.76532925,20.13,84,nublado
20260613_172405,6812-10,34010,2,78510,2026-06-13T20:24:04Z,-23.733959,-46.79209525,20.13,84,nublado
20260613_172405,3712-51,2505,1,47031,2026-06-13T20:23:50Z,-23.559803,-46.422215,20.13,84,nublado
20260613_172405,3712-51,2505,1,47560,2026-06-13T20:23:44Z,-23.542775,-46.446355249999996,20.13,84,nublado
20260613_172405,3712-51,2505,1,47798,2026-06-13T20:23:27Z,-23.5427825,-46.470522,20.13,84,nublado
20260613_172405,3712-51,2505,1,47738,2026-06-13T20:23:38Z,-23.561311250000003,-46.4248805,20.13,84,nublado
20260613_172405,971X-10,1695,1,21798,2026-06-13T20:23:30Z,-23.47501225,-46.665508,20.13,84,nublado
20260613_172405,971X-10,1695,1,21627,2026-06-13T20:23:57Z,-23.486525999999998,-46.652877000000004,20.13,84,nublado
20260613_172405,1721-10,666,1,22544,2026-06-13T20:23:54Z,-23.5010635,-46.61399,20.13,84,nublado
20260613_172405,1721-10,666,1,22611,2026-06-13T20:23:24Z,-23.491611250000002,-46.587993499999996,20.13,84,nublado
20260613_172405,1721-10,666,1,22286,2026-06-13T20:23:53Z,-23.50619375,-46.60307775,20.13,84,nublado
20260613_172405,4735-10,33878,2,55302,2026-06-13T20:23:56Z,-23.610017,-46.480343500000004,20.13,84,nublado
20260613_172405,6008-10,33968,2,78247,2026-06-13T20:23:19Z,-23.68727,-46.7629345,20.13,84,nublado
20260613_172405,6008-10,33968,2,78224,2026-06-13T20:23:23Z,-23.685177,-46.744485499999996,20.13,84,nublado
20260613_172405,6008-10,33968,2,78068,2026-06-13T20:23:54Z,-23.659087624999998,-46.7250971875,20.13,84,nublado
20260613_172405,6075-10,1162,1,66014,2026-06-13T20:24:00Z,-23.79246575,-46.7313865,20.13,84,nublado
20260613_172405,407A-10,34962,2,48154,2026-06-13T20:23:31Z,-23.546727625000003,-46.58973475,20.13,84,nublado
20260613_172405,407A-10,34962,2,48199,2026-06-13T20:23:45Z,-23.569789,-46.49269275,20.13,84,nublado
20260613_172405,407A-10,34962,2,48235,2026-06-13T20:23:45Z,-23.5641785,-46.5039335,20.13,84,nublado
20260613_172405,407A-10,34962,2,48141,2026-06-13T20:23:52Z,-23.5702565,-46.508983125,20.13,84,nublado
20260613_172405,407A-10,34962,2,48140,2026-06-13T20:23:30Z,-23.564484999999998,-46.547264,20.13,84,nublado
20260613_172405,8030-10,2562,1,85743,2026-06-13T20:23:50Z,-23.60509375,-46.736460750000006,20.13,84,nublado
20260613_172405,8030-10,2562,1,85751,2026-06-13T20:23:57Z,-23.592260250000002,-46.735554,20.13,84,nublado
20260613_172405,5030-10,1669,1,51049,2026-06-13T20:23:37Z,-23.6181135,-46.60653825,20.13,84,nublado
20260613_172405,2024-10,2261,1,22415,2026-06-13T20:23:49Z,-23.38125475,-46.5652065,20.13,84,nublado
20260613_172405,9050-10,34856,2,82661,2026-06-13T20:23:58Z,-23.519821,-46.700694999999996,20.13,84,nublado
20260613_172405,9050-10,34856,2,82656,2026-06-13T20:23:21Z,-23.520992749999998,-46.699836,20.13,84,nublado
20260613_172405,209P-10,2216,1,21653,2026-06-13T20:23:26Z,-23.557246375,-46.682679,20.13,84,nublado
20260613_172405,209P-10,2216,1,21639,2026-06-13T20:23:37Z,-23.479532499999998,-46.673495,20.13,84,nublado
20260613_172405,209P-10,2216,1,21645,2026-06-13T20:23:57Z,-23.522148,-46.66856249999999,20.13,84,nublado
20260613_172405,209P-10,2216,1,21638,2026-06-13T20:23:28Z,-23.47180475,-46.67047275,20.13,84,nublado
20260613_172405,209P-10,2216,1,21628,2026-06-13T20:23:31Z,-23.520799,-46.6677885,20.13,84,nublado
20260613_172405,209P-10,2216,1,21641,2026-06-13T20:24:00Z,-23.5660505,-46.701559,20.13,84,nublado
20260613_172405,209P-10,2216,1,21793,2026-06-13T20:24:01Z,-23.508093000000002,-46.6895215,20.13,84,nublado
20260613_172405,2766-10,405,1,32098,2026-06-13T20:23:37Z,-23.5205845,-46.390026500000005,20.13,84,nublado
20260613_172405,2766-10,405,1,32156,2026-06-13T20:23:43Z,-23.5205845,-46.390026500000005,20.13,84,nublado
20260613_172405,2766-10,405,1,32677,2026-06-13T20:23:35Z,-23.4950075,-46.410849999999996,20.13,84,nublado
20260613_172405,2766-10,405,1,32937,2026-06-13T20:23:48Z,-23.509898,-46.443432,20.13,84,nublado
20260613_172405,2766-10,405,1,32679,2026-06-13T20:23:37Z,-23.5205845,-46.390026500000005,20.13,84,nublado
20260613_172405,8000-1,2506,1,12644,2026-06-13T20:23:40Z,-23.52577625,-46.67950425,20.13,84,nublado
20260613_172405,8000-1,2506,1,12594,2026-06-13T20:23:33Z,-23.523934500000003,-46.700529875,20.13,84,nublado
20260613_172405,8000-1,2506,1,12783,2026-06-13T20:23:51Z,-23.5351595,-46.653281750000005,20.13,84,nublado
20260613_172405,2033-10,2499,1,22110,2026-06-13T20:23:21Z,-23.5079715,-46.586715999999996,20.13,84,nublado
20260613_172405,2033-10,2499,1,22126,2026-06-13T20:23:59Z,-23.522831,-46.624535,20.13,84,nublado
20260613_172405,2033-10,2499,1,22127,2026-06-13T20:23:57Z,-23.501651000000003,-46.572622,20.13,84,nublado
20260613_172405,5028-10,1634,1,51060,2026-06-13T20:23:59Z,-23.604243999999998,-46.59287525,20.13,84,nublado
20260613_172405,4092-10,1876,1,47653,2026-06-13T20:23:19Z,-23.583092,-46.407334500000005,20.13,84,nublado
20260613_172405,4092-10,1876,1,47014,2026-06-13T20:23:41Z,-23.5813105,-46.420292,20.13,84,nublado
20260613_172405,8600-10,34200,2,11693,2026-06-13T20:23:42Z,-23.494436999999998,-46.708714,20.13,84,nublado
20260613_172405,8600-10,34200,2,11694,2026-06-13T20:23:49Z,-23.52191275,-46.663771,20.13,84,nublado
20260613_172405,233A-10,249,1,31631,2026-06-13T20:23:32Z,-23.531779,-46.485549000000006,20.13,84,nublado
20260613_172405,233A-10,249,1,31737,2026-06-13T20:23:51Z,-23.4911905,-46.440290125,20.13,84,nublado
20260613_172405,8024-10,34843,2,80015,2026-06-13T20:23:54Z,-23.5969165,-46.7683385,20.13,84,nublado
20260613_172405,273J-10,389,1,32166,2026-06-13T20:23:38Z,-23.484306750000002,-46.422602499999996,20.13,84,nublado
20260613_172405,273J-10,389,1,32904,2026-06-13T20:23:40Z,-23.488620749999995,-46.392181875000006,20.13,84,nublado
20260613_172405,476G-41,1112,1,56248,2026-06-13T20:23:54Z,-23.609083749999996,-46.533860125000004,20.13,84,nublado
20260613_172405,9023-10,1437,1,16304,2026-06-13T20:23:53Z,-23.486277,-46.726815875,20.13,84,nublado
20260613_172405,9023-10,1437,1,16518,2026-06-13T20:23:27Z,-23.41964,-46.717011,20.13,84,nublado
20260613_172405,9023-10,1437,1,16368,2026-06-13T20:23:28Z,-23.444535000000002,-46.7139585,20.13,84,nublado
20260613_172405,9023-10,1437,1,16772,2026-06-13T20:23:22Z,-23.439253375000003,-46.70926887499999,20.13,84,nublado
20260613_172405,6012-10,33972,2,78280,2026-06-13T20:23:25Z,-23.686754,-46.7876415,20.13,84,nublado
20260613_172405,6021-10,32945,2,66500,2026-06-13T20:23:26Z,-23.7766115,-46.723039,20.13,84,nublado
20260613_172405,407F-10,2167,1,31756,2026-06-13T20:23:56Z,-23.60538575,-46.480157999999996,20.13,84,nublado
20260613_172405,407F-10,2167,1,31660,2026-06-13T20:23:49Z,-23.5761475,-46.52836575,20.13,84,nublado
20260613_172405,6806-10,32800,2,72573,2026-06-13T20:23:52Z,-23.6411065,-46.7453305,20.13,84,nublado
20260613_172405,775F-31,35256,2,85824,2026-06-13T20:23:41Z,-23.625851,-46.746280999999996,20.13,84,nublado
20260613_172405,775F-31,35256,2,85594,2026-06-13T20:23:43Z,-23.626137,-46.746829000000005,20.13,84,nublado
20260613_172405,775F-31,35256,2,85602,2026-06-13T20:23:47Z,-23.626593,-46.745902,20.13,84,nublado
20260613_172405,809A-10,2069,1,81366,2026-06-13T20:24:01Z,-23.57234125,-46.705315,20.13,84,nublado
20260613_172405,809A-10,2069,1,81348,2026-06-13T20:23:19Z,-23.565859,-46.7013775,20.13,84,nublado
20260613_172405,809A-10,2069,1,81310,2026-06-13T20:23:27Z,-23.5865255,-46.757533499999994,20.13,84,nublado
20260613_172405,2755-10,33001,2,32009,2026-06-13T20:23:24Z,-23.543284,-46.411506,20.13,84,nublado
20260613_172405,263C-10,33020,2,32624,2026-06-13T20:23:57Z,-23.4846255,-46.42746925,20.13,84,nublado
20260613_172405,263C-10,33020,2,32015,2026-06-13T20:23:42Z,-23.5435625,-46.411860000000004,20.13,84,nublado
20260613_172405,233C-10,32923,2,32048,2026-06-13T20:23:55Z,-23.519428875000003,-46.475841124999995,20.13,84,nublado
20260613_172405,233C-10,32923,2,32637,2026-06-13T20:23:47Z,-23.562344000000003,-46.5515325,20.13,84,nublado
20260613_172405,233C-10,32923,2,32062,2026-06-13T20:23:23Z,-23.549958500000002,-46.4994785,20.13,84,nublado
20260613_172405,4315-10,34943,2,31719,2026-06-13T20:23:21Z,-23.5395835,-46.552836,20.13,84,nublado
20260613_172405,4315-10,34943,2,31998,2026-06-13T20:23:45Z,-23.5468295,-46.6303365,20.13,84,nublado
20260613_172405,4315-10,34943,2,31642,2026-06-13T20:23:50Z,-23.54311,-46.547276749999995,20.13,84,nublado
20260613_172405,695X-22,1621,1,61274,2026-06-13T20:23:38Z,-23.767516,-46.7165655,20.13,84,nublado
20260613_172405,695X-22,1621,1,61263,2026-06-13T20:24:03Z,-23.766890250000003,-46.7169705,20.13,84,nublado
20260613_172405,2005-10,893,1,36548,2026-06-13T20:23:57Z,-23.495147000000003,-46.4347765,20.13,84,nublado
20260613_172405,2005-10,893,1,36210,2026-06-13T20:24:03Z,-23.4820745,-46.380242,20.13,84,nublado
20260613_172405,2005-10,893,1,36249,2026-06-13T20:23:41Z,-23.49171,-46.39666774999999,20.13,84,nublado
20260613_172405,5144-10,1627,1,52926,2026-06-13T20:23:41Z,-23.548781625,-46.58578250000001,20.13,84,nublado
20260613_172405,5144-10,1627,1,52922,2026-06-13T20:23:46Z,-23.569993,-46.5679685,20.13,84,nublado
20260613_172405,5144-10,1627,1,52002,2026-06-13T20:23:33Z,-23.574531,-46.5556785,20.13,84,nublado
20260613_172405,6019-10,34258,2,73958,2026-06-13T20:23:57Z,-23.6785195,-46.738023999999996,20.13,84,nublado
20260613_172405,4732-10,302,1,51427,2026-06-13T20:23:25Z,-23.6259755,-46.61771325,20.13,84,nublado
20260613_172405,4114-10,321,1,51090,2026-06-13T20:23:48Z,-23.574157,-46.6306185,20.13,84,nublado
20260613_172405,8215-10,574,1,11508,2026-06-13T20:23:19Z,-23.497198750000003,-46.697934,20.13,84,nublado
20260613_172405,8215-10,574,1,11789,2026-06-13T20:23:25Z,-23.4740745,-46.6902355,20.13,84,nublado
20260613_172405,8215-10,574,1,11505,2026-06-13T20:23:30Z,-23.540171,-46.6485545,20.13,84,nublado
20260613_172405,6036-10,33982,2,78007,2026-06-13T20:23:35Z,-23.65385975,-46.79008575,20.13,84,nublado
20260613_172405,6036-10,33982,2,78773,2026-06-13T20:23:40Z,-23.6598825,-46.7705665,20.13,84,nublado
20260613_172405,6036-10,33982,2,78109,2026-06-13T20:23:23Z,-23.64483,-46.779506500000004,20.13,84,nublado
20260613_172405,6036-10,33982,2,78379,2026-06-13T20:23:35Z,-23.65385975,-46.79008575,20.13,84,nublado
20260613_172405,6036-10,33982,2,78145,2026-06-13T20:23:42Z,-23.65385975,-46.79008575,20.13,84,nublado
20260613_172405,7021-10,34757,2,73487,2026-06-13T20:23:54Z,-23.670501,-46.767642,20.13,84,nublado
20260613_172405,7021-10,34757,2,73503,2026-06-13T20:23:47Z,-23.674359250000002,-46.7473895,20.13,84,nublado
20260613_172405,9012-10,34036,2,10497,2026-06-13T20:24:02Z,-23.497936000000003,-46.693166500000004,20.13,84,nublado
20260613_172405,9012-10,34036,2,10499,2026-06-13T20:23:42Z,-23.505319,-46.6886865,20.13,84,nublado
20260613_172405,178A-10,33326,2,21357,2026-06-13T20:23:39Z,-23.50316325,-46.6230835,20.13,84,nublado
20260613_172405,178A-10,33326,2,21322,2026-06-13T20:23:33Z,-23.5267185,-46.6665985,20.13,84,nublado
20260613_172405,4016-10,2189,1,48069,2026-06-13T20:24:00Z,-23.6128775,-46.476433,20.13,84,nublado
20260613_172405,3768-10,1056,1,36228,2026-06-13T20:23:24Z,-23.552427,-46.4249925,20.13,84,nublado
20260613_172405,3768-10,1056,1,36689,2026-06-13T20:23:31Z,-23.587369,-46.382947,20.13,84,nublado
20260613_172405,3768-10,1056,1,36156,2026-06-13T20:23:36Z,-23.5864595,-46.386217,20.13,84,nublado
20260613_172405,509M-10,34045,2,63087,2026-06-13T20:23:43Z,-23.681782,-46.6375545,20.13,84,nublado
20260613_172405,509M-10,34045,2,63099,2026-06-13T20:23:30Z,-23.592816499999998,-46.6522315,20.13,84,nublado
20260613_172405,509M-10,34045,2,63085,2026-06-13T20:23:29Z,-23.53930075,-46.640458,20.13,84,nublado
20260613_172405,509M-10,34045,2,63091,2026-06-13T20:23:36Z,-23.682258500000003,-46.6380165,20.13,84,nublado
20260613_172405,2026-10,2269,1,22636,2026-06-13T20:23:41Z,-23.46830075,-46.581041375,20.13,84,nublado
20260613_172405,2026-10,2269,1,22782,2026-06-13T20:23:33Z,-23.461732,-46.5828865,20.13,84,nublado
20260613_172405,1764-10,625,1,22535,2026-06-13T20:23:53Z,-23.425084,-46.582206,20.13,84,nublado
20260613_172405,1764-10,625,1,22731,2026-06-13T20:23:23Z,-23.492195000000002,-46.6251195,20.13,84,nublado
20260613_172405,2201-10,909,1,36037,2026-06-13T20:24:02Z,-23.5343575,-46.3998345,20.13,84,nublado
20260613_172405,2201-10,909,1,36020,2026-06-13T20:23:28Z,-23.532569000000002,-46.394673,20.13,84,nublado
20260613_172405,8029-10,2540,1,85831,2026-06-13T20:23:52Z,-23.5941905,-46.720518,20.13,84,nublado
20260613_172405,8029-10,2540,1,85872,2026-06-13T20:23:55Z,-23.615398,-46.746458000000004,20.13,84,nublado
20260613_172405,121G-10,33459,2,26410,2026-06-13T20:23:55Z,-23.4810685,-46.603014,20.13,84,nublado
20260613_172405,121G-10,33459,2,26120,2026-06-13T20:23:56Z,-23.511223375,-46.571278125,20.13,84,nublado
20260613_172405,121G-10,33459,2,26264,2026-06-13T20:23:58Z,-23.481244,-46.60159,20.13,84,nublado
20260613_172405,1726-10,34171,2,22494,2026-06-13T20:23:25Z,-23.45699,-46.599173,20.13,84,nublado
20260613_172405,4016-10,34957,2,48554,2026-06-13T20:23:50Z,-23.633878,-46.472681,20.13,84,nublado
20260613_172405,4016-10,34957,2,48565,2026-06-13T20:23:29Z,-23.6327095,-46.47306675,20.13,84,nublado
20260613_172405,948A-10,34191,2,10206,2026-06-13T20:23:48Z,-23.5261985,-46.6684055,20.13,84,nublado
20260613_172405,8075-21,2537,1,81267,2026-06-13T20:23:42Z,-23.594345,-46.736714250000006,20.13,84,nublado
20260613_172405,7011-10,34720,2,78845,2026-06-13T20:23:55Z,-23.6780175,-46.762507,20.13,84,nublado
20260613_172405,7011-10,34720,2,78113,2026-06-13T20:23:24Z,-23.7015595,-46.7904015,20.13,84,nublado
20260613_172405,4003-10,2159,1,48675,2026-06-13T20:24:02Z,-23.560481250000002,-46.42033825,20.13,84,nublado
20260613_172405,9188-10,33577,2,16377,2026-06-13T20:23:29Z,-23.5031685,-46.706206,20.13,84,nublado
20260613_172405,9188-10,33577,2,16585,2026-06-13T20:24:00Z,-23.453332500000002,-46.7305165,20.13,84,nublado
20260613_172405,9188-10,33577,2,16117,2026-06-13T20:24:02Z,-23.457594,-46.71914975,20.13,84,nublado
20260613_172405,9188-10,33577,2,16364,2026-06-13T20:23:55Z,-23.453530999999998,-46.7312805,20.13,84,nublado
20260613_172405,9188-10,33577,2,16139,2026-06-13T20:23:54Z,-23.450701000000002,-46.728078499999995,20.13,84,nublado
20260613_172405,4115-10,322,1,52213,2026-06-13T20:23:22Z,-23.623824000000003,-46.628329125,20.13,84,nublado
20260613_172405,2018-10,33672,2,35728,2026-06-13T20:24:01Z,-23.509287999999998,-46.4144215,20.13,84,nublado
20260613_172405,2018-10,33672,2,35816,2026-06-13T20:23:21Z,-23.50692975,-46.41887625,20.13,84,nublado
20260613_172405,2018-10,33672,2,35735,2026-06-13T20:24:03Z,-23.495362999999998,-46.429863,20.13,84,nublado
20260613_172405,2088-10,33140,2,32676,2026-06-13T20:23:21Z,-23.5039315,-46.3796915,20.13,84,nublado
20260613_172405,2088-10,33140,2,32137,2026-06-13T20:23:28Z,-23.498847750000003,-46.37669425,20.13,84,nublado
20260613_172405,271A-10,702,1,21325,2026-06-13T20:23:30Z,-23.522542625,-46.568175749999995,20.13,84,nublado
20260613_172405,271A-10,702,1,21440,2026-06-13T20:23:29Z,-23.5065655,-46.5892565,20.13,84,nublado
20260613_172405,271A-10,702,1,21439,2026-06-13T20:23:29Z,-23.504641375,-46.622499375000004,20.13,84,nublado
20260613_172405,4725-10,33106,2,51422,2026-06-13T20:23:50Z,-23.609335,-46.637949500000005,20.13,84,nublado
20260613_172405,4725-10,33106,2,51086,2026-06-13T20:23:30Z,-23.6335525,-46.6141865,20.13,84,nublado
20260613_172405,1018-10,832,1,26061,2026-06-13T20:23:52Z,-23.502498000000003,-46.62359549999999,20.13,84,nublado
20260613_172405,1018-10,832,1,26036,2026-06-13T20:23:56Z,-23.463760999999998,-46.616621499999994,20.13,84,nublado
20260613_172405,1018-10,832,1,26017,2026-06-13T20:23:25Z,-23.4602875,-46.629337,20.13,84,nublado
20260613_172405,707K-10,35271,2,75457,2026-06-13T20:23:49Z,-23.63954525,-46.67342575000001,20.13,84,nublado
20260613_172405,707K-10,35271,2,75450,2026-06-13T20:24:04Z,-23.646842499999998,-46.641054,20.13,84,nublado
20260613_172405,707K-10,35271,2,75453,2026-06-13T20:23:50Z,-23.668024000000003,-46.735501,20.13,84,nublado
20260613_172405,707K-10,35271,2,75455,2026-06-13T20:23:21Z,-23.656342125000002,-46.694109624999996,20.13,84,nublado
20260613_172405,707K-10,35271,2,75454,2026-06-13T20:24:02Z,-23.662343874999998,-46.706628,20.13,84,nublado
20260613_172405,4315-10,2175,1,31993,2026-06-13T20:23:56Z,-23.55036275,-46.533575,20.13,84,nublado
20260613_172405,4315-10,2175,1,31992,2026-06-13T20:23:55Z,-23.541129750000003,-46.55422,20.13,84,nublado
20260613_172405,189L-10,2450,1,10006,2026-06-13T20:23:53Z,-23.486610499999998,-46.710868000000005,20.13,84,nublado
20260613_172405,189L-10,2450,1,10004,2026-06-13T20:23:23Z,-23.517861,-46.702819,20.13,84,nublado
20260613_172405,189L-10,2450,1,10011,2026-06-13T20:24:03Z,-23.4966595,-46.707632000000004,20.13,84,nublado
20260613_172405,2004-10,892,1,36003,2026-06-13T20:23:42Z,-23.519528,-46.385799000000006,20.13,84,nublado
20260613_172405,2004-10,892,1,36168,2026-06-13T20:24:01Z,-23.526678,-46.391061,20.13,84,nublado
20260613_172405,2004-10,892,1,36071,2026-06-13T20:23:21Z,-23.5376015,-46.4059695,20.13,84,nublado
20260613_172405,2004-10,892,1,36124,2026-06-13T20:23:47Z,-23.5361735,-46.4032565,20.13,84,nublado
20260613_172405,4037-10,2588,1,41113,2026-06-13T20:23:52Z,-23.558422999999998,-46.5229205,20.13,84,nublado
20260613_172405,7062-10,34666,2,78346,2026-06-13T20:23:58Z,-23.646065,-46.772230500000006,20.13,84,nublado
20260613_172405,7062-10,34666,2,78282,2026-06-13T20:23:42Z,-23.632827499999998,-46.7727005,20.13,84,nublado
20260613_172405,6820-31,1406,1,72481,2026-06-13T20:23:21Z,-23.661071,-46.7885365,20.13,84,nublado
20260613_172405,6820-31,1406,1,72474,2026-06-13T20:23:25Z,-23.654132,-46.7632315,20.13,84,nublado
20260613_172405,6820-31,1406,1,72491,2026-06-13T20:23:38Z,-23.653897,-46.7629255,20.13,84,nublado
20260613_172405,978A-10,1369,1,12478,2026-06-13T20:24:04Z,-23.497438,-46.684827999999996,20.13,84,nublado
20260613_172405,2722-31,936,1,45161,2026-06-13T20:23:42Z,-23.49801,-46.4917965,20.13,84,nublado
20260613_172405,2722-31,936,1,45521,2026-06-13T20:23:34Z,-23.52787,-46.51566425,20.13,84,nublado
20260613_172405,7051-10,34653,2,78467,2026-06-13T20:23:55Z,-23.636881,-46.7787685,20.13,84,nublado
20260613_172405,7051-10,34653,2,78538,2026-06-13T20:24:01Z,-23.654795999999997,-46.7843735,20.13,84,nublado
20260613_172405,5702-10,33905,2,68830,2026-06-13T20:23:29Z,-23.6980845,-46.6460855,20.13,84,nublado
20260613_172405,5702-10,33905,2,68454,2026-06-13T20:23:48Z,-23.6517525,-46.638245999999995,20.13,84,nublado
20260613_172405,6805-31,34556,2,72586,2026-06-13T20:23:36Z,-23.65997,-46.745471249999994,20.13,84,nublado
20260613_172405,6805-31,34556,2,72949,2026-06-13T20:23:33Z,-23.656605,-46.7620985,20.13,84,nublado
20260613_172405,6805-31,34556,2,72563,2026-06-13T20:23:44Z,-23.654061499999997,-46.763393,20.13,84,nublado
20260613_172405,6053-10,33913,2,66235,2026-06-13T20:23:48Z,-23.7687405,-46.661952,20.13,84,nublado
20260613_172405,6053-10,33913,2,66628,2026-06-13T20:23:24Z,-23.7545765,-46.679976499999995,20.13,84,nublado
20260613_172405,6053-10,33913,2,66036,2026-06-13T20:23:44Z,-23.7687405,-46.661952,20.13,84,nublado
20260613_172405,527R-10,271,1,68329,2026-06-13T20:23:56Z,-23.6589195,-46.7036825,20.13,84,nublado
20260613_172405,527R-10,271,1,68896,2026-06-13T20:23:52Z,-23.675266999999998,-46.65380375,20.13,84,nublado
20260613_172405,527R-10,271,1,68708,2026-06-13T20:23:32Z,-23.6561915,-46.7011475,20.13,84,nublado
20260613_172405,9006-10,33642,2,16724,2026-06-13T20:23:57Z,-23.464918,-46.690571500000004,20.13,84,nublado
20260613_172405,9006-10,33642,2,16015,2026-06-13T20:23:55Z,-23.475424500000003,-46.670272499999996,20.13,84,nublado
20260613_172405,9006-10,33642,2,16092,2026-06-13T20:23:28Z,-23.468825000000002,-46.685418,20.13,84,nublado
20260613_172405,6039-21,35261,2,78358,2026-06-13T20:23:51Z,-23.661893,-46.779297,20.13,84,nublado
20260613_172405,6039-21,35261,2,78621,2026-06-13T20:23:40Z,-23.6762085,-46.791264,20.13,84,nublado
20260613_172405,342C-10,1002,1,47294,2026-06-13T20:23:41Z,-23.555048499999998,-46.49283,20.13,84,nublado
20260613_172405,342C-10,1002,1,47112,2026-06-13T20:23:21Z,-23.53381725,-46.523146374999996,20.13,84,nublado
20260613_172405,342C-10,1002,1,47069,2026-06-13T20:23:31Z,-23.5232615,-46.545676,20.13,84,nublado
20260613_172405,1782-10,643,1,22810,2026-06-13T20:23:33Z,-23.4567505,-46.601960000000005,20.13,84,nublado
20260613_172405,2033-10,35267,2,22536,2026-06-13T20:23:35Z,-23.486996,-46.568324000000004,20.13,84,nublado
20260613_172405,2033-10,35267,2,22281,2026-06-13T20:23:53Z,-23.4872685,-46.568211500000004,20.13,84,nublado
20260613_172405,6080-10,1168,1,66318,2026-06-13T20:23:23Z,-23.755194,-46.6776735,20.13,84,nublado
20260613_172405,6080-10,1168,1,66969,2026-06-13T20:23:29Z,-23.691787749999996,-46.69818975,20.13,84,nublado
20260613_172405,6080-10,1168,1,66320,2026-06-13T20:23:44Z,-23.73749875,-46.693042,20.13,84,nublado
20260613_172405,573T-10,1632,1,55221,2026-06-13T20:23:46Z,-23.596099125000002,-46.488561375,20.13,84,nublado
20260613_172405,573T-10,1632,1,55356,2026-06-13T20:23:41Z,-23.558199000000002,-46.522121,20.13,84,nublado
20260613_172405,573T-10,1632,1,55305,2026-06-13T20:23:45Z,-23.593412875000002,-46.488488499999995,20.13,84,nublado
20260613_172405,573T-10,1632,1,55125,2026-06-13T20:24:01Z,-23.542819,-46.548100500000004,20.13,84,nublado
20260613_172405,3735-41,1920,1,47111,2026-06-13T20:23:53Z,-23.547789,-46.491588750000005,20.13,84,nublado
20260613_172405,675X-10,32879,2,61518,2026-06-13T20:23:30Z,-23.63323025,-46.690116,20.13,84,nublado
20260613_172405,675X-10,32879,2,61788,2026-06-13T20:24:01Z,-23.635838749999998,-46.692663249999995,20.13,84,nublado
20260613_172405,342N-10,1003,1,47586,2026-06-13T20:23:28Z,-23.552943499999998,-46.413566,20.13,84,nublado
20260613_172405,342N-10,1003,1,47708,2026-06-13T20:23:28Z,-23.567125500000003,-46.395131,20.13,84,nublado
20260613_172405,3008-10,2515,1,36674,2026-06-13T20:23:30Z,-23.494181,-46.400715500000004,20.13,84,nublado
20260613_172405,3008-10,2515,1,36244,2026-06-13T20:23:25Z,-23.52162125,-46.39360875,20.13,84,nublado
20260613_172405,3008-10,2515,1,36108,2026-06-13T20:23:58Z,-23.494205,-46.401126000000005,20.13,84,nublado
20260613_172405,4053-10,34914,2,36241,2026-06-13T20:23:24Z,-23.5551175,-46.401091,20.13,84,nublado
20260613_172405,4053-10,34914,2,36661,2026-06-13T20:23:53Z,-23.553562499999998,-46.3937855,20.13,84,nublado
20260613_172405,675A-10,1318,1,77885,2026-06-13T20:23:54Z,-23.662312,-46.756093,20.13,84,nublado
20260613_172405,675A-10,1318,1,77886,2026-06-13T20:23:58Z,-23.62766125,-46.68821275,20.13,84,nublado
20260613_172405,675A-10,1318,1,75668,2026-06-13T20:24:03Z,-23.62182025,-46.679286,20.13,84,nublado
20260613_172405,675A-10,1318,1,77874,2026-06-13T20:23:33Z,-23.6532725,-46.7370815,20.13,84,nublado
20260613_172405,1741-10,539,1,22509,2026-06-13T20:23:49Z,-23.4857555,-46.640631,20.13,84,nublado
20260613_172405,1741-10,539,1,22566,2026-06-13T20:23:57Z,-23.50032625,-46.62695925,20.13,84,nublado
20260613_172405,677V-10,112,1,64321,2026-06-13T20:23:36Z,-23.721364,-46.696504000000004,20.13,84,nublado
20260613_172405,677V-10,112,1,64415,2026-06-13T20:23:40Z,-23.72913525,-46.711274125,20.13,84,nublado
20260613_172405,209P-1,35069,2,11095,2026-06-13T20:23:48Z,-23.472988,-46.670319000000006,20.13,84,nublado
20260613_172405,209P-1,35069,2,11012,2026-06-13T20:23:49Z,-23.522293624999996,-46.66854575,20.13,84,nublado
20260613_172405,5018-10,1492,1,68831,2026-06-13T20:23:34Z,-23.6908785,-46.6505535,20.13,84,nublado
20260613_172405,5018-10,1492,1,68155,2026-06-13T20:23:51Z,-23.6898195,-46.6654985,20.13,84,nublado
20260613_172405,311C-10,309,1,52919,2026-06-13T20:23:58Z,-23.541031750000002,-46.60630225,20.13,84,nublado
20260613_172405,311C-10,309,1,52911,2026-06-13T20:23:50Z,-23.588907,-46.582616,20.13,84,nublado
20260613_172405,311C-10,309,1,52928,2026-06-13T20:23:25Z,-23.5241995,-46.64429525,20.13,84,nublado
20260613_172405,6475-10,34085,2,75833,2026-06-13T20:23:46Z,-23.6550205,-46.763734,20.13,84,nublado
20260613_172405,6475-10,34085,2,75813,2026-06-13T20:23:56Z,-23.549404,-46.639666,20.13,84,nublado
20260613_172405,6475-10,34085,2,75835,2026-06-13T20:23:35Z,-23.6709525,-46.76564625,20.13,84,nublado
20260613_172405,TREI-10,35257,2,5120,2026-06-13T20:23:42Z,-23.597175,-46.60581775,20.13,84,nublado
20260613_172405,8027-10,34930,2,80367,2026-06-13T20:23:20Z,-23.571145375,-46.709069125,20.13,84,nublado
20260613_172405,8500-10,34035,2,11726,2026-06-13T20:23:48Z,-23.484282999999998,-46.7219425,20.13,84,nublado
20260613_172405,8500-10,34035,2,11728,2026-06-13T20:23:59Z,-23.5232195,-46.66459425,20.13,84,nublado
20260613_172405,8500-10,34035,2,11727,2026-06-13T20:23:27Z,-23.5177525,-46.6788935,20.13,84,nublado
20260613_172405,8500-10,34035,2,11730,2026-06-13T20:23:42Z,-23.4871935,-46.7165105,20.13,84,nublado
20260613_172405,6258-31,34551,2,78707,2026-06-13T20:23:31Z,-23.67382975,-46.747345625,20.13,84,nublado
20260613_172405,6258-31,34551,2,78704,2026-06-13T20:23:28Z,-23.6783785,-46.748912000000004,20.13,84,nublado
20260613_172405,971A-10,33426,2,22653,2026-06-13T20:23:22Z,-23.486426,-46.680797,20.13,84,nublado
20260613_172405,971A-10,33426,2,22590,2026-06-13T20:23:50Z,-23.498838499999998,-46.6673725,20.13,84,nublado
20260613_172405,971A-10,33426,2,22630,2026-06-13T20:23:58Z,-23.486307,-46.680385,20.13,84,nublado
20260613_172405,2740-10,34560,2,22926,2026-06-13T20:23:53Z,-23.45992,-46.625714,20.13,84,nublado
20260613_172405,2740-10,34560,2,22656,2026-06-13T20:23:23Z,-23.45825575,-46.614585250000005,20.13,84,nublado
20260613_172405,2740-10,34560,2,22508,2026-06-13T20:23:25Z,-23.48754075,-46.62130225,20.13,84,nublado
20260613_172405,2740-10,34560,2,22943,2026-06-13T20:23:46Z,-23.4580515,-46.6428225,20.13,84,nublado
20260613_172405,975A-10,589,1,11533,2026-06-13T20:24:00Z,-23.575677,-46.641495,20.13,84,nublado
20260613_172405,975A-10,589,1,11534,2026-06-13T20:23:34Z,-23.505019500000003,-46.691104499999994,20.13,84,nublado
20260613_172405,477U-10,306,1,51071,2026-06-13T20:23:58Z,-23.588292,-46.628020500000005,20.13,84,nublado
20260613_172405,477U-10,306,1,51029,2026-06-13T20:23:39Z,-23.605618999999997,-46.593915,20.13,84,nublado
20260613_172405,211V-10,154,1,32635,2026-06-13T20:23:40Z,-23.488166,-46.479510000000005,20.13,84,nublado
20260613_172405,3459-23,33172,2,31845,2026-06-13T20:23:30Z,-23.515906,-46.383242499999994,20.13,84,nublado
20260613_172405,6052-10,1144,1,66820,2026-06-13T20:23:42Z,-23.775071,-46.6913645,20.13,84,nublado
20260613_172405,6052-10,1144,1,66704,2026-06-13T20:23:53Z,-23.7705165,-46.710218,20.13,84,nublado
20260613_172405,6052-10,1144,1,66477,2026-06-13T20:23:34Z,-23.7730165,-46.7025605,20.13,84,nublado
20260613_172405,9301-10,33226,2,11579,2026-06-13T20:23:21Z,-23.5089435,-46.654759,20.13,84,nublado
20260613_172405,6806-10,32,1,72830,2026-06-13T20:23:56Z,-23.6395015,-46.7536085,20.13,84,nublado
20260613_172405,6806-10,32,1,72580,2026-06-13T20:23:45Z,-23.6440135,-46.734696,20.13,84,nublado
20260613_172405,606Y-10,35357,2,66664,2026-06-13T20:23:33Z,-23.755381,-46.698249,20.13,84,nublado
20260613_172405,809T-10,2246,1,80258,2026-06-13T20:23:56Z,-23.59190425,-46.7999965,20.13,84,nublado
20260613_172405,1703-10,847,1,22581,2026-06-13T20:23:28Z,-23.438533999999997,-46.5817155,20.13,84,nublado
20260613_172405,8055-51,33185,2,11685,2026-06-13T20:23:28Z,-23.406797249999997,-46.76662525,20.13,84,nublado
20260613_172405,8055-51,33185,2,11714,2026-06-13T20:23:31Z,-23.408456,-46.7408545,20.13,84,nublado
20260613_172405,7054-10,41,1,78616,2026-06-13T20:24:04Z,-23.631026499999997,-46.773642,20.13,84,nublado
20260613_172405,8040-10,406,1,10545,2026-06-13T20:23:50Z,-23.508705749999997,-46.736869,20.13,84,nublado
20260613_172405,8040-10,406,1,10546,2026-06-13T20:23:22Z,-23.4861935,-46.756078,20.13,84,nublado
20260613_172405,8040-10,406,1,10548,2026-06-13T20:23:47Z,-23.437415,-46.779865,20.13,84,nublado
20260613_172405,3902-10,1470,1,32143,2026-06-13T20:23:18Z,-23.505086499999997,-46.41071675,20.13,84,nublado
20260613_172405,3902-10,1470,1,32142,2026-06-13T20:23:52Z,-23.4849345,-46.3847545,20.13,84,nublado
20260613_172405,3902-10,1470,1,32741,2026-06-13T20:23:29Z,-23.5089435,-46.39216,20.13,84,nublado
20260613_172405,4006-10,2180,1,48166,2026-06-13T20:23:53Z,-23.602890000000002,-46.43807825,20.13,84,nublado
20260613_172405,8040-10,33174,2,10547,2026-06-13T20:23:42Z,-23.518814999999996,-46.702155000000005,20.13,84,nublado
20260613_172405,8040-10,33174,2,10542,2026-06-13T20:23:21Z,-23.4492155,-46.755407500000004,20.13,84,nublado
20260613_172405,8040-10,33174,2,10543,2026-06-13T20:23:31Z,-23.498939999999997,-46.75447,20.13,84,nublado
20260613_172405,1015-10,2230,1,16016,2026-06-13T20:23:45Z,-23.411362500000003,-46.81045125,20.13,84,nublado
20260613_172405,1015-10,2230,1,16622,2026-06-13T20:23:21Z,-23.431533,-46.787199,20.13,84,nublado
20260613_172405,6055-10,1146,1,66201,2026-06-13T20:23:39Z,-23.75413,-46.708843,20.13,84,nublado
20260613_172405,6055-10,1146,1,66748,2026-06-13T20:23:48Z,-23.725529,-46.6995035,20.13,84,nublado
20260613_172405,6055-10,1146,1,66185,2026-06-13T20:23:52Z,-23.736480999999998,-46.69416675,20.13,84,nublado
20260613_172405,6055-10,1146,1,66762,2026-06-13T20:23:54Z,-23.756568,-46.709233499999996,20.13,84,nublado
20260613_172405,2715-10,928,1,45279,2026-06-13T20:23:57Z,-23.4962475,-46.499477,20.13,84,nublado
20260613_172405,2715-10,928,1,45237,2026-06-13T20:23:36Z,-23.514013249999998,-46.50080725,20.13,84,nublado
20260613_172405,2715-10,928,1,45588,2026-06-13T20:23:57Z,-23.52295925,-46.5009405,20.13,84,nublado
20260613_172405,9012-10,1268,1,10498,2026-06-13T20:24:03Z,-23.476078,-46.6847195,20.13,84,nublado
20260613_172405,2080-10,371,1,32149,2026-06-13T20:23:31Z,-23.513855375,-46.529267999999995,20.13,84,nublado
20260613_172405,3010-10,2543,1,36668,2026-06-13T20:23:40Z,-23.513731500000002,-46.446048125000004,20.13,84,nublado
20260613_172405,669A-10,4,1,75500,2026-06-13T20:23:57Z,-23.654157,-46.7105825,20.13,84,nublado
20260613_172405,669A-10,4,1,75506,2026-06-13T20:24:02Z,-23.6049955,-46.675182500000005,20.13,84,nublado
20260613_172405,669A-10,4,1,75409,2026-06-13T20:23:20Z,-23.57043375,-46.6472545,20.13,84,nublado
20260613_172405,669A-10,4,1,75505,2026-06-13T20:23:44Z,-23.547615999999998,-46.6478195,20.13,84,nublado
20260613_172405,807A-10,1900,1,71245,2026-06-13T20:23:59Z,-23.6338245,-46.773165500000005,20.13,84,nublado
20260613_172405,807A-10,1900,1,71178,2026-06-13T20:23:47Z,-23.648301,-46.7487645,20.13,84,nublado
20260613_172405,2007-10,896,1,36236,2026-06-13T20:23:50Z,-23.5025185,-46.380162999999996,20.13,84,nublado
20260613_172405,2007-10,896,1,36114,2026-06-13T20:23:26Z,-23.506504,-46.3682375,20.13,84,nublado
20260613_172405,6818-10,32796,2,72767,2026-06-13T20:23:53Z,-23.6476845,-46.763338000000005,20.13,84,nublado
20260613_172405,6818-10,32796,2,72561,2026-06-13T20:23:30Z,-23.649676499999998,-46.7584875,20.13,84,nublado
20260613_172405,2058-10,33027,2,32033,2026-06-13T20:23:53Z,-23.5261105,-46.3979645,20.13,84,nublado
20260613_172405,2713-10,32988,2,32602,2026-06-13T20:23:54Z,-23.5329995,-46.543696,20.13,84,nublado
20260613_172405,6058-10,33917,2,66372,2026-06-13T20:23:44Z,-23.765253,-46.6921085,20.13,84,nublado
20260613_172405,6058-10,33917,2,66822,2026-06-13T20:23:35Z,-23.769851000000003,-46.676743,20.13,84,nublado
20260613_172405,6058-10,33917,2,66251,2026-06-13T20:23:30Z,-23.769851000000003,-46.676743,20.13,84,nublado
20260613_172405,6058-10,33917,2,66926,2026-06-13T20:23:35Z,-23.769588,-46.6772535,20.13,84,nublado
20260613_172405,3009-10,2526,1,36234,2026-06-13T20:23:19Z,-23.4941615,-46.400386,20.13,84,nublado
20260613_172405,3725-10,33790,2,45554,2026-06-13T20:23:40Z,-23.542581249999998,-46.522450875000004,20.13,84,nublado
20260613_172405,3725-10,33790,2,45321,2026-06-13T20:23:39Z,-23.5440585,-46.518887,20.13,84,nublado
20260613_172405,3725-10,33790,2,45639,2026-06-13T20:24:02Z,-23.533086,-46.530659,20.13,84,nublado
20260613_172405,8300-10,34032,2,11771,2026-06-13T20:23:42Z,-23.485485500000003,-46.7254255,20.13,84,nublado
20260613_172405,908T-10,2116,1,31988,2026-06-13T20:24:02Z,-23.546251624999996,-46.6383455,20.13,84,nublado
20260613_172405,908T-10,2116,1,31718,2026-06-13T20:23:42Z,-23.565922625,-46.6683635,20.13,84,nublado
20260613_172405,875P-10,1341,1,82572,2026-06-13T20:23:40Z,-23.571849,-46.64370825,20.13,84,nublado
20260613_172405,6835-31,1407,1,72765,2026-06-13T20:23:52Z,-23.6668415,-46.772450000000006,20.13,84,nublado
20260613_172405,6835-31,1407,1,72762,2026-06-13T20:23:57Z,-23.6879515,-46.800591,20.13,84,nublado
20260613_172405,807P-10,2099,1,85772,2026-06-13T20:24:03Z,-23.643456999999998,-46.7356385,20.13,84,nublado
20260613_172405,807P-10,2099,1,85757,2026-06-13T20:23:33Z,-23.6324505,-46.727559,20.13,84,nublado
20260613_172405,546J-10,1133,1,68627,2026-06-13T20:23:34Z,-23.687102,-46.6627835,20.13,84,nublado
20260613_172405,546J-10,1133,1,68277,2026-06-13T20:23:53Z,-23.6689565,-46.6773375,20.13,84,nublado
20260613_172405,546J-10,1133,1,68153,2026-06-13T20:23:45Z,-23.66966,-46.670287,20.13,84,nublado
20260613_172405,1741-10,33307,2,22512,2026-06-13T20:23:24Z,-23.470498499999998,-46.65966,20.13,84,nublado
20260613_172405,1741-10,33307,2,22576,2026-06-13T20:23:48Z,-23.494215500000003,-46.6320525,20.13,84,nublado
20260613_172405,1741-10,33307,2,22625,2026-06-13T20:23:42Z,-23.4647525,-46.6632075,20.13,84,nublado
20260613_172405,1741-10,33307,2,22568,2026-06-13T20:23:33Z,-23.4647525,-46.6632075,20.13,84,nublado
20260613_172405,5142-10,34394,2,52119,2026-06-13T20:23:31Z,-23.607991,-46.510649,20.13,84,nublado
20260613_172405,5142-10,34394,2,52941,2026-06-13T20:23:42Z,-23.5620245,-46.622164999999995,20.13,84,nublado
20260613_172405,3901-10,34237,2,32605,2026-06-13T20:23:20Z,-23.4987395,-46.50209475,20.13,84,nublado
20260613_172405,938L-10,34136,2,12472,2026-06-13T20:23:37Z,-23.4897115,-46.6845535,20.13,84,nublado
20260613_172405,938L-10,34136,2,12684,2026-06-13T20:23:27Z,-23.4754695,-46.6707,20.13,84,nublado
20260613_172405,2756-10,33006,2,32013,2026-06-13T20:23:58Z,-23.5170485,-46.4892505,20.13,84,nublado
20260613_172405,3787-10,1612,1,47727,2026-06-13T20:23:30Z,-23.5893645,-46.411157,20.13,84,nublado
20260613_172405,3787-10,1612,1,47195,2026-06-13T20:23:36Z,-23.599977000000003,-46.402148499999996,20.13,84,nublado
20260613_172405,3787-10,1612,1,47289,2026-06-13T20:23:51Z,-23.57990125,-46.4426425,20.13,84,nublado
20260613_172405,3787-10,1612,1,47804,2026-06-13T20:23:59Z,-23.550210125,-46.457929625000006,20.13,84,nublado
20260613_172405,139A-10,35219,2,16352,2026-06-13T20:23:57Z,-23.4917245,-46.703696,20.13,84,nublado
20260613_172405,139A-10,35219,2,16463,2026-06-13T20:23:48Z,-23.4861205,-46.710727500000004,20.13,84,nublado
20260613_172405,4286-10,33094,2,51059,2026-06-13T20:23:45Z,-23.59264225,-46.576817000000005,20.13,84,nublado
20260613_172405,4286-10,33094,2,51115,2026-06-13T20:23:40Z,-23.609526,-46.529048,20.13,84,nublado
20260613_172405,6003-10,1472,1,61325,2026-06-13T20:23:40Z,-23.734043375,-46.698876874999996,20.13,84,nublado
20260613_172405,6835-10,32780,2,72553,2026-06-13T20:23:25Z,-23.6662345,-46.771350999999996,20.13,84,nublado
20260613_172405,2732-10,947,1,45263,2026-06-13T20:23:22Z,-23.5333275,-46.46307,20.13,84,nublado
20260613_172405,2732-10,947,1,45268,2026-06-13T20:23:43Z,-23.5340585,-46.46348,20.13,84,nublado
20260613_172405,2732-10,947,1,45265,2026-06-13T20:23:34Z,-23.539121375,-46.481944,20.13,84,nublado
20260613_172405,2732-10,947,1,45659,2026-06-13T20:23:35Z,-23.5402155,-46.483134,20.13,84,nublado
20260613_172405,1730-10,33633,2,26309,2026-06-13T20:23:23Z,-23.511376499999997,-46.6212115,20.13,84,nublado
20260613_172405,314J-10,310,1,52044,2026-06-13T20:23:51Z,-23.596013,-46.5568205,20.13,84,nublado
20260613_172405,314J-10,310,1,52021,2026-06-13T20:23:21Z,-23.577193,-46.609338,20.13,84,nublado
20260613_172405,8004-10,1254,1,10588,2026-06-13T20:24:01Z,-23.484506,-46.747102,20.13,84,nublado
20260613_172405,8004-10,1254,1,10587,2026-06-13T20:22:04Z,-23.5087495,-46.7378415,20.13,84,nublado
20260613_172405,7267-10,1427,1,82774,2026-06-13T20:24:01Z,-23.554719499999997,-46.6695305,20.13,84,nublado
20260613_172405,6053-10,1145,1,66539,2026-06-13T20:23:23Z,-23.7379235,-46.6925615,20.13,84,nublado
20260613_172405,6053-10,1145,1,66439,2026-06-13T20:23:47Z,-23.766693,-46.66353375,20.13,84,nublado
20260613_172405,4708-10,33100,2,51155,2026-06-13T20:23:41Z,-23.639317499999997,-46.607468,20.13,84,nublado
20260613_172405,2709-31,923,1,45002,2026-06-13T20:23:22Z,-23.526346,-46.4877515,20.13,84,nublado
20260613_172405,2732-10,33715,2,45267,2026-06-13T20:23:22Z,-23.529743,-46.45955,20.13,84,nublado
20260613_172405,8026-10,34851,2,86116,2026-06-13T20:24:03Z,-23.6276155,-46.7479005,20.13,84,nublado
20260613_172405,8026-10,34851,2,86119,2026-06-13T20:23:41Z,-23.60427025,-46.74719825,20.13,84,nublado
20260613_172405,8001-10,34019,2,10428,2026-06-13T20:24:00Z,-23.502658,-46.760932499999996,20.13,84,nublado
20260613_172405,8018-10,34838,2,80401,2026-06-13T20:23:32Z,-23.5987485,-46.737144,20.13,84,nublado
20260613_172405,8018-10,34838,2,80513,2026-06-13T20:23:57Z,-23.595663000000002,-46.729344,20.13,84,nublado
20260613_172405,4086-10,35018,2,47175,2026-06-13T20:23:47Z,-23.582943,-46.408454,20.13,84,nublado
20260613_172405,4086-10,35018,2,47117,2026-06-13T20:23:46Z,-23.592042499999998,-46.407144,20.13,84,nublado
20260613_172405,8021-10,2073,1,80010,2026-06-13T20:23:23Z,-23.576906,-46.7658355,20.13,84,nublado
20260613_172405,1738-10,672,1,26334,2026-06-13T20:23:58Z,-23.5009665,-46.61405499999999,20.13,84,nublado
20260613_172405,1738-10,672,1,26240,2026-06-13T20:23:56Z,-23.48146,-46.59832675,20.13,84,nublado
20260613_172405,8686-10,33214,2,11768,2026-06-13T20:23:52Z,-23.4975835,-46.74621575,20.13,84,nublado
20260613_172405,8686-10,33214,2,11683,2026-06-13T20:23:41Z,-23.529849374999998,-46.667376624999996,20.13,84,nublado
20260613_172405,3206-10,2112,1,32438,2026-06-13T20:23:42Z,-23.510334,-46.5507585,20.13,84,nublado
20260613_172405,6817-10,27,1,72574,2026-06-13T20:23:30Z,-23.66952,-46.773173,20.13,84,nublado
20260613_172405,677V-10,32880,2,64338,2026-06-13T20:23:25Z,-23.744177999999998,-46.709981,20.13,84,nublado
20260613_172405,677V-10,32880,2,64293,2026-06-13T20:23:45Z,-23.7445345,-46.708359,20.13,84,nublado
20260613_172405,677V-10,32880,2,64263,2026-06-13T20:23:27Z,-23.7183425,-46.698665000000005,20.13,84,nublado
20260613_172405,1773-10,637,1,22820,2026-06-13T20:23:22Z,-23.4826065,-46.6307425,20.13,84,nublado
20260613_172405,1773-10,637,1,22282,2026-06-13T20:23:30Z,-23.438275500000003,-46.573851,20.13,84,nublado
20260613_172405,1773-10,637,1,22791,2026-06-13T20:23:42Z,-23.4428655,-46.5936095,20.13,84,nublado
20260613_172405,8615-10,1339,1,82754,2026-06-13T20:23:50Z,-23.5244215,-46.7168905,20.13,84,nublado
20260613_172405,8615-10,1339,1,82749,2026-06-13T20:23:55Z,-23.534827375,-46.727301749999995,20.13,84,nublado
20260613_172405,8615-10,1339,1,82710,2026-06-13T20:23:58Z,-23.5464,-46.630947500000005,20.13,84,nublado
20260613_172405,8615-10,1339,1,82788,2026-06-13T20:23:17Z,-23.536467000000002,-46.7242705,20.13,84,nublado
20260613_172405,8043-10,407,1,10435,2026-06-13T20:23:19Z,-23.49920575,-46.74657875,20.13,84,nublado
20260613_172405,809R-10,34835,2,80185,2026-06-13T20:23:40Z,-23.573674187500004,-46.72600043749999,20.13,84,nublado
20260613_172405,2058-10,259,1,32081,2026-06-13T20:23:46Z,-23.494611749999997,-46.414021250000005,20.13,84,nublado
20260613_172405,314V-10,33079,2,52024,2026-06-13T20:23:54Z,-23.590477999999997,-46.53843125,20.13,84,nublado
20260613_172405,314V-10,33079,2,52028,2026-06-13T20:23:58Z,-23.583404,-46.5847885,20.13,84,nublado
20260613_172405,874C-10,477,1,82728,2026-06-13T20:23:36Z,-23.547646999999998,-46.760248000000004,20.13,84,nublado
20260613_172405,874C-10,477,1,82731,2026-06-13T20:23:53Z,-23.5532095,-46.755533,20.13,84,nublado
20260613_172405,177H-10,630,1,21965,2026-06-13T20:24:00Z,-23.502436,-46.624016499999996,20.13,84,nublado
20260613_172405,6803-10,32797,2,72822,2026-06-13T20:24:00Z,-23.649556750000002,-46.741181625,20.13,84,nublado
20260613_172405,6L11-10,33935,2,66479,2026-06-13T20:23:31Z,-23.8016045,-46.627521,20.13,84,nublado
20260613_172405,6L11-10,33935,2,66432,2026-06-13T20:23:46Z,-23.762112000000002,-46.655372,20.13,84,nublado
20260613_172405,6L11-10,33935,2,66867,2026-06-13T20:24:00Z,-23.7367155,-46.697201,20.13,84,nublado
20260613_172405,8018-10,2070,1,80421,2026-06-13T20:23:55Z,-23.604958500000002,-46.735875750000005,20.13,84,nublado
20260613_172405,2002-10,711,1,41138,2026-06-13T20:24:01Z,-23.55004,-46.642128,20.13,84,nublado
20260613_172405,2002-10,711,1,41123,2026-06-13T20:23:56Z,-23.5445535,-46.634009,20.13,84,nublado
20260613_172405,2002-10,711,1,41116,2026-06-13T20:23:23Z,-23.547219,-46.6295935,20.13,84,nublado
20260613_172405,2002-10,711,1,41132,2026-06-13T20:23:42Z,-23.5480745,-46.629559,20.13,84,nublado
20260613_172405,4008-10,2182,1,48830,2026-06-13T20:23:24Z,-23.5754025,-46.451269124999996,20.13,84,nublado
20260613_172405,4008-10,2182,1,48157,2026-06-13T20:23:47Z,-23.563345249999998,-46.514854,20.13,84,nublado
20260613_172405,4008-10,2182,1,48010,2026-06-13T20:23:53Z,-23.5796365,-46.4852125,20.13,84,nublado
20260613_172405,3139-10,33763,2,41146,2026-06-13T20:23:31Z,-23.569288,-46.5403325,20.13,84,nublado
20260613_172405,7062-41,35039,2,78605,2026-06-13T20:23:34Z,-23.6488395,-46.763535000000005,20.13,84,nublado
20260613_172405,2182-10,700,1,21700,2026-06-13T20:24:01Z,-23.529487500000002,-46.6028515,20.13,84,nublado
20260613_172405,2182-10,700,1,21708,2026-06-13T20:23:58Z,-23.527593500000002,-46.59697274999999,20.13,84,nublado
20260613_172405,9300-10,32884,2,21262,2026-06-13T20:23:54Z,-23.52501625,-46.6493945,20.13,84,nublado
20260613_172405,9300-10,32884,2,21785,2026-06-13T20:23:49Z,-23.4966235,-46.66229725,20.13,84,nublado
20260613_172405,1023-10,35327,2,16017,2026-06-13T20:23:28Z,-23.486845000000002,-46.7270285,20.13,84,nublado
20260613_172405,6805-31,1788,1,72585,2026-06-13T20:23:56Z,-23.6608665,-46.747615499999995,20.13,84,nublado
20260613_172405,211V-10,32922,2,32618,2026-06-13T20:23:50Z,-23.4944855,-46.470219,20.13,84,nublado
20260613_172405,211V-10,32922,2,32606,2026-06-13T20:23:39Z,-23.5069825,-46.5329195,20.13,84,nublado
20260613_172405,6026-10,87,1,61277,2026-06-13T20:23:37Z,-23.727713,-46.718222499999996,20.13,84,nublado
20260613_172405,6026-10,87,1,61284,2026-06-13T20:23:52Z,-23.7062515,-46.6887605,20.13,84,nublado
20260613_172405,273G-10,223,1,32630,2026-06-13T20:23:29Z,-23.5399795,-46.4833685,20.13,84,nublado
20260613_172405,273G-10,223,1,32271,2026-06-13T20:23:25Z,-23.4840545,-46.4187145,20.13,84,nublado
20260613_172405,4019-10,2524,1,36560,2026-06-13T20:23:50Z,-23.5428295,-46.4707985,20.13,84,nublado
20260613_172405,5028-10,34402,2,51047,2026-06-13T20:24:00Z,-23.609809,-46.5894205,20.13,84,nublado
20260613_172405,5028-10,34402,2,51085,2026-06-13T20:23:46Z,-23.6024155,-46.612331,20.13,84,nublado
20260613_172405,119L-10,2273,1,16121,2026-06-13T20:23:31Z,-23.4944585,-46.760180500000004,20.13,84,nublado
20260613_172405,2523-10,250,1,31327,2026-06-13T20:23:29Z,-23.5182095,-46.475659,20.13,84,nublado
20260613_172405,2523-10,250,1,31018,2026-06-13T20:23:58Z,-23.513647749999997,-46.447018125,20.13,84,nublado
20260613_172405,2523-10,250,1,31787,2026-06-13T20:23:19Z,-23.524122,-46.432165499999996,20.13,84,nublado
20260613_172405,8300-10,1264,1,11786,2026-06-13T20:23:50Z,-23.5193815,-46.7004685,20.13,84,nublado
20260613_172405,775V-10,475,1,80344,2026-06-13T20:23:56Z,-23.5716875,-46.70734949999999,20.13,84,nublado
20260613_172405,8548-10,33346,2,10607,2026-06-13T20:23:29Z,-23.4583065,-46.690271749999994,20.13,84,nublado
20260613_172405,9717-10,817,1,16367,2026-06-13T20:18:45Z,-23.478405000000002,-46.682612500000005,20.13,84,nublado
20260613_172405,9717-10,817,1,16295,2026-06-13T20:23:55Z,-23.463303,-46.6814685,20.13,84,nublado
20260613_172405,9717-10,817,1,16538,2026-06-13T20:23:44Z,-23.512959625,-46.66026087499999,20.13,84,nublado
20260613_172405,271A-51,703,1,21370,2026-06-13T20:24:02Z,-23.4886805,-46.582163,20.13,84,nublado
20260613_172405,271A-51,703,1,21380,2026-06-13T20:23:20Z,-23.498128,-46.596256999999994,20.13,84,nublado
20260613_172405,4001-10,34944,2,31702,2026-06-13T20:23:50Z,-23.532577,-46.4410275,20.13,84,nublado
20260613_172405,4001-10,34944,2,31652,2026-06-13T20:23:29Z,-23.54130575,-46.45030175,20.13,84,nublado
20260613_172405,575C-10,34454,2,51107,2026-06-13T20:23:35Z,-23.5782185,-46.524808500000006,20.13,84,nublado
20260613_172405,575C-10,34454,2,51064,2026-06-13T20:23:55Z,-23.584028,-46.576589,20.13,84,nublado
20260613_172405,1701-21,35244,2,26266,2026-06-13T20:24:00Z,-23.455801,-46.582712,20.13,84,nublado
20260613_172405,107T-10,621,1,21253,2026-06-13T20:23:58Z,-23.55583175,-46.6577745,20.13,84,nublado
20260613_172405,107T-10,621,1,21241,2026-06-13T20:23:58Z,-23.518277,-46.628647,20.13,84,nublado
20260613_172405,107T-10,621,1,21239,2026-06-13T20:23:30Z,-23.5506455,-46.648230625,20.13,84,nublado
20260613_172405,6035-10,33981,2,78726,2026-06-13T20:23:23Z,-23.674493750000003,-46.74761649999999,20.13,84,nublado
20260613_172405,6035-10,33981,2,78457,2026-06-13T20:24:02Z,-23.716555500000002,-46.7667755,20.13,84,nublado
20260613_172405,875C-1,35278,2,82756,2026-06-13T20:23:26Z,-23.527827000000002,-46.705571,20.13,84,nublado
20260613_172405,875C-1,35278,2,82698,2026-06-13T20:23:51Z,-23.56120525,-46.6949085,20.13,84,nublado
20260613_172405,695V-10,8,1,75653,2026-06-13T20:24:03Z,-23.633492750000002,-46.690376,20.13,84,nublado
20260613_172405,695V-10,8,1,75654,2026-06-13T20:23:47Z,-23.6514915,-46.757566249999996,20.13,84,nublado
20260613_172405,695V-10,8,1,75658,2026-06-13T20:24:03Z,-23.585711000000003,-46.64676287500001,20.13,84,nublado
20260613_172405,1786-10,33417,2,26144,2026-06-13T20:24:01Z,-23.46567425,-46.61637375000001,20.13,84,nublado
20260613_172405,1786-10,33417,2,26464,2026-06-13T20:23:49Z,-23.466867,-46.616189500000004,20.13,84,nublado
20260613_172405,1786-10,33417,2,26349,2026-06-13T20:23:31Z,-23.4592605,-46.615241,20.13,84,nublado
20260613_172405,3791-10,33837,2,45412,2026-06-13T20:23:37Z,-23.56425175,-46.504156249999994,20.13,84,nublado
20260613_172405,3791-10,33837,2,45539,2026-06-13T20:23:41Z,-23.563868499999998,-46.502337,20.13,84,nublado
20260613_172405,5010-10,1114,1,68050,2026-06-13T20:23:43Z,-23.6461035,-46.6444255,20.13,84,nublado
20260613_172405,8001-10,1251,1,10429,2026-06-13T20:23:27Z,-23.519591,-46.7025045,20.13,84,nublado
20260613_172405,8009-10,1259,1,10424,2026-06-13T20:23:28Z,-23.4568605,-46.743822249999994,20.13,84,nublado
20260613_172405,574R-10,34391,2,56510,2026-06-13T20:23:21Z,-23.541774625,-46.588579749999994,20.13,84,nublado
20260613_172405,574R-10,34391,2,56332,2026-06-13T20:23:41Z,-23.605445500000002,-46.508540749999995,20.13,84,nublado
20260613_172405,574R-10,34391,2,56290,2026-06-13T20:23:30Z,-23.575971124999995,-46.55125175,20.13,84,nublado
20260613_172405,4735-10,1110,1,55379,2026-06-13T20:23:50Z,-23.60958175,-46.477186,20.13,84,nublado
20260613_172405,2709-31,33691,2,45031,2026-06-13T20:23:58Z,-23.5278475,-46.4879255,20.13,84,nublado
20260613_172405,2709-31,33691,2,45443,2026-06-13T20:24:02Z,-23.5296685,-46.500479,20.13,84,nublado
20260613_172405,778J-41,34254,2,80625,2026-06-13T20:23:59Z,-23.586401000000002,-46.803681499999996,20.13,84,nublado
20260613_172405,809V-10,35011,2,81514,2026-06-13T20:23:39Z,-23.558763499999998,-46.659388,20.13,84,nublado
20260613_172405,809V-10,35011,2,81431,2026-06-13T20:23:33Z,-23.5763875,-46.733256,20.13,84,nublado
20260613_172405,3734-10,1034,1,45306,2026-06-13T20:23:38Z,-23.5416025,-46.484308,20.13,84,nublado
20260613_172405,3734-10,1034,1,45016,2026-06-13T20:23:34Z,-23.5568435,-46.475479750000005,20.13,84,nublado
20260613_172405,3734-10,1034,1,45463,2026-06-13T20:23:57Z,-23.5479685,-46.4823795,20.13,84,nublado
20260613_172405,6092-10,1177,1,66164,2026-06-13T20:23:56Z,-23.737271,-46.697250999999994,20.13,84,nublado
20260613_172405,6092-10,1177,1,66363,2026-06-13T20:24:03Z,-23.749999000000003,-46.6879225,20.13,84,nublado
20260613_172405,5143-10,34396,2,52062,2026-06-13T20:23:58Z,-23.607084,-46.508317000000005,20.13,84,nublado
20260613_172405,6063-43,35248,2,66446,2026-06-13T20:23:34Z,-23.8355225,-46.6644,20.13,84,nublado
20260613_172405,6812-10,1242,1,78044,2026-06-13T20:23:40Z,-23.696150250000002,-46.77961,20.13,84,nublado
20260613_172405,6812-10,1242,1,78502,2026-06-13T20:23:26Z,-23.72863325,-46.787325499999994,20.13,84,nublado
20260613_172405,6812-10,1242,1,78080,2026-06-13T20:23:20Z,-23.725745,-46.7860955,20.13,84,nublado
20260613_172405,746R-10,33558,2,85832,2026-06-13T20:23:50Z,-23.6098715,-46.7052635,20.13,84,nublado
20260613_172405,746R-10,33558,2,85876,2026-06-13T20:23:46Z,-23.61845175,-46.69627975,20.13,84,nublado
20260613_172405,746R-10,33558,2,85871,2026-06-13T20:23:47Z,-23.610371999999998,-46.705703,20.13,84,nublado
20260613_172405,746R-10,33558,2,85878,2026-06-13T20:23:43Z,-23.627139999999997,-46.7109685,20.13,84,nublado
20260613_172405,477U-10,33074,2,51013,2026-06-13T20:23:41Z,-23.600709625,-46.602829875000005,20.13,84,nublado
20260613_172405,4221-10,325,1,51139,2026-06-13T20:23:43Z,-23.5890695,-46.553793999999996,20.13,84,nublado
20260613_172405,476A-10,304,1,52077,2026-06-13T20:23:46Z,-23.599684000000003,-46.6422255,20.13,84,nublado
20260613_172405,476A-10,304,1,52903,2026-06-13T20:23:55Z,-23.62474975,-46.68631275,20.13,84,nublado
20260613_172405,3009-10,35294,2,36254,2026-06-13T20:23:31Z,-23.517886249999997,-46.399435999999994,20.13,84,nublado
20260613_172405,5026-10,34403,2,51002,2026-06-13T20:23:29Z,-23.6148035,-46.5002005,20.13,84,nublado
20260613_172405,EVEN-10,34358,2,86321,2026-06-13T20:24:03Z,-23.590518,-46.76971475,20.13,84,nublado
20260613_172405,4732-31,34895,2,51440,2026-06-13T20:24:04Z,-23.6471595,-46.596646,20.13,84,nublado
20260613_172405,4732-31,34895,2,51435,2026-06-13T20:23:26Z,-23.6223595,-46.620441,20.13,84,nublado
20260613_172405,4732-31,34895,2,51406,2026-06-13T20:23:52Z,-23.647517999999998,-46.6006515,20.13,84,nublado
20260613_172405,6805-10,32799,2,72943,2026-06-13T20:23:40Z,-23.659539249999998,-46.74437125,20.13,84,nublado
20260613_172405,6805-10,32799,2,72942,2026-06-13T20:24:01Z,-23.652333,-46.733948999999996,20.13,84,nublado
20260613_172405,2005-10,33661,2,36209,2026-06-13T20:23:32Z,-23.49532,-46.4292905,20.13,84,nublado
20260613_172405,2005-10,33661,2,36253,2026-06-13T20:24:00Z,-23.494093,-46.420404250000004,20.13,84,nublado
20260613_172405,513L-10,34423,2,51431,2026-06-13T20:23:52Z,-23.555611312499998,-46.599202625000004,20.13,84,nublado
20260613_172405,809V-10,2243,1,81594,2026-06-13T20:21:06Z,-23.566707625000003,-46.682387875,20.13,84,nublado
20260613_172405,3728-41,34756,2,47047,2026-06-13T20:23:43Z,-23.5568495,-46.491764,20.13,84,nublado
20260613_172405,3098-31,34607,2,55159,2026-06-13T20:23:52Z,-23.6105855,-46.4805655,20.13,84,nublado
20260613_172405,2705-10,33685,2,36052,2026-06-13T20:23:41Z,-23.54375225,-46.411161500000006,20.13,84,nublado
20260613_172405,2705-10,33685,2,36026,2026-06-13T20:23:44Z,-23.538349125000003,-46.454322125000004,20.13,84,nublado
20260613_172405,478P-10,33117,2,52404,2026-06-13T20:23:59Z,-23.5892735,-46.634003,20.13,84,nublado
20260613_172405,478P-10,33117,2,52400,2026-06-13T20:23:30Z,-23.6292935,-46.598532,20.13,84,nublado
20260613_172405,4027-41,35077,2,55174,2026-06-13T20:24:00Z,-23.6119445,-46.474575,20.13,84,nublado
20260613_172405,4284-10,289,1,51058,2026-06-13T20:23:52Z,-23.594848,-46.5769445,20.13,84,nublado
20260613_172405,1701-10,845,1,26225,2026-06-13T20:23:39Z,-23.4930915,-46.61159925,20.13,84,nublado
20260613_172405,1701-10,845,1,26068,2026-06-13T20:23:50Z,-23.456560500000002,-46.5847495,20.13,84,nublado
20260613_172405,6042-10,33987,2,78408,2026-06-13T20:23:50Z,-23.649475000000002,-46.70701,20.13,84,nublado
20260613_172405,6042-10,33987,2,78983,2026-06-13T20:23:23Z,-23.6637095,-46.76981,20.13,84,nublado
20260613_172405,6042-10,33987,2,78708,2026-06-13T20:24:02Z,-23.649382375000002,-46.755310249999994,20.13,84,nublado
20260613_172405,8023-10,34842,2,80011,2026-06-13T20:23:46Z,-23.5829825,-46.7734795,20.13,84,nublado
20260613_172405,574A-21,1690,1,64452,2026-06-13T20:23:55Z,-23.665999,-46.638196,20.13,84,nublado
20260613_172405,574A-21,1690,1,64623,2026-06-13T20:23:30Z,-23.615330999999998,-46.638437624999995,20.13,84,nublado
20260613_172405,6836-10,13,1,72948,2026-06-13T20:23:44Z,-23.6557545,-46.74125225,20.13,84,nublado
20260613_172405,6836-10,13,1,72581,2026-06-13T20:23:19Z,-23.6436575,-46.734001,20.13,84,nublado
20260613_172405,3414-10,33514,2,41150,2026-06-13T20:23:57Z,-23.5387355,-46.5670335,20.13,84,nublado
20260613_172405,3414-10,33514,2,41108,2026-06-13T20:23:39Z,-23.542385,-46.522742,20.13,84,nublado
20260613_172405,3728-10,33793,2,47295,2026-06-13T20:23:42Z,-23.559233749999997,-46.48822025,20.13,84,nublado
20260613_172405,3728-10,33793,2,47736,2026-06-13T20:23:22Z,-23.55420325,-46.491747000000004,20.13,84,nublado
20260613_172405,3742-10,1042,1,47178,2026-06-13T20:23:44Z,-23.5629695,-46.44609975,20.13,84,nublado
20260613_172405,3742-10,1042,1,47042,2026-06-13T20:23:53Z,-23.578554500000003,-46.443013,20.13,84,nublado
20260613_172405,3742-10,1042,1,47641,2026-06-13T20:23:52Z,-23.537626375000002,-46.455183000000005,20.13,84,nublado
20260613_172405,809U-21,35075,2,82760,2026-06-13T20:23:30Z,-23.533351625,-46.687162375,20.13,84,nublado
20260613_172405,817C-10,34105,2,82705,2026-06-13T20:23:31Z,-23.545807,-46.691668,20.13,84,nublado
20260613_172405,817C-10,34105,2,82699,2026-06-13T20:23:29Z,-23.5466355,-46.69045,20.13,84,nublado
20260613_172405,8072-10,2079,1,85739,2026-06-13T20:23:28Z,-23.612340000000003,-46.754549,20.13,84,nublado
20260613_172405,8072-10,2079,1,85758,2026-06-13T20:24:03Z,-23.5855715,-46.7293065,20.13,84,nublado
20260613_172405,4055-10,35215,2,36691,2026-06-13T20:23:21Z,-23.5430125,-46.41679,20.13,84,nublado
20260613_172405,2522-10,32908,2,32074,2026-06-13T20:23:53Z,-23.517775999999998,-46.432612125000006,20.13,84,nublado
20260613_172405,809N-10,35012,2,80269,2026-06-13T20:23:20Z,-23.542109,-46.730884,20.13,84,nublado
20260613_172405,7050-10,34652,2,75410,2026-06-13T20:23:49Z,-23.663413,-46.781583999999995,20.13,84,nublado
20260613_172405,7050-10,34652,2,75411,2026-06-13T20:23:42Z,-23.658400999999998,-46.78931475,20.13,84,nublado
20260613_172405,2017-10,903,1,35852,2026-06-13T20:23:31Z,-23.4925415,-46.441261,20.13,84,nublado
20260613_172405,8003-10,34021,2,10658,2026-06-13T20:23:32Z,-23.520303499999997,-46.7110705,20.13,84,nublado
20260613_172405,8003-10,34021,2,10654,2026-06-13T20:23:22Z,-23.5120405,-46.756833,20.13,84,nublado
20260613_172405,8010-21,1737,1,16767,2026-06-13T20:23:50Z,-23.4226455,-46.725267,20.13,84,nublado
20260613_172405,6813-10,33,1,72760,2026-06-13T20:23:50Z,-23.669109499999998,-46.764695,20.13,84,nublado
20260613_172405,627M-10,35365,2,64753,2026-06-13T20:23:56Z,-23.687001375,-46.689737750000006,20.13,84,nublado
20260613_172405,627M-10,35365,2,64749,2026-06-13T20:23:41Z,-23.6972325,-46.6676705,20.13,84,nublado
20260613_172405,7023-10,34920,2,73635,2026-06-13T20:23:41Z,-23.666625,-46.721889499999996,20.13,84,nublado
20260613_172405,3004-10,1798,1,32265,2026-06-13T20:22:59Z,-23.491354125,-46.428371125,20.13,84,nublado
20260613_172405,3725-10,1022,1,45619,2026-06-13T20:23:42Z,-23.5325595,-46.531400000000005,20.13,84,nublado
20260613_172405,3725-10,1022,1,45043,2026-06-13T20:23:53Z,-23.532673,-46.531035,20.13,84,nublado
20260613_172405,8028-10,2532,1,85763,2026-06-13T20:23:26Z,-23.608278125,-46.707988125,20.13,84,nublado
20260613_172405,211L-10,2265,1,22949,2026-06-13T20:23:26Z,-23.474802500000003,-46.66820249999999,20.13,84,nublado
20260613_172405,8615-10,34107,2,82568,2026-06-13T20:23:28Z,-23.535989999999998,-46.7247965,20.13,84,nublado
20260613_172405,8615-10,34107,2,82663,2026-06-13T20:24:04Z,-23.5231135,-46.687495375,20.13,84,nublado
20260613_172405,8615-10,34107,2,82709,2026-06-13T20:23:50Z,-23.5250945,-46.7134585,20.13,84,nublado
20260613_172405,4035-10,35328,2,32879,2026-06-13T20:23:22Z,-23.5577225,-46.399697,20.13,84,nublado
20260613_172405,2028-10,2263,1,22024,2026-06-13T20:23:59Z,-23.467844499999998,-46.596796,20.13,84,nublado
20260613_172405,2780-10,33167,2,32102,2026-06-13T20:24:02Z,-23.499913499999998,-46.3935595,20.13,84,nublado
20260613_172405,4717-10,33103,2,51033,2026-06-13T20:23:55Z,-23.6184905,-46.618875,20.13,84,nublado
20260613_172405,4017-10,2190,1,48987,2026-06-13T20:23:20Z,-23.60082,-46.399661,20.13,84,nublado
20260613_172405,4017-10,2190,1,48820,2026-06-13T20:23:19Z,-23.60082,-46.399661,20.13,84,nublado
20260613_172405,6039-10,1217,1,78921,2026-06-13T20:23:43Z,-23.6442355,-46.743252,20.13,84,nublado
20260613_172405,6003-10,34240,2,61678,2026-06-13T20:23:49Z,-23.737647000000003,-46.6975635,20.13,84,nublado
20260613_172405,6003-10,34240,2,61669,2026-06-13T20:23:57Z,-23.737994625,-46.70001925,20.13,84,nublado
20260613_172405,7005-10,34766,2,78715,2026-06-13T20:23:30Z,-23.73584275,-46.77734625,20.13,84,nublado
20260613_172405,7005-10,34766,2,78461,2026-06-13T20:23:53Z,-23.73646075,-46.776863250000005,20.13,84,nublado
20260613_172405,847P-42,1424,1,11869,2026-06-13T20:23:39Z,-23.501559,-46.705771,20.13,84,nublado
20260613_172405,2769-10,397,1,31077,2026-06-13T20:23:46Z,-23.4818615,-46.379605999999995,20.13,84,nublado
20260613_172405,2769-10,397,1,31711,2026-06-13T20:23:49Z,-23.53119025,-46.55830350000001,20.13,84,nublado
20260613_172405,5131-10,1282,1,63737,2026-06-13T20:23:40Z,-23.647012,-46.6707775,20.13,84,nublado
20260613_172405,5131-10,1282,1,63360,2026-06-13T20:23:56Z,-23.57539775,-46.657210750000004,20.13,84,nublado
20260613_172405,2175-10,697,1,22529,2026-06-13T20:23:41Z,-23.543087,-46.62823950000001,20.13,84,nublado
20260613_172405,4036-10,2561,1,32206,2026-06-13T20:23:59Z,-23.5559305,-46.47829575,20.13,84,nublado
20260613_172405,6820-31,34174,2,72486,2026-06-13T20:23:57Z,-23.661455500000002,-46.778644,20.13,84,nublado
20260613_172405,3013-10,954,1,47101,2026-06-13T20:23:22Z,-23.586703,-46.409281,20.13,84,nublado
20260613_172405,6042-21,1775,1,78979,2026-06-13T20:23:45Z,-23.6549585,-46.762532500000006,20.13,84,nublado
20260613_172405,6042-21,1775,1,78873,2026-06-13T20:23:52Z,-23.672368,-46.767835000000005,20.13,84,nublado
20260613_172405,N301-11,35103,2,31765,2026-06-13T20:23:33Z,-23.5469355,-46.630097,20.13,84,nublado
20260613_172405,2711-10,925,1,45020,2026-06-13T20:23:51Z,-23.511619,-46.488452,20.13,84,nublado
20260613_172405,2123-10,692,1,21331,2026-06-13T20:23:20Z,-23.55598125,-46.634207,20.13,84,nublado
20260613_172405,8022-10,34853,2,82708,2026-06-13T20:23:57Z,-23.568849,-46.711668875,20.13,84,nublado
20260613_172405,8065-10,33189,2,10601,2026-06-13T20:23:32Z,-23.502161,-46.7221645,20.13,84,nublado
20260613_172405,978J-10,33359,2,11761,2026-06-13T20:23:19Z,-23.5333145,-46.65620825,20.13,84,nublado
20260613_172405,978J-10,33359,2,11757,2026-06-13T20:23:43Z,-23.471646,-46.724875,20.13,84,nublado
20260613_172405,6055-10,33914,2,66436,2026-06-13T20:23:30Z,-23.73608675,-46.694618500000004,20.13,84,nublado
20260613_172405,3722-10,33788,2,47793,2026-06-13T20:24:00Z,-23.553988500000003,-46.4372575,20.13,84,nublado
20260613_172405,272N-10,33473,2,21328,2026-06-13T20:23:50Z,-23.512935,-46.580537,20.13,84,nublado
20260613_172405,273L-10,224,1,32040,2026-06-13T20:23:42Z,-23.511708,-46.441640750000005,20.13,84,nublado
20260613_172405,3021-10,33044,2,51109,2026-06-13T20:23:37Z,-23.584592999999998,-46.583017999999996,20.13,84,nublado
20260613_172405,714C-10,33255,2,80129,2026-06-13T20:23:58Z,-23.589557499999998,-46.771865,20.13,84,nublado
20260613_172405,3901-10,1469,1,32614,2026-06-13T20:23:32Z,-23.50428,-46.515389,20.13,84,nublado
20260613_172405,6L10-41,2005,1,66536,2026-06-13T20:23:37Z,-23.7740475,-46.7405355,20.13,84,nublado
20260613_172405,373M-10,281,1,51121,2026-06-13T20:23:50Z,-23.5856455,-46.584247,20.13,84,nublado
20260613_172405,2626-10,376,1,31065,2026-06-13T20:23:19Z,-23.50414875,-46.472988125,20.13,84,nublado
20260613_172405,8023-10,2074,1,80395,2026-06-13T20:23:23Z,-23.590698,-46.798615,20.13,84,nublado
20260613_172405,8013-41,2011,1,16183,2026-06-13T20:20:05Z,-23.431689,-46.787175000000005,20.13,84,nublado
20260613_172405,7281-10,1334,1,82665,2026-06-13T20:23:42Z,-23.523345374999998,-46.70298687500001,20.13,84,nublado
20260613_172405,4717-10,335,1,51016,2026-06-13T20:23:45Z,-23.63754,-46.598650000000006,20.13,84,nublado
20260613_172405,6258-31,1783,1,78703,2026-06-13T20:24:01Z,-23.669901,-46.7351965,20.13,84,nublado
20260613_172405,N535-11,35155,2,51417,2026-06-13T20:23:52Z,-23.602812,-46.60224,20.13,84,nublado
20260613_172405,6L02-10,33946,2,66258,2026-06-13T20:23:58Z,-23.910809,-46.7664815,20.13,84,nublado
20260613_172405,508L-10,32885,2,32668,2026-06-13T20:23:51Z,-23.5459855,-46.6387065,20.13,84,nublado
20260613_172405,5026-10,1635,1,51010,2026-06-13T20:23:36Z,-23.613987,-46.5014315,20.13,84,nublado
20260613_172405,4024-10,34926,2,48042,2026-06-13T20:23:25Z,-23.5532365,-46.431661500000004,20.13,84,nublado
20260613_172405,4024-10,34926,2,48098,2026-06-13T20:23:27Z,-23.551291999999997,-46.4451045,20.13,84,nublado
20260613_172405,6050-10,1225,1,66104,2026-06-13T20:23:48Z,-23.754713000000002,-46.679447999999994,20.13,84,nublado
